method,train_seed,mode,eval_seed,instance_id,instance_index,instance_filename,objective
AM,1234,greedy,20260827,I1,1,N20_K2_M12_I1.xlsx,11.2567996979
AM,1234,greedy,20260827,I2,2,N20_K2_M12_I2.xlsx,11.6399974823
AM,1234,greedy,20260827,I3,3,N20_K2_M12_I3.xlsx,11.6460533142
AM,1234,greedy,20260827,I4,4,N20_K2_M12_I4.xlsx,9.1895160675
AM,1234,greedy,20260827,I5,5,N20_K2_M12_I5.xlsx,10.871758461
AM,1234,greedy,20260827,I6,6,N20_K2_M12_I6.xlsx,13.4404373169
AM,1234,greedy,20260827,I7,7,N20_K2_M12_I7.xlsx,12.3017063141
AM,1234,greedy,20260827,I8,8,N20_K2_M12_I8.xlsx,12.7309818268
AM,1234,greedy,20260827,I9,9,N20_K2_M12_I9.xlsx,10.8481578827
AM,1234,greedy,20260827,I10,10,N20_K2_M12_I10.xlsx,11.568860054
AM,1234,greedy,20260827,I11,11,N20_K2_M12_I11.xlsx,12.0546827316
AM,1234,greedy,20260827,I12,12,N20_K2_M12_I12.xlsx,7.51979064941
AM,1234,greedy,20260827,I13,13,N20_K2_M12_I13.xlsx,11.5459327698
AM,1234,greedy,20260827,I14,14,N20_K2_M12_I14.xlsx,8.94098186493
AM,1234,greedy,20260827,I15,15,N20_K2_M12_I15.xlsx,11.0519218445
AM,1234,greedy,20260827,I16,16,N20_K2_M12_I16.xlsx,12.0426607132
AM,1234,greedy,20260827,I17,17,N20_K2_M12_I17.xlsx,10.8162937164
AM,1234,greedy,20260827,I18,18,N20_K2_M12_I18.xlsx,12.54829216
AM,1234,greedy,20260827,I19,19,N20_K2_M12_I19.xlsx,10.7495498657
AM,1234,greedy,20260827,I20,20,N20_K2_M12_I20.xlsx,12.8465690613
AM,1234,greedy,20260827,I21,21,N20_K2_M12_I21.xlsx,13.5801353455
AM,1234,greedy,20260827,I22,22,N20_K2_M12_I22.xlsx,12.5413990021
AM,1234,greedy,20260827,I23,23,N20_K2_M12_I23.xlsx,13.6861381531
AM,1234,greedy,20260827,I24,24,N20_K2_M12_I24.xlsx,13.6831293106
AM,1234,greedy,20260827,I25,25,N20_K2_M12_I25.xlsx,10.0666809082
AM,1234,greedy,20260827,I26,26,N20_K2_M12_I26.xlsx,12.2333116531
AM,1234,greedy,20260827,I27,27,N20_K2_M12_I27.xlsx,10.5675239563
AM,1234,greedy,20260827,I28,28,N20_K2_M12_I28.xlsx,12.8004980087
AM,1234,greedy,20260827,I29,29,N20_K2_M12_I29.xlsx,12.040933609
AM,1234,greedy,20260827,I30,30,N20_K2_M12_I30.xlsx,10.2792472839
AM,1234,greedy,20260827,I31,31,N20_K2_M12_I31.xlsx,8.7244720459
AM,1234,greedy,20260827,I32,32,N20_K2_M12_I32.xlsx,8.8491601944
AM,1234,greedy,20260827,I33,33,N20_K2_M12_I33.xlsx,10.6918621063
AM,1234,greedy,20260827,I34,34,N20_K2_M12_I34.xlsx,12.8993835449
AM,1234,greedy,20260827,I35,35,N20_K2_M12_I35.xlsx,12.5820980072
AM,1234,greedy,20260827,I36,36,N20_K2_M12_I36.xlsx,9.90603065491
AM,1234,greedy,20260827,I37,37,N20_K2_M12_I37.xlsx,13.1463851929
AM,1234,greedy,20260827,I38,38,N20_K2_M12_I38.xlsx,10.8335418701
AM,1234,greedy,20260827,I39,39,N20_K2_M12_I39.xlsx,12.3744192123
AM,1234,greedy,20260827,I40,40,N20_K2_M12_I40.xlsx,10.7886714935
AM,1234,greedy,20260827,I41,41,N20_K2_M12_I41.xlsx,13.6464071274
AM,1234,greedy,20260827,I42,42,N20_K2_M12_I42.xlsx,13.2263402939
AM,1234,greedy,20260827,I43,43,N20_K2_M12_I43.xlsx,9.51099300385
AM,1234,greedy,20260827,I44,44,N20_K2_M12_I44.xlsx,13.5989875793
AM,1234,greedy,20260827,I45,45,N20_K2_M12_I45.xlsx,13.0222463608
AM,1234,greedy,20260827,I46,46,N20_K2_M12_I46.xlsx,9.07859706879
AM,1234,greedy,20260827,I47,47,N20_K2_M12_I47.xlsx,10.2356548309
AM,1234,greedy,20260827,I48,48,N20_K2_M12_I48.xlsx,10.4472446442
AM,1234,greedy,20260827,I49,49,N20_K2_M12_I49.xlsx,11.6251087189
AM,1234,greedy,20260827,I50,50,N20_K2_M12_I50.xlsx,12.4600963593
AM,1234,greedy,20260827,I51,51,N20_K2_M12_I51.xlsx,11.7485580444
AM,1234,greedy,20260827,I52,52,N20_K2_M12_I52.xlsx,11.4034996033
AM,1234,greedy,20260827,I53,53,N20_K2_M12_I53.xlsx,11.4445390701
AM,1234,greedy,20260827,I54,54,N20_K2_M12_I54.xlsx,10.5965557098
AM,1234,greedy,20260827,I55,55,N20_K2_M12_I55.xlsx,13.2976732254
AM,1234,greedy,20260827,I56,56,N20_K2_M12_I56.xlsx,12.976641655
AM,1234,greedy,20260827,I57,57,N20_K2_M12_I57.xlsx,12.6433143616
AM,1234,greedy,20260827,I58,58,N20_K2_M12_I58.xlsx,10.3182544708
AM,1234,greedy,20260827,I59,59,N20_K2_M12_I59.xlsx,10.6650085449
AM,1234,greedy,20260827,I60,60,N20_K2_M12_I60.xlsx,11.6408662796
AM,1234,greedy,20260827,I61,61,N20_K2_M12_I61.xlsx,11.8530044556
AM,1234,greedy,20260827,I62,62,N20_K2_M12_I62.xlsx,9.95006275177
AM,1234,greedy,20260827,I63,63,N20_K2_M12_I63.xlsx,11.9377689362
AM,1234,greedy,20260827,I64,64,N20_K2_M12_I64.xlsx,12.5536031723
AM,1234,greedy,20260827,I65,65,N20_K2_M12_I65.xlsx,14.1426677704
AM,1234,greedy,20260827,I66,66,N20_K2_M12_I66.xlsx,12.4681434631
AM,1234,greedy,20260827,I67,67,N20_K2_M12_I67.xlsx,11.4848985672
AM,1234,greedy,20260827,I68,68,N20_K2_M12_I68.xlsx,10.8760871887
AM,1234,greedy,20260827,I69,69,N20_K2_M12_I69.xlsx,14.1328792572
AM,1234,greedy,20260827,I70,70,N20_K2_M12_I70.xlsx,11.2733488083
AM,1234,greedy,20260827,I71,71,N20_K2_M12_I71.xlsx,12.5700855255
AM,1234,greedy,20260827,I72,72,N20_K2_M12_I72.xlsx,11.419002533
AM,1234,greedy,20260827,I73,73,N20_K2_M12_I73.xlsx,11.7979230881
AM,1234,greedy,20260827,I74,74,N20_K2_M12_I74.xlsx,12.5547800064
AM,1234,greedy,20260827,I75,75,N20_K2_M12_I75.xlsx,10.3016338348
AM,1234,greedy,20260827,I76,76,N20_K2_M12_I76.xlsx,12.6124095917
AM,1234,greedy,20260827,I77,77,N20_K2_M12_I77.xlsx,11.2242393494
AM,1234,greedy,20260827,I78,78,N20_K2_M12_I78.xlsx,10.3897218704
AM,1234,greedy,20260827,I79,79,N20_K2_M12_I79.xlsx,12.5424976349
AM,1234,greedy,20260827,I80,80,N20_K2_M12_I80.xlsx,11.6000919342
AM,1234,greedy,20260827,I81,81,N20_K2_M12_I81.xlsx,11.0369720459
AM,1234,greedy,20260827,I82,82,N20_K2_M12_I82.xlsx,11.9717826843
AM,1234,greedy,20260827,I83,83,N20_K2_M12_I83.xlsx,11.7560749054
AM,1234,greedy,20260827,I84,84,N20_K2_M12_I84.xlsx,10.7168197632
AM,1234,greedy,20260827,I85,85,N20_K2_M12_I85.xlsx,12.5579423904
AM,1234,greedy,20260827,I86,86,N20_K2_M12_I86.xlsx,10.5073204041
AM,1234,greedy,20260827,I87,87,N20_K2_M12_I87.xlsx,9.73836326599
AM,1234,greedy,20260827,I88,88,N20_K2_M12_I88.xlsx,10.5218162537
AM,1234,greedy,20260827,I89,89,N20_K2_M12_I89.xlsx,11.9796714783
AM,1234,greedy,20260827,I90,90,N20_K2_M12_I90.xlsx,13.0203876495
AM,1234,greedy,20260827,I91,91,N20_K2_M12_I91.xlsx,11.6206684113
AM,1234,greedy,20260827,I92,92,N20_K2_M12_I92.xlsx,9.68251609802
AM,1234,greedy,20260827,I93,93,N20_K2_M12_I93.xlsx,10.578701973
AM,1234,greedy,20260827,I94,94,N20_K2_M12_I94.xlsx,10.5076904297
AM,1234,greedy,20260827,I95,95,N20_K2_M12_I95.xlsx,10.101398468
AM,1234,greedy,20260827,I96,96,N20_K2_M12_I96.xlsx,10.6012506485
AM,1234,greedy,20260827,I97,97,N20_K2_M12_I97.xlsx,12.160779953
AM,1234,greedy,20260827,I98,98,N20_K2_M12_I98.xlsx,9.4484539032
AM,1234,greedy,20260827,I99,99,N20_K2_M12_I99.xlsx,11.3201065063
AM,1234,greedy,20260827,I100,100,N20_K2_M12_I100.xlsx,11.8937501907
AM,1234,sample1280,20260827,I1,1,N20_K2_M12_I1.xlsx,10.7904691696
AM,1234,sample1280,20260827,I2,2,N20_K2_M12_I2.xlsx,11.0286121368
AM,1234,sample1280,20260827,I3,3,N20_K2_M12_I3.xlsx,10.0570583344
AM,1234,sample1280,20260827,I4,4,N20_K2_M12_I4.xlsx,8.66947746277
AM,1234,sample1280,20260827,I5,5,N20_K2_M12_I5.xlsx,9.56690979004
AM,1234,sample1280,20260827,I6,6,N20_K2_M12_I6.xlsx,12.2357282639
AM,1234,sample1280,20260827,I7,7,N20_K2_M12_I7.xlsx,12.2034015656
AM,1234,sample1280,20260827,I8,8,N20_K2_M12_I8.xlsx,11.6522989273
AM,1234,sample1280,20260827,I9,9,N20_K2_M12_I9.xlsx,10.3039293289
AM,1234,sample1280,20260827,I10,10,N20_K2_M12_I10.xlsx,10.9821853638
AM,1234,sample1280,20260827,I11,11,N20_K2_M12_I11.xlsx,11.2479057312
AM,1234,sample1280,20260827,I12,12,N20_K2_M12_I12.xlsx,7.48423433304
AM,1234,sample1280,20260827,I13,13,N20_K2_M12_I13.xlsx,10.6011714935
AM,1234,sample1280,20260827,I14,14,N20_K2_M12_I14.xlsx,8.87191867828
AM,1234,sample1280,20260827,I15,15,N20_K2_M12_I15.xlsx,10.0520801544
AM,1234,sample1280,20260827,I16,16,N20_K2_M12_I16.xlsx,10.6967725754
AM,1234,sample1280,20260827,I17,17,N20_K2_M12_I17.xlsx,10.1927080154
AM,1234,sample1280,20260827,I18,18,N20_K2_M12_I18.xlsx,10.867808342
AM,1234,sample1280,20260827,I19,19,N20_K2_M12_I19.xlsx,9.9136505127
AM,1234,sample1280,20260827,I20,20,N20_K2_M12_I20.xlsx,11.7047176361
AM,1234,sample1280,20260827,I21,21,N20_K2_M12_I21.xlsx,11.6784830093
AM,1234,sample1280,20260827,I22,22,N20_K2_M12_I22.xlsx,11.7575721741
AM,1234,sample1280,20260827,I23,23,N20_K2_M12_I23.xlsx,12.4562397003
AM,1234,sample1280,20260827,I24,24,N20_K2_M12_I24.xlsx,12.6187820435
AM,1234,sample1280,20260827,I25,25,N20_K2_M12_I25.xlsx,9.66567516327
AM,1234,sample1280,20260827,I26,26,N20_K2_M12_I26.xlsx,11.4665584564
AM,1234,sample1280,20260827,I27,27,N20_K2_M12_I27.xlsx,10.0809020996
AM,1234,sample1280,20260827,I28,28,N20_K2_M12_I28.xlsx,11.8838024139
AM,1234,sample1280,20260827,I29,29,N20_K2_M12_I29.xlsx,11.204246521
AM,1234,sample1280,20260827,I30,30,N20_K2_M12_I30.xlsx,10.2792472839
AM,1234,sample1280,20260827,I31,31,N20_K2_M12_I31.xlsx,8.41844558716
AM,1234,sample1280,20260827,I32,32,N20_K2_M12_I32.xlsx,8.43518066406
AM,1234,sample1280,20260827,I33,33,N20_K2_M12_I33.xlsx,9.34307575226
AM,1234,sample1280,20260827,I34,34,N20_K2_M12_I34.xlsx,12.318022728
AM,1234,sample1280,20260827,I35,35,N20_K2_M12_I35.xlsx,11.3957509995
AM,1234,sample1280,20260827,I36,36,N20_K2_M12_I36.xlsx,9.56416511536
AM,1234,sample1280,20260827,I37,37,N20_K2_M12_I37.xlsx,12.2599172592
AM,1234,sample1280,20260827,I38,38,N20_K2_M12_I38.xlsx,9.98808765411
AM,1234,sample1280,20260827,I39,39,N20_K2_M12_I39.xlsx,11.4687347412
AM,1234,sample1280,20260827,I40,40,N20_K2_M12_I40.xlsx,9.86896133423
AM,1234,sample1280,20260827,I41,41,N20_K2_M12_I41.xlsx,10.3964958191
AM,1234,sample1280,20260827,I42,42,N20_K2_M12_I42.xlsx,11.9089326859
AM,1234,sample1280,20260827,I43,43,N20_K2_M12_I43.xlsx,9.27573013306
AM,1234,sample1280,20260827,I44,44,N20_K2_M12_I44.xlsx,12.0728750229
AM,1234,sample1280,20260827,I45,45,N20_K2_M12_I45.xlsx,11.6873998642
AM,1234,sample1280,20260827,I46,46,N20_K2_M12_I46.xlsx,8.02442455292
AM,1234,sample1280,20260827,I47,47,N20_K2_M12_I47.xlsx,9.73651695251
AM,1234,sample1280,20260827,I48,48,N20_K2_M12_I48.xlsx,9.45375156403
AM,1234,sample1280,20260827,I49,49,N20_K2_M12_I49.xlsx,10.1559381485
AM,1234,sample1280,20260827,I50,50,N20_K2_M12_I50.xlsx,12.2123680115
AM,1234,sample1280,20260827,I51,51,N20_K2_M12_I51.xlsx,11.3219079971
AM,1234,sample1280,20260827,I52,52,N20_K2_M12_I52.xlsx,10.4832191467
AM,1234,sample1280,20260827,I53,53,N20_K2_M12_I53.xlsx,10.5943164825
AM,1234,sample1280,20260827,I54,54,N20_K2_M12_I54.xlsx,10.0158834457
AM,1234,sample1280,20260827,I55,55,N20_K2_M12_I55.xlsx,11.9094705582
AM,1234,sample1280,20260827,I56,56,N20_K2_M12_I56.xlsx,12.4006662369
AM,1234,sample1280,20260827,I57,57,N20_K2_M12_I57.xlsx,11.4923601151
AM,1234,sample1280,20260827,I58,58,N20_K2_M12_I58.xlsx,8.89390563965
AM,1234,sample1280,20260827,I59,59,N20_K2_M12_I59.xlsx,9.65405654907
AM,1234,sample1280,20260827,I60,60,N20_K2_M12_I60.xlsx,10.0743770599
AM,1234,sample1280,20260827,I61,61,N20_K2_M12_I61.xlsx,10.6223239899
AM,1234,sample1280,20260827,I62,62,N20_K2_M12_I62.xlsx,9.6474981308
AM,1234,sample1280,20260827,I63,63,N20_K2_M12_I63.xlsx,10.638256073
AM,1234,sample1280,20260827,I64,64,N20_K2_M12_I64.xlsx,10.2448530197
AM,1234,sample1280,20260827,I65,65,N20_K2_M12_I65.xlsx,12.8077058792
AM,1234,sample1280,20260827,I66,66,N20_K2_M12_I66.xlsx,11.1240587234
AM,1234,sample1280,20260827,I67,67,N20_K2_M12_I67.xlsx,10.1908407211
AM,1234,sample1280,20260827,I68,68,N20_K2_M12_I68.xlsx,10.6140880585
AM,1234,sample1280,20260827,I69,69,N20_K2_M12_I69.xlsx,10.8999738693
AM,1234,sample1280,20260827,I70,70,N20_K2_M12_I70.xlsx,10.6036615372
AM,1234,sample1280,20260827,I71,71,N20_K2_M12_I71.xlsx,11.5822620392
AM,1234,sample1280,20260827,I72,72,N20_K2_M12_I72.xlsx,10.8529911041
AM,1234,sample1280,20260827,I73,73,N20_K2_M12_I73.xlsx,9.5808506012
AM,1234,sample1280,20260827,I74,74,N20_K2_M12_I74.xlsx,11.0690660477
AM,1234,sample1280,20260827,I75,75,N20_K2_M12_I75.xlsx,9.6189699173
AM,1234,sample1280,20260827,I76,76,N20_K2_M12_I76.xlsx,13.1031293869
AM,1234,sample1280,20260827,I77,77,N20_K2_M12_I77.xlsx,9.92525577545
AM,1234,sample1280,20260827,I78,78,N20_K2_M12_I78.xlsx,9.66331481934
AM,1234,sample1280,20260827,I79,79,N20_K2_M12_I79.xlsx,10.9895877838
AM,1234,sample1280,20260827,I80,80,N20_K2_M12_I80.xlsx,11.1350364685
AM,1234,sample1280,20260827,I81,81,N20_K2_M12_I81.xlsx,11.0039539337
AM,1234,sample1280,20260827,I82,82,N20_K2_M12_I82.xlsx,10.073225975
AM,1234,sample1280,20260827,I83,83,N20_K2_M12_I83.xlsx,10.7458114624
AM,1234,sample1280,20260827,I84,84,N20_K2_M12_I84.xlsx,10.3496208191
AM,1234,sample1280,20260827,I85,85,N20_K2_M12_I85.xlsx,11.8843917847
AM,1234,sample1280,20260827,I86,86,N20_K2_M12_I86.xlsx,10.3380384445
AM,1234,sample1280,20260827,I87,87,N20_K2_M12_I87.xlsx,9.27320098877
AM,1234,sample1280,20260827,I88,88,N20_K2_M12_I88.xlsx,9.54005718231
AM,1234,sample1280,20260827,I89,89,N20_K2_M12_I89.xlsx,10.8298425674
AM,1234,sample1280,20260827,I90,90,N20_K2_M12_I90.xlsx,11.0715656281
AM,1234,sample1280,20260827,I91,91,N20_K2_M12_I91.xlsx,10.6382408142
AM,1234,sample1280,20260827,I92,92,N20_K2_M12_I92.xlsx,9.10024356842
AM,1234,sample1280,20260827,I93,93,N20_K2_M12_I93.xlsx,10.3532505035
AM,1234,sample1280,20260827,I94,94,N20_K2_M12_I94.xlsx,10.0247144699
AM,1234,sample1280,20260827,I95,95,N20_K2_M12_I95.xlsx,9.69546890259
AM,1234,sample1280,20260827,I96,96,N20_K2_M12_I96.xlsx,9.97842597961
AM,1234,sample1280,20260827,I97,97,N20_K2_M12_I97.xlsx,11.4203147888
AM,1234,sample1280,20260827,I98,98,N20_K2_M12_I98.xlsx,9.39628887177
AM,1234,sample1280,20260827,I99,99,N20_K2_M12_I99.xlsx,10.7549257278
AM,1234,sample1280,20260827,I100,100,N20_K2_M12_I100.xlsx,11.5871133804
AM,2345,greedy,20260827,I1,1,N20_K2_M12_I1.xlsx,11.8069400787
AM,2345,greedy,20260827,I2,2,N20_K2_M12_I2.xlsx,11.9122219086
AM,2345,greedy,20260827,I3,3,N20_K2_M12_I3.xlsx,10.5170726776
AM,2345,greedy,20260827,I4,4,N20_K2_M12_I4.xlsx,9.95358848572
AM,2345,greedy,20260827,I5,5,N20_K2_M12_I5.xlsx,12.1701374054
AM,2345,greedy,20260827,I6,6,N20_K2_M12_I6.xlsx,14.0097942352
AM,2345,greedy,20260827,I7,7,N20_K2_M12_I7.xlsx,12.9943284988
AM,2345,greedy,20260827,I8,8,N20_K2_M12_I8.xlsx,12.8801803589
AM,2345,greedy,20260827,I9,9,N20_K2_M12_I9.xlsx,11.3084917068
AM,2345,greedy,20260827,I10,10,N20_K2_M12_I10.xlsx,11.1299915314
AM,2345,greedy,20260827,I11,11,N20_K2_M12_I11.xlsx,12.4319839478
AM,2345,greedy,20260827,I12,12,N20_K2_M12_I12.xlsx,8.59330844879
AM,2345,greedy,20260827,I13,13,N20_K2_M12_I13.xlsx,11.6149711609
AM,2345,greedy,20260827,I14,14,N20_K2_M12_I14.xlsx,9.52584457397
AM,2345,greedy,20260827,I15,15,N20_K2_M12_I15.xlsx,10.475479126
AM,2345,greedy,20260827,I16,16,N20_K2_M12_I16.xlsx,11.6714000702
AM,2345,greedy,20260827,I17,17,N20_K2_M12_I17.xlsx,11.604139328
AM,2345,greedy,20260827,I18,18,N20_K2_M12_I18.xlsx,12.4582328796
AM,2345,greedy,20260827,I19,19,N20_K2_M12_I19.xlsx,10.6623153687
AM,2345,greedy,20260827,I20,20,N20_K2_M12_I20.xlsx,12.6847734451
AM,2345,greedy,20260827,I21,21,N20_K2_M12_I21.xlsx,12.0936584473
AM,2345,greedy,20260827,I22,22,N20_K2_M12_I22.xlsx,12.2948312759
AM,2345,greedy,20260827,I23,23,N20_K2_M12_I23.xlsx,13.3875350952
AM,2345,greedy,20260827,I24,24,N20_K2_M12_I24.xlsx,13.6375703812
AM,2345,greedy,20260827,I25,25,N20_K2_M12_I25.xlsx,10.8626289368
AM,2345,greedy,20260827,I26,26,N20_K2_M12_I26.xlsx,12.2293052673
AM,2345,greedy,20260827,I27,27,N20_K2_M12_I27.xlsx,11.6571044922
AM,2345,greedy,20260827,I28,28,N20_K2_M12_I28.xlsx,14.4715595245
AM,2345,greedy,20260827,I29,29,N20_K2_M12_I29.xlsx,13.0741443634
AM,2345,greedy,20260827,I30,30,N20_K2_M12_I30.xlsx,13.6061410904
AM,2345,greedy,20260827,I31,31,N20_K2_M12_I31.xlsx,8.76729202271
AM,2345,greedy,20260827,I32,32,N20_K2_M12_I32.xlsx,8.83157348633
AM,2345,greedy,20260827,I33,33,N20_K2_M12_I33.xlsx,9.5426864624
AM,2345,greedy,20260827,I34,34,N20_K2_M12_I34.xlsx,11.8630285263
AM,2345,greedy,20260827,I35,35,N20_K2_M12_I35.xlsx,12.6041698456
AM,2345,greedy,20260827,I36,36,N20_K2_M12_I36.xlsx,9.89786338806
AM,2345,greedy,20260827,I37,37,N20_K2_M12_I37.xlsx,13.2566556931
AM,2345,greedy,20260827,I38,38,N20_K2_M12_I38.xlsx,11.0552425385
AM,2345,greedy,20260827,I39,39,N20_K2_M12_I39.xlsx,11.8051624298
AM,2345,greedy,20260827,I40,40,N20_K2_M12_I40.xlsx,12.4342250824
AM,2345,greedy,20260827,I41,41,N20_K2_M12_I41.xlsx,11.4514513016
AM,2345,greedy,20260827,I42,42,N20_K2_M12_I42.xlsx,14.4271869659
AM,2345,greedy,20260827,I43,43,N20_K2_M12_I43.xlsx,10.4764451981
AM,2345,greedy,20260827,I44,44,N20_K2_M12_I44.xlsx,12.4819974899
AM,2345,greedy,20260827,I45,45,N20_K2_M12_I45.xlsx,12.4831466675
AM,2345,greedy,20260827,I46,46,N20_K2_M12_I46.xlsx,8.47215652466
AM,2345,greedy,20260827,I47,47,N20_K2_M12_I47.xlsx,11.1707553864
AM,2345,greedy,20260827,I48,48,N20_K2_M12_I48.xlsx,10.4982233047
AM,2345,greedy,20260827,I49,49,N20_K2_M12_I49.xlsx,11.6495914459
AM,2345,greedy,20260827,I50,50,N20_K2_M12_I50.xlsx,12.9077615738
AM,2345,greedy,20260827,I51,51,N20_K2_M12_I51.xlsx,12.8816604614
AM,2345,greedy,20260827,I52,52,N20_K2_M12_I52.xlsx,11.5820941925
AM,2345,greedy,20260827,I53,53,N20_K2_M12_I53.xlsx,10.8781070709
AM,2345,greedy,20260827,I54,54,N20_K2_M12_I54.xlsx,10.565908432
AM,2345,greedy,20260827,I55,55,N20_K2_M12_I55.xlsx,13.9202518463
AM,2345,greedy,20260827,I56,56,N20_K2_M12_I56.xlsx,13.3486700058
AM,2345,greedy,20260827,I57,57,N20_K2_M12_I57.xlsx,11.9882688522
AM,2345,greedy,20260827,I58,58,N20_K2_M12_I58.xlsx,10.0561933517
AM,2345,greedy,20260827,I59,59,N20_K2_M12_I59.xlsx,9.8415813446
AM,2345,greedy,20260827,I60,60,N20_K2_M12_I60.xlsx,10.616402626
AM,2345,greedy,20260827,I61,61,N20_K2_M12_I61.xlsx,11.3118238449
AM,2345,greedy,20260827,I62,62,N20_K2_M12_I62.xlsx,9.94689941406
AM,2345,greedy,20260827,I63,63,N20_K2_M12_I63.xlsx,11.7365169525
AM,2345,greedy,20260827,I64,64,N20_K2_M12_I64.xlsx,10.6107778549
AM,2345,greedy,20260827,I65,65,N20_K2_M12_I65.xlsx,13.5531740189
AM,2345,greedy,20260827,I66,66,N20_K2_M12_I66.xlsx,12.1839027405
AM,2345,greedy,20260827,I67,67,N20_K2_M12_I67.xlsx,10.9889059067
AM,2345,greedy,20260827,I68,68,N20_K2_M12_I68.xlsx,10.4457244873
AM,2345,greedy,20260827,I69,69,N20_K2_M12_I69.xlsx,11.541513443
AM,2345,greedy,20260827,I70,70,N20_K2_M12_I70.xlsx,10.7390098572
AM,2345,greedy,20260827,I71,71,N20_K2_M12_I71.xlsx,12.0791807175
AM,2345,greedy,20260827,I72,72,N20_K2_M12_I72.xlsx,11.4644079208
AM,2345,greedy,20260827,I73,73,N20_K2_M12_I73.xlsx,10.238237381
AM,2345,greedy,20260827,I74,74,N20_K2_M12_I74.xlsx,13.1305389404
AM,2345,greedy,20260827,I75,75,N20_K2_M12_I75.xlsx,9.93958473206
AM,2345,greedy,20260827,I76,76,N20_K2_M12_I76.xlsx,12.6967535019
AM,2345,greedy,20260827,I77,77,N20_K2_M12_I77.xlsx,10.6123790741
AM,2345,greedy,20260827,I78,78,N20_K2_M12_I78.xlsx,11.8237781525
AM,2345,greedy,20260827,I79,79,N20_K2_M12_I79.xlsx,11.7160396576
AM,2345,greedy,20260827,I80,80,N20_K2_M12_I80.xlsx,11.2184305191
AM,2345,greedy,20260827,I81,81,N20_K2_M12_I81.xlsx,11.8172283173
AM,2345,greedy,20260827,I82,82,N20_K2_M12_I82.xlsx,11.2900848389
AM,2345,greedy,20260827,I83,83,N20_K2_M12_I83.xlsx,11.3326120377
AM,2345,greedy,20260827,I84,84,N20_K2_M12_I84.xlsx,10.6700649261
AM,2345,greedy,20260827,I85,85,N20_K2_M12_I85.xlsx,12.1207084656
AM,2345,greedy,20260827,I86,86,N20_K2_M12_I86.xlsx,10.6761264801
AM,2345,greedy,20260827,I87,87,N20_K2_M12_I87.xlsx,9.42890453339
AM,2345,greedy,20260827,I88,88,N20_K2_M12_I88.xlsx,10.4156599045
AM,2345,greedy,20260827,I89,89,N20_K2_M12_I89.xlsx,11.5425577164
AM,2345,greedy,20260827,I90,90,N20_K2_M12_I90.xlsx,11.6726560593
AM,2345,greedy,20260827,I91,91,N20_K2_M12_I91.xlsx,11.6437711716
AM,2345,greedy,20260827,I92,92,N20_K2_M12_I92.xlsx,9.8747549057
AM,2345,greedy,20260827,I93,93,N20_K2_M12_I93.xlsx,10.5574874878
AM,2345,greedy,20260827,I94,94,N20_K2_M12_I94.xlsx,9.99810886383
AM,2345,greedy,20260827,I95,95,N20_K2_M12_I95.xlsx,10.4698734283
AM,2345,greedy,20260827,I96,96,N20_K2_M12_I96.xlsx,11.8486938477
AM,2345,greedy,20260827,I97,97,N20_K2_M12_I97.xlsx,11.3223133087
AM,2345,greedy,20260827,I98,98,N20_K2_M12_I98.xlsx,9.6064491272
AM,2345,greedy,20260827,I99,99,N20_K2_M12_I99.xlsx,12.2082357407
AM,2345,greedy,20260827,I100,100,N20_K2_M12_I100.xlsx,11.4039134979
AM,2345,sample1280,20260827,I1,1,N20_K2_M12_I1.xlsx,10.7759647369
AM,2345,sample1280,20260827,I2,2,N20_K2_M12_I2.xlsx,10.8611164093
AM,2345,sample1280,20260827,I3,3,N20_K2_M12_I3.xlsx,9.96055984497
AM,2345,sample1280,20260827,I4,4,N20_K2_M12_I4.xlsx,8.7729177475
AM,2345,sample1280,20260827,I5,5,N20_K2_M12_I5.xlsx,9.74752521515
AM,2345,sample1280,20260827,I6,6,N20_K2_M12_I6.xlsx,11.9065647125
AM,2345,sample1280,20260827,I7,7,N20_K2_M12_I7.xlsx,12.3641967773
AM,2345,sample1280,20260827,I8,8,N20_K2_M12_I8.xlsx,11.7696838379
AM,2345,sample1280,20260827,I9,9,N20_K2_M12_I9.xlsx,10.8366355896
AM,2345,sample1280,20260827,I10,10,N20_K2_M12_I10.xlsx,10.6056499481
AM,2345,sample1280,20260827,I11,11,N20_K2_M12_I11.xlsx,11.2548236847
AM,2345,sample1280,20260827,I12,12,N20_K2_M12_I12.xlsx,7.50249099731
AM,2345,sample1280,20260827,I13,13,N20_K2_M12_I13.xlsx,10.6855144501
AM,2345,sample1280,20260827,I14,14,N20_K2_M12_I14.xlsx,9.30834770203
AM,2345,sample1280,20260827,I15,15,N20_K2_M12_I15.xlsx,9.73062515259
AM,2345,sample1280,20260827,I16,16,N20_K2_M12_I16.xlsx,10.8862247467
AM,2345,sample1280,20260827,I17,17,N20_K2_M12_I17.xlsx,10.5155267715
AM,2345,sample1280,20260827,I18,18,N20_K2_M12_I18.xlsx,10.517033577
AM,2345,sample1280,20260827,I19,19,N20_K2_M12_I19.xlsx,9.97445487976
AM,2345,sample1280,20260827,I20,20,N20_K2_M12_I20.xlsx,11.4412956238
AM,2345,sample1280,20260827,I21,21,N20_K2_M12_I21.xlsx,11.7453613281
AM,2345,sample1280,20260827,I22,22,N20_K2_M12_I22.xlsx,11.3437728882
AM,2345,sample1280,20260827,I23,23,N20_K2_M12_I23.xlsx,12.0002326965
AM,2345,sample1280,20260827,I24,24,N20_K2_M12_I24.xlsx,12.7087984085
AM,2345,sample1280,20260827,I25,25,N20_K2_M12_I25.xlsx,9.78577041626
AM,2345,sample1280,20260827,I26,26,N20_K2_M12_I26.xlsx,11.3195858002
AM,2345,sample1280,20260827,I27,27,N20_K2_M12_I27.xlsx,10.0856285095
AM,2345,sample1280,20260827,I28,28,N20_K2_M12_I28.xlsx,11.9529972076
AM,2345,sample1280,20260827,I29,29,N20_K2_M12_I29.xlsx,11.5553016663
AM,2345,sample1280,20260827,I30,30,N20_K2_M12_I30.xlsx,10.6915769577
AM,2345,sample1280,20260827,I31,31,N20_K2_M12_I31.xlsx,8.23574256897
AM,2345,sample1280,20260827,I32,32,N20_K2_M12_I32.xlsx,8.38308811188
AM,2345,sample1280,20260827,I33,33,N20_K2_M12_I33.xlsx,8.97631168365
AM,2345,sample1280,20260827,I34,34,N20_K2_M12_I34.xlsx,11.4696140289
AM,2345,sample1280,20260827,I35,35,N20_K2_M12_I35.xlsx,11.941947937
AM,2345,sample1280,20260827,I36,36,N20_K2_M12_I36.xlsx,9.47213745117
AM,2345,sample1280,20260827,I37,37,N20_K2_M12_I37.xlsx,12.1204652786
AM,2345,sample1280,20260827,I38,38,N20_K2_M12_I38.xlsx,10.0250473022
AM,2345,sample1280,20260827,I39,39,N20_K2_M12_I39.xlsx,11.1211776733
AM,2345,sample1280,20260827,I40,40,N20_K2_M12_I40.xlsx,10.6950511932
AM,2345,sample1280,20260827,I41,41,N20_K2_M12_I41.xlsx,10.5170097351
AM,2345,sample1280,20260827,I42,42,N20_K2_M12_I42.xlsx,12.1292648315
AM,2345,sample1280,20260827,I43,43,N20_K2_M12_I43.xlsx,9.48166656494
AM,2345,sample1280,20260827,I44,44,N20_K2_M12_I44.xlsx,11.4944000244
AM,2345,sample1280,20260827,I45,45,N20_K2_M12_I45.xlsx,11.7574825287
AM,2345,sample1280,20260827,I46,46,N20_K2_M12_I46.xlsx,7.74696159363
AM,2345,sample1280,20260827,I47,47,N20_K2_M12_I47.xlsx,9.56714057922
AM,2345,sample1280,20260827,I48,48,N20_K2_M12_I48.xlsx,9.46759033203
AM,2345,sample1280,20260827,I49,49,N20_K2_M12_I49.xlsx,10.3739976883
AM,2345,sample1280,20260827,I50,50,N20_K2_M12_I50.xlsx,12.2082633972
AM,2345,sample1280,20260827,I51,51,N20_K2_M12_I51.xlsx,11.4327306747
AM,2345,sample1280,20260827,I52,52,N20_K2_M12_I52.xlsx,10.9124488831
AM,2345,sample1280,20260827,I53,53,N20_K2_M12_I53.xlsx,10.6749954224
AM,2345,sample1280,20260827,I54,54,N20_K2_M12_I54.xlsx,9.9144153595
AM,2345,sample1280,20260827,I55,55,N20_K2_M12_I55.xlsx,12.1331033707
AM,2345,sample1280,20260827,I56,56,N20_K2_M12_I56.xlsx,12.2563180923
AM,2345,sample1280,20260827,I57,57,N20_K2_M12_I57.xlsx,11.3241481781
AM,2345,sample1280,20260827,I58,58,N20_K2_M12_I58.xlsx,9.17675209045
AM,2345,sample1280,20260827,I59,59,N20_K2_M12_I59.xlsx,9.14588356018
AM,2345,sample1280,20260827,I60,60,N20_K2_M12_I60.xlsx,10.0273637772
AM,2345,sample1280,20260827,I61,61,N20_K2_M12_I61.xlsx,10.3971328735
AM,2345,sample1280,20260827,I62,62,N20_K2_M12_I62.xlsx,9.34490966797
AM,2345,sample1280,20260827,I63,63,N20_K2_M12_I63.xlsx,10.3600091934
AM,2345,sample1280,20260827,I64,64,N20_K2_M12_I64.xlsx,9.82304954529
AM,2345,sample1280,20260827,I65,65,N20_K2_M12_I65.xlsx,12.8661899567
AM,2345,sample1280,20260827,I66,66,N20_K2_M12_I66.xlsx,10.9069252014
AM,2345,sample1280,20260827,I67,67,N20_K2_M12_I67.xlsx,10.1993207932
AM,2345,sample1280,20260827,I68,68,N20_K2_M12_I68.xlsx,10.393872261
AM,2345,sample1280,20260827,I69,69,N20_K2_M12_I69.xlsx,10.748090744
AM,2345,sample1280,20260827,I70,70,N20_K2_M12_I70.xlsx,10.4700956345
AM,2345,sample1280,20260827,I71,71,N20_K2_M12_I71.xlsx,11.8426809311
AM,2345,sample1280,20260827,I72,72,N20_K2_M12_I72.xlsx,10.9408302307
AM,2345,sample1280,20260827,I73,73,N20_K2_M12_I73.xlsx,9.57029724121
AM,2345,sample1280,20260827,I74,74,N20_K2_M12_I74.xlsx,10.9732933044
AM,2345,sample1280,20260827,I75,75,N20_K2_M12_I75.xlsx,9.674451828
AM,2345,sample1280,20260827,I76,76,N20_K2_M12_I76.xlsx,12.1540269852
AM,2345,sample1280,20260827,I77,77,N20_K2_M12_I77.xlsx,9.88037395477
AM,2345,sample1280,20260827,I78,78,N20_K2_M12_I78.xlsx,10.0371932983
AM,2345,sample1280,20260827,I79,79,N20_K2_M12_I79.xlsx,11.2669429779
AM,2345,sample1280,20260827,I80,80,N20_K2_M12_I80.xlsx,10.878279686
AM,2345,sample1280,20260827,I81,81,N20_K2_M12_I81.xlsx,10.6315288544
AM,2345,sample1280,20260827,I82,82,N20_K2_M12_I82.xlsx,9.8842792511
AM,2345,sample1280,20260827,I83,83,N20_K2_M12_I83.xlsx,10.7646541595
AM,2345,sample1280,20260827,I84,84,N20_K2_M12_I84.xlsx,10.2129440308
AM,2345,sample1280,20260827,I85,85,N20_K2_M12_I85.xlsx,11.6117191315
AM,2345,sample1280,20260827,I86,86,N20_K2_M12_I86.xlsx,10.3702106476
AM,2345,sample1280,20260827,I87,87,N20_K2_M12_I87.xlsx,9.01242256165
AM,2345,sample1280,20260827,I88,88,N20_K2_M12_I88.xlsx,9.95205497742
AM,2345,sample1280,20260827,I89,89,N20_K2_M12_I89.xlsx,10.8962430954
AM,2345,sample1280,20260827,I90,90,N20_K2_M12_I90.xlsx,11.4499702454
AM,2345,sample1280,20260827,I91,91,N20_K2_M12_I91.xlsx,10.8129501343
AM,2345,sample1280,20260827,I92,92,N20_K2_M12_I92.xlsx,9.44742965698
AM,2345,sample1280,20260827,I93,93,N20_K2_M12_I93.xlsx,10.2747831345
AM,2345,sample1280,20260827,I94,94,N20_K2_M12_I94.xlsx,9.56538772583
AM,2345,sample1280,20260827,I95,95,N20_K2_M12_I95.xlsx,10.0919675827
AM,2345,sample1280,20260827,I96,96,N20_K2_M12_I96.xlsx,9.9745349884
AM,2345,sample1280,20260827,I97,97,N20_K2_M12_I97.xlsx,10.745718956
AM,2345,sample1280,20260827,I98,98,N20_K2_M12_I98.xlsx,9.2210187912
AM,2345,sample1280,20260827,I99,99,N20_K2_M12_I99.xlsx,10.5286588669
AM,2345,sample1280,20260827,I100,100,N20_K2_M12_I100.xlsx,10.1342201233
AM,3456,greedy,20260827,I1,1,N20_K2_M12_I1.xlsx,11.0018415451
AM,3456,greedy,20260827,I2,2,N20_K2_M12_I2.xlsx,12.0218715668
AM,3456,greedy,20260827,I3,3,N20_K2_M12_I3.xlsx,10.3733482361
AM,3456,greedy,20260827,I4,4,N20_K2_M12_I4.xlsx,9.56029987335
AM,3456,greedy,20260827,I5,5,N20_K2_M12_I5.xlsx,11.0859661102
AM,3456,greedy,20260827,I6,6,N20_K2_M12_I6.xlsx,13.4154624939
AM,3456,greedy,20260827,I7,7,N20_K2_M12_I7.xlsx,13.0914134979
AM,3456,greedy,20260827,I8,8,N20_K2_M12_I8.xlsx,12.4076442719
AM,3456,greedy,20260827,I9,9,N20_K2_M12_I9.xlsx,12.2807092667
AM,3456,greedy,20260827,I10,10,N20_K2_M12_I10.xlsx,12.2334222794
AM,3456,greedy,20260827,I11,11,N20_K2_M12_I11.xlsx,12.4455251694
AM,3456,greedy,20260827,I12,12,N20_K2_M12_I12.xlsx,8.03798103333
AM,3456,greedy,20260827,I13,13,N20_K2_M12_I13.xlsx,11.0484657288
AM,3456,greedy,20260827,I14,14,N20_K2_M12_I14.xlsx,9.50667285919
AM,3456,greedy,20260827,I15,15,N20_K2_M12_I15.xlsx,10.865527153
AM,3456,greedy,20260827,I16,16,N20_K2_M12_I16.xlsx,11.0853290558
AM,3456,greedy,20260827,I17,17,N20_K2_M12_I17.xlsx,10.8222484589
AM,3456,greedy,20260827,I18,18,N20_K2_M12_I18.xlsx,11.2936944962
AM,3456,greedy,20260827,I19,19,N20_K2_M12_I19.xlsx,10.1695861816
AM,3456,greedy,20260827,I20,20,N20_K2_M12_I20.xlsx,12.5471096039
AM,3456,greedy,20260827,I21,21,N20_K2_M12_I21.xlsx,12.2499675751
AM,3456,greedy,20260827,I22,22,N20_K2_M12_I22.xlsx,12.1719112396
AM,3456,greedy,20260827,I23,23,N20_K2_M12_I23.xlsx,12.885424614
AM,3456,greedy,20260827,I24,24,N20_K2_M12_I24.xlsx,13.7015094757
AM,3456,greedy,20260827,I25,25,N20_K2_M12_I25.xlsx,10.0666809082
AM,3456,greedy,20260827,I26,26,N20_K2_M12_I26.xlsx,11.0267915726
AM,3456,greedy,20260827,I27,27,N20_K2_M12_I27.xlsx,10.4252300262
AM,3456,greedy,20260827,I28,28,N20_K2_M12_I28.xlsx,12.7146959305
AM,3456,greedy,20260827,I29,29,N20_K2_M12_I29.xlsx,11.7699956894
AM,3456,greedy,20260827,I30,30,N20_K2_M12_I30.xlsx,12.5081357956
AM,3456,greedy,20260827,I31,31,N20_K2_M12_I31.xlsx,8.85554599762
AM,3456,greedy,20260827,I32,32,N20_K2_M12_I32.xlsx,8.98925018311
AM,3456,greedy,20260827,I33,33,N20_K2_M12_I33.xlsx,10.3181800842
AM,3456,greedy,20260827,I34,34,N20_K2_M12_I34.xlsx,12.3344984055
AM,3456,greedy,20260827,I35,35,N20_K2_M12_I35.xlsx,12.8835887909
AM,3456,greedy,20260827,I36,36,N20_K2_M12_I36.xlsx,10.4148178101
AM,3456,greedy,20260827,I37,37,N20_K2_M12_I37.xlsx,12.7946281433
AM,3456,greedy,20260827,I38,38,N20_K2_M12_I38.xlsx,10.62895298
AM,3456,greedy,20260827,I39,39,N20_K2_M12_I39.xlsx,12.2819290161
AM,3456,greedy,20260827,I40,40,N20_K2_M12_I40.xlsx,11.1284942627
AM,3456,greedy,20260827,I41,41,N20_K2_M12_I41.xlsx,12.3036899567
AM,3456,greedy,20260827,I42,42,N20_K2_M12_I42.xlsx,12.9900941849
AM,3456,greedy,20260827,I43,43,N20_K2_M12_I43.xlsx,11.9420595169
AM,3456,greedy,20260827,I44,44,N20_K2_M12_I44.xlsx,12.3330173492
AM,3456,greedy,20260827,I45,45,N20_K2_M12_I45.xlsx,11.5592298508
AM,3456,greedy,20260827,I46,46,N20_K2_M12_I46.xlsx,8.34890556335
AM,3456,greedy,20260827,I47,47,N20_K2_M12_I47.xlsx,10.3215036392
AM,3456,greedy,20260827,I48,48,N20_K2_M12_I48.xlsx,10.0084285736
AM,3456,greedy,20260827,I49,49,N20_K2_M12_I49.xlsx,11.5951766968
AM,3456,greedy,20260827,I50,50,N20_K2_M12_I50.xlsx,12.86236763
AM,3456,greedy,20260827,I51,51,N20_K2_M12_I51.xlsx,11.2640571594
AM,3456,greedy,20260827,I52,52,N20_K2_M12_I52.xlsx,12.016459465
AM,3456,greedy,20260827,I53,53,N20_K2_M12_I53.xlsx,11.2691745758
AM,3456,greedy,20260827,I54,54,N20_K2_M12_I54.xlsx,10.9422655106
AM,3456,greedy,20260827,I55,55,N20_K2_M12_I55.xlsx,12.4294729233
AM,3456,greedy,20260827,I56,56,N20_K2_M12_I56.xlsx,13.7109031677
AM,3456,greedy,20260827,I57,57,N20_K2_M12_I57.xlsx,12.1507825851
AM,3456,greedy,20260827,I58,58,N20_K2_M12_I58.xlsx,9.07305526733
AM,3456,greedy,20260827,I59,59,N20_K2_M12_I59.xlsx,10.348449707
AM,3456,greedy,20260827,I60,60,N20_K2_M12_I60.xlsx,10.3938007355
AM,3456,greedy,20260827,I61,61,N20_K2_M12_I61.xlsx,12.0040893555
AM,3456,greedy,20260827,I62,62,N20_K2_M12_I62.xlsx,10.7972955704
AM,3456,greedy,20260827,I63,63,N20_K2_M12_I63.xlsx,10.7568893433
AM,3456,greedy,20260827,I64,64,N20_K2_M12_I64.xlsx,11.1674518585
AM,3456,greedy,20260827,I65,65,N20_K2_M12_I65.xlsx,13.3256034851
AM,3456,greedy,20260827,I66,66,N20_K2_M12_I66.xlsx,10.8865699768
AM,3456,greedy,20260827,I67,67,N20_K2_M12_I67.xlsx,12.1208972931
AM,3456,greedy,20260827,I68,68,N20_K2_M12_I68.xlsx,11.0776805878
AM,3456,greedy,20260827,I69,69,N20_K2_M12_I69.xlsx,11.7116355896
AM,3456,greedy,20260827,I70,70,N20_K2_M12_I70.xlsx,13.3154420853
AM,3456,greedy,20260827,I71,71,N20_K2_M12_I71.xlsx,12.2224817276
AM,3456,greedy,20260827,I72,72,N20_K2_M12_I72.xlsx,11.3907680511
AM,3456,greedy,20260827,I73,73,N20_K2_M12_I73.xlsx,10.4690828323
AM,3456,greedy,20260827,I74,74,N20_K2_M12_I74.xlsx,12.3348808289
AM,3456,greedy,20260827,I75,75,N20_K2_M12_I75.xlsx,10.7002649307
AM,3456,greedy,20260827,I76,76,N20_K2_M12_I76.xlsx,12.5608682632
AM,3456,greedy,20260827,I77,77,N20_K2_M12_I77.xlsx,10.304359436
AM,3456,greedy,20260827,I78,78,N20_K2_M12_I78.xlsx,10.2146539688
AM,3456,greedy,20260827,I79,79,N20_K2_M12_I79.xlsx,12.7915410995
AM,3456,greedy,20260827,I80,80,N20_K2_M12_I80.xlsx,11.2256278992
AM,3456,greedy,20260827,I81,81,N20_K2_M12_I81.xlsx,11.8591251373
AM,3456,greedy,20260827,I82,82,N20_K2_M12_I82.xlsx,11.9559965134
AM,3456,greedy,20260827,I83,83,N20_K2_M12_I83.xlsx,11.6476306915
AM,3456,greedy,20260827,I84,84,N20_K2_M12_I84.xlsx,11.3260498047
AM,3456,greedy,20260827,I85,85,N20_K2_M12_I85.xlsx,13.7149925232
AM,3456,greedy,20260827,I86,86,N20_K2_M12_I86.xlsx,10.4730634689
AM,3456,greedy,20260827,I87,87,N20_K2_M12_I87.xlsx,9.64269256592
AM,3456,greedy,20260827,I88,88,N20_K2_M12_I88.xlsx,11.1297578812
AM,3456,greedy,20260827,I89,89,N20_K2_M12_I89.xlsx,11.5250244141
AM,3456,greedy,20260827,I90,90,N20_K2_M12_I90.xlsx,12.2768068314
AM,3456,greedy,20260827,I91,91,N20_K2_M12_I91.xlsx,11.2065067291
AM,3456,greedy,20260827,I92,92,N20_K2_M12_I92.xlsx,9.56408119202
AM,3456,greedy,20260827,I93,93,N20_K2_M12_I93.xlsx,11.0233955383
AM,3456,greedy,20260827,I94,94,N20_K2_M12_I94.xlsx,10.1181583405
AM,3456,greedy,20260827,I95,95,N20_K2_M12_I95.xlsx,10.0954427719
AM,3456,greedy,20260827,I96,96,N20_K2_M12_I96.xlsx,11.4183006287
AM,3456,greedy,20260827,I97,97,N20_K2_M12_I97.xlsx,11.4053440094
AM,3456,greedy,20260827,I98,98,N20_K2_M12_I98.xlsx,9.99146842957
AM,3456,greedy,20260827,I99,99,N20_K2_M12_I99.xlsx,11.0490131378
AM,3456,greedy,20260827,I100,100,N20_K2_M12_I100.xlsx,12.2656974792
AM,3456,sample1280,20260827,I1,1,N20_K2_M12_I1.xlsx,10.9006996155
AM,3456,sample1280,20260827,I2,2,N20_K2_M12_I2.xlsx,10.9935684204
AM,3456,sample1280,20260827,I3,3,N20_K2_M12_I3.xlsx,9.89853858948
AM,3456,sample1280,20260827,I4,4,N20_K2_M12_I4.xlsx,8.78032493591
AM,3456,sample1280,20260827,I5,5,N20_K2_M12_I5.xlsx,10.0650405884
AM,3456,sample1280,20260827,I6,6,N20_K2_M12_I6.xlsx,12.1529550552
AM,3456,sample1280,20260827,I7,7,N20_K2_M12_I7.xlsx,12.3985710144
AM,3456,sample1280,20260827,I8,8,N20_K2_M12_I8.xlsx,11.9322929382
AM,3456,sample1280,20260827,I9,9,N20_K2_M12_I9.xlsx,10.6715421677
AM,3456,sample1280,20260827,I10,10,N20_K2_M12_I10.xlsx,11.4959354401
AM,3456,sample1280,20260827,I11,11,N20_K2_M12_I11.xlsx,11.1430053711
AM,3456,sample1280,20260827,I12,12,N20_K2_M12_I12.xlsx,7.5348777771
AM,3456,sample1280,20260827,I13,13,N20_K2_M12_I13.xlsx,10.645359993
AM,3456,sample1280,20260827,I14,14,N20_K2_M12_I14.xlsx,8.71671485901
AM,3456,sample1280,20260827,I15,15,N20_K2_M12_I15.xlsx,10.0513849258
AM,3456,sample1280,20260827,I16,16,N20_K2_M12_I16.xlsx,10.5483961105
AM,3456,sample1280,20260827,I17,17,N20_K2_M12_I17.xlsx,10.0296258926
AM,3456,sample1280,20260827,I18,18,N20_K2_M12_I18.xlsx,10.6846923828
AM,3456,sample1280,20260827,I19,19,N20_K2_M12_I19.xlsx,10.0693645477
AM,3456,sample1280,20260827,I20,20,N20_K2_M12_I20.xlsx,11.5715293884
AM,3456,sample1280,20260827,I21,21,N20_K2_M12_I21.xlsx,12.2433958054
AM,3456,sample1280,20260827,I22,22,N20_K2_M12_I22.xlsx,11.3889598846
AM,3456,sample1280,20260827,I23,23,N20_K2_M12_I23.xlsx,12.2083673477
AM,3456,sample1280,20260827,I24,24,N20_K2_M12_I24.xlsx,12.6308689117
AM,3456,sample1280,20260827,I25,25,N20_K2_M12_I25.xlsx,9.4940662384
AM,3456,sample1280,20260827,I26,26,N20_K2_M12_I26.xlsx,11.3753471375
AM,3456,sample1280,20260827,I27,27,N20_K2_M12_I27.xlsx,10.1013689041
AM,3456,sample1280,20260827,I28,28,N20_K2_M12_I28.xlsx,11.6290836334
AM,3456,sample1280,20260827,I29,29,N20_K2_M12_I29.xlsx,11.1806211472
AM,3456,sample1280,20260827,I30,30,N20_K2_M12_I30.xlsx,10.5855922699
AM,3456,sample1280,20260827,I31,31,N20_K2_M12_I31.xlsx,8.41844558716
AM,3456,sample1280,20260827,I32,32,N20_K2_M12_I32.xlsx,8.5111656189
AM,3456,sample1280,20260827,I33,33,N20_K2_M12_I33.xlsx,9.22860240936
AM,3456,sample1280,20260827,I34,34,N20_K2_M12_I34.xlsx,11.7739677429
AM,3456,sample1280,20260827,I35,35,N20_K2_M12_I35.xlsx,11.6036977768
AM,3456,sample1280,20260827,I36,36,N20_K2_M12_I36.xlsx,9.83848953247
AM,3456,sample1280,20260827,I37,37,N20_K2_M12_I37.xlsx,12.3337068558
AM,3456,sample1280,20260827,I38,38,N20_K2_M12_I38.xlsx,9.83554267883
AM,3456,sample1280,20260827,I39,39,N20_K2_M12_I39.xlsx,11.356385231
AM,3456,sample1280,20260827,I40,40,N20_K2_M12_I40.xlsx,9.86896133423
AM,3456,sample1280,20260827,I41,41,N20_K2_M12_I41.xlsx,10.6132926941
AM,3456,sample1280,20260827,I42,42,N20_K2_M12_I42.xlsx,11.2134809494
AM,3456,sample1280,20260827,I43,43,N20_K2_M12_I43.xlsx,9.24474620819
AM,3456,sample1280,20260827,I44,44,N20_K2_M12_I44.xlsx,11.5645141602
AM,3456,sample1280,20260827,I45,45,N20_K2_M12_I45.xlsx,11.0311222076
AM,3456,sample1280,20260827,I46,46,N20_K2_M12_I46.xlsx,7.93698406219
AM,3456,sample1280,20260827,I47,47,N20_K2_M12_I47.xlsx,9.55525588989
AM,3456,sample1280,20260827,I48,48,N20_K2_M12_I48.xlsx,9.50306987762
AM,3456,sample1280,20260827,I49,49,N20_K2_M12_I49.xlsx,10.0157184601
AM,3456,sample1280,20260827,I50,50,N20_K2_M12_I50.xlsx,12.6144227982
AM,3456,sample1280,20260827,I51,51,N20_K2_M12_I51.xlsx,10.9097642899
AM,3456,sample1280,20260827,I52,52,N20_K2_M12_I52.xlsx,10.7764568329
AM,3456,sample1280,20260827,I53,53,N20_K2_M12_I53.xlsx,10.4929618835
AM,3456,sample1280,20260827,I54,54,N20_K2_M12_I54.xlsx,9.89826011658
AM,3456,sample1280,20260827,I55,55,N20_K2_M12_I55.xlsx,11.8243465424
AM,3456,sample1280,20260827,I56,56,N20_K2_M12_I56.xlsx,12.1530895233
AM,3456,sample1280,20260827,I57,57,N20_K2_M12_I57.xlsx,11.4062824249
AM,3456,sample1280,20260827,I58,58,N20_K2_M12_I58.xlsx,8.90523433685
AM,3456,sample1280,20260827,I59,59,N20_K2_M12_I59.xlsx,9.56558132172
AM,3456,sample1280,20260827,I60,60,N20_K2_M12_I60.xlsx,9.60161781311
AM,3456,sample1280,20260827,I61,61,N20_K2_M12_I61.xlsx,10.8684225082
AM,3456,sample1280,20260827,I62,62,N20_K2_M12_I62.xlsx,10.0170383453
AM,3456,sample1280,20260827,I63,63,N20_K2_M12_I63.xlsx,10.4425296783
AM,3456,sample1280,20260827,I64,64,N20_K2_M12_I64.xlsx,10.1568784714
AM,3456,sample1280,20260827,I65,65,N20_K2_M12_I65.xlsx,13.1730566025
AM,3456,sample1280,20260827,I66,66,N20_K2_M12_I66.xlsx,10.8293476105
AM,3456,sample1280,20260827,I67,67,N20_K2_M12_I67.xlsx,10.3781557083
AM,3456,sample1280,20260827,I68,68,N20_K2_M12_I68.xlsx,10.1418170929
AM,3456,sample1280,20260827,I69,69,N20_K2_M12_I69.xlsx,10.9272994995
AM,3456,sample1280,20260827,I70,70,N20_K2_M12_I70.xlsx,10.641919136
AM,3456,sample1280,20260827,I71,71,N20_K2_M12_I71.xlsx,11.6042442322
AM,3456,sample1280,20260827,I72,72,N20_K2_M12_I72.xlsx,11.072262764
AM,3456,sample1280,20260827,I73,73,N20_K2_M12_I73.xlsx,9.47978591919
AM,3456,sample1280,20260827,I74,74,N20_K2_M12_I74.xlsx,10.7102231979
AM,3456,sample1280,20260827,I75,75,N20_K2_M12_I75.xlsx,9.52634048462
AM,3456,sample1280,20260827,I76,76,N20_K2_M12_I76.xlsx,12.34719944
AM,3456,sample1280,20260827,I77,77,N20_K2_M12_I77.xlsx,10.009885788
AM,3456,sample1280,20260827,I78,78,N20_K2_M12_I78.xlsx,9.94828414917
AM,3456,sample1280,20260827,I79,79,N20_K2_M12_I79.xlsx,11.2279520035
AM,3456,sample1280,20260827,I80,80,N20_K2_M12_I80.xlsx,11.081653595
AM,3456,sample1280,20260827,I81,81,N20_K2_M12_I81.xlsx,10.947640419
AM,3456,sample1280,20260827,I82,82,N20_K2_M12_I82.xlsx,10.0956792831
AM,3456,sample1280,20260827,I83,83,N20_K2_M12_I83.xlsx,10.9600419998
AM,3456,sample1280,20260827,I84,84,N20_K2_M12_I84.xlsx,10.5940704346
AM,3456,sample1280,20260827,I85,85,N20_K2_M12_I85.xlsx,11.8858642578
AM,3456,sample1280,20260827,I86,86,N20_K2_M12_I86.xlsx,10.410320282
AM,3456,sample1280,20260827,I87,87,N20_K2_M12_I87.xlsx,9.26223754883
AM,3456,sample1280,20260827,I88,88,N20_K2_M12_I88.xlsx,9.56108379364
AM,3456,sample1280,20260827,I89,89,N20_K2_M12_I89.xlsx,10.9849491119
AM,3456,sample1280,20260827,I90,90,N20_K2_M12_I90.xlsx,11.3044176102
AM,3456,sample1280,20260827,I91,91,N20_K2_M12_I91.xlsx,10.2621231079
AM,3456,sample1280,20260827,I92,92,N20_K2_M12_I92.xlsx,8.85920524597
AM,3456,sample1280,20260827,I93,93,N20_K2_M12_I93.xlsx,10.277759552
AM,3456,sample1280,20260827,I94,94,N20_K2_M12_I94.xlsx,9.58693981171
AM,3456,sample1280,20260827,I95,95,N20_K2_M12_I95.xlsx,9.8340549469
AM,3456,sample1280,20260827,I96,96,N20_K2_M12_I96.xlsx,10.3015918732
AM,3456,sample1280,20260827,I97,97,N20_K2_M12_I97.xlsx,10.5641202927
AM,3456,sample1280,20260827,I98,98,N20_K2_M12_I98.xlsx,9.32537078857
AM,3456,sample1280,20260827,I99,99,N20_K2_M12_I99.xlsx,10.5508642197
AM,3456,sample1280,20260827,I100,100,N20_K2_M12_I100.xlsx,10.6197834015
Co-HeT,1234,greedy,20260827,I1,1,N20_K2_M12_I1.xlsx,10.7755470276
Co-HeT,1234,greedy,20260827,I2,2,N20_K2_M12_I2.xlsx,11.1876955032
Co-HeT,1234,greedy,20260827,I3,3,N20_K2_M12_I3.xlsx,10.070318222
Co-HeT,1234,greedy,20260827,I4,4,N20_K2_M12_I4.xlsx,9.11536598206
Co-HeT,1234,greedy,20260827,I5,5,N20_K2_M12_I5.xlsx,9.89543437958
Co-HeT,1234,greedy,20260827,I6,6,N20_K2_M12_I6.xlsx,11.8255691528
Co-HeT,1234,greedy,20260827,I7,7,N20_K2_M12_I7.xlsx,12.1397247314
Co-HeT,1234,greedy,20260827,I8,8,N20_K2_M12_I8.xlsx,11.5821495056
Co-HeT,1234,greedy,20260827,I9,9,N20_K2_M12_I9.xlsx,10.1561012268
Co-HeT,1234,greedy,20260827,I10,10,N20_K2_M12_I10.xlsx,10.8092470169
Co-HeT,1234,greedy,20260827,I11,11,N20_K2_M12_I11.xlsx,10.9962081909
Co-HeT,1234,greedy,20260827,I12,12,N20_K2_M12_I12.xlsx,8.05189704895
Co-HeT,1234,greedy,20260827,I13,13,N20_K2_M12_I13.xlsx,11.125954628
Co-HeT,1234,greedy,20260827,I14,14,N20_K2_M12_I14.xlsx,8.88018989563
Co-HeT,1234,greedy,20260827,I15,15,N20_K2_M12_I15.xlsx,9.96295547485
Co-HeT,1234,greedy,20260827,I16,16,N20_K2_M12_I16.xlsx,10.6824502945
Co-HeT,1234,greedy,20260827,I17,17,N20_K2_M12_I17.xlsx,9.50703430176
Co-HeT,1234,greedy,20260827,I18,18,N20_K2_M12_I18.xlsx,10.8997535706
Co-HeT,1234,greedy,20260827,I19,19,N20_K2_M12_I19.xlsx,9.92284393311
Co-HeT,1234,greedy,20260827,I20,20,N20_K2_M12_I20.xlsx,11.1604862213
Co-HeT,1234,greedy,20260827,I21,21,N20_K2_M12_I21.xlsx,11.1782188416
Co-HeT,1234,greedy,20260827,I22,22,N20_K2_M12_I22.xlsx,11.5377388
Co-HeT,1234,greedy,20260827,I23,23,N20_K2_M12_I23.xlsx,12.3570108414
Co-HeT,1234,greedy,20260827,I24,24,N20_K2_M12_I24.xlsx,12.2372436523
Co-HeT,1234,greedy,20260827,I25,25,N20_K2_M12_I25.xlsx,9.66283321381
Co-HeT,1234,greedy,20260827,I26,26,N20_K2_M12_I26.xlsx,10.968996048
Co-HeT,1234,greedy,20260827,I27,27,N20_K2_M12_I27.xlsx,10.0643634796
Co-HeT,1234,greedy,20260827,I28,28,N20_K2_M12_I28.xlsx,11.4992599487
Co-HeT,1234,greedy,20260827,I29,29,N20_K2_M12_I29.xlsx,11.4260864258
Co-HeT,1234,greedy,20260827,I30,30,N20_K2_M12_I30.xlsx,10.5869102478
Co-HeT,1234,greedy,20260827,I31,31,N20_K2_M12_I31.xlsx,8.53678131104
Co-HeT,1234,greedy,20260827,I32,32,N20_K2_M12_I32.xlsx,7.87486934662
Co-HeT,1234,greedy,20260827,I33,33,N20_K2_M12_I33.xlsx,8.6823720932
Co-HeT,1234,greedy,20260827,I34,34,N20_K2_M12_I34.xlsx,11.1255016327
Co-HeT,1234,greedy,20260827,I35,35,N20_K2_M12_I35.xlsx,12.1846523285
Co-HeT,1234,greedy,20260827,I36,36,N20_K2_M12_I36.xlsx,9.24834060669
Co-HeT,1234,greedy,20260827,I37,37,N20_K2_M12_I37.xlsx,12.1147155762
Co-HeT,1234,greedy,20260827,I38,38,N20_K2_M12_I38.xlsx,10.0423383713
Co-HeT,1234,greedy,20260827,I39,39,N20_K2_M12_I39.xlsx,11.7105894089
Co-HeT,1234,greedy,20260827,I40,40,N20_K2_M12_I40.xlsx,10.1405544281
Co-HeT,1234,greedy,20260827,I41,41,N20_K2_M12_I41.xlsx,10.3723478317
Co-HeT,1234,greedy,20260827,I42,42,N20_K2_M12_I42.xlsx,10.9617586136
Co-HeT,1234,greedy,20260827,I43,43,N20_K2_M12_I43.xlsx,9.43837070465
Co-HeT,1234,greedy,20260827,I44,44,N20_K2_M12_I44.xlsx,12.1573648453
Co-HeT,1234,greedy,20260827,I45,45,N20_K2_M12_I45.xlsx,11.2380867004
Co-HeT,1234,greedy,20260827,I46,46,N20_K2_M12_I46.xlsx,8.14058876038
Co-HeT,1234,greedy,20260827,I47,47,N20_K2_M12_I47.xlsx,10.0784549713
Co-HeT,1234,greedy,20260827,I48,48,N20_K2_M12_I48.xlsx,9.73164272308
Co-HeT,1234,greedy,20260827,I49,49,N20_K2_M12_I49.xlsx,10.0721435547
Co-HeT,1234,greedy,20260827,I50,50,N20_K2_M12_I50.xlsx,12.8369283676
Co-HeT,1234,greedy,20260827,I51,51,N20_K2_M12_I51.xlsx,11.2203865051
Co-HeT,1234,greedy,20260827,I52,52,N20_K2_M12_I52.xlsx,10.3733205795
Co-HeT,1234,greedy,20260827,I53,53,N20_K2_M12_I53.xlsx,10.726685524
Co-HeT,1234,greedy,20260827,I54,54,N20_K2_M12_I54.xlsx,9.78603935242
Co-HeT,1234,greedy,20260827,I55,55,N20_K2_M12_I55.xlsx,11.8104066849
Co-HeT,1234,greedy,20260827,I56,56,N20_K2_M12_I56.xlsx,12.8359575272
Co-HeT,1234,greedy,20260827,I57,57,N20_K2_M12_I57.xlsx,11.4739341736
Co-HeT,1234,greedy,20260827,I58,58,N20_K2_M12_I58.xlsx,9.25696659088
Co-HeT,1234,greedy,20260827,I59,59,N20_K2_M12_I59.xlsx,9.00463867188
Co-HeT,1234,greedy,20260827,I60,60,N20_K2_M12_I60.xlsx,9.93387031555
Co-HeT,1234,greedy,20260827,I61,61,N20_K2_M12_I61.xlsx,10.0529737473
Co-HeT,1234,greedy,20260827,I62,62,N20_K2_M12_I62.xlsx,8.83971214294
Co-HeT,1234,greedy,20260827,I63,63,N20_K2_M12_I63.xlsx,10.5875587463
Co-HeT,1234,greedy,20260827,I64,64,N20_K2_M12_I64.xlsx,9.66207790375
Co-HeT,1234,greedy,20260827,I65,65,N20_K2_M12_I65.xlsx,12.6251964569
Co-HeT,1234,greedy,20260827,I66,66,N20_K2_M12_I66.xlsx,11.542350769
Co-HeT,1234,greedy,20260827,I67,67,N20_K2_M12_I67.xlsx,10.1519670486
Co-HeT,1234,greedy,20260827,I68,68,N20_K2_M12_I68.xlsx,10.327671051
Co-HeT,1234,greedy,20260827,I69,69,N20_K2_M12_I69.xlsx,10.7489051819
Co-HeT,1234,greedy,20260827,I70,70,N20_K2_M12_I70.xlsx,10.2578439713
Co-HeT,1234,greedy,20260827,I71,71,N20_K2_M12_I71.xlsx,11.7370824814
Co-HeT,1234,greedy,20260827,I72,72,N20_K2_M12_I72.xlsx,11.470076561
Co-HeT,1234,greedy,20260827,I73,73,N20_K2_M12_I73.xlsx,9.49348449707
Co-HeT,1234,greedy,20260827,I74,74,N20_K2_M12_I74.xlsx,11.1420993805
Co-HeT,1234,greedy,20260827,I75,75,N20_K2_M12_I75.xlsx,9.73672771454
Co-HeT,1234,greedy,20260827,I76,76,N20_K2_M12_I76.xlsx,12.2931594849
Co-HeT,1234,greedy,20260827,I77,77,N20_K2_M12_I77.xlsx,9.72252655029
Co-HeT,1234,greedy,20260827,I78,78,N20_K2_M12_I78.xlsx,9.37971019745
Co-HeT,1234,greedy,20260827,I79,79,N20_K2_M12_I79.xlsx,11.0481481552
Co-HeT,1234,greedy,20260827,I80,80,N20_K2_M12_I80.xlsx,11.2554988861
Co-HeT,1234,greedy,20260827,I81,81,N20_K2_M12_I81.xlsx,10.2231845856
Co-HeT,1234,greedy,20260827,I82,82,N20_K2_M12_I82.xlsx,10.154004097
Co-HeT,1234,greedy,20260827,I83,83,N20_K2_M12_I83.xlsx,10.8268928528
Co-HeT,1234,greedy,20260827,I84,84,N20_K2_M12_I84.xlsx,10.2512760162
Co-HeT,1234,greedy,20260827,I85,85,N20_K2_M12_I85.xlsx,11.5932264328
Co-HeT,1234,greedy,20260827,I86,86,N20_K2_M12_I86.xlsx,9.97964763641
Co-HeT,1234,greedy,20260827,I87,87,N20_K2_M12_I87.xlsx,10.1356372833
Co-HeT,1234,greedy,20260827,I88,88,N20_K2_M12_I88.xlsx,9.3460483551
Co-HeT,1234,greedy,20260827,I89,89,N20_K2_M12_I89.xlsx,10.3751859665
Co-HeT,1234,greedy,20260827,I90,90,N20_K2_M12_I90.xlsx,11.0179643631
Co-HeT,1234,greedy,20260827,I91,91,N20_K2_M12_I91.xlsx,10.7744312286
Co-HeT,1234,greedy,20260827,I92,92,N20_K2_M12_I92.xlsx,9.72770214081
Co-HeT,1234,greedy,20260827,I93,93,N20_K2_M12_I93.xlsx,10.5284290314
Co-HeT,1234,greedy,20260827,I94,94,N20_K2_M12_I94.xlsx,10.2041368484
Co-HeT,1234,greedy,20260827,I95,95,N20_K2_M12_I95.xlsx,9.31204891205
Co-HeT,1234,greedy,20260827,I96,96,N20_K2_M12_I96.xlsx,9.78715896606
Co-HeT,1234,greedy,20260827,I97,97,N20_K2_M12_I97.xlsx,11.1112422943
Co-HeT,1234,greedy,20260827,I98,98,N20_K2_M12_I98.xlsx,9.49186038971
Co-HeT,1234,greedy,20260827,I99,99,N20_K2_M12_I99.xlsx,10.4101009369
Co-HeT,1234,greedy,20260827,I100,100,N20_K2_M12_I100.xlsx,10.6034994125
Co-HeT,1234,sample1280,20260827,I1,1,N20_K2_M12_I1.xlsx,10.5708198547
Co-HeT,1234,sample1280,20260827,I2,2,N20_K2_M12_I2.xlsx,10.7471828461
Co-HeT,1234,sample1280,20260827,I3,3,N20_K2_M12_I3.xlsx,9.68820381165
Co-HeT,1234,sample1280,20260827,I4,4,N20_K2_M12_I4.xlsx,8.65706634521
Co-HeT,1234,sample1280,20260827,I5,5,N20_K2_M12_I5.xlsx,9.23916530609
Co-HeT,1234,sample1280,20260827,I6,6,N20_K2_M12_I6.xlsx,11.1441936493
Co-HeT,1234,sample1280,20260827,I7,7,N20_K2_M12_I7.xlsx,12.109960556
Co-HeT,1234,sample1280,20260827,I8,8,N20_K2_M12_I8.xlsx,11.3969421387
Co-HeT,1234,sample1280,20260827,I9,9,N20_K2_M12_I9.xlsx,10.1560993195
Co-HeT,1234,sample1280,20260827,I10,10,N20_K2_M12_I10.xlsx,10.6932621002
Co-HeT,1234,sample1280,20260827,I11,11,N20_K2_M12_I11.xlsx,10.6873197556
Co-HeT,1234,sample1280,20260827,I12,12,N20_K2_M12_I12.xlsx,7.242000103
Co-HeT,1234,sample1280,20260827,I13,13,N20_K2_M12_I13.xlsx,10.4685611725
Co-HeT,1234,sample1280,20260827,I14,14,N20_K2_M12_I14.xlsx,8.70846557617
Co-HeT,1234,sample1280,20260827,I15,15,N20_K2_M12_I15.xlsx,9.64557647705
Co-HeT,1234,sample1280,20260827,I16,16,N20_K2_M12_I16.xlsx,10.255153656
Co-HeT,1234,sample1280,20260827,I17,17,N20_K2_M12_I17.xlsx,9.41071605682
Co-HeT,1234,sample1280,20260827,I18,18,N20_K2_M12_I18.xlsx,10.4022598267
Co-HeT,1234,sample1280,20260827,I19,19,N20_K2_M12_I19.xlsx,9.58863162994
Co-HeT,1234,sample1280,20260827,I20,20,N20_K2_M12_I20.xlsx,11.0163497925
Co-HeT,1234,sample1280,20260827,I21,21,N20_K2_M12_I21.xlsx,11.0683097839
Co-HeT,1234,sample1280,20260827,I22,22,N20_K2_M12_I22.xlsx,11.1239528656
Co-HeT,1234,sample1280,20260827,I23,23,N20_K2_M12_I23.xlsx,11.9919176102
Co-HeT,1234,sample1280,20260827,I24,24,N20_K2_M12_I24.xlsx,11.8494701385
Co-HeT,1234,sample1280,20260827,I25,25,N20_K2_M12_I25.xlsx,9.40274047852
Co-HeT,1234,sample1280,20260827,I26,26,N20_K2_M12_I26.xlsx,10.9215669632
Co-HeT,1234,sample1280,20260827,I27,27,N20_K2_M12_I27.xlsx,9.76925563812
Co-HeT,1234,sample1280,20260827,I28,28,N20_K2_M12_I28.xlsx,11.3499803543
Co-HeT,1234,sample1280,20260827,I29,29,N20_K2_M12_I29.xlsx,10.9015159607
Co-HeT,1234,sample1280,20260827,I30,30,N20_K2_M12_I30.xlsx,10.1774253845
Co-HeT,1234,sample1280,20260827,I31,31,N20_K2_M12_I31.xlsx,8.29405021667
Co-HeT,1234,sample1280,20260827,I32,32,N20_K2_M12_I32.xlsx,7.82712650299
Co-HeT,1234,sample1280,20260827,I33,33,N20_K2_M12_I33.xlsx,8.37244987488
Co-HeT,1234,sample1280,20260827,I34,34,N20_K2_M12_I34.xlsx,11.0008201599
Co-HeT,1234,sample1280,20260827,I35,35,N20_K2_M12_I35.xlsx,11.8874044418
Co-HeT,1234,sample1280,20260827,I36,36,N20_K2_M12_I36.xlsx,9.15460014343
Co-HeT,1234,sample1280,20260827,I37,37,N20_K2_M12_I37.xlsx,12.0219974518
Co-HeT,1234,sample1280,20260827,I38,38,N20_K2_M12_I38.xlsx,9.58869743347
Co-HeT,1234,sample1280,20260827,I39,39,N20_K2_M12_I39.xlsx,11.4531545639
Co-HeT,1234,sample1280,20260827,I40,40,N20_K2_M12_I40.xlsx,9.81325531006
Co-HeT,1234,sample1280,20260827,I41,41,N20_K2_M12_I41.xlsx,10.2373657227
Co-HeT,1234,sample1280,20260827,I42,42,N20_K2_M12_I42.xlsx,10.9261884689
Co-HeT,1234,sample1280,20260827,I43,43,N20_K2_M12_I43.xlsx,8.78769493103
Co-HeT,1234,sample1280,20260827,I44,44,N20_K2_M12_I44.xlsx,10.964058876
Co-HeT,1234,sample1280,20260827,I45,45,N20_K2_M12_I45.xlsx,10.8472557068
Co-HeT,1234,sample1280,20260827,I46,46,N20_K2_M12_I46.xlsx,7.7285027504
Co-HeT,1234,sample1280,20260827,I47,47,N20_K2_M12_I47.xlsx,9.87991714478
Co-HeT,1234,sample1280,20260827,I48,48,N20_K2_M12_I48.xlsx,9.2118768692
Co-HeT,1234,sample1280,20260827,I49,49,N20_K2_M12_I49.xlsx,9.69370746613
Co-HeT,1234,sample1280,20260827,I50,50,N20_K2_M12_I50.xlsx,12.2237892151
Co-HeT,1234,sample1280,20260827,I51,51,N20_K2_M12_I51.xlsx,11.0808029175
Co-HeT,1234,sample1280,20260827,I52,52,N20_K2_M12_I52.xlsx,10.3659296036
Co-HeT,1234,sample1280,20260827,I53,53,N20_K2_M12_I53.xlsx,10.4835824966
Co-HeT,1234,sample1280,20260827,I54,54,N20_K2_M12_I54.xlsx,9.55735015869
Co-HeT,1234,sample1280,20260827,I55,55,N20_K2_M12_I55.xlsx,11.2223243713
Co-HeT,1234,sample1280,20260827,I56,56,N20_K2_M12_I56.xlsx,11.7361650467
Co-HeT,1234,sample1280,20260827,I57,57,N20_K2_M12_I57.xlsx,11.3356513977
Co-HeT,1234,sample1280,20260827,I58,58,N20_K2_M12_I58.xlsx,8.65881919861
Co-HeT,1234,sample1280,20260827,I59,59,N20_K2_M12_I59.xlsx,8.85033798218
Co-HeT,1234,sample1280,20260827,I60,60,N20_K2_M12_I60.xlsx,9.76473999023
Co-HeT,1234,sample1280,20260827,I61,61,N20_K2_M12_I61.xlsx,10.0520439148
Co-HeT,1234,sample1280,20260827,I62,62,N20_K2_M12_I62.xlsx,8.83971214294
Co-HeT,1234,sample1280,20260827,I63,63,N20_K2_M12_I63.xlsx,10.2314472198
Co-HeT,1234,sample1280,20260827,I64,64,N20_K2_M12_I64.xlsx,9.57998180389
Co-HeT,1234,sample1280,20260827,I65,65,N20_K2_M12_I65.xlsx,12.2088356018
Co-HeT,1234,sample1280,20260827,I66,66,N20_K2_M12_I66.xlsx,10.4870042801
Co-HeT,1234,sample1280,20260827,I67,67,N20_K2_M12_I67.xlsx,9.76268005371
Co-HeT,1234,sample1280,20260827,I68,68,N20_K2_M12_I68.xlsx,10.1646404266
Co-HeT,1234,sample1280,20260827,I69,69,N20_K2_M12_I69.xlsx,10.566740036
Co-HeT,1234,sample1280,20260827,I70,70,N20_K2_M12_I70.xlsx,9.74230003357
Co-HeT,1234,sample1280,20260827,I71,71,N20_K2_M12_I71.xlsx,11.3324346542
Co-HeT,1234,sample1280,20260827,I72,72,N20_K2_M12_I72.xlsx,10.8991365433
Co-HeT,1234,sample1280,20260827,I73,73,N20_K2_M12_I73.xlsx,9.23825454712
Co-HeT,1234,sample1280,20260827,I74,74,N20_K2_M12_I74.xlsx,10.3136482239
Co-HeT,1234,sample1280,20260827,I75,75,N20_K2_M12_I75.xlsx,9.03533267975
Co-HeT,1234,sample1280,20260827,I76,76,N20_K2_M12_I76.xlsx,11.7681207657
Co-HeT,1234,sample1280,20260827,I77,77,N20_K2_M12_I77.xlsx,9.47747898102
Co-HeT,1234,sample1280,20260827,I78,78,N20_K2_M12_I78.xlsx,9.22845363617
Co-HeT,1234,sample1280,20260827,I79,79,N20_K2_M12_I79.xlsx,10.968044281
Co-HeT,1234,sample1280,20260827,I80,80,N20_K2_M12_I80.xlsx,10.580373764
Co-HeT,1234,sample1280,20260827,I81,81,N20_K2_M12_I81.xlsx,10.2231845856
Co-HeT,1234,sample1280,20260827,I82,82,N20_K2_M12_I82.xlsx,9.93708610535
Co-HeT,1234,sample1280,20260827,I83,83,N20_K2_M12_I83.xlsx,10.484670639
Co-HeT,1234,sample1280,20260827,I84,84,N20_K2_M12_I84.xlsx,10.1428699493
Co-HeT,1234,sample1280,20260827,I85,85,N20_K2_M12_I85.xlsx,11.5467214584
Co-HeT,1234,sample1280,20260827,I86,86,N20_K2_M12_I86.xlsx,9.85140991211
Co-HeT,1234,sample1280,20260827,I87,87,N20_K2_M12_I87.xlsx,9.36683082581
Co-HeT,1234,sample1280,20260827,I88,88,N20_K2_M12_I88.xlsx,8.87851047516
Co-HeT,1234,sample1280,20260827,I89,89,N20_K2_M12_I89.xlsx,10.3419570923
Co-HeT,1234,sample1280,20260827,I90,90,N20_K2_M12_I90.xlsx,10.9733533859
Co-HeT,1234,sample1280,20260827,I91,91,N20_K2_M12_I91.xlsx,10.3667106628
Co-HeT,1234,sample1280,20260827,I92,92,N20_K2_M12_I92.xlsx,8.64831542969
Co-HeT,1234,sample1280,20260827,I93,93,N20_K2_M12_I93.xlsx,10.0884876251
Co-HeT,1234,sample1280,20260827,I94,94,N20_K2_M12_I94.xlsx,9.48921585083
Co-HeT,1234,sample1280,20260827,I95,95,N20_K2_M12_I95.xlsx,9.16513347626
Co-HeT,1234,sample1280,20260827,I96,96,N20_K2_M12_I96.xlsx,9.50671958923
Co-HeT,1234,sample1280,20260827,I97,97,N20_K2_M12_I97.xlsx,10.4928951263
Co-HeT,1234,sample1280,20260827,I98,98,N20_K2_M12_I98.xlsx,9.16168785095
Co-HeT,1234,sample1280,20260827,I99,99,N20_K2_M12_I99.xlsx,10.0814380646
Co-HeT,1234,sample1280,20260827,I100,100,N20_K2_M12_I100.xlsx,9.90114307404
Co-HeT,2345,greedy,20260827,I1,1,N20_K2_M12_I1.xlsx,10.6296138763
Co-HeT,2345,greedy,20260827,I2,2,N20_K2_M12_I2.xlsx,11.0848398209
Co-HeT,2345,greedy,20260827,I3,3,N20_K2_M12_I3.xlsx,9.95628738403
Co-HeT,2345,greedy,20260827,I4,4,N20_K2_M12_I4.xlsx,8.8697719574
Co-HeT,2345,greedy,20260827,I5,5,N20_K2_M12_I5.xlsx,10.4390325546
Co-HeT,2345,greedy,20260827,I6,6,N20_K2_M12_I6.xlsx,11.3638420105
Co-HeT,2345,greedy,20260827,I7,7,N20_K2_M12_I7.xlsx,12.5276203156
Co-HeT,2345,greedy,20260827,I8,8,N20_K2_M12_I8.xlsx,11.7856826782
Co-HeT,2345,greedy,20260827,I9,9,N20_K2_M12_I9.xlsx,10.4630384445
Co-HeT,2345,greedy,20260827,I10,10,N20_K2_M12_I10.xlsx,10.9481811523
Co-HeT,2345,greedy,20260827,I11,11,N20_K2_M12_I11.xlsx,11.3027582169
Co-HeT,2345,greedy,20260827,I12,12,N20_K2_M12_I12.xlsx,7.72299671173
Co-HeT,2345,greedy,20260827,I13,13,N20_K2_M12_I13.xlsx,10.3075876236
Co-HeT,2345,greedy,20260827,I14,14,N20_K2_M12_I14.xlsx,9.53555774689
Co-HeT,2345,greedy,20260827,I15,15,N20_K2_M12_I15.xlsx,9.41435623169
Co-HeT,2345,greedy,20260827,I16,16,N20_K2_M12_I16.xlsx,10.6365804672
Co-HeT,2345,greedy,20260827,I17,17,N20_K2_M12_I17.xlsx,9.6274023056
Co-HeT,2345,greedy,20260827,I18,18,N20_K2_M12_I18.xlsx,11.0369243622
Co-HeT,2345,greedy,20260827,I19,19,N20_K2_M12_I19.xlsx,9.7232427597
Co-HeT,2345,greedy,20260827,I20,20,N20_K2_M12_I20.xlsx,11.303358078
Co-HeT,2345,greedy,20260827,I21,21,N20_K2_M12_I21.xlsx,11.055267334
Co-HeT,2345,greedy,20260827,I22,22,N20_K2_M12_I22.xlsx,11.8481445312
Co-HeT,2345,greedy,20260827,I23,23,N20_K2_M12_I23.xlsx,12.1519184113
Co-HeT,2345,greedy,20260827,I24,24,N20_K2_M12_I24.xlsx,13.241358757
Co-HeT,2345,greedy,20260827,I25,25,N20_K2_M12_I25.xlsx,9.47881126404
Co-HeT,2345,greedy,20260827,I26,26,N20_K2_M12_I26.xlsx,11.4718637466
Co-HeT,2345,greedy,20260827,I27,27,N20_K2_M12_I27.xlsx,10.0947189331
Co-HeT,2345,greedy,20260827,I28,28,N20_K2_M12_I28.xlsx,12.6275491714
Co-HeT,2345,greedy,20260827,I29,29,N20_K2_M12_I29.xlsx,11.3033428192
Co-HeT,2345,greedy,20260827,I30,30,N20_K2_M12_I30.xlsx,9.84882736206
Co-HeT,2345,greedy,20260827,I31,31,N20_K2_M12_I31.xlsx,8.5858669281
Co-HeT,2345,greedy,20260827,I32,32,N20_K2_M12_I32.xlsx,8.17965316772
Co-HeT,2345,greedy,20260827,I33,33,N20_K2_M12_I33.xlsx,8.65020465851
Co-HeT,2345,greedy,20260827,I34,34,N20_K2_M12_I34.xlsx,11.5553340912
Co-HeT,2345,greedy,20260827,I35,35,N20_K2_M12_I35.xlsx,12.2835121155
Co-HeT,2345,greedy,20260827,I36,36,N20_K2_M12_I36.xlsx,9.66898822784
Co-HeT,2345,greedy,20260827,I37,37,N20_K2_M12_I37.xlsx,12.1025524139
Co-HeT,2345,greedy,20260827,I38,38,N20_K2_M12_I38.xlsx,9.93865299225
Co-HeT,2345,greedy,20260827,I39,39,N20_K2_M12_I39.xlsx,11.5988006592
Co-HeT,2345,greedy,20260827,I40,40,N20_K2_M12_I40.xlsx,10.1454639435
Co-HeT,2345,greedy,20260827,I41,41,N20_K2_M12_I41.xlsx,10.9111442566
Co-HeT,2345,greedy,20260827,I42,42,N20_K2_M12_I42.xlsx,11.4436626434
Co-HeT,2345,greedy,20260827,I43,43,N20_K2_M12_I43.xlsx,8.68313407898
Co-HeT,2345,greedy,20260827,I44,44,N20_K2_M12_I44.xlsx,12.008559227
Co-HeT,2345,greedy,20260827,I45,45,N20_K2_M12_I45.xlsx,11.3743877411
Co-HeT,2345,greedy,20260827,I46,46,N20_K2_M12_I46.xlsx,7.62519550323
Co-HeT,2345,greedy,20260827,I47,47,N20_K2_M12_I47.xlsx,9.39921092987
Co-HeT,2345,greedy,20260827,I48,48,N20_K2_M12_I48.xlsx,9.64744472504
Co-HeT,2345,greedy,20260827,I49,49,N20_K2_M12_I49.xlsx,10.3521080017
Co-HeT,2345,greedy,20260827,I50,50,N20_K2_M12_I50.xlsx,12.2498159409
Co-HeT,2345,greedy,20260827,I51,51,N20_K2_M12_I51.xlsx,11.2147216797
Co-HeT,2345,greedy,20260827,I52,52,N20_K2_M12_I52.xlsx,10.2544775009
Co-HeT,2345,greedy,20260827,I53,53,N20_K2_M12_I53.xlsx,10.8869018555
Co-HeT,2345,greedy,20260827,I54,54,N20_K2_M12_I54.xlsx,9.45179653168
Co-HeT,2345,greedy,20260827,I55,55,N20_K2_M12_I55.xlsx,11.1881999969
Co-HeT,2345,greedy,20260827,I56,56,N20_K2_M12_I56.xlsx,12.0344762802
Co-HeT,2345,greedy,20260827,I57,57,N20_K2_M12_I57.xlsx,11.8113393784
Co-HeT,2345,greedy,20260827,I58,58,N20_K2_M12_I58.xlsx,9.01039791107
Co-HeT,2345,greedy,20260827,I59,59,N20_K2_M12_I59.xlsx,9.39042663574
Co-HeT,2345,greedy,20260827,I60,60,N20_K2_M12_I60.xlsx,10.1043977737
Co-HeT,2345,greedy,20260827,I61,61,N20_K2_M12_I61.xlsx,10.3129587173
Co-HeT,2345,greedy,20260827,I62,62,N20_K2_M12_I62.xlsx,8.80714416504
Co-HeT,2345,greedy,20260827,I63,63,N20_K2_M12_I63.xlsx,10.4475326538
Co-HeT,2345,greedy,20260827,I64,64,N20_K2_M12_I64.xlsx,10.1961679459
Co-HeT,2345,greedy,20260827,I65,65,N20_K2_M12_I65.xlsx,12.5796794891
Co-HeT,2345,greedy,20260827,I66,66,N20_K2_M12_I66.xlsx,10.626209259
Co-HeT,2345,greedy,20260827,I67,67,N20_K2_M12_I67.xlsx,11.520275116
Co-HeT,2345,greedy,20260827,I68,68,N20_K2_M12_I68.xlsx,10.1175918579
Co-HeT,2345,greedy,20260827,I69,69,N20_K2_M12_I69.xlsx,10.725769043
Co-HeT,2345,greedy,20260827,I70,70,N20_K2_M12_I70.xlsx,9.79538917542
Co-HeT,2345,greedy,20260827,I71,71,N20_K2_M12_I71.xlsx,11.5403032303
Co-HeT,2345,greedy,20260827,I72,72,N20_K2_M12_I72.xlsx,11.5484085083
Co-HeT,2345,greedy,20260827,I73,73,N20_K2_M12_I73.xlsx,9.30089473724
Co-HeT,2345,greedy,20260827,I74,74,N20_K2_M12_I74.xlsx,10.8354520798
Co-HeT,2345,greedy,20260827,I75,75,N20_K2_M12_I75.xlsx,9.41758823395
Co-HeT,2345,greedy,20260827,I76,76,N20_K2_M12_I76.xlsx,11.8554849625
Co-HeT,2345,greedy,20260827,I77,77,N20_K2_M12_I77.xlsx,9.82347202301
Co-HeT,2345,greedy,20260827,I78,78,N20_K2_M12_I78.xlsx,9.84452438354
Co-HeT,2345,greedy,20260827,I79,79,N20_K2_M12_I79.xlsx,11.0700950623
Co-HeT,2345,greedy,20260827,I80,80,N20_K2_M12_I80.xlsx,11.1686992645
Co-HeT,2345,greedy,20260827,I81,81,N20_K2_M12_I81.xlsx,10.7590532303
Co-HeT,2345,greedy,20260827,I82,82,N20_K2_M12_I82.xlsx,9.96669387817
Co-HeT,2345,greedy,20260827,I83,83,N20_K2_M12_I83.xlsx,10.958615303
Co-HeT,2345,greedy,20260827,I84,84,N20_K2_M12_I84.xlsx,10.2661037445
Co-HeT,2345,greedy,20260827,I85,85,N20_K2_M12_I85.xlsx,11.6863641739
Co-HeT,2345,greedy,20260827,I86,86,N20_K2_M12_I86.xlsx,10.4181337357
Co-HeT,2345,greedy,20260827,I87,87,N20_K2_M12_I87.xlsx,9.28411197662
Co-HeT,2345,greedy,20260827,I88,88,N20_K2_M12_I88.xlsx,9.1566696167
Co-HeT,2345,greedy,20260827,I89,89,N20_K2_M12_I89.xlsx,10.3067979813
Co-HeT,2345,greedy,20260827,I90,90,N20_K2_M12_I90.xlsx,11.3563261032
Co-HeT,2345,greedy,20260827,I91,91,N20_K2_M12_I91.xlsx,10.4065189362
Co-HeT,2345,greedy,20260827,I92,92,N20_K2_M12_I92.xlsx,8.71994876862
Co-HeT,2345,greedy,20260827,I93,93,N20_K2_M12_I93.xlsx,10.4738988876
Co-HeT,2345,greedy,20260827,I94,94,N20_K2_M12_I94.xlsx,9.88478660583
Co-HeT,2345,greedy,20260827,I95,95,N20_K2_M12_I95.xlsx,9.79285526276
Co-HeT,2345,greedy,20260827,I96,96,N20_K2_M12_I96.xlsx,9.6929397583
Co-HeT,2345,greedy,20260827,I97,97,N20_K2_M12_I97.xlsx,10.4771566391
Co-HeT,2345,greedy,20260827,I98,98,N20_K2_M12_I98.xlsx,9.3293132782
Co-HeT,2345,greedy,20260827,I99,99,N20_K2_M12_I99.xlsx,10.101143837
Co-HeT,2345,greedy,20260827,I100,100,N20_K2_M12_I100.xlsx,11.1125240326
Co-HeT,2345,sample1280,20260827,I1,1,N20_K2_M12_I1.xlsx,10.6189365387
Co-HeT,2345,sample1280,20260827,I2,2,N20_K2_M12_I2.xlsx,10.71966362
Co-HeT,2345,sample1280,20260827,I3,3,N20_K2_M12_I3.xlsx,9.78797340393
Co-HeT,2345,sample1280,20260827,I4,4,N20_K2_M12_I4.xlsx,8.62310886383
Co-HeT,2345,sample1280,20260827,I5,5,N20_K2_M12_I5.xlsx,9.23695659637
Co-HeT,2345,sample1280,20260827,I6,6,N20_K2_M12_I6.xlsx,11.1450824738
Co-HeT,2345,sample1280,20260827,I7,7,N20_K2_M12_I7.xlsx,12.1016769409
Co-HeT,2345,sample1280,20260827,I8,8,N20_K2_M12_I8.xlsx,11.6278448105
Co-HeT,2345,sample1280,20260827,I9,9,N20_K2_M12_I9.xlsx,10.1872215271
Co-HeT,2345,sample1280,20260827,I10,10,N20_K2_M12_I10.xlsx,10.7238922119
Co-HeT,2345,sample1280,20260827,I11,11,N20_K2_M12_I11.xlsx,10.8119182587
Co-HeT,2345,sample1280,20260827,I12,12,N20_K2_M12_I12.xlsx,7.48137807846
Co-HeT,2345,sample1280,20260827,I13,13,N20_K2_M12_I13.xlsx,10.1759214401
Co-HeT,2345,sample1280,20260827,I14,14,N20_K2_M12_I14.xlsx,9.0489654541
Co-HeT,2345,sample1280,20260827,I15,15,N20_K2_M12_I15.xlsx,9.51501655579
Co-HeT,2345,sample1280,20260827,I16,16,N20_K2_M12_I16.xlsx,10.2349872589
Co-HeT,2345,sample1280,20260827,I17,17,N20_K2_M12_I17.xlsx,9.51633358002
Co-HeT,2345,sample1280,20260827,I18,18,N20_K2_M12_I18.xlsx,10.4715032578
Co-HeT,2345,sample1280,20260827,I19,19,N20_K2_M12_I19.xlsx,9.47508811951
Co-HeT,2345,sample1280,20260827,I20,20,N20_K2_M12_I20.xlsx,11.0994358063
Co-HeT,2345,sample1280,20260827,I21,21,N20_K2_M12_I21.xlsx,10.987197876
Co-HeT,2345,sample1280,20260827,I22,22,N20_K2_M12_I22.xlsx,10.886590004
Co-HeT,2345,sample1280,20260827,I23,23,N20_K2_M12_I23.xlsx,11.7559814453
Co-HeT,2345,sample1280,20260827,I24,24,N20_K2_M12_I24.xlsx,12.0983943939
Co-HeT,2345,sample1280,20260827,I25,25,N20_K2_M12_I25.xlsx,9.39706420898
Co-HeT,2345,sample1280,20260827,I26,26,N20_K2_M12_I26.xlsx,11.0369853973
Co-HeT,2345,sample1280,20260827,I27,27,N20_K2_M12_I27.xlsx,9.69269657135
Co-HeT,2345,sample1280,20260827,I28,28,N20_K2_M12_I28.xlsx,11.4711198807
Co-HeT,2345,sample1280,20260827,I29,29,N20_K2_M12_I29.xlsx,10.8575344086
Co-HeT,2345,sample1280,20260827,I30,30,N20_K2_M12_I30.xlsx,9.62419223785
Co-HeT,2345,sample1280,20260827,I31,31,N20_K2_M12_I31.xlsx,8.53693580627
Co-HeT,2345,sample1280,20260827,I32,32,N20_K2_M12_I32.xlsx,7.85945796967
Co-HeT,2345,sample1280,20260827,I33,33,N20_K2_M12_I33.xlsx,8.19447135925
Co-HeT,2345,sample1280,20260827,I34,34,N20_K2_M12_I34.xlsx,11.3718624115
Co-HeT,2345,sample1280,20260827,I35,35,N20_K2_M12_I35.xlsx,11.6498413086
Co-HeT,2345,sample1280,20260827,I36,36,N20_K2_M12_I36.xlsx,9.08042430878
Co-HeT,2345,sample1280,20260827,I37,37,N20_K2_M12_I37.xlsx,12.0744838715
Co-HeT,2345,sample1280,20260827,I38,38,N20_K2_M12_I38.xlsx,9.92664909363
Co-HeT,2345,sample1280,20260827,I39,39,N20_K2_M12_I39.xlsx,11.2568941116
Co-HeT,2345,sample1280,20260827,I40,40,N20_K2_M12_I40.xlsx,9.80149459839
Co-HeT,2345,sample1280,20260827,I41,41,N20_K2_M12_I41.xlsx,10.3310451508
Co-HeT,2345,sample1280,20260827,I42,42,N20_K2_M12_I42.xlsx,10.7403059006
Co-HeT,2345,sample1280,20260827,I43,43,N20_K2_M12_I43.xlsx,8.66375255585
Co-HeT,2345,sample1280,20260827,I44,44,N20_K2_M12_I44.xlsx,11.2083759308
Co-HeT,2345,sample1280,20260827,I45,45,N20_K2_M12_I45.xlsx,11.1598052979
Co-HeT,2345,sample1280,20260827,I46,46,N20_K2_M12_I46.xlsx,7.5310792923
Co-HeT,2345,sample1280,20260827,I47,47,N20_K2_M12_I47.xlsx,9.35729408264
Co-HeT,2345,sample1280,20260827,I48,48,N20_K2_M12_I48.xlsx,9.35613059998
Co-HeT,2345,sample1280,20260827,I49,49,N20_K2_M12_I49.xlsx,9.8808965683
Co-HeT,2345,sample1280,20260827,I50,50,N20_K2_M12_I50.xlsx,11.8070411682
Co-HeT,2345,sample1280,20260827,I51,51,N20_K2_M12_I51.xlsx,10.9178876877
Co-HeT,2345,sample1280,20260827,I52,52,N20_K2_M12_I52.xlsx,10.3294849396
Co-HeT,2345,sample1280,20260827,I53,53,N20_K2_M12_I53.xlsx,10.4184103012
Co-HeT,2345,sample1280,20260827,I54,54,N20_K2_M12_I54.xlsx,9.33995437622
Co-HeT,2345,sample1280,20260827,I55,55,N20_K2_M12_I55.xlsx,11.2490997314
Co-HeT,2345,sample1280,20260827,I56,56,N20_K2_M12_I56.xlsx,11.5112485886
Co-HeT,2345,sample1280,20260827,I57,57,N20_K2_M12_I57.xlsx,11.2686281204
Co-HeT,2345,sample1280,20260827,I58,58,N20_K2_M12_I58.xlsx,8.77483463287
Co-HeT,2345,sample1280,20260827,I59,59,N20_K2_M12_I59.xlsx,8.82011127472
Co-HeT,2345,sample1280,20260827,I60,60,N20_K2_M12_I60.xlsx,9.72187709808
Co-HeT,2345,sample1280,20260827,I61,61,N20_K2_M12_I61.xlsx,10.2504453659
Co-HeT,2345,sample1280,20260827,I62,62,N20_K2_M12_I62.xlsx,8.73355293274
Co-HeT,2345,sample1280,20260827,I63,63,N20_K2_M12_I63.xlsx,10.2620744705
Co-HeT,2345,sample1280,20260827,I64,64,N20_K2_M12_I64.xlsx,9.90562915802
Co-HeT,2345,sample1280,20260827,I65,65,N20_K2_M12_I65.xlsx,12.3574037552
Co-HeT,2345,sample1280,20260827,I66,66,N20_K2_M12_I66.xlsx,10.5346345901
Co-HeT,2345,sample1280,20260827,I67,67,N20_K2_M12_I67.xlsx,9.96951007843
Co-HeT,2345,sample1280,20260827,I68,68,N20_K2_M12_I68.xlsx,9.93346595764
Co-HeT,2345,sample1280,20260827,I69,69,N20_K2_M12_I69.xlsx,10.3846302032
Co-HeT,2345,sample1280,20260827,I70,70,N20_K2_M12_I70.xlsx,9.6824131012
Co-HeT,2345,sample1280,20260827,I71,71,N20_K2_M12_I71.xlsx,11.3367118835
Co-HeT,2345,sample1280,20260827,I72,72,N20_K2_M12_I72.xlsx,11.0860872269
Co-HeT,2345,sample1280,20260827,I73,73,N20_K2_M12_I73.xlsx,9.12961864471
Co-HeT,2345,sample1280,20260827,I74,74,N20_K2_M12_I74.xlsx,10.4112138748
Co-HeT,2345,sample1280,20260827,I75,75,N20_K2_M12_I75.xlsx,9.36630725861
Co-HeT,2345,sample1280,20260827,I76,76,N20_K2_M12_I76.xlsx,11.816119194
Co-HeT,2345,sample1280,20260827,I77,77,N20_K2_M12_I77.xlsx,9.5821762085
Co-HeT,2345,sample1280,20260827,I78,78,N20_K2_M12_I78.xlsx,9.26144886017
Co-HeT,2345,sample1280,20260827,I79,79,N20_K2_M12_I79.xlsx,10.9779644012
Co-HeT,2345,sample1280,20260827,I80,80,N20_K2_M12_I80.xlsx,10.3188400269
Co-HeT,2345,sample1280,20260827,I81,81,N20_K2_M12_I81.xlsx,10.3681154251
Co-HeT,2345,sample1280,20260827,I82,82,N20_K2_M12_I82.xlsx,9.89330482483
Co-HeT,2345,sample1280,20260827,I83,83,N20_K2_M12_I83.xlsx,10.5668535233
Co-HeT,2345,sample1280,20260827,I84,84,N20_K2_M12_I84.xlsx,9.95669269562
Co-HeT,2345,sample1280,20260827,I85,85,N20_K2_M12_I85.xlsx,11.5384712219
Co-HeT,2345,sample1280,20260827,I86,86,N20_K2_M12_I86.xlsx,9.84937763214
Co-HeT,2345,sample1280,20260827,I87,87,N20_K2_M12_I87.xlsx,9.19738578796
Co-HeT,2345,sample1280,20260827,I88,88,N20_K2_M12_I88.xlsx,8.84018516541
Co-HeT,2345,sample1280,20260827,I89,89,N20_K2_M12_I89.xlsx,10.1084842682
Co-HeT,2345,sample1280,20260827,I90,90,N20_K2_M12_I90.xlsx,11.2490606308
Co-HeT,2345,sample1280,20260827,I91,91,N20_K2_M12_I91.xlsx,10.3208217621
Co-HeT,2345,sample1280,20260827,I92,92,N20_K2_M12_I92.xlsx,8.40391159058
Co-HeT,2345,sample1280,20260827,I93,93,N20_K2_M12_I93.xlsx,10.0882444382
Co-HeT,2345,sample1280,20260827,I94,94,N20_K2_M12_I94.xlsx,9.36655902863
Co-HeT,2345,sample1280,20260827,I95,95,N20_K2_M12_I95.xlsx,9.07993507385
Co-HeT,2345,sample1280,20260827,I96,96,N20_K2_M12_I96.xlsx,9.50671958923
Co-HeT,2345,sample1280,20260827,I97,97,N20_K2_M12_I97.xlsx,10.4188652039
Co-HeT,2345,sample1280,20260827,I98,98,N20_K2_M12_I98.xlsx,9.31497001648
Co-HeT,2345,sample1280,20260827,I99,99,N20_K2_M12_I99.xlsx,9.95004272461
Co-HeT,2345,sample1280,20260827,I100,100,N20_K2_M12_I100.xlsx,10.138677597
Co-HeT,3456,greedy,20260827,I1,1,N20_K2_M12_I1.xlsx,10.5953273773
Co-HeT,3456,greedy,20260827,I2,2,N20_K2_M12_I2.xlsx,11.0733346939
Co-HeT,3456,greedy,20260827,I3,3,N20_K2_M12_I3.xlsx,10.0639762878
Co-HeT,3456,greedy,20260827,I4,4,N20_K2_M12_I4.xlsx,8.78325271606
Co-HeT,3456,greedy,20260827,I5,5,N20_K2_M12_I5.xlsx,10.1125679016
Co-HeT,3456,greedy,20260827,I6,6,N20_K2_M12_I6.xlsx,11.6265239716
Co-HeT,3456,greedy,20260827,I7,7,N20_K2_M12_I7.xlsx,12.345448494
Co-HeT,3456,greedy,20260827,I8,8,N20_K2_M12_I8.xlsx,12.2837104797
Co-HeT,3456,greedy,20260827,I9,9,N20_K2_M12_I9.xlsx,10.4296293259
Co-HeT,3456,greedy,20260827,I10,10,N20_K2_M12_I10.xlsx,10.9700641632
Co-HeT,3456,greedy,20260827,I11,11,N20_K2_M12_I11.xlsx,11.0889186859
Co-HeT,3456,greedy,20260827,I12,12,N20_K2_M12_I12.xlsx,7.34197473526
Co-HeT,3456,greedy,20260827,I13,13,N20_K2_M12_I13.xlsx,10.5998487473
Co-HeT,3456,greedy,20260827,I14,14,N20_K2_M12_I14.xlsx,8.6786403656
Co-HeT,3456,greedy,20260827,I15,15,N20_K2_M12_I15.xlsx,9.43486976624
Co-HeT,3456,greedy,20260827,I16,16,N20_K2_M12_I16.xlsx,10.8251008987
Co-HeT,3456,greedy,20260827,I17,17,N20_K2_M12_I17.xlsx,10.5614519119
Co-HeT,3456,greedy,20260827,I18,18,N20_K2_M12_I18.xlsx,10.9246273041
Co-HeT,3456,greedy,20260827,I19,19,N20_K2_M12_I19.xlsx,9.37197971344
Co-HeT,3456,greedy,20260827,I20,20,N20_K2_M12_I20.xlsx,11.1735486984
Co-HeT,3456,greedy,20260827,I21,21,N20_K2_M12_I21.xlsx,12.0482912064
Co-HeT,3456,greedy,20260827,I22,22,N20_K2_M12_I22.xlsx,11.2958278656
Co-HeT,3456,greedy,20260827,I23,23,N20_K2_M12_I23.xlsx,11.8510913849
Co-HeT,3456,greedy,20260827,I24,24,N20_K2_M12_I24.xlsx,12.0909080505
Co-HeT,3456,greedy,20260827,I25,25,N20_K2_M12_I25.xlsx,9.64593887329
Co-HeT,3456,greedy,20260827,I26,26,N20_K2_M12_I26.xlsx,11.247795105
Co-HeT,3456,greedy,20260827,I27,27,N20_K2_M12_I27.xlsx,9.98629188538
Co-HeT,3456,greedy,20260827,I28,28,N20_K2_M12_I28.xlsx,11.7610015869
Co-HeT,3456,greedy,20260827,I29,29,N20_K2_M12_I29.xlsx,11.5695180893
Co-HeT,3456,greedy,20260827,I30,30,N20_K2_M12_I30.xlsx,10.7159843445
Co-HeT,3456,greedy,20260827,I31,31,N20_K2_M12_I31.xlsx,8.62055397034
Co-HeT,3456,greedy,20260827,I32,32,N20_K2_M12_I32.xlsx,8.05753135681
Co-HeT,3456,greedy,20260827,I33,33,N20_K2_M12_I33.xlsx,8.68391990662
Co-HeT,3456,greedy,20260827,I34,34,N20_K2_M12_I34.xlsx,12.1510820389
Co-HeT,3456,greedy,20260827,I35,35,N20_K2_M12_I35.xlsx,11.7461662292
Co-HeT,3456,greedy,20260827,I36,36,N20_K2_M12_I36.xlsx,9.29870986938
Co-HeT,3456,greedy,20260827,I37,37,N20_K2_M12_I37.xlsx,12.6452388763
Co-HeT,3456,greedy,20260827,I38,38,N20_K2_M12_I38.xlsx,10.078042984
Co-HeT,3456,greedy,20260827,I39,39,N20_K2_M12_I39.xlsx,11.5491170883
Co-HeT,3456,greedy,20260827,I40,40,N20_K2_M12_I40.xlsx,10.064912796
Co-HeT,3456,greedy,20260827,I41,41,N20_K2_M12_I41.xlsx,10.9639396667
Co-HeT,3456,greedy,20260827,I42,42,N20_K2_M12_I42.xlsx,10.8719377518
Co-HeT,3456,greedy,20260827,I43,43,N20_K2_M12_I43.xlsx,10.0284309387
Co-HeT,3456,greedy,20260827,I44,44,N20_K2_M12_I44.xlsx,12.4517755508
Co-HeT,3456,greedy,20260827,I45,45,N20_K2_M12_I45.xlsx,10.8314056396
Co-HeT,3456,greedy,20260827,I46,46,N20_K2_M12_I46.xlsx,7.94022512436
Co-HeT,3456,greedy,20260827,I47,47,N20_K2_M12_I47.xlsx,9.31804847717
Co-HeT,3456,greedy,20260827,I48,48,N20_K2_M12_I48.xlsx,9.47497749329
Co-HeT,3456,greedy,20260827,I49,49,N20_K2_M12_I49.xlsx,9.85987663269
Co-HeT,3456,greedy,20260827,I50,50,N20_K2_M12_I50.xlsx,12.0157337189
Co-HeT,3456,greedy,20260827,I51,51,N20_K2_M12_I51.xlsx,11.1208896637
Co-HeT,3456,greedy,20260827,I52,52,N20_K2_M12_I52.xlsx,11.3554325104
Co-HeT,3456,greedy,20260827,I53,53,N20_K2_M12_I53.xlsx,10.5080451965
Co-HeT,3456,greedy,20260827,I54,54,N20_K2_M12_I54.xlsx,9.82597351074
Co-HeT,3456,greedy,20260827,I55,55,N20_K2_M12_I55.xlsx,11.9391450882
Co-HeT,3456,greedy,20260827,I56,56,N20_K2_M12_I56.xlsx,12.9386844635
Co-HeT,3456,greedy,20260827,I57,57,N20_K2_M12_I57.xlsx,11.1286506653
Co-HeT,3456,greedy,20260827,I58,58,N20_K2_M12_I58.xlsx,8.67897033691
Co-HeT,3456,greedy,20260827,I59,59,N20_K2_M12_I59.xlsx,9.21931648254
Co-HeT,3456,greedy,20260827,I60,60,N20_K2_M12_I60.xlsx,10.3487243652
Co-HeT,3456,greedy,20260827,I61,61,N20_K2_M12_I61.xlsx,10.784611702
Co-HeT,3456,greedy,20260827,I62,62,N20_K2_M12_I62.xlsx,8.83286857605
Co-HeT,3456,greedy,20260827,I63,63,N20_K2_M12_I63.xlsx,10.5798988342
Co-HeT,3456,greedy,20260827,I64,64,N20_K2_M12_I64.xlsx,10.0658760071
Co-HeT,3456,greedy,20260827,I65,65,N20_K2_M12_I65.xlsx,12.8019227982
Co-HeT,3456,greedy,20260827,I66,66,N20_K2_M12_I66.xlsx,10.1400613785
Co-HeT,3456,greedy,20260827,I67,67,N20_K2_M12_I67.xlsx,9.84547424316
Co-HeT,3456,greedy,20260827,I68,68,N20_K2_M12_I68.xlsx,10.0385065079
Co-HeT,3456,greedy,20260827,I69,69,N20_K2_M12_I69.xlsx,10.7746343613
Co-HeT,3456,greedy,20260827,I70,70,N20_K2_M12_I70.xlsx,9.81101608276
Co-HeT,3456,greedy,20260827,I71,71,N20_K2_M12_I71.xlsx,11.6933317184
Co-HeT,3456,greedy,20260827,I72,72,N20_K2_M12_I72.xlsx,10.7333669662
Co-HeT,3456,greedy,20260827,I73,73,N20_K2_M12_I73.xlsx,9.34280586243
Co-HeT,3456,greedy,20260827,I74,74,N20_K2_M12_I74.xlsx,10.5054578781
Co-HeT,3456,greedy,20260827,I75,75,N20_K2_M12_I75.xlsx,9.42288970947
Co-HeT,3456,greedy,20260827,I76,76,N20_K2_M12_I76.xlsx,12.500743866
Co-HeT,3456,greedy,20260827,I77,77,N20_K2_M12_I77.xlsx,9.94225788116
Co-HeT,3456,greedy,20260827,I78,78,N20_K2_M12_I78.xlsx,9.71834468842
Co-HeT,3456,greedy,20260827,I79,79,N20_K2_M12_I79.xlsx,10.9760894775
Co-HeT,3456,greedy,20260827,I80,80,N20_K2_M12_I80.xlsx,10.9053764343
Co-HeT,3456,greedy,20260827,I81,81,N20_K2_M12_I81.xlsx,10.4784116745
Co-HeT,3456,greedy,20260827,I82,82,N20_K2_M12_I82.xlsx,9.96513843536
Co-HeT,3456,greedy,20260827,I83,83,N20_K2_M12_I83.xlsx,10.8145341873
Co-HeT,3456,greedy,20260827,I84,84,N20_K2_M12_I84.xlsx,9.83237743378
Co-HeT,3456,greedy,20260827,I85,85,N20_K2_M12_I85.xlsx,11.7277641296
Co-HeT,3456,greedy,20260827,I86,86,N20_K2_M12_I86.xlsx,9.8936290741
Co-HeT,3456,greedy,20260827,I87,87,N20_K2_M12_I87.xlsx,9.84165287018
Co-HeT,3456,greedy,20260827,I88,88,N20_K2_M12_I88.xlsx,8.91758060455
Co-HeT,3456,greedy,20260827,I89,89,N20_K2_M12_I89.xlsx,10.1259231567
Co-HeT,3456,greedy,20260827,I90,90,N20_K2_M12_I90.xlsx,11.0143756866
Co-HeT,3456,greedy,20260827,I91,91,N20_K2_M12_I91.xlsx,10.6241979599
Co-HeT,3456,greedy,20260827,I92,92,N20_K2_M12_I92.xlsx,9.50333786011
Co-HeT,3456,greedy,20260827,I93,93,N20_K2_M12_I93.xlsx,10.1922502518
Co-HeT,3456,greedy,20260827,I94,94,N20_K2_M12_I94.xlsx,9.63078594208
Co-HeT,3456,greedy,20260827,I95,95,N20_K2_M12_I95.xlsx,9.62843513489
Co-HeT,3456,greedy,20260827,I96,96,N20_K2_M12_I96.xlsx,9.59180259705
Co-HeT,3456,greedy,20260827,I97,97,N20_K2_M12_I97.xlsx,10.6742324829
Co-HeT,3456,greedy,20260827,I98,98,N20_K2_M12_I98.xlsx,9.04708957672
Co-HeT,3456,greedy,20260827,I99,99,N20_K2_M12_I99.xlsx,11.8196439743
Co-HeT,3456,greedy,20260827,I100,100,N20_K2_M12_I100.xlsx,10.6575641632
Co-HeT,3456,sample1280,20260827,I1,1,N20_K2_M12_I1.xlsx,10.5280714035
Co-HeT,3456,sample1280,20260827,I2,2,N20_K2_M12_I2.xlsx,10.7821540833
Co-HeT,3456,sample1280,20260827,I3,3,N20_K2_M12_I3.xlsx,9.76141738892
Co-HeT,3456,sample1280,20260827,I4,4,N20_K2_M12_I4.xlsx,8.43208217621
Co-HeT,3456,sample1280,20260827,I5,5,N20_K2_M12_I5.xlsx,9.43497848511
Co-HeT,3456,sample1280,20260827,I6,6,N20_K2_M12_I6.xlsx,11.1373405457
Co-HeT,3456,sample1280,20260827,I7,7,N20_K2_M12_I7.xlsx,11.9849777222
Co-HeT,3456,sample1280,20260827,I8,8,N20_K2_M12_I8.xlsx,11.3637447357
Co-HeT,3456,sample1280,20260827,I9,9,N20_K2_M12_I9.xlsx,10.302986145
Co-HeT,3456,sample1280,20260827,I10,10,N20_K2_M12_I10.xlsx,10.6857414246
Co-HeT,3456,sample1280,20260827,I11,11,N20_K2_M12_I11.xlsx,10.7440443039
Co-HeT,3456,sample1280,20260827,I12,12,N20_K2_M12_I12.xlsx,7.21983957291
Co-HeT,3456,sample1280,20260827,I13,13,N20_K2_M12_I13.xlsx,10.2639389038
Co-HeT,3456,sample1280,20260827,I14,14,N20_K2_M12_I14.xlsx,8.56813907623
Co-HeT,3456,sample1280,20260827,I15,15,N20_K2_M12_I15.xlsx,9.23767566681
Co-HeT,3456,sample1280,20260827,I16,16,N20_K2_M12_I16.xlsx,10.3043632507
Co-HeT,3456,sample1280,20260827,I17,17,N20_K2_M12_I17.xlsx,9.58332824707
Co-HeT,3456,sample1280,20260827,I18,18,N20_K2_M12_I18.xlsx,10.4198150635
Co-HeT,3456,sample1280,20260827,I19,19,N20_K2_M12_I19.xlsx,9.18735694885
Co-HeT,3456,sample1280,20260827,I20,20,N20_K2_M12_I20.xlsx,11.0042123795
Co-HeT,3456,sample1280,20260827,I21,21,N20_K2_M12_I21.xlsx,11.2038469315
Co-HeT,3456,sample1280,20260827,I22,22,N20_K2_M12_I22.xlsx,11.1135425568
Co-HeT,3456,sample1280,20260827,I23,23,N20_K2_M12_I23.xlsx,11.8198833466
Co-HeT,3456,sample1280,20260827,I24,24,N20_K2_M12_I24.xlsx,11.74700737
Co-HeT,3456,sample1280,20260827,I25,25,N20_K2_M12_I25.xlsx,9.52233886719
Co-HeT,3456,sample1280,20260827,I26,26,N20_K2_M12_I26.xlsx,10.9200248718
Co-HeT,3456,sample1280,20260827,I27,27,N20_K2_M12_I27.xlsx,9.58350276947
Co-HeT,3456,sample1280,20260827,I28,28,N20_K2_M12_I28.xlsx,11.1227140427
Co-HeT,3456,sample1280,20260827,I29,29,N20_K2_M12_I29.xlsx,10.8123235703
Co-HeT,3456,sample1280,20260827,I30,30,N20_K2_M12_I30.xlsx,10.1207418442
Co-HeT,3456,sample1280,20260827,I31,31,N20_K2_M12_I31.xlsx,8.23537731171
Co-HeT,3456,sample1280,20260827,I32,32,N20_K2_M12_I32.xlsx,7.79829406738
Co-HeT,3456,sample1280,20260827,I33,33,N20_K2_M12_I33.xlsx,8.33991146088
Co-HeT,3456,sample1280,20260827,I34,34,N20_K2_M12_I34.xlsx,11.6233568192
Co-HeT,3456,sample1280,20260827,I35,35,N20_K2_M12_I35.xlsx,11.6112728119
Co-HeT,3456,sample1280,20260827,I36,36,N20_K2_M12_I36.xlsx,9.00411987305
Co-HeT,3456,sample1280,20260827,I37,37,N20_K2_M12_I37.xlsx,11.8853740692
Co-HeT,3456,sample1280,20260827,I38,38,N20_K2_M12_I38.xlsx,9.69003486633
Co-HeT,3456,sample1280,20260827,I39,39,N20_K2_M12_I39.xlsx,11.3333015442
Co-HeT,3456,sample1280,20260827,I40,40,N20_K2_M12_I40.xlsx,9.75024604797
Co-HeT,3456,sample1280,20260827,I41,41,N20_K2_M12_I41.xlsx,10.5706157684
Co-HeT,3456,sample1280,20260827,I42,42,N20_K2_M12_I42.xlsx,10.7403059006
Co-HeT,3456,sample1280,20260827,I43,43,N20_K2_M12_I43.xlsx,9.53524208069
Co-HeT,3456,sample1280,20260827,I44,44,N20_K2_M12_I44.xlsx,11.2123012543
Co-HeT,3456,sample1280,20260827,I45,45,N20_K2_M12_I45.xlsx,10.962515831
Co-HeT,3456,sample1280,20260827,I46,46,N20_K2_M12_I46.xlsx,7.67604064941
Co-HeT,3456,sample1280,20260827,I47,47,N20_K2_M12_I47.xlsx,9.31804847717
Co-HeT,3456,sample1280,20260827,I48,48,N20_K2_M12_I48.xlsx,9.31209659576
Co-HeT,3456,sample1280,20260827,I49,49,N20_K2_M12_I49.xlsx,9.76155471802
Co-HeT,3456,sample1280,20260827,I50,50,N20_K2_M12_I50.xlsx,11.7874078751
Co-HeT,3456,sample1280,20260827,I51,51,N20_K2_M12_I51.xlsx,10.9190540314
Co-HeT,3456,sample1280,20260827,I52,52,N20_K2_M12_I52.xlsx,10.3341016769
Co-HeT,3456,sample1280,20260827,I53,53,N20_K2_M12_I53.xlsx,10.4077968597
Co-HeT,3456,sample1280,20260827,I54,54,N20_K2_M12_I54.xlsx,9.6236743927
Co-HeT,3456,sample1280,20260827,I55,55,N20_K2_M12_I55.xlsx,11.3127822876
Co-HeT,3456,sample1280,20260827,I56,56,N20_K2_M12_I56.xlsx,11.4610939026
Co-HeT,3456,sample1280,20260827,I57,57,N20_K2_M12_I57.xlsx,11.026717186
Co-HeT,3456,sample1280,20260827,I58,58,N20_K2_M12_I58.xlsx,8.67509746552
Co-HeT,3456,sample1280,20260827,I59,59,N20_K2_M12_I59.xlsx,8.86197280884
Co-HeT,3456,sample1280,20260827,I60,60,N20_K2_M12_I60.xlsx,10.0250720978
Co-HeT,3456,sample1280,20260827,I61,61,N20_K2_M12_I61.xlsx,10.3983383179
Co-HeT,3456,sample1280,20260827,I62,62,N20_K2_M12_I62.xlsx,8.73355293274
Co-HeT,3456,sample1280,20260827,I63,63,N20_K2_M12_I63.xlsx,10.1811723709
Co-HeT,3456,sample1280,20260827,I64,64,N20_K2_M12_I64.xlsx,9.82295513153
Co-HeT,3456,sample1280,20260827,I65,65,N20_K2_M12_I65.xlsx,12.4100866318
Co-HeT,3456,sample1280,20260827,I66,66,N20_K2_M12_I66.xlsx,10.1027383804
Co-HeT,3456,sample1280,20260827,I67,67,N20_K2_M12_I67.xlsx,9.79999732971
Co-HeT,3456,sample1280,20260827,I68,68,N20_K2_M12_I68.xlsx,9.78411865234
Co-HeT,3456,sample1280,20260827,I69,69,N20_K2_M12_I69.xlsx,10.3981151581
Co-HeT,3456,sample1280,20260827,I70,70,N20_K2_M12_I70.xlsx,9.77471351624
Co-HeT,3456,sample1280,20260827,I71,71,N20_K2_M12_I71.xlsx,11.2708530426
Co-HeT,3456,sample1280,20260827,I72,72,N20_K2_M12_I72.xlsx,10.5794382095
Co-HeT,3456,sample1280,20260827,I73,73,N20_K2_M12_I73.xlsx,9.14450836182
Co-HeT,3456,sample1280,20260827,I74,74,N20_K2_M12_I74.xlsx,10.445473671
Co-HeT,3456,sample1280,20260827,I75,75,N20_K2_M12_I75.xlsx,9.1525888443
Co-HeT,3456,sample1280,20260827,I76,76,N20_K2_M12_I76.xlsx,12.0299491882
Co-HeT,3456,sample1280,20260827,I77,77,N20_K2_M12_I77.xlsx,9.32009887695
Co-HeT,3456,sample1280,20260827,I78,78,N20_K2_M12_I78.xlsx,9.32755088806
Co-HeT,3456,sample1280,20260827,I79,79,N20_K2_M12_I79.xlsx,10.8427410126
Co-HeT,3456,sample1280,20260827,I80,80,N20_K2_M12_I80.xlsx,10.7474250793
Co-HeT,3456,sample1280,20260827,I81,81,N20_K2_M12_I81.xlsx,10.305103302
Co-HeT,3456,sample1280,20260827,I82,82,N20_K2_M12_I82.xlsx,9.8774023056
Co-HeT,3456,sample1280,20260827,I83,83,N20_K2_M12_I83.xlsx,10.3635587692
Co-HeT,3456,sample1280,20260827,I84,84,N20_K2_M12_I84.xlsx,9.80797767639
Co-HeT,3456,sample1280,20260827,I85,85,N20_K2_M12_I85.xlsx,11.6570301056
Co-HeT,3456,sample1280,20260827,I86,86,N20_K2_M12_I86.xlsx,9.78471851349
Co-HeT,3456,sample1280,20260827,I87,87,N20_K2_M12_I87.xlsx,9.35193824768
Co-HeT,3456,sample1280,20260827,I88,88,N20_K2_M12_I88.xlsx,8.75256252289
Co-HeT,3456,sample1280,20260827,I89,89,N20_K2_M12_I89.xlsx,10.0836954117
Co-HeT,3456,sample1280,20260827,I90,90,N20_K2_M12_I90.xlsx,10.9416055679
Co-HeT,3456,sample1280,20260827,I91,91,N20_K2_M12_I91.xlsx,10.2386388779
Co-HeT,3456,sample1280,20260827,I92,92,N20_K2_M12_I92.xlsx,8.90843200684
Co-HeT,3456,sample1280,20260827,I93,93,N20_K2_M12_I93.xlsx,10.0964431763
Co-HeT,3456,sample1280,20260827,I94,94,N20_K2_M12_I94.xlsx,9.36398696899
Co-HeT,3456,sample1280,20260827,I95,95,N20_K2_M12_I95.xlsx,9.09384918213
Co-HeT,3456,sample1280,20260827,I96,96,N20_K2_M12_I96.xlsx,9.59166717529
Co-HeT,3456,sample1280,20260827,I97,97,N20_K2_M12_I97.xlsx,10.3764238358
Co-HeT,3456,sample1280,20260827,I98,98,N20_K2_M12_I98.xlsx,8.96087837219
Co-HeT,3456,sample1280,20260827,I99,99,N20_K2_M12_I99.xlsx,10.2507839203
Co-HeT,3456,sample1280,20260827,I100,100,N20_K2_M12_I100.xlsx,10.3105831146
ECHO,1234,greedy,20260827,I1,1,N20_K2_M12_I1.xlsx,11.3134737015
ECHO,1234,greedy,20260827,I2,2,N20_K2_M12_I2.xlsx,11.1895694733
ECHO,1234,greedy,20260827,I3,3,N20_K2_M12_I3.xlsx,10.863451004
ECHO,1234,greedy,20260827,I4,4,N20_K2_M12_I4.xlsx,10.9631938934
ECHO,1234,greedy,20260827,I5,5,N20_K2_M12_I5.xlsx,11.152097702
ECHO,1234,greedy,20260827,I6,6,N20_K2_M12_I6.xlsx,12.2749042511
ECHO,1234,greedy,20260827,I7,7,N20_K2_M12_I7.xlsx,13.3605709076
ECHO,1234,greedy,20260827,I8,8,N20_K2_M12_I8.xlsx,12.7431201935
ECHO,1234,greedy,20260827,I9,9,N20_K2_M12_I9.xlsx,11.4015645981
ECHO,1234,greedy,20260827,I10,10,N20_K2_M12_I10.xlsx,11.7356452942
ECHO,1234,greedy,20260827,I11,11,N20_K2_M12_I11.xlsx,11.8106374741
ECHO,1234,greedy,20260827,I12,12,N20_K2_M12_I12.xlsx,8.25551891327
ECHO,1234,greedy,20260827,I13,13,N20_K2_M12_I13.xlsx,10.5333538055
ECHO,1234,greedy,20260827,I14,14,N20_K2_M12_I14.xlsx,9.92453193665
ECHO,1234,greedy,20260827,I15,15,N20_K2_M12_I15.xlsx,10.4673995972
ECHO,1234,greedy,20260827,I16,16,N20_K2_M12_I16.xlsx,11.2606945038
ECHO,1234,greedy,20260827,I17,17,N20_K2_M12_I17.xlsx,11.9047317505
ECHO,1234,greedy,20260827,I18,18,N20_K2_M12_I18.xlsx,11.3945503235
ECHO,1234,greedy,20260827,I19,19,N20_K2_M12_I19.xlsx,10.8392810822
ECHO,1234,greedy,20260827,I20,20,N20_K2_M12_I20.xlsx,12.9735555649
ECHO,1234,greedy,20260827,I21,21,N20_K2_M12_I21.xlsx,12.8229503632
ECHO,1234,greedy,20260827,I22,22,N20_K2_M12_I22.xlsx,12.046172142
ECHO,1234,greedy,20260827,I23,23,N20_K2_M12_I23.xlsx,12.3173847198
ECHO,1234,greedy,20260827,I24,24,N20_K2_M12_I24.xlsx,13.0472917557
ECHO,1234,greedy,20260827,I25,25,N20_K2_M12_I25.xlsx,11.1865749359
ECHO,1234,greedy,20260827,I26,26,N20_K2_M12_I26.xlsx,12.0701732635
ECHO,1234,greedy,20260827,I27,27,N20_K2_M12_I27.xlsx,11.4647979736
ECHO,1234,greedy,20260827,I28,28,N20_K2_M12_I28.xlsx,12.6138734818
ECHO,1234,greedy,20260827,I29,29,N20_K2_M12_I29.xlsx,12.7977628708
ECHO,1234,greedy,20260827,I30,30,N20_K2_M12_I30.xlsx,11.692152977
ECHO,1234,greedy,20260827,I31,31,N20_K2_M12_I31.xlsx,10.4168071747
ECHO,1234,greedy,20260827,I32,32,N20_K2_M12_I32.xlsx,9.53229427338
ECHO,1234,greedy,20260827,I33,33,N20_K2_M12_I33.xlsx,9.83514404297
ECHO,1234,greedy,20260827,I34,34,N20_K2_M12_I34.xlsx,12.1977567673
ECHO,1234,greedy,20260827,I35,35,N20_K2_M12_I35.xlsx,12.657781601
ECHO,1234,greedy,20260827,I36,36,N20_K2_M12_I36.xlsx,10.5180664062
ECHO,1234,greedy,20260827,I37,37,N20_K2_M12_I37.xlsx,12.4218969345
ECHO,1234,greedy,20260827,I38,38,N20_K2_M12_I38.xlsx,10.9642028809
ECHO,1234,greedy,20260827,I39,39,N20_K2_M12_I39.xlsx,13.5400304794
ECHO,1234,greedy,20260827,I40,40,N20_K2_M12_I40.xlsx,10.8827352524
ECHO,1234,greedy,20260827,I41,41,N20_K2_M12_I41.xlsx,11.1097421646
ECHO,1234,greedy,20260827,I42,42,N20_K2_M12_I42.xlsx,13.934923172
ECHO,1234,greedy,20260827,I43,43,N20_K2_M12_I43.xlsx,10.1130104065
ECHO,1234,greedy,20260827,I44,44,N20_K2_M12_I44.xlsx,13.350935936
ECHO,1234,greedy,20260827,I45,45,N20_K2_M12_I45.xlsx,13.0074882507
ECHO,1234,greedy,20260827,I46,46,N20_K2_M12_I46.xlsx,8.33793258667
ECHO,1234,greedy,20260827,I47,47,N20_K2_M12_I47.xlsx,10.0359134674
ECHO,1234,greedy,20260827,I48,48,N20_K2_M12_I48.xlsx,10.0958442688
ECHO,1234,greedy,20260827,I49,49,N20_K2_M12_I49.xlsx,10.4193239212
ECHO,1234,greedy,20260827,I50,50,N20_K2_M12_I50.xlsx,13.2314357758
ECHO,1234,greedy,20260827,I51,51,N20_K2_M12_I51.xlsx,11.3219079971
ECHO,1234,greedy,20260827,I52,52,N20_K2_M12_I52.xlsx,11.6758422852
ECHO,1234,greedy,20260827,I53,53,N20_K2_M12_I53.xlsx,11.6384811401
ECHO,1234,greedy,20260827,I54,54,N20_K2_M12_I54.xlsx,10.3555936813
ECHO,1234,greedy,20260827,I55,55,N20_K2_M12_I55.xlsx,13.022605896
ECHO,1234,greedy,20260827,I56,56,N20_K2_M12_I56.xlsx,12.8781242371
ECHO,1234,greedy,20260827,I57,57,N20_K2_M12_I57.xlsx,12.5974349976
ECHO,1234,greedy,20260827,I58,58,N20_K2_M12_I58.xlsx,9.3563117981
ECHO,1234,greedy,20260827,I59,59,N20_K2_M12_I59.xlsx,10.3011808395
ECHO,1234,greedy,20260827,I60,60,N20_K2_M12_I60.xlsx,9.82564067841
ECHO,1234,greedy,20260827,I61,61,N20_K2_M12_I61.xlsx,11.0682859421
ECHO,1234,greedy,20260827,I62,62,N20_K2_M12_I62.xlsx,10.2629051208
ECHO,1234,greedy,20260827,I63,63,N20_K2_M12_I63.xlsx,10.933971405
ECHO,1234,greedy,20260827,I64,64,N20_K2_M12_I64.xlsx,11.4253387451
ECHO,1234,greedy,20260827,I65,65,N20_K2_M12_I65.xlsx,13.5928611755
ECHO,1234,greedy,20260827,I66,66,N20_K2_M12_I66.xlsx,11.9754066467
ECHO,1234,greedy,20260827,I67,67,N20_K2_M12_I67.xlsx,11.7989664078
ECHO,1234,greedy,20260827,I68,68,N20_K2_M12_I68.xlsx,11.1188592911
ECHO,1234,greedy,20260827,I69,69,N20_K2_M12_I69.xlsx,12.0311574936
ECHO,1234,greedy,20260827,I70,70,N20_K2_M12_I70.xlsx,10.6825475693
ECHO,1234,greedy,20260827,I71,71,N20_K2_M12_I71.xlsx,12.6710739136
ECHO,1234,greedy,20260827,I72,72,N20_K2_M12_I72.xlsx,11.3218011856
ECHO,1234,greedy,20260827,I73,73,N20_K2_M12_I73.xlsx,11.1454277039
ECHO,1234,greedy,20260827,I74,74,N20_K2_M12_I74.xlsx,12.7067298889
ECHO,1234,greedy,20260827,I75,75,N20_K2_M12_I75.xlsx,10.637052536
ECHO,1234,greedy,20260827,I76,76,N20_K2_M12_I76.xlsx,14.5106563568
ECHO,1234,greedy,20260827,I77,77,N20_K2_M12_I77.xlsx,10.3606014252
ECHO,1234,greedy,20260827,I78,78,N20_K2_M12_I78.xlsx,10.8921794891
ECHO,1234,greedy,20260827,I79,79,N20_K2_M12_I79.xlsx,12.5625171661
ECHO,1234,greedy,20260827,I80,80,N20_K2_M12_I80.xlsx,11.3103103638
ECHO,1234,greedy,20260827,I81,81,N20_K2_M12_I81.xlsx,12.0957746506
ECHO,1234,greedy,20260827,I82,82,N20_K2_M12_I82.xlsx,11.7473630905
ECHO,1234,greedy,20260827,I83,83,N20_K2_M12_I83.xlsx,11.6714096069
ECHO,1234,greedy,20260827,I84,84,N20_K2_M12_I84.xlsx,10.8547735214
ECHO,1234,greedy,20260827,I85,85,N20_K2_M12_I85.xlsx,12.5967769623
ECHO,1234,greedy,20260827,I86,86,N20_K2_M12_I86.xlsx,10.6907196045
ECHO,1234,greedy,20260827,I87,87,N20_K2_M12_I87.xlsx,9.54014587402
ECHO,1234,greedy,20260827,I88,88,N20_K2_M12_I88.xlsx,11.5955562592
ECHO,1234,greedy,20260827,I89,89,N20_K2_M12_I89.xlsx,10.8740959167
ECHO,1234,greedy,20260827,I90,90,N20_K2_M12_I90.xlsx,12.2553348541
ECHO,1234,greedy,20260827,I91,91,N20_K2_M12_I91.xlsx,12.2068510056
ECHO,1234,greedy,20260827,I92,92,N20_K2_M12_I92.xlsx,10.570230484
ECHO,1234,greedy,20260827,I93,93,N20_K2_M12_I93.xlsx,11.0679178238
ECHO,1234,greedy,20260827,I94,94,N20_K2_M12_I94.xlsx,10.2549257278
ECHO,1234,greedy,20260827,I95,95,N20_K2_M12_I95.xlsx,10.9678821564
ECHO,1234,greedy,20260827,I96,96,N20_K2_M12_I96.xlsx,10.9813728333
ECHO,1234,greedy,20260827,I97,97,N20_K2_M12_I97.xlsx,11.8084774017
ECHO,1234,greedy,20260827,I98,98,N20_K2_M12_I98.xlsx,9.55951499939
ECHO,1234,greedy,20260827,I99,99,N20_K2_M12_I99.xlsx,11.123046875
ECHO,1234,greedy,20260827,I100,100,N20_K2_M12_I100.xlsx,12.8320293427
ECHO,1234,sample1280,20260827,I1,1,N20_K2_M12_I1.xlsx,10.8009033203
ECHO,1234,sample1280,20260827,I2,2,N20_K2_M12_I2.xlsx,11.1296062469
ECHO,1234,sample1280,20260827,I3,3,N20_K2_M12_I3.xlsx,9.82092475891
ECHO,1234,sample1280,20260827,I4,4,N20_K2_M12_I4.xlsx,8.59175395966
ECHO,1234,sample1280,20260827,I5,5,N20_K2_M12_I5.xlsx,10.0641736984
ECHO,1234,sample1280,20260827,I6,6,N20_K2_M12_I6.xlsx,12.1503658295
ECHO,1234,sample1280,20260827,I7,7,N20_K2_M12_I7.xlsx,12.3817596436
ECHO,1234,sample1280,20260827,I8,8,N20_K2_M12_I8.xlsx,11.7567596436
ECHO,1234,sample1280,20260827,I9,9,N20_K2_M12_I9.xlsx,10.6059455872
ECHO,1234,sample1280,20260827,I10,10,N20_K2_M12_I10.xlsx,11.0042886734
ECHO,1234,sample1280,20260827,I11,11,N20_K2_M12_I11.xlsx,10.9797058105
ECHO,1234,sample1280,20260827,I12,12,N20_K2_M12_I12.xlsx,7.47237634659
ECHO,1234,sample1280,20260827,I13,13,N20_K2_M12_I13.xlsx,10.4651498795
ECHO,1234,sample1280,20260827,I14,14,N20_K2_M12_I14.xlsx,8.71177864075
ECHO,1234,sample1280,20260827,I15,15,N20_K2_M12_I15.xlsx,9.80317306519
ECHO,1234,sample1280,20260827,I16,16,N20_K2_M12_I16.xlsx,10.5277252197
ECHO,1234,sample1280,20260827,I17,17,N20_K2_M12_I17.xlsx,10.2770652771
ECHO,1234,sample1280,20260827,I18,18,N20_K2_M12_I18.xlsx,10.95814991
ECHO,1234,sample1280,20260827,I19,19,N20_K2_M12_I19.xlsx,9.80062389374
ECHO,1234,sample1280,20260827,I20,20,N20_K2_M12_I20.xlsx,11.3241119385
ECHO,1234,sample1280,20260827,I21,21,N20_K2_M12_I21.xlsx,11.7832174301
ECHO,1234,sample1280,20260827,I22,22,N20_K2_M12_I22.xlsx,11.2149801254
ECHO,1234,sample1280,20260827,I23,23,N20_K2_M12_I23.xlsx,12.208940506
ECHO,1234,sample1280,20260827,I24,24,N20_K2_M12_I24.xlsx,12.3574342728
ECHO,1234,sample1280,20260827,I25,25,N20_K2_M12_I25.xlsx,9.7644071579
ECHO,1234,sample1280,20260827,I26,26,N20_K2_M12_I26.xlsx,11.1523704529
ECHO,1234,sample1280,20260827,I27,27,N20_K2_M12_I27.xlsx,10.0431671143
ECHO,1234,sample1280,20260827,I28,28,N20_K2_M12_I28.xlsx,11.8892879486
ECHO,1234,sample1280,20260827,I29,29,N20_K2_M12_I29.xlsx,11.7382354736
ECHO,1234,sample1280,20260827,I30,30,N20_K2_M12_I30.xlsx,10.6321353912
ECHO,1234,sample1280,20260827,I31,31,N20_K2_M12_I31.xlsx,8.90934085846
ECHO,1234,sample1280,20260827,I32,32,N20_K2_M12_I32.xlsx,8.28244972229
ECHO,1234,sample1280,20260827,I33,33,N20_K2_M12_I33.xlsx,9.19395637512
ECHO,1234,sample1280,20260827,I34,34,N20_K2_M12_I34.xlsx,11.3910102844
ECHO,1234,sample1280,20260827,I35,35,N20_K2_M12_I35.xlsx,12.0296869278
ECHO,1234,sample1280,20260827,I36,36,N20_K2_M12_I36.xlsx,9.80384540558
ECHO,1234,sample1280,20260827,I37,37,N20_K2_M12_I37.xlsx,12.3203897476
ECHO,1234,sample1280,20260827,I38,38,N20_K2_M12_I38.xlsx,9.45896625519
ECHO,1234,sample1280,20260827,I39,39,N20_K2_M12_I39.xlsx,11.3536586761
ECHO,1234,sample1280,20260827,I40,40,N20_K2_M12_I40.xlsx,9.80586624146
ECHO,1234,sample1280,20260827,I41,41,N20_K2_M12_I41.xlsx,10.6583309174
ECHO,1234,sample1280,20260827,I42,42,N20_K2_M12_I42.xlsx,11.5107488632
ECHO,1234,sample1280,20260827,I43,43,N20_K2_M12_I43.xlsx,9.26669406891
ECHO,1234,sample1280,20260827,I44,44,N20_K2_M12_I44.xlsx,12.3297252655
ECHO,1234,sample1280,20260827,I45,45,N20_K2_M12_I45.xlsx,11.5034828186
ECHO,1234,sample1280,20260827,I46,46,N20_K2_M12_I46.xlsx,7.60487318039
ECHO,1234,sample1280,20260827,I47,47,N20_K2_M12_I47.xlsx,9.62139797211
ECHO,1234,sample1280,20260827,I48,48,N20_K2_M12_I48.xlsx,9.274766922
ECHO,1234,sample1280,20260827,I49,49,N20_K2_M12_I49.xlsx,9.87105941772
ECHO,1234,sample1280,20260827,I50,50,N20_K2_M12_I50.xlsx,12.8165931702
ECHO,1234,sample1280,20260827,I51,51,N20_K2_M12_I51.xlsx,10.9621562958
ECHO,1234,sample1280,20260827,I52,52,N20_K2_M12_I52.xlsx,10.4914207458
ECHO,1234,sample1280,20260827,I53,53,N20_K2_M12_I53.xlsx,11.010222435
ECHO,1234,sample1280,20260827,I54,54,N20_K2_M12_I54.xlsx,9.79277992249
ECHO,1234,sample1280,20260827,I55,55,N20_K2_M12_I55.xlsx,11.7416276932
ECHO,1234,sample1280,20260827,I56,56,N20_K2_M12_I56.xlsx,12.3527450562
ECHO,1234,sample1280,20260827,I57,57,N20_K2_M12_I57.xlsx,11.7005996704
ECHO,1234,sample1280,20260827,I58,58,N20_K2_M12_I58.xlsx,8.98402023315
ECHO,1234,sample1280,20260827,I59,59,N20_K2_M12_I59.xlsx,9.4009513855
ECHO,1234,sample1280,20260827,I60,60,N20_K2_M12_I60.xlsx,9.77963733673
ECHO,1234,sample1280,20260827,I61,61,N20_K2_M12_I61.xlsx,10.3904876709
ECHO,1234,sample1280,20260827,I62,62,N20_K2_M12_I62.xlsx,9.57746887207
ECHO,1234,sample1280,20260827,I63,63,N20_K2_M12_I63.xlsx,10.4751739502
ECHO,1234,sample1280,20260827,I64,64,N20_K2_M12_I64.xlsx,10.5314693451
ECHO,1234,sample1280,20260827,I65,65,N20_K2_M12_I65.xlsx,13.0788192749
ECHO,1234,sample1280,20260827,I66,66,N20_K2_M12_I66.xlsx,10.6603794098
ECHO,1234,sample1280,20260827,I67,67,N20_K2_M12_I67.xlsx,10.0874700546
ECHO,1234,sample1280,20260827,I68,68,N20_K2_M12_I68.xlsx,10.1470623016
ECHO,1234,sample1280,20260827,I69,69,N20_K2_M12_I69.xlsx,10.9412889481
ECHO,1234,sample1280,20260827,I70,70,N20_K2_M12_I70.xlsx,10.1998729706
ECHO,1234,sample1280,20260827,I71,71,N20_K2_M12_I71.xlsx,11.7128381729
ECHO,1234,sample1280,20260827,I72,72,N20_K2_M12_I72.xlsx,10.8874778748
ECHO,1234,sample1280,20260827,I73,73,N20_K2_M12_I73.xlsx,9.89982128143
ECHO,1234,sample1280,20260827,I74,74,N20_K2_M12_I74.xlsx,10.9259843826
ECHO,1234,sample1280,20260827,I75,75,N20_K2_M12_I75.xlsx,9.73316574097
ECHO,1234,sample1280,20260827,I76,76,N20_K2_M12_I76.xlsx,12.3457012177
ECHO,1234,sample1280,20260827,I77,77,N20_K2_M12_I77.xlsx,9.84373283386
ECHO,1234,sample1280,20260827,I78,78,N20_K2_M12_I78.xlsx,9.6997423172
ECHO,1234,sample1280,20260827,I79,79,N20_K2_M12_I79.xlsx,11.312087059
ECHO,1234,sample1280,20260827,I80,80,N20_K2_M12_I80.xlsx,10.8977241516
ECHO,1234,sample1280,20260827,I81,81,N20_K2_M12_I81.xlsx,10.6315288544
ECHO,1234,sample1280,20260827,I82,82,N20_K2_M12_I82.xlsx,10.3020191193
ECHO,1234,sample1280,20260827,I83,83,N20_K2_M12_I83.xlsx,10.6773767471
ECHO,1234,sample1280,20260827,I84,84,N20_K2_M12_I84.xlsx,10.0368690491
ECHO,1234,sample1280,20260827,I85,85,N20_K2_M12_I85.xlsx,11.7833013535
ECHO,1234,sample1280,20260827,I86,86,N20_K2_M12_I86.xlsx,10.4151239395
ECHO,1234,sample1280,20260827,I87,87,N20_K2_M12_I87.xlsx,9.20504665375
ECHO,1234,sample1280,20260827,I88,88,N20_K2_M12_I88.xlsx,9.52922821045
ECHO,1234,sample1280,20260827,I89,89,N20_K2_M12_I89.xlsx,10.7074813843
ECHO,1234,sample1280,20260827,I90,90,N20_K2_M12_I90.xlsx,11.5683698654
ECHO,1234,sample1280,20260827,I91,91,N20_K2_M12_I91.xlsx,10.6714267731
ECHO,1234,sample1280,20260827,I92,92,N20_K2_M12_I92.xlsx,8.95298957825
ECHO,1234,sample1280,20260827,I93,93,N20_K2_M12_I93.xlsx,10.18384552
ECHO,1234,sample1280,20260827,I94,94,N20_K2_M12_I94.xlsx,9.74831199646
ECHO,1234,sample1280,20260827,I95,95,N20_K2_M12_I95.xlsx,9.6947851181
ECHO,1234,sample1280,20260827,I96,96,N20_K2_M12_I96.xlsx,10.0747127533
ECHO,1234,sample1280,20260827,I97,97,N20_K2_M12_I97.xlsx,11.0441141129
ECHO,1234,sample1280,20260827,I98,98,N20_K2_M12_I98.xlsx,9.0707244873
ECHO,1234,sample1280,20260827,I99,99,N20_K2_M12_I99.xlsx,10.7183141708
ECHO,1234,sample1280,20260827,I100,100,N20_K2_M12_I100.xlsx,11.1434459686
ECHO,2345,greedy,20260827,I1,1,N20_K2_M12_I1.xlsx,11.2014579773
ECHO,2345,greedy,20260827,I2,2,N20_K2_M12_I2.xlsx,11.5836162567
ECHO,2345,greedy,20260827,I3,3,N20_K2_M12_I3.xlsx,10.785369873
ECHO,2345,greedy,20260827,I4,4,N20_K2_M12_I4.xlsx,9.55685901642
ECHO,2345,greedy,20260827,I5,5,N20_K2_M12_I5.xlsx,11.1970462799
ECHO,2345,greedy,20260827,I6,6,N20_K2_M12_I6.xlsx,14.3952884674
ECHO,2345,greedy,20260827,I7,7,N20_K2_M12_I7.xlsx,12.917842865
ECHO,2345,greedy,20260827,I8,8,N20_K2_M12_I8.xlsx,13.3794155121
ECHO,2345,greedy,20260827,I9,9,N20_K2_M12_I9.xlsx,11.1096744537
ECHO,2345,greedy,20260827,I10,10,N20_K2_M12_I10.xlsx,12.4804935455
ECHO,2345,greedy,20260827,I11,11,N20_K2_M12_I11.xlsx,12.6132240295
ECHO,2345,greedy,20260827,I12,12,N20_K2_M12_I12.xlsx,8.09771251678
ECHO,2345,greedy,20260827,I13,13,N20_K2_M12_I13.xlsx,12.0975570679
ECHO,2345,greedy,20260827,I14,14,N20_K2_M12_I14.xlsx,10.3603420258
ECHO,2345,greedy,20260827,I15,15,N20_K2_M12_I15.xlsx,10.3387088776
ECHO,2345,greedy,20260827,I16,16,N20_K2_M12_I16.xlsx,11.5263080597
ECHO,2345,greedy,20260827,I17,17,N20_K2_M12_I17.xlsx,11.4486513138
ECHO,2345,greedy,20260827,I18,18,N20_K2_M12_I18.xlsx,11.949716568
ECHO,2345,greedy,20260827,I19,19,N20_K2_M12_I19.xlsx,10.1637878418
ECHO,2345,greedy,20260827,I20,20,N20_K2_M12_I20.xlsx,13.1249876022
ECHO,2345,greedy,20260827,I21,21,N20_K2_M12_I21.xlsx,12.4540596008
ECHO,2345,greedy,20260827,I22,22,N20_K2_M12_I22.xlsx,13.5197639465
ECHO,2345,greedy,20260827,I23,23,N20_K2_M12_I23.xlsx,13.081776619
ECHO,2345,greedy,20260827,I24,24,N20_K2_M12_I24.xlsx,12.8282985687
ECHO,2345,greedy,20260827,I25,25,N20_K2_M12_I25.xlsx,10.1977462769
ECHO,2345,greedy,20260827,I26,26,N20_K2_M12_I26.xlsx,12.0081014633
ECHO,2345,greedy,20260827,I27,27,N20_K2_M12_I27.xlsx,11.7958078384
ECHO,2345,greedy,20260827,I28,28,N20_K2_M12_I28.xlsx,12.7203035355
ECHO,2345,greedy,20260827,I29,29,N20_K2_M12_I29.xlsx,11.7026615143
ECHO,2345,greedy,20260827,I30,30,N20_K2_M12_I30.xlsx,11.0450353622
ECHO,2345,greedy,20260827,I31,31,N20_K2_M12_I31.xlsx,9.91968727112
ECHO,2345,greedy,20260827,I32,32,N20_K2_M12_I32.xlsx,9.49424171448
ECHO,2345,greedy,20260827,I33,33,N20_K2_M12_I33.xlsx,10.8438844681
ECHO,2345,greedy,20260827,I34,34,N20_K2_M12_I34.xlsx,12.4548797607
ECHO,2345,greedy,20260827,I35,35,N20_K2_M12_I35.xlsx,13.1678161621
ECHO,2345,greedy,20260827,I36,36,N20_K2_M12_I36.xlsx,12.4429645538
ECHO,2345,greedy,20260827,I37,37,N20_K2_M12_I37.xlsx,13.1756830215
ECHO,2345,greedy,20260827,I38,38,N20_K2_M12_I38.xlsx,10.7687139511
ECHO,2345,greedy,20260827,I39,39,N20_K2_M12_I39.xlsx,14.7781543732
ECHO,2345,greedy,20260827,I40,40,N20_K2_M12_I40.xlsx,11.0656423569
ECHO,2345,greedy,20260827,I41,41,N20_K2_M12_I41.xlsx,12.0865650177
ECHO,2345,greedy,20260827,I42,42,N20_K2_M12_I42.xlsx,12.9278249741
ECHO,2345,greedy,20260827,I43,43,N20_K2_M12_I43.xlsx,9.54035663605
ECHO,2345,greedy,20260827,I44,44,N20_K2_M12_I44.xlsx,13.2525930405
ECHO,2345,greedy,20260827,I45,45,N20_K2_M12_I45.xlsx,12.4348258972
ECHO,2345,greedy,20260827,I46,46,N20_K2_M12_I46.xlsx,8.61831092834
ECHO,2345,greedy,20260827,I47,47,N20_K2_M12_I47.xlsx,10.2419605255
ECHO,2345,greedy,20260827,I48,48,N20_K2_M12_I48.xlsx,10.0467090607
ECHO,2345,greedy,20260827,I49,49,N20_K2_M12_I49.xlsx,10.5547962189
ECHO,2345,greedy,20260827,I50,50,N20_K2_M12_I50.xlsx,13.3463592529
ECHO,2345,greedy,20260827,I51,51,N20_K2_M12_I51.xlsx,11.3802947998
ECHO,2345,greedy,20260827,I52,52,N20_K2_M12_I52.xlsx,10.6631011963
ECHO,2345,greedy,20260827,I53,53,N20_K2_M12_I53.xlsx,11.3504543304
ECHO,2345,greedy,20260827,I54,54,N20_K2_M12_I54.xlsx,10.5706138611
ECHO,2345,greedy,20260827,I55,55,N20_K2_M12_I55.xlsx,12.4164772034
ECHO,2345,greedy,20260827,I56,56,N20_K2_M12_I56.xlsx,14.0828351974
ECHO,2345,greedy,20260827,I57,57,N20_K2_M12_I57.xlsx,13.4055252075
ECHO,2345,greedy,20260827,I58,58,N20_K2_M12_I58.xlsx,10.284579277
ECHO,2345,greedy,20260827,I59,59,N20_K2_M12_I59.xlsx,11.7954778671
ECHO,2345,greedy,20260827,I60,60,N20_K2_M12_I60.xlsx,10.4833812714
ECHO,2345,greedy,20260827,I61,61,N20_K2_M12_I61.xlsx,11.3143806458
ECHO,2345,greedy,20260827,I62,62,N20_K2_M12_I62.xlsx,10.0162677765
ECHO,2345,greedy,20260827,I63,63,N20_K2_M12_I63.xlsx,11.4996204376
ECHO,2345,greedy,20260827,I64,64,N20_K2_M12_I64.xlsx,13.1313476562
ECHO,2345,greedy,20260827,I65,65,N20_K2_M12_I65.xlsx,13.9762125015
ECHO,2345,greedy,20260827,I66,66,N20_K2_M12_I66.xlsx,11.395149231
ECHO,2345,greedy,20260827,I67,67,N20_K2_M12_I67.xlsx,11.2088088989
ECHO,2345,greedy,20260827,I68,68,N20_K2_M12_I68.xlsx,10.7294816971
ECHO,2345,greedy,20260827,I69,69,N20_K2_M12_I69.xlsx,11.5986309052
ECHO,2345,greedy,20260827,I70,70,N20_K2_M12_I70.xlsx,12.8252468109
ECHO,2345,greedy,20260827,I71,71,N20_K2_M12_I71.xlsx,13.9358386993
ECHO,2345,greedy,20260827,I72,72,N20_K2_M12_I72.xlsx,14.2960348129
ECHO,2345,greedy,20260827,I73,73,N20_K2_M12_I73.xlsx,9.98763847351
ECHO,2345,greedy,20260827,I74,74,N20_K2_M12_I74.xlsx,12.5328960419
ECHO,2345,greedy,20260827,I75,75,N20_K2_M12_I75.xlsx,10.318693161
ECHO,2345,greedy,20260827,I76,76,N20_K2_M12_I76.xlsx,12.7957925797
ECHO,2345,greedy,20260827,I77,77,N20_K2_M12_I77.xlsx,10.5155363083
ECHO,2345,greedy,20260827,I78,78,N20_K2_M12_I78.xlsx,9.77687072754
ECHO,2345,greedy,20260827,I79,79,N20_K2_M12_I79.xlsx,12.9141311646
ECHO,2345,greedy,20260827,I80,80,N20_K2_M12_I80.xlsx,11.6263713837
ECHO,2345,greedy,20260827,I81,81,N20_K2_M12_I81.xlsx,10.8160018921
ECHO,2345,greedy,20260827,I82,82,N20_K2_M12_I82.xlsx,11.1884660721
ECHO,2345,greedy,20260827,I83,83,N20_K2_M12_I83.xlsx,12.0378932953
ECHO,2345,greedy,20260827,I84,84,N20_K2_M12_I84.xlsx,12.0664596558
ECHO,2345,greedy,20260827,I85,85,N20_K2_M12_I85.xlsx,13.0865631104
ECHO,2345,greedy,20260827,I86,86,N20_K2_M12_I86.xlsx,10.7279090881
ECHO,2345,greedy,20260827,I87,87,N20_K2_M12_I87.xlsx,10.5055065155
ECHO,2345,greedy,20260827,I88,88,N20_K2_M12_I88.xlsx,9.87406158447
ECHO,2345,greedy,20260827,I89,89,N20_K2_M12_I89.xlsx,11.3807382584
ECHO,2345,greedy,20260827,I90,90,N20_K2_M12_I90.xlsx,12.1161031723
ECHO,2345,greedy,20260827,I91,91,N20_K2_M12_I91.xlsx,12.0229091644
ECHO,2345,greedy,20260827,I92,92,N20_K2_M12_I92.xlsx,10.3114805222
ECHO,2345,greedy,20260827,I93,93,N20_K2_M12_I93.xlsx,10.6788053513
ECHO,2345,greedy,20260827,I94,94,N20_K2_M12_I94.xlsx,10.423620224
ECHO,2345,greedy,20260827,I95,95,N20_K2_M12_I95.xlsx,10.4136867523
ECHO,2345,greedy,20260827,I96,96,N20_K2_M12_I96.xlsx,12.017742157
ECHO,2345,greedy,20260827,I97,97,N20_K2_M12_I97.xlsx,11.0067043304
ECHO,2345,greedy,20260827,I98,98,N20_K2_M12_I98.xlsx,9.51238059998
ECHO,2345,greedy,20260827,I99,99,N20_K2_M12_I99.xlsx,10.3590993881
ECHO,2345,greedy,20260827,I100,100,N20_K2_M12_I100.xlsx,12.0595588684
ECHO,2345,sample1280,20260827,I1,1,N20_K2_M12_I1.xlsx,10.9693288803
ECHO,2345,sample1280,20260827,I2,2,N20_K2_M12_I2.xlsx,11.0217018127
ECHO,2345,sample1280,20260827,I3,3,N20_K2_M12_I3.xlsx,10.2839069366
ECHO,2345,sample1280,20260827,I4,4,N20_K2_M12_I4.xlsx,8.75436592102
ECHO,2345,sample1280,20260827,I5,5,N20_K2_M12_I5.xlsx,10.0170488358
ECHO,2345,sample1280,20260827,I6,6,N20_K2_M12_I6.xlsx,12.5912742615
ECHO,2345,sample1280,20260827,I7,7,N20_K2_M12_I7.xlsx,12.5617332458
ECHO,2345,sample1280,20260827,I8,8,N20_K2_M12_I8.xlsx,11.8083839417
ECHO,2345,sample1280,20260827,I9,9,N20_K2_M12_I9.xlsx,10.4624681473
ECHO,2345,sample1280,20260827,I10,10,N20_K2_M12_I10.xlsx,10.9572257996
ECHO,2345,sample1280,20260827,I11,11,N20_K2_M12_I11.xlsx,11.282828331
ECHO,2345,sample1280,20260827,I12,12,N20_K2_M12_I12.xlsx,7.45457220078
ECHO,2345,sample1280,20260827,I13,13,N20_K2_M12_I13.xlsx,10.5755596161
ECHO,2345,sample1280,20260827,I14,14,N20_K2_M12_I14.xlsx,9.05262756348
ECHO,2345,sample1280,20260827,I15,15,N20_K2_M12_I15.xlsx,9.79476451874
ECHO,2345,sample1280,20260827,I16,16,N20_K2_M12_I16.xlsx,10.3795337677
ECHO,2345,sample1280,20260827,I17,17,N20_K2_M12_I17.xlsx,10.6159315109
ECHO,2345,sample1280,20260827,I18,18,N20_K2_M12_I18.xlsx,10.9270858765
ECHO,2345,sample1280,20260827,I19,19,N20_K2_M12_I19.xlsx,9.93977737427
ECHO,2345,sample1280,20260827,I20,20,N20_K2_M12_I20.xlsx,11.4969367981
ECHO,2345,sample1280,20260827,I21,21,N20_K2_M12_I21.xlsx,11.7837352753
ECHO,2345,sample1280,20260827,I22,22,N20_K2_M12_I22.xlsx,11.5341939926
ECHO,2345,sample1280,20260827,I23,23,N20_K2_M12_I23.xlsx,12.3176832199
ECHO,2345,sample1280,20260827,I24,24,N20_K2_M12_I24.xlsx,12.085111618
ECHO,2345,sample1280,20260827,I25,25,N20_K2_M12_I25.xlsx,9.85133934021
ECHO,2345,sample1280,20260827,I26,26,N20_K2_M12_I26.xlsx,11.0138635635
ECHO,2345,sample1280,20260827,I27,27,N20_K2_M12_I27.xlsx,10.1829442978
ECHO,2345,sample1280,20260827,I28,28,N20_K2_M12_I28.xlsx,12.0238275528
ECHO,2345,sample1280,20260827,I29,29,N20_K2_M12_I29.xlsx,11.3032522202
ECHO,2345,sample1280,20260827,I30,30,N20_K2_M12_I30.xlsx,10.5508260727
ECHO,2345,sample1280,20260827,I31,31,N20_K2_M12_I31.xlsx,8.49000453949
ECHO,2345,sample1280,20260827,I32,32,N20_K2_M12_I32.xlsx,7.94000530243
ECHO,2345,sample1280,20260827,I33,33,N20_K2_M12_I33.xlsx,9.25026702881
ECHO,2345,sample1280,20260827,I34,34,N20_K2_M12_I34.xlsx,11.4322471619
ECHO,2345,sample1280,20260827,I35,35,N20_K2_M12_I35.xlsx,11.4843196869
ECHO,2345,sample1280,20260827,I36,36,N20_K2_M12_I36.xlsx,9.8416261673
ECHO,2345,sample1280,20260827,I37,37,N20_K2_M12_I37.xlsx,12.3999710083
ECHO,2345,sample1280,20260827,I38,38,N20_K2_M12_I38.xlsx,9.52972507477
ECHO,2345,sample1280,20260827,I39,39,N20_K2_M12_I39.xlsx,11.7742681503
ECHO,2345,sample1280,20260827,I40,40,N20_K2_M12_I40.xlsx,10.6158266068
ECHO,2345,sample1280,20260827,I41,41,N20_K2_M12_I41.xlsx,10.5923128128
ECHO,2345,sample1280,20260827,I42,42,N20_K2_M12_I42.xlsx,11.7757320404
ECHO,2345,sample1280,20260827,I43,43,N20_K2_M12_I43.xlsx,9.34695625305
ECHO,2345,sample1280,20260827,I44,44,N20_K2_M12_I44.xlsx,12.0980510712
ECHO,2345,sample1280,20260827,I45,45,N20_K2_M12_I45.xlsx,11.3507966995
ECHO,2345,sample1280,20260827,I46,46,N20_K2_M12_I46.xlsx,7.83200454712
ECHO,2345,sample1280,20260827,I47,47,N20_K2_M12_I47.xlsx,9.74649238586
ECHO,2345,sample1280,20260827,I48,48,N20_K2_M12_I48.xlsx,9.54010772705
ECHO,2345,sample1280,20260827,I49,49,N20_K2_M12_I49.xlsx,9.63163089752
ECHO,2345,sample1280,20260827,I50,50,N20_K2_M12_I50.xlsx,12.2494888306
ECHO,2345,sample1280,20260827,I51,51,N20_K2_M12_I51.xlsx,11.3184089661
ECHO,2345,sample1280,20260827,I52,52,N20_K2_M12_I52.xlsx,10.3874092102
ECHO,2345,sample1280,20260827,I53,53,N20_K2_M12_I53.xlsx,10.561914444
ECHO,2345,sample1280,20260827,I54,54,N20_K2_M12_I54.xlsx,9.962474823
ECHO,2345,sample1280,20260827,I55,55,N20_K2_M12_I55.xlsx,11.5962877274
ECHO,2345,sample1280,20260827,I56,56,N20_K2_M12_I56.xlsx,12.0802717209
ECHO,2345,sample1280,20260827,I57,57,N20_K2_M12_I57.xlsx,11.5620470047
ECHO,2345,sample1280,20260827,I58,58,N20_K2_M12_I58.xlsx,9.0261926651
ECHO,2345,sample1280,20260827,I59,59,N20_K2_M12_I59.xlsx,9.7622089386
ECHO,2345,sample1280,20260827,I60,60,N20_K2_M12_I60.xlsx,9.67664337158
ECHO,2345,sample1280,20260827,I61,61,N20_K2_M12_I61.xlsx,10.7207241058
ECHO,2345,sample1280,20260827,I62,62,N20_K2_M12_I62.xlsx,9.48494815826
ECHO,2345,sample1280,20260827,I63,63,N20_K2_M12_I63.xlsx,10.4081029892
ECHO,2345,sample1280,20260827,I64,64,N20_K2_M12_I64.xlsx,10.349029541
ECHO,2345,sample1280,20260827,I65,65,N20_K2_M12_I65.xlsx,12.5366516113
ECHO,2345,sample1280,20260827,I66,66,N20_K2_M12_I66.xlsx,10.2550554276
ECHO,2345,sample1280,20260827,I67,67,N20_K2_M12_I67.xlsx,10.1100616455
ECHO,2345,sample1280,20260827,I68,68,N20_K2_M12_I68.xlsx,10.393872261
ECHO,2345,sample1280,20260827,I69,69,N20_K2_M12_I69.xlsx,10.9187440872
ECHO,2345,sample1280,20260827,I70,70,N20_K2_M12_I70.xlsx,10.6127281189
ECHO,2345,sample1280,20260827,I71,71,N20_K2_M12_I71.xlsx,11.4090948105
ECHO,2345,sample1280,20260827,I72,72,N20_K2_M12_I72.xlsx,10.8919487
ECHO,2345,sample1280,20260827,I73,73,N20_K2_M12_I73.xlsx,9.61089897156
ECHO,2345,sample1280,20260827,I74,74,N20_K2_M12_I74.xlsx,10.6195335388
ECHO,2345,sample1280,20260827,I75,75,N20_K2_M12_I75.xlsx,9.55139160156
ECHO,2345,sample1280,20260827,I76,76,N20_K2_M12_I76.xlsx,12.1590366364
ECHO,2345,sample1280,20260827,I77,77,N20_K2_M12_I77.xlsx,10.0541381836
ECHO,2345,sample1280,20260827,I78,78,N20_K2_M12_I78.xlsx,9.82485771179
ECHO,2345,sample1280,20260827,I79,79,N20_K2_M12_I79.xlsx,10.9515571594
ECHO,2345,sample1280,20260827,I80,80,N20_K2_M12_I80.xlsx,10.9905261993
ECHO,2345,sample1280,20260827,I81,81,N20_K2_M12_I81.xlsx,10.7257137299
ECHO,2345,sample1280,20260827,I82,82,N20_K2_M12_I82.xlsx,10.5334215164
ECHO,2345,sample1280,20260827,I83,83,N20_K2_M12_I83.xlsx,10.7899599075
ECHO,2345,sample1280,20260827,I84,84,N20_K2_M12_I84.xlsx,10.3656673431
ECHO,2345,sample1280,20260827,I85,85,N20_K2_M12_I85.xlsx,11.6290645599
ECHO,2345,sample1280,20260827,I86,86,N20_K2_M12_I86.xlsx,10.2658166885
ECHO,2345,sample1280,20260827,I87,87,N20_K2_M12_I87.xlsx,9.34280109406
ECHO,2345,sample1280,20260827,I88,88,N20_K2_M12_I88.xlsx,9.69289302826
ECHO,2345,sample1280,20260827,I89,89,N20_K2_M12_I89.xlsx,10.9119415283
ECHO,2345,sample1280,20260827,I90,90,N20_K2_M12_I90.xlsx,11.1276111603
ECHO,2345,sample1280,20260827,I91,91,N20_K2_M12_I91.xlsx,10.7781105042
ECHO,2345,sample1280,20260827,I92,92,N20_K2_M12_I92.xlsx,8.84686565399
ECHO,2345,sample1280,20260827,I93,93,N20_K2_M12_I93.xlsx,10.4996919632
ECHO,2345,sample1280,20260827,I94,94,N20_K2_M12_I94.xlsx,9.8035697937
ECHO,2345,sample1280,20260827,I95,95,N20_K2_M12_I95.xlsx,9.70820426941
ECHO,2345,sample1280,20260827,I96,96,N20_K2_M12_I96.xlsx,10.1683959961
ECHO,2345,sample1280,20260827,I97,97,N20_K2_M12_I97.xlsx,10.6210212708
ECHO,2345,sample1280,20260827,I98,98,N20_K2_M12_I98.xlsx,9.29327297211
ECHO,2345,sample1280,20260827,I99,99,N20_K2_M12_I99.xlsx,10.2647724152
ECHO,2345,sample1280,20260827,I100,100,N20_K2_M12_I100.xlsx,10.9499130249
ECHO,3456,greedy,20260827,I1,1,N20_K2_M12_I1.xlsx,11.4669733047
ECHO,3456,greedy,20260827,I2,2,N20_K2_M12_I2.xlsx,11.6973648071
ECHO,3456,greedy,20260827,I3,3,N20_K2_M12_I3.xlsx,11.4011135101
ECHO,3456,greedy,20260827,I4,4,N20_K2_M12_I4.xlsx,9.84184837341
ECHO,3456,greedy,20260827,I5,5,N20_K2_M12_I5.xlsx,9.80634307861
ECHO,3456,greedy,20260827,I6,6,N20_K2_M12_I6.xlsx,13.2003965378
ECHO,3456,greedy,20260827,I7,7,N20_K2_M12_I7.xlsx,14.6172065735
ECHO,3456,greedy,20260827,I8,8,N20_K2_M12_I8.xlsx,12.409784317
ECHO,3456,greedy,20260827,I9,9,N20_K2_M12_I9.xlsx,10.9808645248
ECHO,3456,greedy,20260827,I10,10,N20_K2_M12_I10.xlsx,11.3593606949
ECHO,3456,greedy,20260827,I11,11,N20_K2_M12_I11.xlsx,12.8057632446
ECHO,3456,greedy,20260827,I12,12,N20_K2_M12_I12.xlsx,8.38768768311
ECHO,3456,greedy,20260827,I13,13,N20_K2_M12_I13.xlsx,12.8719902039
ECHO,3456,greedy,20260827,I14,14,N20_K2_M12_I14.xlsx,10.1756916046
ECHO,3456,greedy,20260827,I15,15,N20_K2_M12_I15.xlsx,10.6585025787
ECHO,3456,greedy,20260827,I16,16,N20_K2_M12_I16.xlsx,11.9609794617
ECHO,3456,greedy,20260827,I17,17,N20_K2_M12_I17.xlsx,10.3449192047
ECHO,3456,greedy,20260827,I18,18,N20_K2_M12_I18.xlsx,11.3627958298
ECHO,3456,greedy,20260827,I19,19,N20_K2_M12_I19.xlsx,10.9805583954
ECHO,3456,greedy,20260827,I20,20,N20_K2_M12_I20.xlsx,12.0207862854
ECHO,3456,greedy,20260827,I21,21,N20_K2_M12_I21.xlsx,12.6462154388
ECHO,3456,greedy,20260827,I22,22,N20_K2_M12_I22.xlsx,12.9591217041
ECHO,3456,greedy,20260827,I23,23,N20_K2_M12_I23.xlsx,14.0806884766
ECHO,3456,greedy,20260827,I24,24,N20_K2_M12_I24.xlsx,12.6455526352
ECHO,3456,greedy,20260827,I25,25,N20_K2_M12_I25.xlsx,10.2877922058
ECHO,3456,greedy,20260827,I26,26,N20_K2_M12_I26.xlsx,12.2928123474
ECHO,3456,greedy,20260827,I27,27,N20_K2_M12_I27.xlsx,11.9252357483
ECHO,3456,greedy,20260827,I28,28,N20_K2_M12_I28.xlsx,12.2135429382
ECHO,3456,greedy,20260827,I29,29,N20_K2_M12_I29.xlsx,12.1653375626
ECHO,3456,greedy,20260827,I30,30,N20_K2_M12_I30.xlsx,13.2077922821
ECHO,3456,greedy,20260827,I31,31,N20_K2_M12_I31.xlsx,9.04971885681
ECHO,3456,greedy,20260827,I32,32,N20_K2_M12_I32.xlsx,8.52580070496
ECHO,3456,greedy,20260827,I33,33,N20_K2_M12_I33.xlsx,9.83164024353
ECHO,3456,greedy,20260827,I34,34,N20_K2_M12_I34.xlsx,12.3038625717
ECHO,3456,greedy,20260827,I35,35,N20_K2_M12_I35.xlsx,13.115852356
ECHO,3456,greedy,20260827,I36,36,N20_K2_M12_I36.xlsx,10.4124717712
ECHO,3456,greedy,20260827,I37,37,N20_K2_M12_I37.xlsx,12.7992258072
ECHO,3456,greedy,20260827,I38,38,N20_K2_M12_I38.xlsx,11.1494970322
ECHO,3456,greedy,20260827,I39,39,N20_K2_M12_I39.xlsx,12.9043426514
ECHO,3456,greedy,20260827,I40,40,N20_K2_M12_I40.xlsx,12.1754169464
ECHO,3456,greedy,20260827,I41,41,N20_K2_M12_I41.xlsx,10.9437942505
ECHO,3456,greedy,20260827,I42,42,N20_K2_M12_I42.xlsx,12.2377243042
ECHO,3456,greedy,20260827,I43,43,N20_K2_M12_I43.xlsx,10.0308837891
ECHO,3456,greedy,20260827,I44,44,N20_K2_M12_I44.xlsx,12.9491672516
ECHO,3456,greedy,20260827,I45,45,N20_K2_M12_I45.xlsx,12.3458271027
ECHO,3456,greedy,20260827,I46,46,N20_K2_M12_I46.xlsx,8.42477798462
ECHO,3456,greedy,20260827,I47,47,N20_K2_M12_I47.xlsx,11.1853408813
ECHO,3456,greedy,20260827,I48,48,N20_K2_M12_I48.xlsx,11.0646934509
ECHO,3456,greedy,20260827,I49,49,N20_K2_M12_I49.xlsx,10.8155918121
ECHO,3456,greedy,20260827,I50,50,N20_K2_M12_I50.xlsx,15.0699224472
ECHO,3456,greedy,20260827,I51,51,N20_K2_M12_I51.xlsx,12.263669014
ECHO,3456,greedy,20260827,I52,52,N20_K2_M12_I52.xlsx,11.2904777527
ECHO,3456,greedy,20260827,I53,53,N20_K2_M12_I53.xlsx,11.7379713058
ECHO,3456,greedy,20260827,I54,54,N20_K2_M12_I54.xlsx,10.0099391937
ECHO,3456,greedy,20260827,I55,55,N20_K2_M12_I55.xlsx,13.7472896576
ECHO,3456,greedy,20260827,I56,56,N20_K2_M12_I56.xlsx,13.3010292053
ECHO,3456,greedy,20260827,I57,57,N20_K2_M12_I57.xlsx,12.2320861816
ECHO,3456,greedy,20260827,I58,58,N20_K2_M12_I58.xlsx,10.4754095078
ECHO,3456,greedy,20260827,I59,59,N20_K2_M12_I59.xlsx,10.6255321503
ECHO,3456,greedy,20260827,I60,60,N20_K2_M12_I60.xlsx,10.7895584106
ECHO,3456,greedy,20260827,I61,61,N20_K2_M12_I61.xlsx,12.6022958755
ECHO,3456,greedy,20260827,I62,62,N20_K2_M12_I62.xlsx,10.5785055161
ECHO,3456,greedy,20260827,I63,63,N20_K2_M12_I63.xlsx,11.0717983246
ECHO,3456,greedy,20260827,I64,64,N20_K2_M12_I64.xlsx,10.3391075134
ECHO,3456,greedy,20260827,I65,65,N20_K2_M12_I65.xlsx,12.9320583344
ECHO,3456,greedy,20260827,I66,66,N20_K2_M12_I66.xlsx,11.2074337006
ECHO,3456,greedy,20260827,I67,67,N20_K2_M12_I67.xlsx,11.0665836334
ECHO,3456,greedy,20260827,I68,68,N20_K2_M12_I68.xlsx,11.4691886902
ECHO,3456,greedy,20260827,I69,69,N20_K2_M12_I69.xlsx,12.4944114685
ECHO,3456,greedy,20260827,I70,70,N20_K2_M12_I70.xlsx,11.2358446121
ECHO,3456,greedy,20260827,I71,71,N20_K2_M12_I71.xlsx,13.0325469971
ECHO,3456,greedy,20260827,I72,72,N20_K2_M12_I72.xlsx,12.5728607178
ECHO,3456,greedy,20260827,I73,73,N20_K2_M12_I73.xlsx,11.7292890549
ECHO,3456,greedy,20260827,I74,74,N20_K2_M12_I74.xlsx,12.6936273575
ECHO,3456,greedy,20260827,I75,75,N20_K2_M12_I75.xlsx,11.2526798248
ECHO,3456,greedy,20260827,I76,76,N20_K2_M12_I76.xlsx,12.6083011627
ECHO,3456,greedy,20260827,I77,77,N20_K2_M12_I77.xlsx,10.6003723145
ECHO,3456,greedy,20260827,I78,78,N20_K2_M12_I78.xlsx,9.9500541687
ECHO,3456,greedy,20260827,I79,79,N20_K2_M12_I79.xlsx,11.9772148132
ECHO,3456,greedy,20260827,I80,80,N20_K2_M12_I80.xlsx,11.3410110474
ECHO,3456,greedy,20260827,I81,81,N20_K2_M12_I81.xlsx,12.9547138214
ECHO,3456,greedy,20260827,I82,82,N20_K2_M12_I82.xlsx,10.4547758102
ECHO,3456,greedy,20260827,I83,83,N20_K2_M12_I83.xlsx,10.9624948502
ECHO,3456,greedy,20260827,I84,84,N20_K2_M12_I84.xlsx,10.3764038086
ECHO,3456,greedy,20260827,I85,85,N20_K2_M12_I85.xlsx,12.3259496689
ECHO,3456,greedy,20260827,I86,86,N20_K2_M12_I86.xlsx,11.0490207672
ECHO,3456,greedy,20260827,I87,87,N20_K2_M12_I87.xlsx,9.46705818176
ECHO,3456,greedy,20260827,I88,88,N20_K2_M12_I88.xlsx,10.2839069366
ECHO,3456,greedy,20260827,I89,89,N20_K2_M12_I89.xlsx,11.9334354401
ECHO,3456,greedy,20260827,I90,90,N20_K2_M12_I90.xlsx,12.6308803558
ECHO,3456,greedy,20260827,I91,91,N20_K2_M12_I91.xlsx,10.7571678162
ECHO,3456,greedy,20260827,I92,92,N20_K2_M12_I92.xlsx,9.72400856018
ECHO,3456,greedy,20260827,I93,93,N20_K2_M12_I93.xlsx,12.6174297333
ECHO,3456,greedy,20260827,I94,94,N20_K2_M12_I94.xlsx,10.4990272522
ECHO,3456,greedy,20260827,I95,95,N20_K2_M12_I95.xlsx,10.7152681351
ECHO,3456,greedy,20260827,I96,96,N20_K2_M12_I96.xlsx,11.2068109512
ECHO,3456,greedy,20260827,I97,97,N20_K2_M12_I97.xlsx,11.8389348984
ECHO,3456,greedy,20260827,I98,98,N20_K2_M12_I98.xlsx,10.1936483383
ECHO,3456,greedy,20260827,I99,99,N20_K2_M12_I99.xlsx,10.9249343872
ECHO,3456,greedy,20260827,I100,100,N20_K2_M12_I100.xlsx,11.9512138367
ECHO,3456,sample1280,20260827,I1,1,N20_K2_M12_I1.xlsx,11.0897369385
ECHO,3456,sample1280,20260827,I2,2,N20_K2_M12_I2.xlsx,11.0925893784
ECHO,3456,sample1280,20260827,I3,3,N20_K2_M12_I3.xlsx,10.2043399811
ECHO,3456,sample1280,20260827,I4,4,N20_K2_M12_I4.xlsx,8.69135761261
ECHO,3456,sample1280,20260827,I5,5,N20_K2_M12_I5.xlsx,9.77170562744
ECHO,3456,sample1280,20260827,I6,6,N20_K2_M12_I6.xlsx,12.1578321457
ECHO,3456,sample1280,20260827,I7,7,N20_K2_M12_I7.xlsx,12.4456968307
ECHO,3456,sample1280,20260827,I8,8,N20_K2_M12_I8.xlsx,11.7164316177
ECHO,3456,sample1280,20260827,I9,9,N20_K2_M12_I9.xlsx,10.3889064789
ECHO,3456,sample1280,20260827,I10,10,N20_K2_M12_I10.xlsx,11.0727758408
ECHO,3456,sample1280,20260827,I11,11,N20_K2_M12_I11.xlsx,11.205329895
ECHO,3456,sample1280,20260827,I12,12,N20_K2_M12_I12.xlsx,7.71275568008
ECHO,3456,sample1280,20260827,I13,13,N20_K2_M12_I13.xlsx,10.5841445923
ECHO,3456,sample1280,20260827,I14,14,N20_K2_M12_I14.xlsx,8.81020545959
ECHO,3456,sample1280,20260827,I15,15,N20_K2_M12_I15.xlsx,9.7337808609
ECHO,3456,sample1280,20260827,I16,16,N20_K2_M12_I16.xlsx,11.0489702225
ECHO,3456,sample1280,20260827,I17,17,N20_K2_M12_I17.xlsx,10.3304834366
ECHO,3456,sample1280,20260827,I18,18,N20_K2_M12_I18.xlsx,10.6264820099
ECHO,3456,sample1280,20260827,I19,19,N20_K2_M12_I19.xlsx,10.0543222427
ECHO,3456,sample1280,20260827,I20,20,N20_K2_M12_I20.xlsx,11.1770162582
ECHO,3456,sample1280,20260827,I21,21,N20_K2_M12_I21.xlsx,11.4468593597
ECHO,3456,sample1280,20260827,I22,22,N20_K2_M12_I22.xlsx,12.0188541412
ECHO,3456,sample1280,20260827,I23,23,N20_K2_M12_I23.xlsx,12.286523819
ECHO,3456,sample1280,20260827,I24,24,N20_K2_M12_I24.xlsx,12.4371900558
ECHO,3456,sample1280,20260827,I25,25,N20_K2_M12_I25.xlsx,9.70495986938
ECHO,3456,sample1280,20260827,I26,26,N20_K2_M12_I26.xlsx,10.9733428955
ECHO,3456,sample1280,20260827,I27,27,N20_K2_M12_I27.xlsx,10.4483184814
ECHO,3456,sample1280,20260827,I28,28,N20_K2_M12_I28.xlsx,11.9682006836
ECHO,3456,sample1280,20260827,I29,29,N20_K2_M12_I29.xlsx,11.5013723373
ECHO,3456,sample1280,20260827,I30,30,N20_K2_M12_I30.xlsx,10.614443779
ECHO,3456,sample1280,20260827,I31,31,N20_K2_M12_I31.xlsx,8.26070308685
ECHO,3456,sample1280,20260827,I32,32,N20_K2_M12_I32.xlsx,7.9708032608
ECHO,3456,sample1280,20260827,I33,33,N20_K2_M12_I33.xlsx,9.18126678467
ECHO,3456,sample1280,20260827,I34,34,N20_K2_M12_I34.xlsx,11.4676580429
ECHO,3456,sample1280,20260827,I35,35,N20_K2_M12_I35.xlsx,11.9441299438
ECHO,3456,sample1280,20260827,I36,36,N20_K2_M12_I36.xlsx,9.58650970459
ECHO,3456,sample1280,20260827,I37,37,N20_K2_M12_I37.xlsx,12.3146314621
ECHO,3456,sample1280,20260827,I38,38,N20_K2_M12_I38.xlsx,9.7654132843
ECHO,3456,sample1280,20260827,I39,39,N20_K2_M12_I39.xlsx,12.1108398438
ECHO,3456,sample1280,20260827,I40,40,N20_K2_M12_I40.xlsx,10.5938053131
ECHO,3456,sample1280,20260827,I41,41,N20_K2_M12_I41.xlsx,10.4289646149
ECHO,3456,sample1280,20260827,I42,42,N20_K2_M12_I42.xlsx,11.1996679306
ECHO,3456,sample1280,20260827,I43,43,N20_K2_M12_I43.xlsx,9.25305652618
ECHO,3456,sample1280,20260827,I44,44,N20_K2_M12_I44.xlsx,11.6565952301
ECHO,3456,sample1280,20260827,I45,45,N20_K2_M12_I45.xlsx,10.971944809
ECHO,3456,sample1280,20260827,I46,46,N20_K2_M12_I46.xlsx,7.83493995667
ECHO,3456,sample1280,20260827,I47,47,N20_K2_M12_I47.xlsx,9.8945980072
ECHO,3456,sample1280,20260827,I48,48,N20_K2_M12_I48.xlsx,9.50595378876
ECHO,3456,sample1280,20260827,I49,49,N20_K2_M12_I49.xlsx,10.2243671417
ECHO,3456,sample1280,20260827,I50,50,N20_K2_M12_I50.xlsx,12.160451889
ECHO,3456,sample1280,20260827,I51,51,N20_K2_M12_I51.xlsx,11.3396139145
ECHO,3456,sample1280,20260827,I52,52,N20_K2_M12_I52.xlsx,10.3663454056
ECHO,3456,sample1280,20260827,I53,53,N20_K2_M12_I53.xlsx,10.6243963242
ECHO,3456,sample1280,20260827,I54,54,N20_K2_M12_I54.xlsx,9.74033164978
ECHO,3456,sample1280,20260827,I55,55,N20_K2_M12_I55.xlsx,11.9239110947
ECHO,3456,sample1280,20260827,I56,56,N20_K2_M12_I56.xlsx,12.1136064529
ECHO,3456,sample1280,20260827,I57,57,N20_K2_M12_I57.xlsx,11.7381057739
ECHO,3456,sample1280,20260827,I58,58,N20_K2_M12_I58.xlsx,9.13652992249
ECHO,3456,sample1280,20260827,I59,59,N20_K2_M12_I59.xlsx,9.42188358307
ECHO,3456,sample1280,20260827,I60,60,N20_K2_M12_I60.xlsx,9.84443473816
ECHO,3456,sample1280,20260827,I61,61,N20_K2_M12_I61.xlsx,10.6711149216
ECHO,3456,sample1280,20260827,I62,62,N20_K2_M12_I62.xlsx,9.66125106812
ECHO,3456,sample1280,20260827,I63,63,N20_K2_M12_I63.xlsx,10.5062961578
ECHO,3456,sample1280,20260827,I64,64,N20_K2_M12_I64.xlsx,9.76429271698
ECHO,3456,sample1280,20260827,I65,65,N20_K2_M12_I65.xlsx,12.5231714249
ECHO,3456,sample1280,20260827,I66,66,N20_K2_M12_I66.xlsx,10.6395397186
ECHO,3456,sample1280,20260827,I67,67,N20_K2_M12_I67.xlsx,10.1244325638
ECHO,3456,sample1280,20260827,I68,68,N20_K2_M12_I68.xlsx,10.5004558563
ECHO,3456,sample1280,20260827,I69,69,N20_K2_M12_I69.xlsx,10.8358621597
ECHO,3456,sample1280,20260827,I70,70,N20_K2_M12_I70.xlsx,10.6170654297
ECHO,3456,sample1280,20260827,I71,71,N20_K2_M12_I71.xlsx,11.990237236
ECHO,3456,sample1280,20260827,I72,72,N20_K2_M12_I72.xlsx,11.0278434753
ECHO,3456,sample1280,20260827,I73,73,N20_K2_M12_I73.xlsx,9.68692398071
ECHO,3456,sample1280,20260827,I74,74,N20_K2_M12_I74.xlsx,10.7871656418
ECHO,3456,sample1280,20260827,I75,75,N20_K2_M12_I75.xlsx,9.71096992493
ECHO,3456,sample1280,20260827,I76,76,N20_K2_M12_I76.xlsx,12.1138429642
ECHO,3456,sample1280,20260827,I77,77,N20_K2_M12_I77.xlsx,9.77209568024
ECHO,3456,sample1280,20260827,I78,78,N20_K2_M12_I78.xlsx,9.41983413696
ECHO,3456,sample1280,20260827,I79,79,N20_K2_M12_I79.xlsx,11.3182315826
ECHO,3456,sample1280,20260827,I80,80,N20_K2_M12_I80.xlsx,10.849779129
ECHO,3456,sample1280,20260827,I81,81,N20_K2_M12_I81.xlsx,11.262342453
ECHO,3456,sample1280,20260827,I82,82,N20_K2_M12_I82.xlsx,9.98759269714
ECHO,3456,sample1280,20260827,I83,83,N20_K2_M12_I83.xlsx,10.7573986053
ECHO,3456,sample1280,20260827,I84,84,N20_K2_M12_I84.xlsx,9.8447599411
ECHO,3456,sample1280,20260827,I85,85,N20_K2_M12_I85.xlsx,11.9512901306
ECHO,3456,sample1280,20260827,I86,86,N20_K2_M12_I86.xlsx,10.4760379791
ECHO,3456,sample1280,20260827,I87,87,N20_K2_M12_I87.xlsx,9.58890628815
ECHO,3456,sample1280,20260827,I88,88,N20_K2_M12_I88.xlsx,9.58192825317
ECHO,3456,sample1280,20260827,I89,89,N20_K2_M12_I89.xlsx,11.1213092804
ECHO,3456,sample1280,20260827,I90,90,N20_K2_M12_I90.xlsx,11.4328203201
ECHO,3456,sample1280,20260827,I91,91,N20_K2_M12_I91.xlsx,10.3868217468
ECHO,3456,sample1280,20260827,I92,92,N20_K2_M12_I92.xlsx,8.57807064056
ECHO,3456,sample1280,20260827,I93,93,N20_K2_M12_I93.xlsx,10.1711063385
ECHO,3456,sample1280,20260827,I94,94,N20_K2_M12_I94.xlsx,9.88298225403
ECHO,3456,sample1280,20260827,I95,95,N20_K2_M12_I95.xlsx,9.85437774658
ECHO,3456,sample1280,20260827,I96,96,N20_K2_M12_I96.xlsx,10.1348152161
ECHO,3456,sample1280,20260827,I97,97,N20_K2_M12_I97.xlsx,10.8041973114
ECHO,3456,sample1280,20260827,I98,98,N20_K2_M12_I98.xlsx,9.26863098145
ECHO,3456,sample1280,20260827,I99,99,N20_K2_M12_I99.xlsx,10.4705972672
ECHO,3456,sample1280,20260827,I100,100,N20_K2_M12_I100.xlsx,10.6953125
HDRL,1234,greedy,20260827,I1,1,N20_K2_M12_I1.xlsx,12.0880260468
HDRL,1234,greedy,20260827,I2,2,N20_K2_M12_I2.xlsx,11.2963962555
HDRL,1234,greedy,20260827,I3,3,N20_K2_M12_I3.xlsx,11.1785097122
HDRL,1234,greedy,20260827,I4,4,N20_K2_M12_I4.xlsx,9.1099691391
HDRL,1234,greedy,20260827,I5,5,N20_K2_M12_I5.xlsx,10.2259502411
HDRL,1234,greedy,20260827,I6,6,N20_K2_M12_I6.xlsx,12.2229213715
HDRL,1234,greedy,20260827,I7,7,N20_K2_M12_I7.xlsx,13.8427562714
HDRL,1234,greedy,20260827,I8,8,N20_K2_M12_I8.xlsx,12.1821937561
HDRL,1234,greedy,20260827,I9,9,N20_K2_M12_I9.xlsx,12.4752397537
HDRL,1234,greedy,20260827,I10,10,N20_K2_M12_I10.xlsx,11.17719841
HDRL,1234,greedy,20260827,I11,11,N20_K2_M12_I11.xlsx,11.7528018951
HDRL,1234,greedy,20260827,I12,12,N20_K2_M12_I12.xlsx,7.71363973618
HDRL,1234,greedy,20260827,I13,13,N20_K2_M12_I13.xlsx,11.7486362457
HDRL,1234,greedy,20260827,I14,14,N20_K2_M12_I14.xlsx,10.2547006607
HDRL,1234,greedy,20260827,I15,15,N20_K2_M12_I15.xlsx,11.137052536
HDRL,1234,greedy,20260827,I16,16,N20_K2_M12_I16.xlsx,10.7852573395
HDRL,1234,greedy,20260827,I17,17,N20_K2_M12_I17.xlsx,10.9266605377
HDRL,1234,greedy,20260827,I18,18,N20_K2_M12_I18.xlsx,11.0984668732
HDRL,1234,greedy,20260827,I19,19,N20_K2_M12_I19.xlsx,9.85771560669
HDRL,1234,greedy,20260827,I20,20,N20_K2_M12_I20.xlsx,12.2755613327
HDRL,1234,greedy,20260827,I21,21,N20_K2_M12_I21.xlsx,13.128279686
HDRL,1234,greedy,20260827,I22,22,N20_K2_M12_I22.xlsx,11.682059288
HDRL,1234,greedy,20260827,I23,23,N20_K2_M12_I23.xlsx,12.7231492996
HDRL,1234,greedy,20260827,I24,24,N20_K2_M12_I24.xlsx,13.2426395416
HDRL,1234,greedy,20260827,I25,25,N20_K2_M12_I25.xlsx,9.60085105896
HDRL,1234,greedy,20260827,I26,26,N20_K2_M12_I26.xlsx,11.8524360657
HDRL,1234,greedy,20260827,I27,27,N20_K2_M12_I27.xlsx,10.3086452484
HDRL,1234,greedy,20260827,I28,28,N20_K2_M12_I28.xlsx,13.1691255569
HDRL,1234,greedy,20260827,I29,29,N20_K2_M12_I29.xlsx,13.0452041626
HDRL,1234,greedy,20260827,I30,30,N20_K2_M12_I30.xlsx,11.2157888412
HDRL,1234,greedy,20260827,I31,31,N20_K2_M12_I31.xlsx,8.85125160217
HDRL,1234,greedy,20260827,I32,32,N20_K2_M12_I32.xlsx,7.95216369629
HDRL,1234,greedy,20260827,I33,33,N20_K2_M12_I33.xlsx,9.1540517807
HDRL,1234,greedy,20260827,I34,34,N20_K2_M12_I34.xlsx,11.5843935013
HDRL,1234,greedy,20260827,I35,35,N20_K2_M12_I35.xlsx,13.0270528793
HDRL,1234,greedy,20260827,I36,36,N20_K2_M12_I36.xlsx,10.3525533676
HDRL,1234,greedy,20260827,I37,37,N20_K2_M12_I37.xlsx,13.047246933
HDRL,1234,greedy,20260827,I38,38,N20_K2_M12_I38.xlsx,10.0121526718
HDRL,1234,greedy,20260827,I39,39,N20_K2_M12_I39.xlsx,12.9155569077
HDRL,1234,greedy,20260827,I40,40,N20_K2_M12_I40.xlsx,11.8867807388
HDRL,1234,greedy,20260827,I41,41,N20_K2_M12_I41.xlsx,10.7396869659
HDRL,1234,greedy,20260827,I42,42,N20_K2_M12_I42.xlsx,12.8235054016
HDRL,1234,greedy,20260827,I43,43,N20_K2_M12_I43.xlsx,9.69993782043
HDRL,1234,greedy,20260827,I44,44,N20_K2_M12_I44.xlsx,11.9258384705
HDRL,1234,greedy,20260827,I45,45,N20_K2_M12_I45.xlsx,13.0325756073
HDRL,1234,greedy,20260827,I46,46,N20_K2_M12_I46.xlsx,8.00554466248
HDRL,1234,greedy,20260827,I47,47,N20_K2_M12_I47.xlsx,10.4185314178
HDRL,1234,greedy,20260827,I48,48,N20_K2_M12_I48.xlsx,10.1104679108
HDRL,1234,greedy,20260827,I49,49,N20_K2_M12_I49.xlsx,10.4363422394
HDRL,1234,greedy,20260827,I50,50,N20_K2_M12_I50.xlsx,12.9812068939
HDRL,1234,greedy,20260827,I51,51,N20_K2_M12_I51.xlsx,12.1099596024
HDRL,1234,greedy,20260827,I52,52,N20_K2_M12_I52.xlsx,11.8504228592
HDRL,1234,greedy,20260827,I53,53,N20_K2_M12_I53.xlsx,11.2647218704
HDRL,1234,greedy,20260827,I54,54,N20_K2_M12_I54.xlsx,9.96237564087
HDRL,1234,greedy,20260827,I55,55,N20_K2_M12_I55.xlsx,12.7082233429
HDRL,1234,greedy,20260827,I56,56,N20_K2_M12_I56.xlsx,13.171877861
HDRL,1234,greedy,20260827,I57,57,N20_K2_M12_I57.xlsx,12.117898941
HDRL,1234,greedy,20260827,I58,58,N20_K2_M12_I58.xlsx,9.30923748016
HDRL,1234,greedy,20260827,I59,59,N20_K2_M12_I59.xlsx,10.2299938202
HDRL,1234,greedy,20260827,I60,60,N20_K2_M12_I60.xlsx,12.3699169159
HDRL,1234,greedy,20260827,I61,61,N20_K2_M12_I61.xlsx,11.0570526123
HDRL,1234,greedy,20260827,I62,62,N20_K2_M12_I62.xlsx,9.33512210846
HDRL,1234,greedy,20260827,I63,63,N20_K2_M12_I63.xlsx,10.7581882477
HDRL,1234,greedy,20260827,I64,64,N20_K2_M12_I64.xlsx,10.2005720139
HDRL,1234,greedy,20260827,I65,65,N20_K2_M12_I65.xlsx,13.3118686676
HDRL,1234,greedy,20260827,I66,66,N20_K2_M12_I66.xlsx,11.0298213959
HDRL,1234,greedy,20260827,I67,67,N20_K2_M12_I67.xlsx,10.8195877075
HDRL,1234,greedy,20260827,I68,68,N20_K2_M12_I68.xlsx,11.0643997192
HDRL,1234,greedy,20260827,I69,69,N20_K2_M12_I69.xlsx,11.0731582642
HDRL,1234,greedy,20260827,I70,70,N20_K2_M12_I70.xlsx,10.9969654083
HDRL,1234,greedy,20260827,I71,71,N20_K2_M12_I71.xlsx,12.2689781189
HDRL,1234,greedy,20260827,I72,72,N20_K2_M12_I72.xlsx,10.6418485641
HDRL,1234,greedy,20260827,I73,73,N20_K2_M12_I73.xlsx,10.5923023224
HDRL,1234,greedy,20260827,I74,74,N20_K2_M12_I74.xlsx,10.5310573578
HDRL,1234,greedy,20260827,I75,75,N20_K2_M12_I75.xlsx,9.97734069824
HDRL,1234,greedy,20260827,I76,76,N20_K2_M12_I76.xlsx,12.37687397
HDRL,1234,greedy,20260827,I77,77,N20_K2_M12_I77.xlsx,10.4749860764
HDRL,1234,greedy,20260827,I78,78,N20_K2_M12_I78.xlsx,9.76204967499
HDRL,1234,greedy,20260827,I79,79,N20_K2_M12_I79.xlsx,11.7073993683
HDRL,1234,greedy,20260827,I80,80,N20_K2_M12_I80.xlsx,11.1800394058
HDRL,1234,greedy,20260827,I81,81,N20_K2_M12_I81.xlsx,11.6111736298
HDRL,1234,greedy,20260827,I82,82,N20_K2_M12_I82.xlsx,12.3399839401
HDRL,1234,greedy,20260827,I83,83,N20_K2_M12_I83.xlsx,11.5936927795
HDRL,1234,greedy,20260827,I84,84,N20_K2_M12_I84.xlsx,10.0485506058
HDRL,1234,greedy,20260827,I85,85,N20_K2_M12_I85.xlsx,13.1163349152
HDRL,1234,greedy,20260827,I86,86,N20_K2_M12_I86.xlsx,10.3435945511
HDRL,1234,greedy,20260827,I87,87,N20_K2_M12_I87.xlsx,9.96488380432
HDRL,1234,greedy,20260827,I88,88,N20_K2_M12_I88.xlsx,9.94859409332
HDRL,1234,greedy,20260827,I89,89,N20_K2_M12_I89.xlsx,10.8988828659
HDRL,1234,greedy,20260827,I90,90,N20_K2_M12_I90.xlsx,12.3260774612
HDRL,1234,greedy,20260827,I91,91,N20_K2_M12_I91.xlsx,11.1694974899
HDRL,1234,greedy,20260827,I92,92,N20_K2_M12_I92.xlsx,9.32371997833
HDRL,1234,greedy,20260827,I93,93,N20_K2_M12_I93.xlsx,11.0755472183
HDRL,1234,greedy,20260827,I94,94,N20_K2_M12_I94.xlsx,13.8280076981
HDRL,1234,greedy,20260827,I95,95,N20_K2_M12_I95.xlsx,10.0454816818
HDRL,1234,greedy,20260827,I96,96,N20_K2_M12_I96.xlsx,10.6426200867
HDRL,1234,greedy,20260827,I97,97,N20_K2_M12_I97.xlsx,11.4185743332
HDRL,1234,greedy,20260827,I98,98,N20_K2_M12_I98.xlsx,9.51660060883
HDRL,1234,greedy,20260827,I99,99,N20_K2_M12_I99.xlsx,10.4154052734
HDRL,1234,greedy,20260827,I100,100,N20_K2_M12_I100.xlsx,12.0358810425
HDRL,1234,sample1280,20260827,I1,1,N20_K2_M12_I1.xlsx,10.8148984909
HDRL,1234,sample1280,20260827,I2,2,N20_K2_M12_I2.xlsx,10.7741966248
HDRL,1234,sample1280,20260827,I3,3,N20_K2_M12_I3.xlsx,9.76013183594
HDRL,1234,sample1280,20260827,I4,4,N20_K2_M12_I4.xlsx,8.75302696228
HDRL,1234,sample1280,20260827,I5,5,N20_K2_M12_I5.xlsx,9.48080444336
HDRL,1234,sample1280,20260827,I6,6,N20_K2_M12_I6.xlsx,11.3417739868
HDRL,1234,sample1280,20260827,I7,7,N20_K2_M12_I7.xlsx,12.4317493439
HDRL,1234,sample1280,20260827,I8,8,N20_K2_M12_I8.xlsx,11.4464559555
HDRL,1234,sample1280,20260827,I9,9,N20_K2_M12_I9.xlsx,10.5786266327
HDRL,1234,sample1280,20260827,I10,10,N20_K2_M12_I10.xlsx,10.6009759903
HDRL,1234,sample1280,20260827,I11,11,N20_K2_M12_I11.xlsx,11.0775060654
HDRL,1234,sample1280,20260827,I12,12,N20_K2_M12_I12.xlsx,7.23102760315
HDRL,1234,sample1280,20260827,I13,13,N20_K2_M12_I13.xlsx,10.5187778473
HDRL,1234,sample1280,20260827,I14,14,N20_K2_M12_I14.xlsx,8.86108016968
HDRL,1234,sample1280,20260827,I15,15,N20_K2_M12_I15.xlsx,9.43792915344
HDRL,1234,sample1280,20260827,I16,16,N20_K2_M12_I16.xlsx,10.3682193756
HDRL,1234,sample1280,20260827,I17,17,N20_K2_M12_I17.xlsx,10.3679361343
HDRL,1234,sample1280,20260827,I18,18,N20_K2_M12_I18.xlsx,10.79180336
HDRL,1234,sample1280,20260827,I19,19,N20_K2_M12_I19.xlsx,9.83918762207
HDRL,1234,sample1280,20260827,I20,20,N20_K2_M12_I20.xlsx,10.9507198334
HDRL,1234,sample1280,20260827,I21,21,N20_K2_M12_I21.xlsx,11.8293304443
HDRL,1234,sample1280,20260827,I22,22,N20_K2_M12_I22.xlsx,11.0864973068
HDRL,1234,sample1280,20260827,I23,23,N20_K2_M12_I23.xlsx,12.2418498993
HDRL,1234,sample1280,20260827,I24,24,N20_K2_M12_I24.xlsx,12.1719474792
HDRL,1234,sample1280,20260827,I25,25,N20_K2_M12_I25.xlsx,9.42129421234
HDRL,1234,sample1280,20260827,I26,26,N20_K2_M12_I26.xlsx,11.1155223846
HDRL,1234,sample1280,20260827,I27,27,N20_K2_M12_I27.xlsx,9.98620414734
HDRL,1234,sample1280,20260827,I28,28,N20_K2_M12_I28.xlsx,11.8271808624
HDRL,1234,sample1280,20260827,I29,29,N20_K2_M12_I29.xlsx,11.1958227158
HDRL,1234,sample1280,20260827,I30,30,N20_K2_M12_I30.xlsx,10.1906547546
HDRL,1234,sample1280,20260827,I31,31,N20_K2_M12_I31.xlsx,8.41484069824
HDRL,1234,sample1280,20260827,I32,32,N20_K2_M12_I32.xlsx,7.7825088501
HDRL,1234,sample1280,20260827,I33,33,N20_K2_M12_I33.xlsx,8.91283226013
HDRL,1234,sample1280,20260827,I34,34,N20_K2_M12_I34.xlsx,10.9851226807
HDRL,1234,sample1280,20260827,I35,35,N20_K2_M12_I35.xlsx,12.3742980957
HDRL,1234,sample1280,20260827,I36,36,N20_K2_M12_I36.xlsx,9.43699073792
HDRL,1234,sample1280,20260827,I37,37,N20_K2_M12_I37.xlsx,12.4346399307
HDRL,1234,sample1280,20260827,I38,38,N20_K2_M12_I38.xlsx,9.59040927887
HDRL,1234,sample1280,20260827,I39,39,N20_K2_M12_I39.xlsx,11.4797782898
HDRL,1234,sample1280,20260827,I40,40,N20_K2_M12_I40.xlsx,10.5578165054
HDRL,1234,sample1280,20260827,I41,41,N20_K2_M12_I41.xlsx,10.411277771
HDRL,1234,sample1280,20260827,I42,42,N20_K2_M12_I42.xlsx,11.8794565201
HDRL,1234,sample1280,20260827,I43,43,N20_K2_M12_I43.xlsx,9.11564826965
HDRL,1234,sample1280,20260827,I44,44,N20_K2_M12_I44.xlsx,11.4579257965
HDRL,1234,sample1280,20260827,I45,45,N20_K2_M12_I45.xlsx,11.0347776413
HDRL,1234,sample1280,20260827,I46,46,N20_K2_M12_I46.xlsx,7.81680297852
HDRL,1234,sample1280,20260827,I47,47,N20_K2_M12_I47.xlsx,9.73509693146
HDRL,1234,sample1280,20260827,I48,48,N20_K2_M12_I48.xlsx,9.20147705078
HDRL,1234,sample1280,20260827,I49,49,N20_K2_M12_I49.xlsx,9.70552062988
HDRL,1234,sample1280,20260827,I50,50,N20_K2_M12_I50.xlsx,12.1533107758
HDRL,1234,sample1280,20260827,I51,51,N20_K2_M12_I51.xlsx,11.0391559601
HDRL,1234,sample1280,20260827,I52,52,N20_K2_M12_I52.xlsx,11.0188598633
HDRL,1234,sample1280,20260827,I53,53,N20_K2_M12_I53.xlsx,10.6120471954
HDRL,1234,sample1280,20260827,I54,54,N20_K2_M12_I54.xlsx,9.70100784302
HDRL,1234,sample1280,20260827,I55,55,N20_K2_M12_I55.xlsx,11.6274204254
HDRL,1234,sample1280,20260827,I56,56,N20_K2_M12_I56.xlsx,12.1717710495
HDRL,1234,sample1280,20260827,I57,57,N20_K2_M12_I57.xlsx,11.448928833
HDRL,1234,sample1280,20260827,I58,58,N20_K2_M12_I58.xlsx,8.93909168243
HDRL,1234,sample1280,20260827,I59,59,N20_K2_M12_I59.xlsx,9.26570892334
HDRL,1234,sample1280,20260827,I60,60,N20_K2_M12_I60.xlsx,9.5751285553
HDRL,1234,sample1280,20260827,I61,61,N20_K2_M12_I61.xlsx,10.607837677
HDRL,1234,sample1280,20260827,I62,62,N20_K2_M12_I62.xlsx,8.91461753845
HDRL,1234,sample1280,20260827,I63,63,N20_K2_M12_I63.xlsx,10.3456287384
HDRL,1234,sample1280,20260827,I64,64,N20_K2_M12_I64.xlsx,9.99493789673
HDRL,1234,sample1280,20260827,I65,65,N20_K2_M12_I65.xlsx,12.6630582809
HDRL,1234,sample1280,20260827,I66,66,N20_K2_M12_I66.xlsx,10.3657741547
HDRL,1234,sample1280,20260827,I67,67,N20_K2_M12_I67.xlsx,9.93332290649
HDRL,1234,sample1280,20260827,I68,68,N20_K2_M12_I68.xlsx,10.0359420776
HDRL,1234,sample1280,20260827,I69,69,N20_K2_M12_I69.xlsx,10.7832584381
HDRL,1234,sample1280,20260827,I70,70,N20_K2_M12_I70.xlsx,10.172205925
HDRL,1234,sample1280,20260827,I71,71,N20_K2_M12_I71.xlsx,11.9404087067
HDRL,1234,sample1280,20260827,I72,72,N20_K2_M12_I72.xlsx,10.5143051147
HDRL,1234,sample1280,20260827,I73,73,N20_K2_M12_I73.xlsx,9.40225315094
HDRL,1234,sample1280,20260827,I74,74,N20_K2_M12_I74.xlsx,10.502746582
HDRL,1234,sample1280,20260827,I75,75,N20_K2_M12_I75.xlsx,9.42391777039
HDRL,1234,sample1280,20260827,I76,76,N20_K2_M12_I76.xlsx,11.7569026947
HDRL,1234,sample1280,20260827,I77,77,N20_K2_M12_I77.xlsx,9.94013977051
HDRL,1234,sample1280,20260827,I78,78,N20_K2_M12_I78.xlsx,9.58832263947
HDRL,1234,sample1280,20260827,I79,79,N20_K2_M12_I79.xlsx,11.1644916534
HDRL,1234,sample1280,20260827,I80,80,N20_K2_M12_I80.xlsx,10.6347780228
HDRL,1234,sample1280,20260827,I81,81,N20_K2_M12_I81.xlsx,10.4899845123
HDRL,1234,sample1280,20260827,I82,82,N20_K2_M12_I82.xlsx,9.96292495728
HDRL,1234,sample1280,20260827,I83,83,N20_K2_M12_I83.xlsx,10.6091098785
HDRL,1234,sample1280,20260827,I84,84,N20_K2_M12_I84.xlsx,9.91873550415
HDRL,1234,sample1280,20260827,I85,85,N20_K2_M12_I85.xlsx,11.6340065002
HDRL,1234,sample1280,20260827,I86,86,N20_K2_M12_I86.xlsx,10.1574659348
HDRL,1234,sample1280,20260827,I87,87,N20_K2_M12_I87.xlsx,9.23789787292
HDRL,1234,sample1280,20260827,I88,88,N20_K2_M12_I88.xlsx,9.39445972443
HDRL,1234,sample1280,20260827,I89,89,N20_K2_M12_I89.xlsx,10.6389884949
HDRL,1234,sample1280,20260827,I90,90,N20_K2_M12_I90.xlsx,10.985663414
HDRL,1234,sample1280,20260827,I91,91,N20_K2_M12_I91.xlsx,10.63667202
HDRL,1234,sample1280,20260827,I92,92,N20_K2_M12_I92.xlsx,8.80004787445
HDRL,1234,sample1280,20260827,I93,93,N20_K2_M12_I93.xlsx,10.1442689896
HDRL,1234,sample1280,20260827,I94,94,N20_K2_M12_I94.xlsx,9.63469409943
HDRL,1234,sample1280,20260827,I95,95,N20_K2_M12_I95.xlsx,9.84796237946
HDRL,1234,sample1280,20260827,I96,96,N20_K2_M12_I96.xlsx,9.92655563354
HDRL,1234,sample1280,20260827,I97,97,N20_K2_M12_I97.xlsx,10.4504776001
HDRL,1234,sample1280,20260827,I98,98,N20_K2_M12_I98.xlsx,9.0707244873
HDRL,1234,sample1280,20260827,I99,99,N20_K2_M12_I99.xlsx,10.2897844315
HDRL,1234,sample1280,20260827,I100,100,N20_K2_M12_I100.xlsx,9.90114212036
HDRL,2345,greedy,20260827,I1,1,N20_K2_M12_I1.xlsx,11.4683942795
HDRL,2345,greedy,20260827,I2,2,N20_K2_M12_I2.xlsx,12.3401355743
HDRL,2345,greedy,20260827,I3,3,N20_K2_M12_I3.xlsx,10.1020793915
HDRL,2345,greedy,20260827,I4,4,N20_K2_M12_I4.xlsx,9.35018157959
HDRL,2345,greedy,20260827,I5,5,N20_K2_M12_I5.xlsx,11.0362491608
HDRL,2345,greedy,20260827,I6,6,N20_K2_M12_I6.xlsx,11.6878681183
HDRL,2345,greedy,20260827,I7,7,N20_K2_M12_I7.xlsx,12.9770689011
HDRL,2345,greedy,20260827,I8,8,N20_K2_M12_I8.xlsx,12.6182851791
HDRL,2345,greedy,20260827,I9,9,N20_K2_M12_I9.xlsx,11.3504562378
HDRL,2345,greedy,20260827,I10,10,N20_K2_M12_I10.xlsx,11.4083271027
HDRL,2345,greedy,20260827,I11,11,N20_K2_M12_I11.xlsx,11.9383745193
HDRL,2345,greedy,20260827,I12,12,N20_K2_M12_I12.xlsx,7.78857135773
HDRL,2345,greedy,20260827,I13,13,N20_K2_M12_I13.xlsx,11.4947328568
HDRL,2345,greedy,20260827,I14,14,N20_K2_M12_I14.xlsx,9.52347183228
HDRL,2345,greedy,20260827,I15,15,N20_K2_M12_I15.xlsx,10.5515785217
HDRL,2345,greedy,20260827,I16,16,N20_K2_M12_I16.xlsx,11.0516090393
HDRL,2345,greedy,20260827,I17,17,N20_K2_M12_I17.xlsx,12.365152359
HDRL,2345,greedy,20260827,I18,18,N20_K2_M12_I18.xlsx,11.1313858032
HDRL,2345,greedy,20260827,I19,19,N20_K2_M12_I19.xlsx,9.92592811584
HDRL,2345,greedy,20260827,I20,20,N20_K2_M12_I20.xlsx,12.059885025
HDRL,2345,greedy,20260827,I21,21,N20_K2_M12_I21.xlsx,12.9179553986
HDRL,2345,greedy,20260827,I22,22,N20_K2_M12_I22.xlsx,11.9345121384
HDRL,2345,greedy,20260827,I23,23,N20_K2_M12_I23.xlsx,15.3089237213
HDRL,2345,greedy,20260827,I24,24,N20_K2_M12_I24.xlsx,13.855055809
HDRL,2345,greedy,20260827,I25,25,N20_K2_M12_I25.xlsx,11.3056135178
HDRL,2345,greedy,20260827,I26,26,N20_K2_M12_I26.xlsx,11.7522201538
HDRL,2345,greedy,20260827,I27,27,N20_K2_M12_I27.xlsx,10.864988327
HDRL,2345,greedy,20260827,I28,28,N20_K2_M12_I28.xlsx,12.0266571045
HDRL,2345,greedy,20260827,I29,29,N20_K2_M12_I29.xlsx,12.4276418686
HDRL,2345,greedy,20260827,I30,30,N20_K2_M12_I30.xlsx,10.7668886185
HDRL,2345,greedy,20260827,I31,31,N20_K2_M12_I31.xlsx,9.49990081787
HDRL,2345,greedy,20260827,I32,32,N20_K2_M12_I32.xlsx,9.09240245819
HDRL,2345,greedy,20260827,I33,33,N20_K2_M12_I33.xlsx,9.53970718384
HDRL,2345,greedy,20260827,I34,34,N20_K2_M12_I34.xlsx,12.9225940704
HDRL,2345,greedy,20260827,I35,35,N20_K2_M12_I35.xlsx,14.1296539307
HDRL,2345,greedy,20260827,I36,36,N20_K2_M12_I36.xlsx,9.87048339844
HDRL,2345,greedy,20260827,I37,37,N20_K2_M12_I37.xlsx,12.6676549911
HDRL,2345,greedy,20260827,I38,38,N20_K2_M12_I38.xlsx,9.93303108215
HDRL,2345,greedy,20260827,I39,39,N20_K2_M12_I39.xlsx,11.6883649826
HDRL,2345,greedy,20260827,I40,40,N20_K2_M12_I40.xlsx,10.774312973
HDRL,2345,greedy,20260827,I41,41,N20_K2_M12_I41.xlsx,10.7852554321
HDRL,2345,greedy,20260827,I42,42,N20_K2_M12_I42.xlsx,12.1324100494
HDRL,2345,greedy,20260827,I43,43,N20_K2_M12_I43.xlsx,10.3033895493
HDRL,2345,greedy,20260827,I44,44,N20_K2_M12_I44.xlsx,12.1043157578
HDRL,2345,greedy,20260827,I45,45,N20_K2_M12_I45.xlsx,12.2338142395
HDRL,2345,greedy,20260827,I46,46,N20_K2_M12_I46.xlsx,7.86029148102
HDRL,2345,greedy,20260827,I47,47,N20_K2_M12_I47.xlsx,10.8641080856
HDRL,2345,greedy,20260827,I48,48,N20_K2_M12_I48.xlsx,9.9399766922
HDRL,2345,greedy,20260827,I49,49,N20_K2_M12_I49.xlsx,10.4150772095
HDRL,2345,greedy,20260827,I50,50,N20_K2_M12_I50.xlsx,14.2576999664
HDRL,2345,greedy,20260827,I51,51,N20_K2_M12_I51.xlsx,11.4896745682
HDRL,2345,greedy,20260827,I52,52,N20_K2_M12_I52.xlsx,11.0979204178
HDRL,2345,greedy,20260827,I53,53,N20_K2_M12_I53.xlsx,11.4248952866
HDRL,2345,greedy,20260827,I54,54,N20_K2_M12_I54.xlsx,9.93456840515
HDRL,2345,greedy,20260827,I55,55,N20_K2_M12_I55.xlsx,12.1937570572
HDRL,2345,greedy,20260827,I56,56,N20_K2_M12_I56.xlsx,13.2820129395
HDRL,2345,greedy,20260827,I57,57,N20_K2_M12_I57.xlsx,11.9698486328
HDRL,2345,greedy,20260827,I58,58,N20_K2_M12_I58.xlsx,9.3333940506
HDRL,2345,greedy,20260827,I59,59,N20_K2_M12_I59.xlsx,9.98799991608
HDRL,2345,greedy,20260827,I60,60,N20_K2_M12_I60.xlsx,9.99319934845
HDRL,2345,greedy,20260827,I61,61,N20_K2_M12_I61.xlsx,11.5968704224
HDRL,2345,greedy,20260827,I62,62,N20_K2_M12_I62.xlsx,11.2608127594
HDRL,2345,greedy,20260827,I63,63,N20_K2_M12_I63.xlsx,11.4426288605
HDRL,2345,greedy,20260827,I64,64,N20_K2_M12_I64.xlsx,10.2944326401
HDRL,2345,greedy,20260827,I65,65,N20_K2_M12_I65.xlsx,13.8077087402
HDRL,2345,greedy,20260827,I66,66,N20_K2_M12_I66.xlsx,11.1016788483
HDRL,2345,greedy,20260827,I67,67,N20_K2_M12_I67.xlsx,10.7107276917
HDRL,2345,greedy,20260827,I68,68,N20_K2_M12_I68.xlsx,10.7078990936
HDRL,2345,greedy,20260827,I69,69,N20_K2_M12_I69.xlsx,11.3003482819
HDRL,2345,greedy,20260827,I70,70,N20_K2_M12_I70.xlsx,10.9753789902
HDRL,2345,greedy,20260827,I71,71,N20_K2_M12_I71.xlsx,13.4979686737
HDRL,2345,greedy,20260827,I72,72,N20_K2_M12_I72.xlsx,10.3233261108
HDRL,2345,greedy,20260827,I73,73,N20_K2_M12_I73.xlsx,10.4774856567
HDRL,2345,greedy,20260827,I74,74,N20_K2_M12_I74.xlsx,11.2806892395
HDRL,2345,greedy,20260827,I75,75,N20_K2_M12_I75.xlsx,9.82494735718
HDRL,2345,greedy,20260827,I76,76,N20_K2_M12_I76.xlsx,13.1050224304
HDRL,2345,greedy,20260827,I77,77,N20_K2_M12_I77.xlsx,10.9112291336
HDRL,2345,greedy,20260827,I78,78,N20_K2_M12_I78.xlsx,10.3429088593
HDRL,2345,greedy,20260827,I79,79,N20_K2_M12_I79.xlsx,12.3179321289
HDRL,2345,greedy,20260827,I80,80,N20_K2_M12_I80.xlsx,10.6347780228
HDRL,2345,greedy,20260827,I81,81,N20_K2_M12_I81.xlsx,11.4610214233
HDRL,2345,greedy,20260827,I82,82,N20_K2_M12_I82.xlsx,10.9510498047
HDRL,2345,greedy,20260827,I83,83,N20_K2_M12_I83.xlsx,11.0759429932
HDRL,2345,greedy,20260827,I84,84,N20_K2_M12_I84.xlsx,10.8290472031
HDRL,2345,greedy,20260827,I85,85,N20_K2_M12_I85.xlsx,14.2276830673
HDRL,2345,greedy,20260827,I86,86,N20_K2_M12_I86.xlsx,10.2511310577
HDRL,2345,greedy,20260827,I87,87,N20_K2_M12_I87.xlsx,9.66328620911
HDRL,2345,greedy,20260827,I88,88,N20_K2_M12_I88.xlsx,9.57505893707
HDRL,2345,greedy,20260827,I89,89,N20_K2_M12_I89.xlsx,11.8732500076
HDRL,2345,greedy,20260827,I90,90,N20_K2_M12_I90.xlsx,12.49792099
HDRL,2345,greedy,20260827,I91,91,N20_K2_M12_I91.xlsx,11.3366279602
HDRL,2345,greedy,20260827,I92,92,N20_K2_M12_I92.xlsx,10.2225894928
HDRL,2345,greedy,20260827,I93,93,N20_K2_M12_I93.xlsx,11.246011734
HDRL,2345,greedy,20260827,I94,94,N20_K2_M12_I94.xlsx,10.7950019836
HDRL,2345,greedy,20260827,I95,95,N20_K2_M12_I95.xlsx,9.93932247162
HDRL,2345,greedy,20260827,I96,96,N20_K2_M12_I96.xlsx,10.0853843689
HDRL,2345,greedy,20260827,I97,97,N20_K2_M12_I97.xlsx,11.3006591797
HDRL,2345,greedy,20260827,I98,98,N20_K2_M12_I98.xlsx,9.24918937683
HDRL,2345,greedy,20260827,I99,99,N20_K2_M12_I99.xlsx,11.0439491272
HDRL,2345,greedy,20260827,I100,100,N20_K2_M12_I100.xlsx,10.9051399231
HDRL,2345,sample1280,20260827,I1,1,N20_K2_M12_I1.xlsx,10.9222106934
HDRL,2345,sample1280,20260827,I2,2,N20_K2_M12_I2.xlsx,11.0503864288
HDRL,2345,sample1280,20260827,I3,3,N20_K2_M12_I3.xlsx,9.82092475891
HDRL,2345,sample1280,20260827,I4,4,N20_K2_M12_I4.xlsx,8.61563777924
HDRL,2345,sample1280,20260827,I5,5,N20_K2_M12_I5.xlsx,9.86466407776
HDRL,2345,sample1280,20260827,I6,6,N20_K2_M12_I6.xlsx,11.7333374023
HDRL,2345,sample1280,20260827,I7,7,N20_K2_M12_I7.xlsx,12.2385082245
HDRL,2345,sample1280,20260827,I8,8,N20_K2_M12_I8.xlsx,11.7437829971
HDRL,2345,sample1280,20260827,I9,9,N20_K2_M12_I9.xlsx,10.3647480011
HDRL,2345,sample1280,20260827,I10,10,N20_K2_M12_I10.xlsx,10.8480615616
HDRL,2345,sample1280,20260827,I11,11,N20_K2_M12_I11.xlsx,10.9935321808
HDRL,2345,sample1280,20260827,I12,12,N20_K2_M12_I12.xlsx,7.47106170654
HDRL,2345,sample1280,20260827,I13,13,N20_K2_M12_I13.xlsx,11.0298137665
HDRL,2345,sample1280,20260827,I14,14,N20_K2_M12_I14.xlsx,8.71893978119
HDRL,2345,sample1280,20260827,I15,15,N20_K2_M12_I15.xlsx,9.75877761841
HDRL,2345,sample1280,20260827,I16,16,N20_K2_M12_I16.xlsx,10.3682193756
HDRL,2345,sample1280,20260827,I17,17,N20_K2_M12_I17.xlsx,10.2587242126
HDRL,2345,sample1280,20260827,I18,18,N20_K2_M12_I18.xlsx,10.7238264084
HDRL,2345,sample1280,20260827,I19,19,N20_K2_M12_I19.xlsx,9.55666732788
HDRL,2345,sample1280,20260827,I20,20,N20_K2_M12_I20.xlsx,11.4863300323
HDRL,2345,sample1280,20260827,I21,21,N20_K2_M12_I21.xlsx,11.7895517349
HDRL,2345,sample1280,20260827,I22,22,N20_K2_M12_I22.xlsx,11.1142282486
HDRL,2345,sample1280,20260827,I23,23,N20_K2_M12_I23.xlsx,12.2027587891
HDRL,2345,sample1280,20260827,I24,24,N20_K2_M12_I24.xlsx,11.8291959763
HDRL,2345,sample1280,20260827,I25,25,N20_K2_M12_I25.xlsx,9.62606239319
HDRL,2345,sample1280,20260827,I26,26,N20_K2_M12_I26.xlsx,11.000125885
HDRL,2345,sample1280,20260827,I27,27,N20_K2_M12_I27.xlsx,9.95348930359
HDRL,2345,sample1280,20260827,I28,28,N20_K2_M12_I28.xlsx,11.4999475479
HDRL,2345,sample1280,20260827,I29,29,N20_K2_M12_I29.xlsx,11.2341785431
HDRL,2345,sample1280,20260827,I30,30,N20_K2_M12_I30.xlsx,10.0533943176
HDRL,2345,sample1280,20260827,I31,31,N20_K2_M12_I31.xlsx,8.34841156006
HDRL,2345,sample1280,20260827,I32,32,N20_K2_M12_I32.xlsx,8.09296894073
HDRL,2345,sample1280,20260827,I33,33,N20_K2_M12_I33.xlsx,8.96501636505
HDRL,2345,sample1280,20260827,I34,34,N20_K2_M12_I34.xlsx,11.5833044052
HDRL,2345,sample1280,20260827,I35,35,N20_K2_M12_I35.xlsx,12.316742897
HDRL,2345,sample1280,20260827,I36,36,N20_K2_M12_I36.xlsx,9.46409702301
HDRL,2345,sample1280,20260827,I37,37,N20_K2_M12_I37.xlsx,12.3069286346
HDRL,2345,sample1280,20260827,I38,38,N20_K2_M12_I38.xlsx,9.45896530151
HDRL,2345,sample1280,20260827,I39,39,N20_K2_M12_I39.xlsx,11.3846921921
HDRL,2345,sample1280,20260827,I40,40,N20_K2_M12_I40.xlsx,9.88922023773
HDRL,2345,sample1280,20260827,I41,41,N20_K2_M12_I41.xlsx,10.4654941559
HDRL,2345,sample1280,20260827,I42,42,N20_K2_M12_I42.xlsx,11.3626766205
HDRL,2345,sample1280,20260827,I43,43,N20_K2_M12_I43.xlsx,9.03840732574
HDRL,2345,sample1280,20260827,I44,44,N20_K2_M12_I44.xlsx,11.4258232117
HDRL,2345,sample1280,20260827,I45,45,N20_K2_M12_I45.xlsx,11.4841251373
HDRL,2345,sample1280,20260827,I46,46,N20_K2_M12_I46.xlsx,7.69918107986
HDRL,2345,sample1280,20260827,I47,47,N20_K2_M12_I47.xlsx,9.37251281738
HDRL,2345,sample1280,20260827,I48,48,N20_K2_M12_I48.xlsx,9.20157623291
HDRL,2345,sample1280,20260827,I49,49,N20_K2_M12_I49.xlsx,9.98136234283
HDRL,2345,sample1280,20260827,I50,50,N20_K2_M12_I50.xlsx,12.1495056152
HDRL,2345,sample1280,20260827,I51,51,N20_K2_M12_I51.xlsx,11.1974830627
HDRL,2345,sample1280,20260827,I52,52,N20_K2_M12_I52.xlsx,10.4954862595
HDRL,2345,sample1280,20260827,I53,53,N20_K2_M12_I53.xlsx,10.3410367966
HDRL,2345,sample1280,20260827,I54,54,N20_K2_M12_I54.xlsx,9.71504211426
HDRL,2345,sample1280,20260827,I55,55,N20_K2_M12_I55.xlsx,11.6539306641
HDRL,2345,sample1280,20260827,I56,56,N20_K2_M12_I56.xlsx,12.4520788193
HDRL,2345,sample1280,20260827,I57,57,N20_K2_M12_I57.xlsx,11.4980945587
HDRL,2345,sample1280,20260827,I58,58,N20_K2_M12_I58.xlsx,8.89390659332
HDRL,2345,sample1280,20260827,I59,59,N20_K2_M12_I59.xlsx,9.25137519836
HDRL,2345,sample1280,20260827,I60,60,N20_K2_M12_I60.xlsx,9.81122207642
HDRL,2345,sample1280,20260827,I61,61,N20_K2_M12_I61.xlsx,10.8773498535
HDRL,2345,sample1280,20260827,I62,62,N20_K2_M12_I62.xlsx,9.30691146851
HDRL,2345,sample1280,20260827,I63,63,N20_K2_M12_I63.xlsx,10.7538757324
HDRL,2345,sample1280,20260827,I64,64,N20_K2_M12_I64.xlsx,9.7022819519
HDRL,2345,sample1280,20260827,I65,65,N20_K2_M12_I65.xlsx,12.5762138367
HDRL,2345,sample1280,20260827,I66,66,N20_K2_M12_I66.xlsx,10.4396953583
HDRL,2345,sample1280,20260827,I67,67,N20_K2_M12_I67.xlsx,9.93320465088
HDRL,2345,sample1280,20260827,I68,68,N20_K2_M12_I68.xlsx,10.0664224625
HDRL,2345,sample1280,20260827,I69,69,N20_K2_M12_I69.xlsx,10.6798114777
HDRL,2345,sample1280,20260827,I70,70,N20_K2_M12_I70.xlsx,10.4372882843
HDRL,2345,sample1280,20260827,I71,71,N20_K2_M12_I71.xlsx,11.8382205963
HDRL,2345,sample1280,20260827,I72,72,N20_K2_M12_I72.xlsx,10.1957826614
HDRL,2345,sample1280,20260827,I73,73,N20_K2_M12_I73.xlsx,9.55563735962
HDRL,2345,sample1280,20260827,I74,74,N20_K2_M12_I74.xlsx,11.0810031891
HDRL,2345,sample1280,20260827,I75,75,N20_K2_M12_I75.xlsx,9.54649543762
HDRL,2345,sample1280,20260827,I76,76,N20_K2_M12_I76.xlsx,11.7856082916
HDRL,2345,sample1280,20260827,I77,77,N20_K2_M12_I77.xlsx,10.0045404434
HDRL,2345,sample1280,20260827,I78,78,N20_K2_M12_I78.xlsx,9.58832359314
HDRL,2345,sample1280,20260827,I79,79,N20_K2_M12_I79.xlsx,11.0255222321
HDRL,2345,sample1280,20260827,I80,80,N20_K2_M12_I80.xlsx,10.6347780228
HDRL,2345,sample1280,20260827,I81,81,N20_K2_M12_I81.xlsx,10.7910242081
HDRL,2345,sample1280,20260827,I82,82,N20_K2_M12_I82.xlsx,9.91009807587
HDRL,2345,sample1280,20260827,I83,83,N20_K2_M12_I83.xlsx,10.8731575012
HDRL,2345,sample1280,20260827,I84,84,N20_K2_M12_I84.xlsx,10.0939426422
HDRL,2345,sample1280,20260827,I85,85,N20_K2_M12_I85.xlsx,11.7672042847
HDRL,2345,sample1280,20260827,I86,86,N20_K2_M12_I86.xlsx,9.8164730072
HDRL,2345,sample1280,20260827,I87,87,N20_K2_M12_I87.xlsx,9.18119430542
HDRL,2345,sample1280,20260827,I88,88,N20_K2_M12_I88.xlsx,9.12553405762
HDRL,2345,sample1280,20260827,I89,89,N20_K2_M12_I89.xlsx,10.9108810425
HDRL,2345,sample1280,20260827,I90,90,N20_K2_M12_I90.xlsx,11.5313920975
HDRL,2345,sample1280,20260827,I91,91,N20_K2_M12_I91.xlsx,10.5899057388
HDRL,2345,sample1280,20260827,I92,92,N20_K2_M12_I92.xlsx,8.85056877136
HDRL,2345,sample1280,20260827,I93,93,N20_K2_M12_I93.xlsx,9.91113853455
HDRL,2345,sample1280,20260827,I94,94,N20_K2_M12_I94.xlsx,9.64970016479
HDRL,2345,sample1280,20260827,I95,95,N20_K2_M12_I95.xlsx,9.65089988708
HDRL,2345,sample1280,20260827,I96,96,N20_K2_M12_I96.xlsx,9.70514202118
HDRL,2345,sample1280,20260827,I97,97,N20_K2_M12_I97.xlsx,10.4372138977
HDRL,2345,sample1280,20260827,I98,98,N20_K2_M12_I98.xlsx,9.20692443848
HDRL,2345,sample1280,20260827,I99,99,N20_K2_M12_I99.xlsx,10.8501758575
HDRL,2345,sample1280,20260827,I100,100,N20_K2_M12_I100.xlsx,10.5263462067
HDRL,3456,greedy,20260827,I1,1,N20_K2_M12_I1.xlsx,11.6360874176
HDRL,3456,greedy,20260827,I2,2,N20_K2_M12_I2.xlsx,12.1541919708
HDRL,3456,greedy,20260827,I3,3,N20_K2_M12_I3.xlsx,10.9690675735
HDRL,3456,greedy,20260827,I4,4,N20_K2_M12_I4.xlsx,9.38896179199
HDRL,3456,greedy,20260827,I5,5,N20_K2_M12_I5.xlsx,11.3137388229
HDRL,3456,greedy,20260827,I6,6,N20_K2_M12_I6.xlsx,12.7630329132
HDRL,3456,greedy,20260827,I7,7,N20_K2_M12_I7.xlsx,13.1926937103
HDRL,3456,greedy,20260827,I8,8,N20_K2_M12_I8.xlsx,12.4058485031
HDRL,3456,greedy,20260827,I9,9,N20_K2_M12_I9.xlsx,12.2385282516
HDRL,3456,greedy,20260827,I10,10,N20_K2_M12_I10.xlsx,11.0310840607
HDRL,3456,greedy,20260827,I11,11,N20_K2_M12_I11.xlsx,11.6607265472
HDRL,3456,greedy,20260827,I12,12,N20_K2_M12_I12.xlsx,7.66966438293
HDRL,3456,greedy,20260827,I13,13,N20_K2_M12_I13.xlsx,11.9560813904
HDRL,3456,greedy,20260827,I14,14,N20_K2_M12_I14.xlsx,9.39204978943
HDRL,3456,greedy,20260827,I15,15,N20_K2_M12_I15.xlsx,10.4046936035
HDRL,3456,greedy,20260827,I16,16,N20_K2_M12_I16.xlsx,11.2126026154
HDRL,3456,greedy,20260827,I17,17,N20_K2_M12_I17.xlsx,10.1931085587
HDRL,3456,greedy,20260827,I18,18,N20_K2_M12_I18.xlsx,12.778878212
HDRL,3456,greedy,20260827,I19,19,N20_K2_M12_I19.xlsx,10.5067634583
HDRL,3456,greedy,20260827,I20,20,N20_K2_M12_I20.xlsx,11.791975975
HDRL,3456,greedy,20260827,I21,21,N20_K2_M12_I21.xlsx,12.5834989548
HDRL,3456,greedy,20260827,I22,22,N20_K2_M12_I22.xlsx,12.5736198425
HDRL,3456,greedy,20260827,I23,23,N20_K2_M12_I23.xlsx,12.7932090759
HDRL,3456,greedy,20260827,I24,24,N20_K2_M12_I24.xlsx,13.1902160645
HDRL,3456,greedy,20260827,I25,25,N20_K2_M12_I25.xlsx,10.3229598999
HDRL,3456,greedy,20260827,I26,26,N20_K2_M12_I26.xlsx,11.5281295776
HDRL,3456,greedy,20260827,I27,27,N20_K2_M12_I27.xlsx,10.4503917694
HDRL,3456,greedy,20260827,I28,28,N20_K2_M12_I28.xlsx,13.6227970123
HDRL,3456,greedy,20260827,I29,29,N20_K2_M12_I29.xlsx,12.765203476
HDRL,3456,greedy,20260827,I30,30,N20_K2_M12_I30.xlsx,11.4347381592
HDRL,3456,greedy,20260827,I31,31,N20_K2_M12_I31.xlsx,9.46866226196
HDRL,3456,greedy,20260827,I32,32,N20_K2_M12_I32.xlsx,8.47998523712
HDRL,3456,greedy,20260827,I33,33,N20_K2_M12_I33.xlsx,9.93911933899
HDRL,3456,greedy,20260827,I34,34,N20_K2_M12_I34.xlsx,12.4049243927
HDRL,3456,greedy,20260827,I35,35,N20_K2_M12_I35.xlsx,14.4717254639
HDRL,3456,greedy,20260827,I36,36,N20_K2_M12_I36.xlsx,10.2577362061
HDRL,3456,greedy,20260827,I37,37,N20_K2_M12_I37.xlsx,13.200047493
HDRL,3456,greedy,20260827,I38,38,N20_K2_M12_I38.xlsx,10.2116384506
HDRL,3456,greedy,20260827,I39,39,N20_K2_M12_I39.xlsx,11.5455589294
HDRL,3456,greedy,20260827,I40,40,N20_K2_M12_I40.xlsx,10.6986217499
HDRL,3456,greedy,20260827,I41,41,N20_K2_M12_I41.xlsx,10.8301048279
HDRL,3456,greedy,20260827,I42,42,N20_K2_M12_I42.xlsx,11.9784660339
HDRL,3456,greedy,20260827,I43,43,N20_K2_M12_I43.xlsx,10.2373046875
HDRL,3456,greedy,20260827,I44,44,N20_K2_M12_I44.xlsx,11.8967685699
HDRL,3456,greedy,20260827,I45,45,N20_K2_M12_I45.xlsx,11.5502319336
HDRL,3456,greedy,20260827,I46,46,N20_K2_M12_I46.xlsx,7.97857284546
HDRL,3456,greedy,20260827,I47,47,N20_K2_M12_I47.xlsx,10.8326177597
HDRL,3456,greedy,20260827,I48,48,N20_K2_M12_I48.xlsx,10.0421676636
HDRL,3456,greedy,20260827,I49,49,N20_K2_M12_I49.xlsx,10.5611104965
HDRL,3456,greedy,20260827,I50,50,N20_K2_M12_I50.xlsx,13.2450866699
HDRL,3456,greedy,20260827,I51,51,N20_K2_M12_I51.xlsx,12.4287118912
HDRL,3456,greedy,20260827,I52,52,N20_K2_M12_I52.xlsx,11.8665494919
HDRL,3456,greedy,20260827,I53,53,N20_K2_M12_I53.xlsx,11.1015129089
HDRL,3456,greedy,20260827,I54,54,N20_K2_M12_I54.xlsx,9.96964073181
HDRL,3456,greedy,20260827,I55,55,N20_K2_M12_I55.xlsx,13.0287532806
HDRL,3456,greedy,20260827,I56,56,N20_K2_M12_I56.xlsx,13.4900655746
HDRL,3456,greedy,20260827,I57,57,N20_K2_M12_I57.xlsx,12.2446708679
HDRL,3456,greedy,20260827,I58,58,N20_K2_M12_I58.xlsx,9.40136909485
HDRL,3456,greedy,20260827,I59,59,N20_K2_M12_I59.xlsx,10.7373466492
HDRL,3456,greedy,20260827,I60,60,N20_K2_M12_I60.xlsx,11.22706604
HDRL,3456,greedy,20260827,I61,61,N20_K2_M12_I61.xlsx,12.2280960083
HDRL,3456,greedy,20260827,I62,62,N20_K2_M12_I62.xlsx,10.0526599884
HDRL,3456,greedy,20260827,I63,63,N20_K2_M12_I63.xlsx,11.4968833923
HDRL,3456,greedy,20260827,I64,64,N20_K2_M12_I64.xlsx,10.2365837097
HDRL,3456,greedy,20260827,I65,65,N20_K2_M12_I65.xlsx,13.9343605042
HDRL,3456,greedy,20260827,I66,66,N20_K2_M12_I66.xlsx,11.7806043625
HDRL,3456,greedy,20260827,I67,67,N20_K2_M12_I67.xlsx,10.8736400604
HDRL,3456,greedy,20260827,I68,68,N20_K2_M12_I68.xlsx,10.5320930481
HDRL,3456,greedy,20260827,I69,69,N20_K2_M12_I69.xlsx,11.1550559998
HDRL,3456,greedy,20260827,I70,70,N20_K2_M12_I70.xlsx,10.8677415848
HDRL,3456,greedy,20260827,I71,71,N20_K2_M12_I71.xlsx,12.5946750641
HDRL,3456,greedy,20260827,I72,72,N20_K2_M12_I72.xlsx,11.1548233032
HDRL,3456,greedy,20260827,I73,73,N20_K2_M12_I73.xlsx,9.88698482513
HDRL,3456,greedy,20260827,I74,74,N20_K2_M12_I74.xlsx,10.7193412781
HDRL,3456,greedy,20260827,I75,75,N20_K2_M12_I75.xlsx,11.3935213089
HDRL,3456,greedy,20260827,I76,76,N20_K2_M12_I76.xlsx,12.7978811264
HDRL,3456,greedy,20260827,I77,77,N20_K2_M12_I77.xlsx,10.6726074219
HDRL,3456,greedy,20260827,I78,78,N20_K2_M12_I78.xlsx,10.4924135208
HDRL,3456,greedy,20260827,I79,79,N20_K2_M12_I79.xlsx,11.4329032898
HDRL,3456,greedy,20260827,I80,80,N20_K2_M12_I80.xlsx,11.1878108978
HDRL,3456,greedy,20260827,I81,81,N20_K2_M12_I81.xlsx,11.5417098999
HDRL,3456,greedy,20260827,I82,82,N20_K2_M12_I82.xlsx,11.9933624268
HDRL,3456,greedy,20260827,I83,83,N20_K2_M12_I83.xlsx,12.0912017822
HDRL,3456,greedy,20260827,I84,84,N20_K2_M12_I84.xlsx,10.4876270294
HDRL,3456,greedy,20260827,I85,85,N20_K2_M12_I85.xlsx,11.8746566772
HDRL,3456,greedy,20260827,I86,86,N20_K2_M12_I86.xlsx,10.6919345856
HDRL,3456,greedy,20260827,I87,87,N20_K2_M12_I87.xlsx,10.1564674377
HDRL,3456,greedy,20260827,I88,88,N20_K2_M12_I88.xlsx,9.89051818848
HDRL,3456,greedy,20260827,I89,89,N20_K2_M12_I89.xlsx,11.7738704681
HDRL,3456,greedy,20260827,I90,90,N20_K2_M12_I90.xlsx,12.7896490097
HDRL,3456,greedy,20260827,I91,91,N20_K2_M12_I91.xlsx,11.5667629242
HDRL,3456,greedy,20260827,I92,92,N20_K2_M12_I92.xlsx,9.73064231873
HDRL,3456,greedy,20260827,I93,93,N20_K2_M12_I93.xlsx,11.192234993
HDRL,3456,greedy,20260827,I94,94,N20_K2_M12_I94.xlsx,9.39357566833
HDRL,3456,greedy,20260827,I95,95,N20_K2_M12_I95.xlsx,10.1746349335
HDRL,3456,greedy,20260827,I96,96,N20_K2_M12_I96.xlsx,10.999171257
HDRL,3456,greedy,20260827,I97,97,N20_K2_M12_I97.xlsx,11.1162595749
HDRL,3456,greedy,20260827,I98,98,N20_K2_M12_I98.xlsx,9.25761222839
HDRL,3456,greedy,20260827,I99,99,N20_K2_M12_I99.xlsx,11.7358188629
HDRL,3456,greedy,20260827,I100,100,N20_K2_M12_I100.xlsx,12.3444375992
HDRL,3456,sample1280,20260827,I1,1,N20_K2_M12_I1.xlsx,10.8432893753
HDRL,3456,sample1280,20260827,I2,2,N20_K2_M12_I2.xlsx,10.8774166107
HDRL,3456,sample1280,20260827,I3,3,N20_K2_M12_I3.xlsx,9.76013183594
HDRL,3456,sample1280,20260827,I4,4,N20_K2_M12_I4.xlsx,8.64750766754
HDRL,3456,sample1280,20260827,I5,5,N20_K2_M12_I5.xlsx,9.5436258316
HDRL,3456,sample1280,20260827,I6,6,N20_K2_M12_I6.xlsx,11.7023200989
HDRL,3456,sample1280,20260827,I7,7,N20_K2_M12_I7.xlsx,12.2976808548
HDRL,3456,sample1280,20260827,I8,8,N20_K2_M12_I8.xlsx,11.5533418655
HDRL,3456,sample1280,20260827,I9,9,N20_K2_M12_I9.xlsx,10.5388813019
HDRL,3456,sample1280,20260827,I10,10,N20_K2_M12_I10.xlsx,10.5434999466
HDRL,3456,sample1280,20260827,I11,11,N20_K2_M12_I11.xlsx,10.8875827789
HDRL,3456,sample1280,20260827,I12,12,N20_K2_M12_I12.xlsx,7.55341291428
HDRL,3456,sample1280,20260827,I13,13,N20_K2_M12_I13.xlsx,10.5723466873
HDRL,3456,sample1280,20260827,I14,14,N20_K2_M12_I14.xlsx,8.90947437286
HDRL,3456,sample1280,20260827,I15,15,N20_K2_M12_I15.xlsx,9.79542446136
HDRL,3456,sample1280,20260827,I16,16,N20_K2_M12_I16.xlsx,10.3391036987
HDRL,3456,sample1280,20260827,I17,17,N20_K2_M12_I17.xlsx,9.6983537674
HDRL,3456,sample1280,20260827,I18,18,N20_K2_M12_I18.xlsx,10.8389186859
HDRL,3456,sample1280,20260827,I19,19,N20_K2_M12_I19.xlsx,10.0907478333
HDRL,3456,sample1280,20260827,I20,20,N20_K2_M12_I20.xlsx,11.0490064621
HDRL,3456,sample1280,20260827,I21,21,N20_K2_M12_I21.xlsx,12.0363254547
HDRL,3456,sample1280,20260827,I22,22,N20_K2_M12_I22.xlsx,11.0426654816
HDRL,3456,sample1280,20260827,I23,23,N20_K2_M12_I23.xlsx,12.6399917603
HDRL,3456,sample1280,20260827,I24,24,N20_K2_M12_I24.xlsx,12.0453767776
HDRL,3456,sample1280,20260827,I25,25,N20_K2_M12_I25.xlsx,9.57638549805
HDRL,3456,sample1280,20260827,I26,26,N20_K2_M12_I26.xlsx,10.9659852982
HDRL,3456,sample1280,20260827,I27,27,N20_K2_M12_I27.xlsx,9.95253753662
HDRL,3456,sample1280,20260827,I28,28,N20_K2_M12_I28.xlsx,11.7320394516
HDRL,3456,sample1280,20260827,I29,29,N20_K2_M12_I29.xlsx,11.5282258987
HDRL,3456,sample1280,20260827,I30,30,N20_K2_M12_I30.xlsx,9.8948135376
HDRL,3456,sample1280,20260827,I31,31,N20_K2_M12_I31.xlsx,8.2015914917
HDRL,3456,sample1280,20260827,I32,32,N20_K2_M12_I32.xlsx,7.87929868698
HDRL,3456,sample1280,20260827,I33,33,N20_K2_M12_I33.xlsx,9.07226371765
HDRL,3456,sample1280,20260827,I34,34,N20_K2_M12_I34.xlsx,11.033788681
HDRL,3456,sample1280,20260827,I35,35,N20_K2_M12_I35.xlsx,12.2277851105
HDRL,3456,sample1280,20260827,I36,36,N20_K2_M12_I36.xlsx,9.75798034668
HDRL,3456,sample1280,20260827,I37,37,N20_K2_M12_I37.xlsx,12.4529771805
HDRL,3456,sample1280,20260827,I38,38,N20_K2_M12_I38.xlsx,9.52972602844
HDRL,3456,sample1280,20260827,I39,39,N20_K2_M12_I39.xlsx,11.4598693848
HDRL,3456,sample1280,20260827,I40,40,N20_K2_M12_I40.xlsx,9.88922023773
HDRL,3456,sample1280,20260827,I41,41,N20_K2_M12_I41.xlsx,10.625207901
HDRL,3456,sample1280,20260827,I42,42,N20_K2_M12_I42.xlsx,11.5939817429
HDRL,3456,sample1280,20260827,I43,43,N20_K2_M12_I43.xlsx,9.1987657547
HDRL,3456,sample1280,20260827,I44,44,N20_K2_M12_I44.xlsx,11.4334011078
HDRL,3456,sample1280,20260827,I45,45,N20_K2_M12_I45.xlsx,11.4348335266
HDRL,3456,sample1280,20260827,I46,46,N20_K2_M12_I46.xlsx,7.92372226715
HDRL,3456,sample1280,20260827,I47,47,N20_K2_M12_I47.xlsx,9.42558670044
HDRL,3456,sample1280,20260827,I48,48,N20_K2_M12_I48.xlsx,9.20723342896
HDRL,3456,sample1280,20260827,I49,49,N20_K2_M12_I49.xlsx,10.0559959412
HDRL,3456,sample1280,20260827,I50,50,N20_K2_M12_I50.xlsx,11.8184099197
HDRL,3456,sample1280,20260827,I51,51,N20_K2_M12_I51.xlsx,10.933175087
HDRL,3456,sample1280,20260827,I52,52,N20_K2_M12_I52.xlsx,10.8183898926
HDRL,3456,sample1280,20260827,I53,53,N20_K2_M12_I53.xlsx,10.7657976151
HDRL,3456,sample1280,20260827,I54,54,N20_K2_M12_I54.xlsx,9.56391429901
HDRL,3456,sample1280,20260827,I55,55,N20_K2_M12_I55.xlsx,11.7077941895
HDRL,3456,sample1280,20260827,I56,56,N20_K2_M12_I56.xlsx,12.3986282349
HDRL,3456,sample1280,20260827,I57,57,N20_K2_M12_I57.xlsx,11.6204690933
HDRL,3456,sample1280,20260827,I58,58,N20_K2_M12_I58.xlsx,8.9727563858
HDRL,3456,sample1280,20260827,I59,59,N20_K2_M12_I59.xlsx,9.23453712463
HDRL,3456,sample1280,20260827,I60,60,N20_K2_M12_I60.xlsx,9.48029899597
HDRL,3456,sample1280,20260827,I61,61,N20_K2_M12_I61.xlsx,10.8328638077
HDRL,3456,sample1280,20260827,I62,62,N20_K2_M12_I62.xlsx,8.91461753845
HDRL,3456,sample1280,20260827,I63,63,N20_K2_M12_I63.xlsx,10.3570652008
HDRL,3456,sample1280,20260827,I64,64,N20_K2_M12_I64.xlsx,9.72980690002
HDRL,3456,sample1280,20260827,I65,65,N20_K2_M12_I65.xlsx,12.268699646
HDRL,3456,sample1280,20260827,I66,66,N20_K2_M12_I66.xlsx,10.2691431046
HDRL,3456,sample1280,20260827,I67,67,N20_K2_M12_I67.xlsx,10.1324939728
HDRL,3456,sample1280,20260827,I68,68,N20_K2_M12_I68.xlsx,10.1560783386
HDRL,3456,sample1280,20260827,I69,69,N20_K2_M12_I69.xlsx,10.6258678436
HDRL,3456,sample1280,20260827,I70,70,N20_K2_M12_I70.xlsx,10.4170980453
HDRL,3456,sample1280,20260827,I71,71,N20_K2_M12_I71.xlsx,11.7003803253
HDRL,3456,sample1280,20260827,I72,72,N20_K2_M12_I72.xlsx,10.6471099854
HDRL,3456,sample1280,20260827,I73,73,N20_K2_M12_I73.xlsx,9.53095340729
HDRL,3456,sample1280,20260827,I74,74,N20_K2_M12_I74.xlsx,10.502746582
HDRL,3456,sample1280,20260827,I75,75,N20_K2_M12_I75.xlsx,9.7290763855
HDRL,3456,sample1280,20260827,I76,76,N20_K2_M12_I76.xlsx,11.9611158371
HDRL,3456,sample1280,20260827,I77,77,N20_K2_M12_I77.xlsx,9.94658470154
HDRL,3456,sample1280,20260827,I78,78,N20_K2_M12_I78.xlsx,9.50086212158
HDRL,3456,sample1280,20260827,I79,79,N20_K2_M12_I79.xlsx,11.0377893448
HDRL,3456,sample1280,20260827,I80,80,N20_K2_M12_I80.xlsx,10.6797008514
HDRL,3456,sample1280,20260827,I81,81,N20_K2_M12_I81.xlsx,10.539484024
HDRL,3456,sample1280,20260827,I82,82,N20_K2_M12_I82.xlsx,9.94047164917
HDRL,3456,sample1280,20260827,I83,83,N20_K2_M12_I83.xlsx,10.7086086273
HDRL,3456,sample1280,20260827,I84,84,N20_K2_M12_I84.xlsx,10.1254711151
HDRL,3456,sample1280,20260827,I85,85,N20_K2_M12_I85.xlsx,11.6290645599
HDRL,3456,sample1280,20260827,I86,86,N20_K2_M12_I86.xlsx,10.1955957413
HDRL,3456,sample1280,20260827,I87,87,N20_K2_M12_I87.xlsx,9.60113430023
HDRL,3456,sample1280,20260827,I88,88,N20_K2_M12_I88.xlsx,9.29598045349
HDRL,3456,sample1280,20260827,I89,89,N20_K2_M12_I89.xlsx,10.7871170044
HDRL,3456,sample1280,20260827,I90,90,N20_K2_M12_I90.xlsx,11.0726442337
HDRL,3456,sample1280,20260827,I91,91,N20_K2_M12_I91.xlsx,10.5472402573
HDRL,3456,sample1280,20260827,I92,92,N20_K2_M12_I92.xlsx,8.99421977997
HDRL,3456,sample1280,20260827,I93,93,N20_K2_M12_I93.xlsx,9.9863243103
HDRL,3456,sample1280,20260827,I94,94,N20_K2_M12_I94.xlsx,9.27397155762
HDRL,3456,sample1280,20260827,I95,95,N20_K2_M12_I95.xlsx,9.62819957733
HDRL,3456,sample1280,20260827,I96,96,N20_K2_M12_I96.xlsx,9.87488555908
HDRL,3456,sample1280,20260827,I97,97,N20_K2_M12_I97.xlsx,10.7456922531
HDRL,3456,sample1280,20260827,I98,98,N20_K2_M12_I98.xlsx,8.96087837219
HDRL,3456,sample1280,20260827,I99,99,N20_K2_M12_I99.xlsx,10.1886835098
HDRL,3456,sample1280,20260827,I100,100,N20_K2_M12_I100.xlsx,9.90915393829
MVMoE,1234,greedy,20260827,I1,1,N20_K2_M12_I1.xlsx,11.1489944458
MVMoE,1234,greedy,20260827,I2,2,N20_K2_M12_I2.xlsx,12.1687793732
MVMoE,1234,greedy,20260827,I3,3,N20_K2_M12_I3.xlsx,10.323928833
MVMoE,1234,greedy,20260827,I4,4,N20_K2_M12_I4.xlsx,9.89696598053
MVMoE,1234,greedy,20260827,I5,5,N20_K2_M12_I5.xlsx,11.2901515961
MVMoE,1234,greedy,20260827,I6,6,N20_K2_M12_I6.xlsx,12.8727607727
MVMoE,1234,greedy,20260827,I7,7,N20_K2_M12_I7.xlsx,12.9391584396
MVMoE,1234,greedy,20260827,I8,8,N20_K2_M12_I8.xlsx,13.1467342377
MVMoE,1234,greedy,20260827,I9,9,N20_K2_M12_I9.xlsx,10.9850654602
MVMoE,1234,greedy,20260827,I10,10,N20_K2_M12_I10.xlsx,11.3455190659
MVMoE,1234,greedy,20260827,I11,11,N20_K2_M12_I11.xlsx,12.0781555176
MVMoE,1234,greedy,20260827,I12,12,N20_K2_M12_I12.xlsx,8.39609909058
MVMoE,1234,greedy,20260827,I13,13,N20_K2_M12_I13.xlsx,11.1921081543
MVMoE,1234,greedy,20260827,I14,14,N20_K2_M12_I14.xlsx,9.27955245972
MVMoE,1234,greedy,20260827,I15,15,N20_K2_M12_I15.xlsx,12.2603435516
MVMoE,1234,greedy,20260827,I16,16,N20_K2_M12_I16.xlsx,11.7358875275
MVMoE,1234,greedy,20260827,I17,17,N20_K2_M12_I17.xlsx,11.3178510666
MVMoE,1234,greedy,20260827,I18,18,N20_K2_M12_I18.xlsx,11.2538051605
MVMoE,1234,greedy,20260827,I19,19,N20_K2_M12_I19.xlsx,10.1447601318
MVMoE,1234,greedy,20260827,I20,20,N20_K2_M12_I20.xlsx,12.6482877731
MVMoE,1234,greedy,20260827,I21,21,N20_K2_M12_I21.xlsx,12.8638057709
MVMoE,1234,greedy,20260827,I22,22,N20_K2_M12_I22.xlsx,13.5603542328
MVMoE,1234,greedy,20260827,I23,23,N20_K2_M12_I23.xlsx,13.2832813263
MVMoE,1234,greedy,20260827,I24,24,N20_K2_M12_I24.xlsx,13.5598487854
MVMoE,1234,greedy,20260827,I25,25,N20_K2_M12_I25.xlsx,10.776011467
MVMoE,1234,greedy,20260827,I26,26,N20_K2_M12_I26.xlsx,10.9452495575
MVMoE,1234,greedy,20260827,I27,27,N20_K2_M12_I27.xlsx,10.2127447128
MVMoE,1234,greedy,20260827,I28,28,N20_K2_M12_I28.xlsx,11.8497581482
MVMoE,1234,greedy,20260827,I29,29,N20_K2_M12_I29.xlsx,11.6691932678
MVMoE,1234,greedy,20260827,I30,30,N20_K2_M12_I30.xlsx,12.5973300934
MVMoE,1234,greedy,20260827,I31,31,N20_K2_M12_I31.xlsx,8.94755554199
MVMoE,1234,greedy,20260827,I32,32,N20_K2_M12_I32.xlsx,9.32830715179
MVMoE,1234,greedy,20260827,I33,33,N20_K2_M12_I33.xlsx,9.62449073792
MVMoE,1234,greedy,20260827,I34,34,N20_K2_M12_I34.xlsx,11.80265522
MVMoE,1234,greedy,20260827,I35,35,N20_K2_M12_I35.xlsx,12.2161502838
MVMoE,1234,greedy,20260827,I36,36,N20_K2_M12_I36.xlsx,10.4916257858
MVMoE,1234,greedy,20260827,I37,37,N20_K2_M12_I37.xlsx,13.0114879608
MVMoE,1234,greedy,20260827,I38,38,N20_K2_M12_I38.xlsx,10.8853158951
MVMoE,1234,greedy,20260827,I39,39,N20_K2_M12_I39.xlsx,13.3420906067
MVMoE,1234,greedy,20260827,I40,40,N20_K2_M12_I40.xlsx,10.942946434
MVMoE,1234,greedy,20260827,I41,41,N20_K2_M12_I41.xlsx,11.6717748642
MVMoE,1234,greedy,20260827,I42,42,N20_K2_M12_I42.xlsx,13.6120185852
MVMoE,1234,greedy,20260827,I43,43,N20_K2_M12_I43.xlsx,10.0472373962
MVMoE,1234,greedy,20260827,I44,44,N20_K2_M12_I44.xlsx,13.0758905411
MVMoE,1234,greedy,20260827,I45,45,N20_K2_M12_I45.xlsx,12.0695362091
MVMoE,1234,greedy,20260827,I46,46,N20_K2_M12_I46.xlsx,8.53785610199
MVMoE,1234,greedy,20260827,I47,47,N20_K2_M12_I47.xlsx,10.9609651566
MVMoE,1234,greedy,20260827,I48,48,N20_K2_M12_I48.xlsx,10.4902276993
MVMoE,1234,greedy,20260827,I49,49,N20_K2_M12_I49.xlsx,10.792093277
MVMoE,1234,greedy,20260827,I50,50,N20_K2_M12_I50.xlsx,13.3484191895
MVMoE,1234,greedy,20260827,I51,51,N20_K2_M12_I51.xlsx,11.5258197784
MVMoE,1234,greedy,20260827,I52,52,N20_K2_M12_I52.xlsx,12.1095285416
MVMoE,1234,greedy,20260827,I53,53,N20_K2_M12_I53.xlsx,11.8205718994
MVMoE,1234,greedy,20260827,I54,54,N20_K2_M12_I54.xlsx,10.349937439
MVMoE,1234,greedy,20260827,I55,55,N20_K2_M12_I55.xlsx,12.0011501312
MVMoE,1234,greedy,20260827,I56,56,N20_K2_M12_I56.xlsx,13.7703495026
MVMoE,1234,greedy,20260827,I57,57,N20_K2_M12_I57.xlsx,11.793094635
MVMoE,1234,greedy,20260827,I58,58,N20_K2_M12_I58.xlsx,10.2271575928
MVMoE,1234,greedy,20260827,I59,59,N20_K2_M12_I59.xlsx,10.3157291412
MVMoE,1234,greedy,20260827,I60,60,N20_K2_M12_I60.xlsx,10.3497467041
MVMoE,1234,greedy,20260827,I61,61,N20_K2_M12_I61.xlsx,12.0981292725
MVMoE,1234,greedy,20260827,I62,62,N20_K2_M12_I62.xlsx,11.2577629089
MVMoE,1234,greedy,20260827,I63,63,N20_K2_M12_I63.xlsx,11.183588028
MVMoE,1234,greedy,20260827,I64,64,N20_K2_M12_I64.xlsx,10.5744905472
MVMoE,1234,greedy,20260827,I65,65,N20_K2_M12_I65.xlsx,14.2454547882
MVMoE,1234,greedy,20260827,I66,66,N20_K2_M12_I66.xlsx,12.1658201218
MVMoE,1234,greedy,20260827,I67,67,N20_K2_M12_I67.xlsx,11.2939548492
MVMoE,1234,greedy,20260827,I68,68,N20_K2_M12_I68.xlsx,12.0080318451
MVMoE,1234,greedy,20260827,I69,69,N20_K2_M12_I69.xlsx,11.1020030975
MVMoE,1234,greedy,20260827,I70,70,N20_K2_M12_I70.xlsx,11.1726703644
MVMoE,1234,greedy,20260827,I71,71,N20_K2_M12_I71.xlsx,12.2616157532
MVMoE,1234,greedy,20260827,I72,72,N20_K2_M12_I72.xlsx,13.6770362854
MVMoE,1234,greedy,20260827,I73,73,N20_K2_M12_I73.xlsx,10.723815918
MVMoE,1234,greedy,20260827,I74,74,N20_K2_M12_I74.xlsx,12.0020771027
MVMoE,1234,greedy,20260827,I75,75,N20_K2_M12_I75.xlsx,10.0596847534
MVMoE,1234,greedy,20260827,I76,76,N20_K2_M12_I76.xlsx,12.4507417679
MVMoE,1234,greedy,20260827,I77,77,N20_K2_M12_I77.xlsx,10.6030025482
MVMoE,1234,greedy,20260827,I78,78,N20_K2_M12_I78.xlsx,10.973815918
MVMoE,1234,greedy,20260827,I79,79,N20_K2_M12_I79.xlsx,13.6679649353
MVMoE,1234,greedy,20260827,I80,80,N20_K2_M12_I80.xlsx,11.0361385345
MVMoE,1234,greedy,20260827,I81,81,N20_K2_M12_I81.xlsx,11.8779678345
MVMoE,1234,greedy,20260827,I82,82,N20_K2_M12_I82.xlsx,10.6383800507
MVMoE,1234,greedy,20260827,I83,83,N20_K2_M12_I83.xlsx,11.1277494431
MVMoE,1234,greedy,20260827,I84,84,N20_K2_M12_I84.xlsx,10.9560623169
MVMoE,1234,greedy,20260827,I85,85,N20_K2_M12_I85.xlsx,12.2182912827
MVMoE,1234,greedy,20260827,I86,86,N20_K2_M12_I86.xlsx,11.094660759
MVMoE,1234,greedy,20260827,I87,87,N20_K2_M12_I87.xlsx,10.7134399414
MVMoE,1234,greedy,20260827,I88,88,N20_K2_M12_I88.xlsx,9.87553215027
MVMoE,1234,greedy,20260827,I89,89,N20_K2_M12_I89.xlsx,11.7290554047
MVMoE,1234,greedy,20260827,I90,90,N20_K2_M12_I90.xlsx,12.6956710815
MVMoE,1234,greedy,20260827,I91,91,N20_K2_M12_I91.xlsx,10.9567279816
MVMoE,1234,greedy,20260827,I92,92,N20_K2_M12_I92.xlsx,9.83896160126
MVMoE,1234,greedy,20260827,I93,93,N20_K2_M12_I93.xlsx,11.8137521744
MVMoE,1234,greedy,20260827,I94,94,N20_K2_M12_I94.xlsx,11.3200178146
MVMoE,1234,greedy,20260827,I95,95,N20_K2_M12_I95.xlsx,10.9351062775
MVMoE,1234,greedy,20260827,I96,96,N20_K2_M12_I96.xlsx,10.9974136353
MVMoE,1234,greedy,20260827,I97,97,N20_K2_M12_I97.xlsx,11.0273180008
MVMoE,1234,greedy,20260827,I98,98,N20_K2_M12_I98.xlsx,9.94248104095
MVMoE,1234,greedy,20260827,I99,99,N20_K2_M12_I99.xlsx,10.5036067963
MVMoE,1234,greedy,20260827,I100,100,N20_K2_M12_I100.xlsx,13.0145893097
MVMoE,1234,sample1280,20260827,I1,1,N20_K2_M12_I1.xlsx,10.7610397339
MVMoE,1234,sample1280,20260827,I2,2,N20_K2_M12_I2.xlsx,11.0417709351
MVMoE,1234,sample1280,20260827,I3,3,N20_K2_M12_I3.xlsx,9.76013183594
MVMoE,1234,sample1280,20260827,I4,4,N20_K2_M12_I4.xlsx,8.86104393005
MVMoE,1234,sample1280,20260827,I5,5,N20_K2_M12_I5.xlsx,9.78307914734
MVMoE,1234,sample1280,20260827,I6,6,N20_K2_M12_I6.xlsx,12.2601394653
MVMoE,1234,sample1280,20260827,I7,7,N20_K2_M12_I7.xlsx,12.1078367233
MVMoE,1234,sample1280,20260827,I8,8,N20_K2_M12_I8.xlsx,12.2826290131
MVMoE,1234,sample1280,20260827,I9,9,N20_K2_M12_I9.xlsx,10.3879814148
MVMoE,1234,sample1280,20260827,I10,10,N20_K2_M12_I10.xlsx,10.9674758911
MVMoE,1234,sample1280,20260827,I11,11,N20_K2_M12_I11.xlsx,11.0584564209
MVMoE,1234,sample1280,20260827,I12,12,N20_K2_M12_I12.xlsx,7.66303539276
MVMoE,1234,sample1280,20260827,I13,13,N20_K2_M12_I13.xlsx,10.6251249313
MVMoE,1234,sample1280,20260827,I14,14,N20_K2_M12_I14.xlsx,9.03618240356
MVMoE,1234,sample1280,20260827,I15,15,N20_K2_M12_I15.xlsx,9.9849281311
MVMoE,1234,sample1280,20260827,I16,16,N20_K2_M12_I16.xlsx,10.5960645676
MVMoE,1234,sample1280,20260827,I17,17,N20_K2_M12_I17.xlsx,10.4314365387
MVMoE,1234,sample1280,20260827,I18,18,N20_K2_M12_I18.xlsx,10.929933548
MVMoE,1234,sample1280,20260827,I19,19,N20_K2_M12_I19.xlsx,9.86145019531
MVMoE,1234,sample1280,20260827,I20,20,N20_K2_M12_I20.xlsx,11.8166828156
MVMoE,1234,sample1280,20260827,I21,21,N20_K2_M12_I21.xlsx,11.7002029419
MVMoE,1234,sample1280,20260827,I22,22,N20_K2_M12_I22.xlsx,11.4029216766
MVMoE,1234,sample1280,20260827,I23,23,N20_K2_M12_I23.xlsx,12.2627515793
MVMoE,1234,sample1280,20260827,I24,24,N20_K2_M12_I24.xlsx,12.2130699158
MVMoE,1234,sample1280,20260827,I25,25,N20_K2_M12_I25.xlsx,9.97678470612
MVMoE,1234,sample1280,20260827,I26,26,N20_K2_M12_I26.xlsx,11.1041316986
MVMoE,1234,sample1280,20260827,I27,27,N20_K2_M12_I27.xlsx,9.87643051147
MVMoE,1234,sample1280,20260827,I28,28,N20_K2_M12_I28.xlsx,12.1461572647
MVMoE,1234,sample1280,20260827,I29,29,N20_K2_M12_I29.xlsx,11.3700971603
MVMoE,1234,sample1280,20260827,I30,30,N20_K2_M12_I30.xlsx,10.6951532364
MVMoE,1234,sample1280,20260827,I31,31,N20_K2_M12_I31.xlsx,8.36053276062
MVMoE,1234,sample1280,20260827,I32,32,N20_K2_M12_I32.xlsx,8.70132637024
MVMoE,1234,sample1280,20260827,I33,33,N20_K2_M12_I33.xlsx,9.17478466034
MVMoE,1234,sample1280,20260827,I34,34,N20_K2_M12_I34.xlsx,11.5472784042
MVMoE,1234,sample1280,20260827,I35,35,N20_K2_M12_I35.xlsx,11.9955673218
MVMoE,1234,sample1280,20260827,I36,36,N20_K2_M12_I36.xlsx,9.59613609314
MVMoE,1234,sample1280,20260827,I37,37,N20_K2_M12_I37.xlsx,12.1489706039
MVMoE,1234,sample1280,20260827,I38,38,N20_K2_M12_I38.xlsx,9.97806835175
MVMoE,1234,sample1280,20260827,I39,39,N20_K2_M12_I39.xlsx,11.7605400085
MVMoE,1234,sample1280,20260827,I40,40,N20_K2_M12_I40.xlsx,10.6169033051
MVMoE,1234,sample1280,20260827,I41,41,N20_K2_M12_I41.xlsx,10.6457614899
MVMoE,1234,sample1280,20260827,I42,42,N20_K2_M12_I42.xlsx,11.8375997543
MVMoE,1234,sample1280,20260827,I43,43,N20_K2_M12_I43.xlsx,9.19852542877
MVMoE,1234,sample1280,20260827,I44,44,N20_K2_M12_I44.xlsx,11.8639259338
MVMoE,1234,sample1280,20260827,I45,45,N20_K2_M12_I45.xlsx,11.5585346222
MVMoE,1234,sample1280,20260827,I46,46,N20_K2_M12_I46.xlsx,7.76888751984
MVMoE,1234,sample1280,20260827,I47,47,N20_K2_M12_I47.xlsx,9.91792488098
MVMoE,1234,sample1280,20260827,I48,48,N20_K2_M12_I48.xlsx,9.72694587708
MVMoE,1234,sample1280,20260827,I49,49,N20_K2_M12_I49.xlsx,10.1233730316
MVMoE,1234,sample1280,20260827,I50,50,N20_K2_M12_I50.xlsx,12.5840005875
MVMoE,1234,sample1280,20260827,I51,51,N20_K2_M12_I51.xlsx,11.2115249634
MVMoE,1234,sample1280,20260827,I52,52,N20_K2_M12_I52.xlsx,10.6719379425
MVMoE,1234,sample1280,20260827,I53,53,N20_K2_M12_I53.xlsx,10.8984298706
MVMoE,1234,sample1280,20260827,I54,54,N20_K2_M12_I54.xlsx,9.79608058929
MVMoE,1234,sample1280,20260827,I55,55,N20_K2_M12_I55.xlsx,12.0396347046
MVMoE,1234,sample1280,20260827,I56,56,N20_K2_M12_I56.xlsx,12.3738546371
MVMoE,1234,sample1280,20260827,I57,57,N20_K2_M12_I57.xlsx,11.3387041092
MVMoE,1234,sample1280,20260827,I58,58,N20_K2_M12_I58.xlsx,9.16073036194
MVMoE,1234,sample1280,20260827,I59,59,N20_K2_M12_I59.xlsx,9.4317522049
MVMoE,1234,sample1280,20260827,I60,60,N20_K2_M12_I60.xlsx,9.92201900482
MVMoE,1234,sample1280,20260827,I61,61,N20_K2_M12_I61.xlsx,10.9403095245
MVMoE,1234,sample1280,20260827,I62,62,N20_K2_M12_I62.xlsx,9.927318573
MVMoE,1234,sample1280,20260827,I63,63,N20_K2_M12_I63.xlsx,10.7393884659
MVMoE,1234,sample1280,20260827,I64,64,N20_K2_M12_I64.xlsx,10.2082109451
MVMoE,1234,sample1280,20260827,I65,65,N20_K2_M12_I65.xlsx,12.5231714249
MVMoE,1234,sample1280,20260827,I66,66,N20_K2_M12_I66.xlsx,10.7401008606
MVMoE,1234,sample1280,20260827,I67,67,N20_K2_M12_I67.xlsx,10.5736675262
MVMoE,1234,sample1280,20260827,I68,68,N20_K2_M12_I68.xlsx,10.6652784348
MVMoE,1234,sample1280,20260827,I69,69,N20_K2_M12_I69.xlsx,10.8333835602
MVMoE,1234,sample1280,20260827,I70,70,N20_K2_M12_I70.xlsx,10.2434234619
MVMoE,1234,sample1280,20260827,I71,71,N20_K2_M12_I71.xlsx,11.9252519608
MVMoE,1234,sample1280,20260827,I72,72,N20_K2_M12_I72.xlsx,11.5361003876
MVMoE,1234,sample1280,20260827,I73,73,N20_K2_M12_I73.xlsx,9.94940471649
MVMoE,1234,sample1280,20260827,I74,74,N20_K2_M12_I74.xlsx,11.0543622971
MVMoE,1234,sample1280,20260827,I75,75,N20_K2_M12_I75.xlsx,9.7069606781
MVMoE,1234,sample1280,20260827,I76,76,N20_K2_M12_I76.xlsx,12.2558422089
MVMoE,1234,sample1280,20260827,I77,77,N20_K2_M12_I77.xlsx,9.819896698
MVMoE,1234,sample1280,20260827,I78,78,N20_K2_M12_I78.xlsx,9.45139312744
MVMoE,1234,sample1280,20260827,I79,79,N20_K2_M12_I79.xlsx,11.2073326111
MVMoE,1234,sample1280,20260827,I80,80,N20_K2_M12_I80.xlsx,11.2495994568
MVMoE,1234,sample1280,20260827,I81,81,N20_K2_M12_I81.xlsx,11.1072454453
MVMoE,1234,sample1280,20260827,I82,82,N20_K2_M12_I82.xlsx,10.1923599243
MVMoE,1234,sample1280,20260827,I83,83,N20_K2_M12_I83.xlsx,10.7668857574
MVMoE,1234,sample1280,20260827,I84,84,N20_K2_M12_I84.xlsx,9.95298671722
MVMoE,1234,sample1280,20260827,I85,85,N20_K2_M12_I85.xlsx,12.0211277008
MVMoE,1234,sample1280,20260827,I86,86,N20_K2_M12_I86.xlsx,10.1097478867
MVMoE,1234,sample1280,20260827,I87,87,N20_K2_M12_I87.xlsx,9.18662261963
MVMoE,1234,sample1280,20260827,I88,88,N20_K2_M12_I88.xlsx,9.54091739655
MVMoE,1234,sample1280,20260827,I89,89,N20_K2_M12_I89.xlsx,10.927523613
MVMoE,1234,sample1280,20260827,I90,90,N20_K2_M12_I90.xlsx,11.279882431
MVMoE,1234,sample1280,20260827,I91,91,N20_K2_M12_I91.xlsx,10.5658760071
MVMoE,1234,sample1280,20260827,I92,92,N20_K2_M12_I92.xlsx,9.23199653625
MVMoE,1234,sample1280,20260827,I93,93,N20_K2_M12_I93.xlsx,10.3812789917
MVMoE,1234,sample1280,20260827,I94,94,N20_K2_M12_I94.xlsx,9.66185092926
MVMoE,1234,sample1280,20260827,I95,95,N20_K2_M12_I95.xlsx,9.77053833008
MVMoE,1234,sample1280,20260827,I96,96,N20_K2_M12_I96.xlsx,10.0984687805
MVMoE,1234,sample1280,20260827,I97,97,N20_K2_M12_I97.xlsx,10.6941480637
MVMoE,1234,sample1280,20260827,I98,98,N20_K2_M12_I98.xlsx,9.03411006927
MVMoE,1234,sample1280,20260827,I99,99,N20_K2_M12_I99.xlsx,10.3692674637
MVMoE,1234,sample1280,20260827,I100,100,N20_K2_M12_I100.xlsx,11.0070934296
MVMoE,2345,greedy,20260827,I1,1,N20_K2_M12_I1.xlsx,11.4442329407
MVMoE,2345,greedy,20260827,I2,2,N20_K2_M12_I2.xlsx,11.5149106979
MVMoE,2345,greedy,20260827,I3,3,N20_K2_M12_I3.xlsx,10.2534656525
MVMoE,2345,greedy,20260827,I4,4,N20_K2_M12_I4.xlsx,10.3649463654
MVMoE,2345,greedy,20260827,I5,5,N20_K2_M12_I5.xlsx,10.1860589981
MVMoE,2345,greedy,20260827,I6,6,N20_K2_M12_I6.xlsx,13.0834159851
MVMoE,2345,greedy,20260827,I7,7,N20_K2_M12_I7.xlsx,12.7974510193
MVMoE,2345,greedy,20260827,I8,8,N20_K2_M12_I8.xlsx,13.2637910843
MVMoE,2345,greedy,20260827,I9,9,N20_K2_M12_I9.xlsx,12.4000768661
MVMoE,2345,greedy,20260827,I10,10,N20_K2_M12_I10.xlsx,11.7490692139
MVMoE,2345,greedy,20260827,I11,11,N20_K2_M12_I11.xlsx,13.2401762009
MVMoE,2345,greedy,20260827,I12,12,N20_K2_M12_I12.xlsx,8.01282310486
MVMoE,2345,greedy,20260827,I13,13,N20_K2_M12_I13.xlsx,11.2139225006
MVMoE,2345,greedy,20260827,I14,14,N20_K2_M12_I14.xlsx,9.21064376831
MVMoE,2345,greedy,20260827,I15,15,N20_K2_M12_I15.xlsx,10.4341430664
MVMoE,2345,greedy,20260827,I16,16,N20_K2_M12_I16.xlsx,10.9992017746
MVMoE,2345,greedy,20260827,I17,17,N20_K2_M12_I17.xlsx,11.9469203949
MVMoE,2345,greedy,20260827,I18,18,N20_K2_M12_I18.xlsx,11.6701946259
MVMoE,2345,greedy,20260827,I19,19,N20_K2_M12_I19.xlsx,10.4698352814
MVMoE,2345,greedy,20260827,I20,20,N20_K2_M12_I20.xlsx,11.6909408569
MVMoE,2345,greedy,20260827,I21,21,N20_K2_M12_I21.xlsx,12.8992357254
MVMoE,2345,greedy,20260827,I22,22,N20_K2_M12_I22.xlsx,12.9918193817
MVMoE,2345,greedy,20260827,I23,23,N20_K2_M12_I23.xlsx,12.5657577515
MVMoE,2345,greedy,20260827,I24,24,N20_K2_M12_I24.xlsx,12.9666519165
MVMoE,2345,greedy,20260827,I25,25,N20_K2_M12_I25.xlsx,9.93039321899
MVMoE,2345,greedy,20260827,I26,26,N20_K2_M12_I26.xlsx,12.3703651428
MVMoE,2345,greedy,20260827,I27,27,N20_K2_M12_I27.xlsx,10.7027282715
MVMoE,2345,greedy,20260827,I28,28,N20_K2_M12_I28.xlsx,12.5258150101
MVMoE,2345,greedy,20260827,I29,29,N20_K2_M12_I29.xlsx,11.8130092621
MVMoE,2345,greedy,20260827,I30,30,N20_K2_M12_I30.xlsx,10.8626756668
MVMoE,2345,greedy,20260827,I31,31,N20_K2_M12_I31.xlsx,8.75593185425
MVMoE,2345,greedy,20260827,I32,32,N20_K2_M12_I32.xlsx,8.65810108185
MVMoE,2345,greedy,20260827,I33,33,N20_K2_M12_I33.xlsx,11.2719335556
MVMoE,2345,greedy,20260827,I34,34,N20_K2_M12_I34.xlsx,13.005147934
MVMoE,2345,greedy,20260827,I35,35,N20_K2_M12_I35.xlsx,13.3880214691
MVMoE,2345,greedy,20260827,I36,36,N20_K2_M12_I36.xlsx,11.4501104355
MVMoE,2345,greedy,20260827,I37,37,N20_K2_M12_I37.xlsx,13.3437805176
MVMoE,2345,greedy,20260827,I38,38,N20_K2_M12_I38.xlsx,10.402048111
MVMoE,2345,greedy,20260827,I39,39,N20_K2_M12_I39.xlsx,13.3199329376
MVMoE,2345,greedy,20260827,I40,40,N20_K2_M12_I40.xlsx,12.4215612411
MVMoE,2345,greedy,20260827,I41,41,N20_K2_M12_I41.xlsx,10.9749135971
MVMoE,2345,greedy,20260827,I42,42,N20_K2_M12_I42.xlsx,11.9670772552
MVMoE,2345,greedy,20260827,I43,43,N20_K2_M12_I43.xlsx,11.3132781982
MVMoE,2345,greedy,20260827,I44,44,N20_K2_M12_I44.xlsx,12.1255378723
MVMoE,2345,greedy,20260827,I45,45,N20_K2_M12_I45.xlsx,11.5202245712
MVMoE,2345,greedy,20260827,I46,46,N20_K2_M12_I46.xlsx,8.86764812469
MVMoE,2345,greedy,20260827,I47,47,N20_K2_M12_I47.xlsx,10.8652267456
MVMoE,2345,greedy,20260827,I48,48,N20_K2_M12_I48.xlsx,10.4724206924
MVMoE,2345,greedy,20260827,I49,49,N20_K2_M12_I49.xlsx,10.4290494919
MVMoE,2345,greedy,20260827,I50,50,N20_K2_M12_I50.xlsx,13.6922426224
MVMoE,2345,greedy,20260827,I51,51,N20_K2_M12_I51.xlsx,12.2508888245
MVMoE,2345,greedy,20260827,I52,52,N20_K2_M12_I52.xlsx,12.1706237793
MVMoE,2345,greedy,20260827,I53,53,N20_K2_M12_I53.xlsx,11.2052536011
MVMoE,2345,greedy,20260827,I54,54,N20_K2_M12_I54.xlsx,10.335568428
MVMoE,2345,greedy,20260827,I55,55,N20_K2_M12_I55.xlsx,12.5362215042
MVMoE,2345,greedy,20260827,I56,56,N20_K2_M12_I56.xlsx,12.2512407303
MVMoE,2345,greedy,20260827,I57,57,N20_K2_M12_I57.xlsx,11.9063959122
MVMoE,2345,greedy,20260827,I58,58,N20_K2_M12_I58.xlsx,9.87669372559
MVMoE,2345,greedy,20260827,I59,59,N20_K2_M12_I59.xlsx,9.71198654175
MVMoE,2345,greedy,20260827,I60,60,N20_K2_M12_I60.xlsx,11.1027946472
MVMoE,2345,greedy,20260827,I61,61,N20_K2_M12_I61.xlsx,11.6732311249
MVMoE,2345,greedy,20260827,I62,62,N20_K2_M12_I62.xlsx,11.0610942841
MVMoE,2345,greedy,20260827,I63,63,N20_K2_M12_I63.xlsx,13.3370409012
MVMoE,2345,greedy,20260827,I64,64,N20_K2_M12_I64.xlsx,10.9847202301
MVMoE,2345,greedy,20260827,I65,65,N20_K2_M12_I65.xlsx,13.7263870239
MVMoE,2345,greedy,20260827,I66,66,N20_K2_M12_I66.xlsx,11.4524021149
MVMoE,2345,greedy,20260827,I67,67,N20_K2_M12_I67.xlsx,10.9295492172
MVMoE,2345,greedy,20260827,I68,68,N20_K2_M12_I68.xlsx,11.0169258118
MVMoE,2345,greedy,20260827,I69,69,N20_K2_M12_I69.xlsx,11.6613988876
MVMoE,2345,greedy,20260827,I70,70,N20_K2_M12_I70.xlsx,11.1463699341
MVMoE,2345,greedy,20260827,I71,71,N20_K2_M12_I71.xlsx,12.5377187729
MVMoE,2345,greedy,20260827,I72,72,N20_K2_M12_I72.xlsx,12.2954034805
MVMoE,2345,greedy,20260827,I73,73,N20_K2_M12_I73.xlsx,10.1525344849
MVMoE,2345,greedy,20260827,I74,74,N20_K2_M12_I74.xlsx,11.7919950485
MVMoE,2345,greedy,20260827,I75,75,N20_K2_M12_I75.xlsx,11.0086345673
MVMoE,2345,greedy,20260827,I76,76,N20_K2_M12_I76.xlsx,13.0609893799
MVMoE,2345,greedy,20260827,I77,77,N20_K2_M12_I77.xlsx,10.6884098053
MVMoE,2345,greedy,20260827,I78,78,N20_K2_M12_I78.xlsx,10.2730426788
MVMoE,2345,greedy,20260827,I79,79,N20_K2_M12_I79.xlsx,11.2991123199
MVMoE,2345,greedy,20260827,I80,80,N20_K2_M12_I80.xlsx,11.54322052
MVMoE,2345,greedy,20260827,I81,81,N20_K2_M12_I81.xlsx,10.94551754
MVMoE,2345,greedy,20260827,I82,82,N20_K2_M12_I82.xlsx,10.3507318497
MVMoE,2345,greedy,20260827,I83,83,N20_K2_M12_I83.xlsx,11.8747081757
MVMoE,2345,greedy,20260827,I84,84,N20_K2_M12_I84.xlsx,10.9393453598
MVMoE,2345,greedy,20260827,I85,85,N20_K2_M12_I85.xlsx,12.7108287811
MVMoE,2345,greedy,20260827,I86,86,N20_K2_M12_I86.xlsx,10.4647674561
MVMoE,2345,greedy,20260827,I87,87,N20_K2_M12_I87.xlsx,10.1043300629
MVMoE,2345,greedy,20260827,I88,88,N20_K2_M12_I88.xlsx,9.66760349274
MVMoE,2345,greedy,20260827,I89,89,N20_K2_M12_I89.xlsx,11.3564004898
MVMoE,2345,greedy,20260827,I90,90,N20_K2_M12_I90.xlsx,11.6110029221
MVMoE,2345,greedy,20260827,I91,91,N20_K2_M12_I91.xlsx,10.9377222061
MVMoE,2345,greedy,20260827,I92,92,N20_K2_M12_I92.xlsx,9.54648303986
MVMoE,2345,greedy,20260827,I93,93,N20_K2_M12_I93.xlsx,11.1313562393
MVMoE,2345,greedy,20260827,I94,94,N20_K2_M12_I94.xlsx,10.6991662979
MVMoE,2345,greedy,20260827,I95,95,N20_K2_M12_I95.xlsx,11.2076597214
MVMoE,2345,greedy,20260827,I96,96,N20_K2_M12_I96.xlsx,11.2437105179
MVMoE,2345,greedy,20260827,I97,97,N20_K2_M12_I97.xlsx,13.0012302399
MVMoE,2345,greedy,20260827,I98,98,N20_K2_M12_I98.xlsx,10.3158035278
MVMoE,2345,greedy,20260827,I99,99,N20_K2_M12_I99.xlsx,11.6588916779
MVMoE,2345,greedy,20260827,I100,100,N20_K2_M12_I100.xlsx,12.2794179916
MVMoE,2345,sample1280,20260827,I1,1,N20_K2_M12_I1.xlsx,10.8787899017
MVMoE,2345,sample1280,20260827,I2,2,N20_K2_M12_I2.xlsx,10.9155550003
MVMoE,2345,sample1280,20260827,I3,3,N20_K2_M12_I3.xlsx,9.77400398254
MVMoE,2345,sample1280,20260827,I4,4,N20_K2_M12_I4.xlsx,9.06742477417
MVMoE,2345,sample1280,20260827,I5,5,N20_K2_M12_I5.xlsx,9.52655029297
MVMoE,2345,sample1280,20260827,I6,6,N20_K2_M12_I6.xlsx,12.0142593384
MVMoE,2345,sample1280,20260827,I7,7,N20_K2_M12_I7.xlsx,12.4302062988
MVMoE,2345,sample1280,20260827,I8,8,N20_K2_M12_I8.xlsx,12.2619018555
MVMoE,2345,sample1280,20260827,I9,9,N20_K2_M12_I9.xlsx,10.594291687
MVMoE,2345,sample1280,20260827,I10,10,N20_K2_M12_I10.xlsx,11.1088695526
MVMoE,2345,sample1280,20260827,I11,11,N20_K2_M12_I11.xlsx,11.4258003235
MVMoE,2345,sample1280,20260827,I12,12,N20_K2_M12_I12.xlsx,7.65874576569
MVMoE,2345,sample1280,20260827,I13,13,N20_K2_M12_I13.xlsx,10.7653255463
MVMoE,2345,sample1280,20260827,I14,14,N20_K2_M12_I14.xlsx,8.91170692444
MVMoE,2345,sample1280,20260827,I15,15,N20_K2_M12_I15.xlsx,9.82438468933
MVMoE,2345,sample1280,20260827,I16,16,N20_K2_M12_I16.xlsx,10.466881752
MVMoE,2345,sample1280,20260827,I17,17,N20_K2_M12_I17.xlsx,10.8193941116
MVMoE,2345,sample1280,20260827,I18,18,N20_K2_M12_I18.xlsx,10.7112464905
MVMoE,2345,sample1280,20260827,I19,19,N20_K2_M12_I19.xlsx,9.96380233765
MVMoE,2345,sample1280,20260827,I20,20,N20_K2_M12_I20.xlsx,11.1526975632
MVMoE,2345,sample1280,20260827,I21,21,N20_K2_M12_I21.xlsx,11.7246160507
MVMoE,2345,sample1280,20260827,I22,22,N20_K2_M12_I22.xlsx,11.6263523102
MVMoE,2345,sample1280,20260827,I23,23,N20_K2_M12_I23.xlsx,12.1164121628
MVMoE,2345,sample1280,20260827,I24,24,N20_K2_M12_I24.xlsx,12.2576494217
MVMoE,2345,sample1280,20260827,I25,25,N20_K2_M12_I25.xlsx,9.66976165771
MVMoE,2345,sample1280,20260827,I26,26,N20_K2_M12_I26.xlsx,11.0741863251
MVMoE,2345,sample1280,20260827,I27,27,N20_K2_M12_I27.xlsx,9.86033058167
MVMoE,2345,sample1280,20260827,I28,28,N20_K2_M12_I28.xlsx,11.9365720749
MVMoE,2345,sample1280,20260827,I29,29,N20_K2_M12_I29.xlsx,11.6509828568
MVMoE,2345,sample1280,20260827,I30,30,N20_K2_M12_I30.xlsx,10.3091878891
MVMoE,2345,sample1280,20260827,I31,31,N20_K2_M12_I31.xlsx,8.46442222595
MVMoE,2345,sample1280,20260827,I32,32,N20_K2_M12_I32.xlsx,8.41167736053
MVMoE,2345,sample1280,20260827,I33,33,N20_K2_M12_I33.xlsx,10.1971645355
MVMoE,2345,sample1280,20260827,I34,34,N20_K2_M12_I34.xlsx,11.5777206421
MVMoE,2345,sample1280,20260827,I35,35,N20_K2_M12_I35.xlsx,12.2420005798
MVMoE,2345,sample1280,20260827,I36,36,N20_K2_M12_I36.xlsx,9.9996805191
MVMoE,2345,sample1280,20260827,I37,37,N20_K2_M12_I37.xlsx,12.2896347046
MVMoE,2345,sample1280,20260827,I38,38,N20_K2_M12_I38.xlsx,9.75598716736
MVMoE,2345,sample1280,20260827,I39,39,N20_K2_M12_I39.xlsx,11.4935588837
MVMoE,2345,sample1280,20260827,I40,40,N20_K2_M12_I40.xlsx,9.82001876831
MVMoE,2345,sample1280,20260827,I41,41,N20_K2_M12_I41.xlsx,10.601275444
MVMoE,2345,sample1280,20260827,I42,42,N20_K2_M12_I42.xlsx,11.4628295898
MVMoE,2345,sample1280,20260827,I43,43,N20_K2_M12_I43.xlsx,9.61423015594
MVMoE,2345,sample1280,20260827,I44,44,N20_K2_M12_I44.xlsx,11.6152973175
MVMoE,2345,sample1280,20260827,I45,45,N20_K2_M12_I45.xlsx,11.0842208862
MVMoE,2345,sample1280,20260827,I46,46,N20_K2_M12_I46.xlsx,7.72963380814
MVMoE,2345,sample1280,20260827,I47,47,N20_K2_M12_I47.xlsx,9.91952133179
MVMoE,2345,sample1280,20260827,I48,48,N20_K2_M12_I48.xlsx,9.64863204956
MVMoE,2345,sample1280,20260827,I49,49,N20_K2_M12_I49.xlsx,10.1352443695
MVMoE,2345,sample1280,20260827,I50,50,N20_K2_M12_I50.xlsx,12.4460296631
MVMoE,2345,sample1280,20260827,I51,51,N20_K2_M12_I51.xlsx,11.1217317581
MVMoE,2345,sample1280,20260827,I52,52,N20_K2_M12_I52.xlsx,10.8659820557
MVMoE,2345,sample1280,20260827,I53,53,N20_K2_M12_I53.xlsx,10.9165439606
MVMoE,2345,sample1280,20260827,I54,54,N20_K2_M12_I54.xlsx,9.87193584442
MVMoE,2345,sample1280,20260827,I55,55,N20_K2_M12_I55.xlsx,11.7055711746
MVMoE,2345,sample1280,20260827,I56,56,N20_K2_M12_I56.xlsx,12.0898981094
MVMoE,2345,sample1280,20260827,I57,57,N20_K2_M12_I57.xlsx,11.4811115265
MVMoE,2345,sample1280,20260827,I58,58,N20_K2_M12_I58.xlsx,8.93446159363
MVMoE,2345,sample1280,20260827,I59,59,N20_K2_M12_I59.xlsx,9.34246730804
MVMoE,2345,sample1280,20260827,I60,60,N20_K2_M12_I60.xlsx,9.67547893524
MVMoE,2345,sample1280,20260827,I61,61,N20_K2_M12_I61.xlsx,10.8507652283
MVMoE,2345,sample1280,20260827,I62,62,N20_K2_M12_I62.xlsx,9.24116420746
MVMoE,2345,sample1280,20260827,I63,63,N20_K2_M12_I63.xlsx,10.6817512512
MVMoE,2345,sample1280,20260827,I64,64,N20_K2_M12_I64.xlsx,9.84689903259
MVMoE,2345,sample1280,20260827,I65,65,N20_K2_M12_I65.xlsx,12.5231704712
MVMoE,2345,sample1280,20260827,I66,66,N20_K2_M12_I66.xlsx,10.7789335251
MVMoE,2345,sample1280,20260827,I67,67,N20_K2_M12_I67.xlsx,10.1045780182
MVMoE,2345,sample1280,20260827,I68,68,N20_K2_M12_I68.xlsx,10.7080841064
MVMoE,2345,sample1280,20260827,I69,69,N20_K2_M12_I69.xlsx,11.0082149506
MVMoE,2345,sample1280,20260827,I70,70,N20_K2_M12_I70.xlsx,10.4767742157
MVMoE,2345,sample1280,20260827,I71,71,N20_K2_M12_I71.xlsx,11.9181289673
MVMoE,2345,sample1280,20260827,I72,72,N20_K2_M12_I72.xlsx,11.2829723358
MVMoE,2345,sample1280,20260827,I73,73,N20_K2_M12_I73.xlsx,10.0509395599
MVMoE,2345,sample1280,20260827,I74,74,N20_K2_M12_I74.xlsx,11.3099527359
MVMoE,2345,sample1280,20260827,I75,75,N20_K2_M12_I75.xlsx,9.69652557373
MVMoE,2345,sample1280,20260827,I76,76,N20_K2_M12_I76.xlsx,12.5446491241
MVMoE,2345,sample1280,20260827,I77,77,N20_K2_M12_I77.xlsx,10.0234470367
MVMoE,2345,sample1280,20260827,I78,78,N20_K2_M12_I78.xlsx,10.2456550598
MVMoE,2345,sample1280,20260827,I79,79,N20_K2_M12_I79.xlsx,11.0734844208
MVMoE,2345,sample1280,20260827,I80,80,N20_K2_M12_I80.xlsx,10.8812046051
MVMoE,2345,sample1280,20260827,I81,81,N20_K2_M12_I81.xlsx,10.6749429703
MVMoE,2345,sample1280,20260827,I82,82,N20_K2_M12_I82.xlsx,10.0409736633
MVMoE,2345,sample1280,20260827,I83,83,N20_K2_M12_I83.xlsx,10.6639080048
MVMoE,2345,sample1280,20260827,I84,84,N20_K2_M12_I84.xlsx,10.2905445099
MVMoE,2345,sample1280,20260827,I85,85,N20_K2_M12_I85.xlsx,12.1534862518
MVMoE,2345,sample1280,20260827,I86,86,N20_K2_M12_I86.xlsx,10.2856788635
MVMoE,2345,sample1280,20260827,I87,87,N20_K2_M12_I87.xlsx,9.43314743042
MVMoE,2345,sample1280,20260827,I88,88,N20_K2_M12_I88.xlsx,9.25573253632
MVMoE,2345,sample1280,20260827,I89,89,N20_K2_M12_I89.xlsx,11.024266243
MVMoE,2345,sample1280,20260827,I90,90,N20_K2_M12_I90.xlsx,11.2717409134
MVMoE,2345,sample1280,20260827,I91,91,N20_K2_M12_I91.xlsx,10.302740097
MVMoE,2345,sample1280,20260827,I92,92,N20_K2_M12_I92.xlsx,9.34509181976
MVMoE,2345,sample1280,20260827,I93,93,N20_K2_M12_I93.xlsx,10.3618059158
MVMoE,2345,sample1280,20260827,I94,94,N20_K2_M12_I94.xlsx,9.76704978943
MVMoE,2345,sample1280,20260827,I95,95,N20_K2_M12_I95.xlsx,9.61544036865
MVMoE,2345,sample1280,20260827,I96,96,N20_K2_M12_I96.xlsx,9.94051742554
MVMoE,2345,sample1280,20260827,I97,97,N20_K2_M12_I97.xlsx,10.7559270859
MVMoE,2345,sample1280,20260827,I98,98,N20_K2_M12_I98.xlsx,9.57682418823
MVMoE,2345,sample1280,20260827,I99,99,N20_K2_M12_I99.xlsx,10.6012496948
MVMoE,2345,sample1280,20260827,I100,100,N20_K2_M12_I100.xlsx,10.8465585709
MVMoE,3456,greedy,20260827,I1,1,N20_K2_M12_I1.xlsx,11.8069419861
MVMoE,3456,greedy,20260827,I2,2,N20_K2_M12_I2.xlsx,11.5967006683
MVMoE,3456,greedy,20260827,I3,3,N20_K2_M12_I3.xlsx,10.4048728943
MVMoE,3456,greedy,20260827,I4,4,N20_K2_M12_I4.xlsx,9.679646492
MVMoE,3456,greedy,20260827,I5,5,N20_K2_M12_I5.xlsx,9.80250263214
MVMoE,3456,greedy,20260827,I6,6,N20_K2_M12_I6.xlsx,13.7363204956
MVMoE,3456,greedy,20260827,I7,7,N20_K2_M12_I7.xlsx,12.7963733673
MVMoE,3456,greedy,20260827,I8,8,N20_K2_M12_I8.xlsx,12.8058662415
MVMoE,3456,greedy,20260827,I9,9,N20_K2_M12_I9.xlsx,11.8800125122
MVMoE,3456,greedy,20260827,I10,10,N20_K2_M12_I10.xlsx,11.4219722748
MVMoE,3456,greedy,20260827,I11,11,N20_K2_M12_I11.xlsx,12.4301395416
MVMoE,3456,greedy,20260827,I12,12,N20_K2_M12_I12.xlsx,7.74083805084
MVMoE,3456,greedy,20260827,I13,13,N20_K2_M12_I13.xlsx,11.3729887009
MVMoE,3456,greedy,20260827,I14,14,N20_K2_M12_I14.xlsx,8.85886287689
MVMoE,3456,greedy,20260827,I15,15,N20_K2_M12_I15.xlsx,11.3275709152
MVMoE,3456,greedy,20260827,I16,16,N20_K2_M12_I16.xlsx,10.8193864822
MVMoE,3456,greedy,20260827,I17,17,N20_K2_M12_I17.xlsx,11.4088659286
MVMoE,3456,greedy,20260827,I18,18,N20_K2_M12_I18.xlsx,11.7667207718
MVMoE,3456,greedy,20260827,I19,19,N20_K2_M12_I19.xlsx,10.9476146698
MVMoE,3456,greedy,20260827,I20,20,N20_K2_M12_I20.xlsx,12.661397934
MVMoE,3456,greedy,20260827,I21,21,N20_K2_M12_I21.xlsx,13.9381542206
MVMoE,3456,greedy,20260827,I22,22,N20_K2_M12_I22.xlsx,12.1630020142
MVMoE,3456,greedy,20260827,I23,23,N20_K2_M12_I23.xlsx,12.7848644257
MVMoE,3456,greedy,20260827,I24,24,N20_K2_M12_I24.xlsx,13.0594768524
MVMoE,3456,greedy,20260827,I25,25,N20_K2_M12_I25.xlsx,9.92704868317
MVMoE,3456,greedy,20260827,I26,26,N20_K2_M12_I26.xlsx,11.9238681793
MVMoE,3456,greedy,20260827,I27,27,N20_K2_M12_I27.xlsx,11.3453168869
MVMoE,3456,greedy,20260827,I28,28,N20_K2_M12_I28.xlsx,12.8891716003
MVMoE,3456,greedy,20260827,I29,29,N20_K2_M12_I29.xlsx,12.2089366913
MVMoE,3456,greedy,20260827,I30,30,N20_K2_M12_I30.xlsx,10.6487436295
MVMoE,3456,greedy,20260827,I31,31,N20_K2_M12_I31.xlsx,9.41602611542
MVMoE,3456,greedy,20260827,I32,32,N20_K2_M12_I32.xlsx,9.53960609436
MVMoE,3456,greedy,20260827,I33,33,N20_K2_M12_I33.xlsx,10.5364990234
MVMoE,3456,greedy,20260827,I34,34,N20_K2_M12_I34.xlsx,12.0011177063
MVMoE,3456,greedy,20260827,I35,35,N20_K2_M12_I35.xlsx,12.7494182587
MVMoE,3456,greedy,20260827,I36,36,N20_K2_M12_I36.xlsx,12.0090694427
MVMoE,3456,greedy,20260827,I37,37,N20_K2_M12_I37.xlsx,12.7545490265
MVMoE,3456,greedy,20260827,I38,38,N20_K2_M12_I38.xlsx,10.5395174026
MVMoE,3456,greedy,20260827,I39,39,N20_K2_M12_I39.xlsx,11.8929805756
MVMoE,3456,greedy,20260827,I40,40,N20_K2_M12_I40.xlsx,11.1692409515
MVMoE,3456,greedy,20260827,I41,41,N20_K2_M12_I41.xlsx,11.4121608734
MVMoE,3456,greedy,20260827,I42,42,N20_K2_M12_I42.xlsx,12.4760913849
MVMoE,3456,greedy,20260827,I43,43,N20_K2_M12_I43.xlsx,10.7924032211
MVMoE,3456,greedy,20260827,I44,44,N20_K2_M12_I44.xlsx,12.3290586472
MVMoE,3456,greedy,20260827,I45,45,N20_K2_M12_I45.xlsx,11.6327829361
MVMoE,3456,greedy,20260827,I46,46,N20_K2_M12_I46.xlsx,7.84137582779
MVMoE,3456,greedy,20260827,I47,47,N20_K2_M12_I47.xlsx,10.980140686
MVMoE,3456,greedy,20260827,I48,48,N20_K2_M12_I48.xlsx,9.83383369446
MVMoE,3456,greedy,20260827,I49,49,N20_K2_M12_I49.xlsx,11.7446737289
MVMoE,3456,greedy,20260827,I50,50,N20_K2_M12_I50.xlsx,13.4184131622
MVMoE,3456,greedy,20260827,I51,51,N20_K2_M12_I51.xlsx,11.479642868
MVMoE,3456,greedy,20260827,I52,52,N20_K2_M12_I52.xlsx,11.2007360458
MVMoE,3456,greedy,20260827,I53,53,N20_K2_M12_I53.xlsx,11.196472168
MVMoE,3456,greedy,20260827,I54,54,N20_K2_M12_I54.xlsx,10.3388900757
MVMoE,3456,greedy,20260827,I55,55,N20_K2_M12_I55.xlsx,11.9960899353
MVMoE,3456,greedy,20260827,I56,56,N20_K2_M12_I56.xlsx,12.376159668
MVMoE,3456,greedy,20260827,I57,57,N20_K2_M12_I57.xlsx,12.1507835388
MVMoE,3456,greedy,20260827,I58,58,N20_K2_M12_I58.xlsx,10.4796695709
MVMoE,3456,greedy,20260827,I59,59,N20_K2_M12_I59.xlsx,11.0277118683
MVMoE,3456,greedy,20260827,I60,60,N20_K2_M12_I60.xlsx,11.2146406174
MVMoE,3456,greedy,20260827,I61,61,N20_K2_M12_I61.xlsx,11.3841571808
MVMoE,3456,greedy,20260827,I62,62,N20_K2_M12_I62.xlsx,11.2901821136
MVMoE,3456,greedy,20260827,I63,63,N20_K2_M12_I63.xlsx,11.669626236
MVMoE,3456,greedy,20260827,I64,64,N20_K2_M12_I64.xlsx,11.438117981
MVMoE,3456,greedy,20260827,I65,65,N20_K2_M12_I65.xlsx,13.0768442154
MVMoE,3456,greedy,20260827,I66,66,N20_K2_M12_I66.xlsx,11.8631248474
MVMoE,3456,greedy,20260827,I67,67,N20_K2_M12_I67.xlsx,11.1458415985
MVMoE,3456,greedy,20260827,I68,68,N20_K2_M12_I68.xlsx,11.1043138504
MVMoE,3456,greedy,20260827,I69,69,N20_K2_M12_I69.xlsx,11.7398757935
MVMoE,3456,greedy,20260827,I70,70,N20_K2_M12_I70.xlsx,11.4505233765
MVMoE,3456,greedy,20260827,I71,71,N20_K2_M12_I71.xlsx,12.7070112228
MVMoE,3456,greedy,20260827,I72,72,N20_K2_M12_I72.xlsx,11.7441596985
MVMoE,3456,greedy,20260827,I73,73,N20_K2_M12_I73.xlsx,11.1099376678
MVMoE,3456,greedy,20260827,I74,74,N20_K2_M12_I74.xlsx,12.3822841644
MVMoE,3456,greedy,20260827,I75,75,N20_K2_M12_I75.xlsx,10.5412807465
MVMoE,3456,greedy,20260827,I76,76,N20_K2_M12_I76.xlsx,12.7394657135
MVMoE,3456,greedy,20260827,I77,77,N20_K2_M12_I77.xlsx,10.1736221313
MVMoE,3456,greedy,20260827,I78,78,N20_K2_M12_I78.xlsx,10.4799928665
MVMoE,3456,greedy,20260827,I79,79,N20_K2_M12_I79.xlsx,12.7887687683
MVMoE,3456,greedy,20260827,I80,80,N20_K2_M12_I80.xlsx,11.3805007935
MVMoE,3456,greedy,20260827,I81,81,N20_K2_M12_I81.xlsx,12.1706790924
MVMoE,3456,greedy,20260827,I82,82,N20_K2_M12_I82.xlsx,10.3699073792
MVMoE,3456,greedy,20260827,I83,83,N20_K2_M12_I83.xlsx,10.9896364212
MVMoE,3456,greedy,20260827,I84,84,N20_K2_M12_I84.xlsx,10.1503000259
MVMoE,3456,greedy,20260827,I85,85,N20_K2_M12_I85.xlsx,12.6871433258
MVMoE,3456,greedy,20260827,I86,86,N20_K2_M12_I86.xlsx,10.6363239288
MVMoE,3456,greedy,20260827,I87,87,N20_K2_M12_I87.xlsx,9.20377922058
MVMoE,3456,greedy,20260827,I88,88,N20_K2_M12_I88.xlsx,11.0730876923
MVMoE,3456,greedy,20260827,I89,89,N20_K2_M12_I89.xlsx,11.7397346497
MVMoE,3456,greedy,20260827,I90,90,N20_K2_M12_I90.xlsx,11.9399271011
MVMoE,3456,greedy,20260827,I91,91,N20_K2_M12_I91.xlsx,11.1460285187
MVMoE,3456,greedy,20260827,I92,92,N20_K2_M12_I92.xlsx,10.0400829315
MVMoE,3456,greedy,20260827,I93,93,N20_K2_M12_I93.xlsx,10.7659893036
MVMoE,3456,greedy,20260827,I94,94,N20_K2_M12_I94.xlsx,9.65965080261
MVMoE,3456,greedy,20260827,I95,95,N20_K2_M12_I95.xlsx,10.1150970459
MVMoE,3456,greedy,20260827,I96,96,N20_K2_M12_I96.xlsx,10.7413272858
MVMoE,3456,greedy,20260827,I97,97,N20_K2_M12_I97.xlsx,12.0747909546
MVMoE,3456,greedy,20260827,I98,98,N20_K2_M12_I98.xlsx,9.34319972992
MVMoE,3456,greedy,20260827,I99,99,N20_K2_M12_I99.xlsx,11.1052513123
MVMoE,3456,greedy,20260827,I100,100,N20_K2_M12_I100.xlsx,13.9153814316
MVMoE,3456,sample1280,20260827,I1,1,N20_K2_M12_I1.xlsx,10.8016281128
MVMoE,3456,sample1280,20260827,I2,2,N20_K2_M12_I2.xlsx,10.9165964127
MVMoE,3456,sample1280,20260827,I3,3,N20_K2_M12_I3.xlsx,9.92028236389
MVMoE,3456,sample1280,20260827,I4,4,N20_K2_M12_I4.xlsx,8.8928604126
MVMoE,3456,sample1280,20260827,I5,5,N20_K2_M12_I5.xlsx,9.55834197998
MVMoE,3456,sample1280,20260827,I6,6,N20_K2_M12_I6.xlsx,12.208940506
MVMoE,3456,sample1280,20260827,I7,7,N20_K2_M12_I7.xlsx,12.4913520813
MVMoE,3456,sample1280,20260827,I8,8,N20_K2_M12_I8.xlsx,11.7240924835
MVMoE,3456,sample1280,20260827,I9,9,N20_K2_M12_I9.xlsx,10.4384250641
MVMoE,3456,sample1280,20260827,I10,10,N20_K2_M12_I10.xlsx,10.9462003708
MVMoE,3456,sample1280,20260827,I11,11,N20_K2_M12_I11.xlsx,11.3544006348
MVMoE,3456,sample1280,20260827,I12,12,N20_K2_M12_I12.xlsx,7.41101646423
MVMoE,3456,sample1280,20260827,I13,13,N20_K2_M12_I13.xlsx,11.0893936157
MVMoE,3456,sample1280,20260827,I14,14,N20_K2_M12_I14.xlsx,8.82830524445
MVMoE,3456,sample1280,20260827,I15,15,N20_K2_M12_I15.xlsx,10.0298242569
MVMoE,3456,sample1280,20260827,I16,16,N20_K2_M12_I16.xlsx,10.5742969513
MVMoE,3456,sample1280,20260827,I17,17,N20_K2_M12_I17.xlsx,10.6294002533
MVMoE,3456,sample1280,20260827,I18,18,N20_K2_M12_I18.xlsx,10.8688440323
MVMoE,3456,sample1280,20260827,I19,19,N20_K2_M12_I19.xlsx,9.86949062347
MVMoE,3456,sample1280,20260827,I20,20,N20_K2_M12_I20.xlsx,11.3203430176
MVMoE,3456,sample1280,20260827,I21,21,N20_K2_M12_I21.xlsx,11.9724168777
MVMoE,3456,sample1280,20260827,I22,22,N20_K2_M12_I22.xlsx,11.5878801346
MVMoE,3456,sample1280,20260827,I23,23,N20_K2_M12_I23.xlsx,12.0888299942
MVMoE,3456,sample1280,20260827,I24,24,N20_K2_M12_I24.xlsx,12.4428691864
MVMoE,3456,sample1280,20260827,I25,25,N20_K2_M12_I25.xlsx,9.71556472778
MVMoE,3456,sample1280,20260827,I26,26,N20_K2_M12_I26.xlsx,10.9733419418
MVMoE,3456,sample1280,20260827,I27,27,N20_K2_M12_I27.xlsx,9.84726715088
MVMoE,3456,sample1280,20260827,I28,28,N20_K2_M12_I28.xlsx,11.6273431778
MVMoE,3456,sample1280,20260827,I29,29,N20_K2_M12_I29.xlsx,11.4401397705
MVMoE,3456,sample1280,20260827,I30,30,N20_K2_M12_I30.xlsx,10.1464996338
MVMoE,3456,sample1280,20260827,I31,31,N20_K2_M12_I31.xlsx,8.26769447327
MVMoE,3456,sample1280,20260827,I32,32,N20_K2_M12_I32.xlsx,8.61707782745
MVMoE,3456,sample1280,20260827,I33,33,N20_K2_M12_I33.xlsx,9.50175285339
MVMoE,3456,sample1280,20260827,I34,34,N20_K2_M12_I34.xlsx,11.6359987259
MVMoE,3456,sample1280,20260827,I35,35,N20_K2_M12_I35.xlsx,12.1037330627
MVMoE,3456,sample1280,20260827,I36,36,N20_K2_M12_I36.xlsx,9.66177463531
MVMoE,3456,sample1280,20260827,I37,37,N20_K2_M12_I37.xlsx,12.1813631058
MVMoE,3456,sample1280,20260827,I38,38,N20_K2_M12_I38.xlsx,9.8614692688
MVMoE,3456,sample1280,20260827,I39,39,N20_K2_M12_I39.xlsx,11.5959606171
MVMoE,3456,sample1280,20260827,I40,40,N20_K2_M12_I40.xlsx,10.0380897522
MVMoE,3456,sample1280,20260827,I41,41,N20_K2_M12_I41.xlsx,10.4289646149
MVMoE,3456,sample1280,20260827,I42,42,N20_K2_M12_I42.xlsx,11.2212724686
MVMoE,3456,sample1280,20260827,I43,43,N20_K2_M12_I43.xlsx,9.279961586
MVMoE,3456,sample1280,20260827,I44,44,N20_K2_M12_I44.xlsx,11.779211998
MVMoE,3456,sample1280,20260827,I45,45,N20_K2_M12_I45.xlsx,11.6693115234
MVMoE,3456,sample1280,20260827,I46,46,N20_K2_M12_I46.xlsx,7.84137582779
MVMoE,3456,sample1280,20260827,I47,47,N20_K2_M12_I47.xlsx,9.41948795319
MVMoE,3456,sample1280,20260827,I48,48,N20_K2_M12_I48.xlsx,9.49715900421
MVMoE,3456,sample1280,20260827,I49,49,N20_K2_M12_I49.xlsx,10.337436676
MVMoE,3456,sample1280,20260827,I50,50,N20_K2_M12_I50.xlsx,12.9629459381
MVMoE,3456,sample1280,20260827,I51,51,N20_K2_M12_I51.xlsx,10.9354667664
MVMoE,3456,sample1280,20260827,I52,52,N20_K2_M12_I52.xlsx,10.272562027
MVMoE,3456,sample1280,20260827,I53,53,N20_K2_M12_I53.xlsx,10.4817447662
MVMoE,3456,sample1280,20260827,I54,54,N20_K2_M12_I54.xlsx,10.0280609131
MVMoE,3456,sample1280,20260827,I55,55,N20_K2_M12_I55.xlsx,11.7309741974
MVMoE,3456,sample1280,20260827,I56,56,N20_K2_M12_I56.xlsx,12.0175466537
MVMoE,3456,sample1280,20260827,I57,57,N20_K2_M12_I57.xlsx,11.3790931702
MVMoE,3456,sample1280,20260827,I58,58,N20_K2_M12_I58.xlsx,8.96142959595
MVMoE,3456,sample1280,20260827,I59,59,N20_K2_M12_I59.xlsx,9.4178647995
MVMoE,3456,sample1280,20260827,I60,60,N20_K2_M12_I60.xlsx,9.62553977966
MVMoE,3456,sample1280,20260827,I61,61,N20_K2_M12_I61.xlsx,11.1366481781
MVMoE,3456,sample1280,20260827,I62,62,N20_K2_M12_I62.xlsx,9.31324100494
MVMoE,3456,sample1280,20260827,I63,63,N20_K2_M12_I63.xlsx,11.1083421707
MVMoE,3456,sample1280,20260827,I64,64,N20_K2_M12_I64.xlsx,9.64665603638
MVMoE,3456,sample1280,20260827,I65,65,N20_K2_M12_I65.xlsx,12.7649526596
MVMoE,3456,sample1280,20260827,I66,66,N20_K2_M12_I66.xlsx,10.6693153381
MVMoE,3456,sample1280,20260827,I67,67,N20_K2_M12_I67.xlsx,9.97359275818
MVMoE,3456,sample1280,20260827,I68,68,N20_K2_M12_I68.xlsx,10.4895496368
MVMoE,3456,sample1280,20260827,I69,69,N20_K2_M12_I69.xlsx,10.8108720779
MVMoE,3456,sample1280,20260827,I70,70,N20_K2_M12_I70.xlsx,10.7605628967
MVMoE,3456,sample1280,20260827,I71,71,N20_K2_M12_I71.xlsx,11.7375440598
MVMoE,3456,sample1280,20260827,I72,72,N20_K2_M12_I72.xlsx,10.7802495956
MVMoE,3456,sample1280,20260827,I73,73,N20_K2_M12_I73.xlsx,10.1981840134
MVMoE,3456,sample1280,20260827,I74,74,N20_K2_M12_I74.xlsx,10.833978653
MVMoE,3456,sample1280,20260827,I75,75,N20_K2_M12_I75.xlsx,9.65854072571
MVMoE,3456,sample1280,20260827,I76,76,N20_K2_M12_I76.xlsx,12.3233604431
MVMoE,3456,sample1280,20260827,I77,77,N20_K2_M12_I77.xlsx,9.86311149597
MVMoE,3456,sample1280,20260827,I78,78,N20_K2_M12_I78.xlsx,9.35910892487
MVMoE,3456,sample1280,20260827,I79,79,N20_K2_M12_I79.xlsx,10.9290142059
MVMoE,3456,sample1280,20260827,I80,80,N20_K2_M12_I80.xlsx,10.849779129
MVMoE,3456,sample1280,20260827,I81,81,N20_K2_M12_I81.xlsx,11.845243454
MVMoE,3456,sample1280,20260827,I82,82,N20_K2_M12_I82.xlsx,10.0732250214
MVMoE,3456,sample1280,20260827,I83,83,N20_K2_M12_I83.xlsx,10.723323822
MVMoE,3456,sample1280,20260827,I84,84,N20_K2_M12_I84.xlsx,9.9190454483
MVMoE,3456,sample1280,20260827,I85,85,N20_K2_M12_I85.xlsx,12.0689258575
MVMoE,3456,sample1280,20260827,I86,86,N20_K2_M12_I86.xlsx,10.3941507339
MVMoE,3456,sample1280,20260827,I87,87,N20_K2_M12_I87.xlsx,9.3901052475
MVMoE,3456,sample1280,20260827,I88,88,N20_K2_M12_I88.xlsx,9.7832698822
MVMoE,3456,sample1280,20260827,I89,89,N20_K2_M12_I89.xlsx,10.6742429733
MVMoE,3456,sample1280,20260827,I90,90,N20_K2_M12_I90.xlsx,11.1876935959
MVMoE,3456,sample1280,20260827,I91,91,N20_K2_M12_I91.xlsx,10.3566894531
MVMoE,3456,sample1280,20260827,I92,92,N20_K2_M12_I92.xlsx,9.15531539917
MVMoE,3456,sample1280,20260827,I93,93,N20_K2_M12_I93.xlsx,10.2875738144
MVMoE,3456,sample1280,20260827,I94,94,N20_K2_M12_I94.xlsx,9.61948108673
MVMoE,3456,sample1280,20260827,I95,95,N20_K2_M12_I95.xlsx,9.62488746643
MVMoE,3456,sample1280,20260827,I96,96,N20_K2_M12_I96.xlsx,10.0550479889
MVMoE,3456,sample1280,20260827,I97,97,N20_K2_M12_I97.xlsx,10.5660982132
MVMoE,3456,sample1280,20260827,I98,98,N20_K2_M12_I98.xlsx,9.25589752197
MVMoE,3456,sample1280,20260827,I99,99,N20_K2_M12_I99.xlsx,10.8187103271
MVMoE,3456,sample1280,20260827,I100,100,N20_K2_M12_I100.xlsx,10.3783283234
TDRL,1234,greedy,20260827,I1,1,N20_K2_M12_I1.xlsx,11.8988142014
TDRL,1234,greedy,20260827,I2,2,N20_K2_M12_I2.xlsx,11.8418483734
TDRL,1234,greedy,20260827,I3,3,N20_K2_M12_I3.xlsx,11.3223390579
TDRL,1234,greedy,20260827,I4,4,N20_K2_M12_I4.xlsx,10.8102369308
TDRL,1234,greedy,20260827,I5,5,N20_K2_M12_I5.xlsx,10.5018196106
TDRL,1234,greedy,20260827,I6,6,N20_K2_M12_I6.xlsx,14.5246677399
TDRL,1234,greedy,20260827,I7,7,N20_K2_M12_I7.xlsx,13.7738990784
TDRL,1234,greedy,20260827,I8,8,N20_K2_M12_I8.xlsx,14.5920715332
TDRL,1234,greedy,20260827,I9,9,N20_K2_M12_I9.xlsx,12.7694921494
TDRL,1234,greedy,20260827,I10,10,N20_K2_M12_I10.xlsx,13.097826004
TDRL,1234,greedy,20260827,I11,11,N20_K2_M12_I11.xlsx,12.9312915802
TDRL,1234,greedy,20260827,I12,12,N20_K2_M12_I12.xlsx,8.70039367676
TDRL,1234,greedy,20260827,I13,13,N20_K2_M12_I13.xlsx,12.5194921494
TDRL,1234,greedy,20260827,I14,14,N20_K2_M12_I14.xlsx,9.82475662231
TDRL,1234,greedy,20260827,I15,15,N20_K2_M12_I15.xlsx,10.3228635788
TDRL,1234,greedy,20260827,I16,16,N20_K2_M12_I16.xlsx,12.8116569519
TDRL,1234,greedy,20260827,I17,17,N20_K2_M12_I17.xlsx,12.2989196777
TDRL,1234,greedy,20260827,I18,18,N20_K2_M12_I18.xlsx,12.8470096588
TDRL,1234,greedy,20260827,I19,19,N20_K2_M12_I19.xlsx,11.0107021332
TDRL,1234,greedy,20260827,I20,20,N20_K2_M12_I20.xlsx,12.6111268997
TDRL,1234,greedy,20260827,I21,21,N20_K2_M12_I21.xlsx,13.6432151794
TDRL,1234,greedy,20260827,I22,22,N20_K2_M12_I22.xlsx,12.4283370972
TDRL,1234,greedy,20260827,I23,23,N20_K2_M12_I23.xlsx,14.0473651886
TDRL,1234,greedy,20260827,I24,24,N20_K2_M12_I24.xlsx,13.8082504272
TDRL,1234,greedy,20260827,I25,25,N20_K2_M12_I25.xlsx,10.8678302765
TDRL,1234,greedy,20260827,I26,26,N20_K2_M12_I26.xlsx,12.5245056152
TDRL,1234,greedy,20260827,I27,27,N20_K2_M12_I27.xlsx,11.800737381
TDRL,1234,greedy,20260827,I28,28,N20_K2_M12_I28.xlsx,13.1928453445
TDRL,1234,greedy,20260827,I29,29,N20_K2_M12_I29.xlsx,12.7748966217
TDRL,1234,greedy,20260827,I30,30,N20_K2_M12_I30.xlsx,12.0318431854
TDRL,1234,greedy,20260827,I31,31,N20_K2_M12_I31.xlsx,9.38858509064
TDRL,1234,greedy,20260827,I32,32,N20_K2_M12_I32.xlsx,9.85225582123
TDRL,1234,greedy,20260827,I33,33,N20_K2_M12_I33.xlsx,10.0992965698
TDRL,1234,greedy,20260827,I34,34,N20_K2_M12_I34.xlsx,12.4530925751
TDRL,1234,greedy,20260827,I35,35,N20_K2_M12_I35.xlsx,13.550037384
TDRL,1234,greedy,20260827,I36,36,N20_K2_M12_I36.xlsx,10.7310667038
TDRL,1234,greedy,20260827,I37,37,N20_K2_M12_I37.xlsx,13.9529352188
TDRL,1234,greedy,20260827,I38,38,N20_K2_M12_I38.xlsx,11.0749931335
TDRL,1234,greedy,20260827,I39,39,N20_K2_M12_I39.xlsx,14.3743476868
TDRL,1234,greedy,20260827,I40,40,N20_K2_M12_I40.xlsx,10.6632509232
TDRL,1234,greedy,20260827,I41,41,N20_K2_M12_I41.xlsx,11.6540126801
TDRL,1234,greedy,20260827,I42,42,N20_K2_M12_I42.xlsx,14.687587738
TDRL,1234,greedy,20260827,I43,43,N20_K2_M12_I43.xlsx,11.1561698914
TDRL,1234,greedy,20260827,I44,44,N20_K2_M12_I44.xlsx,13.8755569458
TDRL,1234,greedy,20260827,I45,45,N20_K2_M12_I45.xlsx,15.8430042267
TDRL,1234,greedy,20260827,I46,46,N20_K2_M12_I46.xlsx,9.64279270172
TDRL,1234,greedy,20260827,I47,47,N20_K2_M12_I47.xlsx,11.5967798233
TDRL,1234,greedy,20260827,I48,48,N20_K2_M12_I48.xlsx,10.9040269852
TDRL,1234,greedy,20260827,I49,49,N20_K2_M12_I49.xlsx,12.0928010941
TDRL,1234,greedy,20260827,I50,50,N20_K2_M12_I50.xlsx,14.2414941788
TDRL,1234,greedy,20260827,I51,51,N20_K2_M12_I51.xlsx,12.1663427353
TDRL,1234,greedy,20260827,I52,52,N20_K2_M12_I52.xlsx,12.4113273621
TDRL,1234,greedy,20260827,I53,53,N20_K2_M12_I53.xlsx,11.9712333679
TDRL,1234,greedy,20260827,I54,54,N20_K2_M12_I54.xlsx,10.9621305466
TDRL,1234,greedy,20260827,I55,55,N20_K2_M12_I55.xlsx,13.9936389923
TDRL,1234,greedy,20260827,I56,56,N20_K2_M12_I56.xlsx,13.3814496994
TDRL,1234,greedy,20260827,I57,57,N20_K2_M12_I57.xlsx,12.8344621658
TDRL,1234,greedy,20260827,I58,58,N20_K2_M12_I58.xlsx,9.80072975159
TDRL,1234,greedy,20260827,I59,59,N20_K2_M12_I59.xlsx,11.0613565445
TDRL,1234,greedy,20260827,I60,60,N20_K2_M12_I60.xlsx,11.3666477203
TDRL,1234,greedy,20260827,I61,61,N20_K2_M12_I61.xlsx,12.3538188934
TDRL,1234,greedy,20260827,I62,62,N20_K2_M12_I62.xlsx,11.1245651245
TDRL,1234,greedy,20260827,I63,63,N20_K2_M12_I63.xlsx,12.2399978638
TDRL,1234,greedy,20260827,I64,64,N20_K2_M12_I64.xlsx,10.9665470123
TDRL,1234,greedy,20260827,I65,65,N20_K2_M12_I65.xlsx,14.8787631989
TDRL,1234,greedy,20260827,I66,66,N20_K2_M12_I66.xlsx,12.1179161072
TDRL,1234,greedy,20260827,I67,67,N20_K2_M12_I67.xlsx,11.8151502609
TDRL,1234,greedy,20260827,I68,68,N20_K2_M12_I68.xlsx,12.5212087631
TDRL,1234,greedy,20260827,I69,69,N20_K2_M12_I69.xlsx,12.0182647705
TDRL,1234,greedy,20260827,I70,70,N20_K2_M12_I70.xlsx,12.8117656708
TDRL,1234,greedy,20260827,I71,71,N20_K2_M12_I71.xlsx,13.2851676941
TDRL,1234,greedy,20260827,I72,72,N20_K2_M12_I72.xlsx,11.2578878403
TDRL,1234,greedy,20260827,I73,73,N20_K2_M12_I73.xlsx,12.129992485
TDRL,1234,greedy,20260827,I74,74,N20_K2_M12_I74.xlsx,12.9420232773
TDRL,1234,greedy,20260827,I75,75,N20_K2_M12_I75.xlsx,11.0732145309
TDRL,1234,greedy,20260827,I76,76,N20_K2_M12_I76.xlsx,13.718993187
TDRL,1234,greedy,20260827,I77,77,N20_K2_M12_I77.xlsx,11.9531946182
TDRL,1234,greedy,20260827,I78,78,N20_K2_M12_I78.xlsx,11.2344169617
TDRL,1234,greedy,20260827,I79,79,N20_K2_M12_I79.xlsx,14.1213188171
TDRL,1234,greedy,20260827,I80,80,N20_K2_M12_I80.xlsx,12.1466226578
TDRL,1234,greedy,20260827,I81,81,N20_K2_M12_I81.xlsx,12.0221366882
TDRL,1234,greedy,20260827,I82,82,N20_K2_M12_I82.xlsx,11.7543678284
TDRL,1234,greedy,20260827,I83,83,N20_K2_M12_I83.xlsx,14.3528499603
TDRL,1234,greedy,20260827,I84,84,N20_K2_M12_I84.xlsx,11.40193367
TDRL,1234,greedy,20260827,I85,85,N20_K2_M12_I85.xlsx,13.8672904968
TDRL,1234,greedy,20260827,I86,86,N20_K2_M12_I86.xlsx,10.817325592
TDRL,1234,greedy,20260827,I87,87,N20_K2_M12_I87.xlsx,10.901099205
TDRL,1234,greedy,20260827,I88,88,N20_K2_M12_I88.xlsx,10.4911575317
TDRL,1234,greedy,20260827,I89,89,N20_K2_M12_I89.xlsx,11.8184299469
TDRL,1234,greedy,20260827,I90,90,N20_K2_M12_I90.xlsx,13.2526388168
TDRL,1234,greedy,20260827,I91,91,N20_K2_M12_I91.xlsx,11.1728916168
TDRL,1234,greedy,20260827,I92,92,N20_K2_M12_I92.xlsx,9.90659809113
TDRL,1234,greedy,20260827,I93,93,N20_K2_M12_I93.xlsx,10.9633178711
TDRL,1234,greedy,20260827,I94,94,N20_K2_M12_I94.xlsx,10.4866523743
TDRL,1234,greedy,20260827,I95,95,N20_K2_M12_I95.xlsx,11.361743927
TDRL,1234,greedy,20260827,I96,96,N20_K2_M12_I96.xlsx,10.659989357
TDRL,1234,greedy,20260827,I97,97,N20_K2_M12_I97.xlsx,11.9548196793
TDRL,1234,greedy,20260827,I98,98,N20_K2_M12_I98.xlsx,10.6569232941
TDRL,1234,greedy,20260827,I99,99,N20_K2_M12_I99.xlsx,11.4251251221
TDRL,1234,greedy,20260827,I100,100,N20_K2_M12_I100.xlsx,12.147187233
TDRL,1234,sample1280,20260827,I1,1,N20_K2_M12_I1.xlsx,11.3103971481
TDRL,1234,sample1280,20260827,I2,2,N20_K2_M12_I2.xlsx,10.7930240631
TDRL,1234,sample1280,20260827,I3,3,N20_K2_M12_I3.xlsx,10.2939586639
TDRL,1234,sample1280,20260827,I4,4,N20_K2_M12_I4.xlsx,9.25590705872
TDRL,1234,sample1280,20260827,I5,5,N20_K2_M12_I5.xlsx,9.74256801605
TDRL,1234,sample1280,20260827,I6,6,N20_K2_M12_I6.xlsx,12.4231929779
TDRL,1234,sample1280,20260827,I7,7,N20_K2_M12_I7.xlsx,12.7334909439
TDRL,1234,sample1280,20260827,I8,8,N20_K2_M12_I8.xlsx,11.8666687012
TDRL,1234,sample1280,20260827,I9,9,N20_K2_M12_I9.xlsx,10.9270124435
TDRL,1234,sample1280,20260827,I10,10,N20_K2_M12_I10.xlsx,11.3480510712
TDRL,1234,sample1280,20260827,I11,11,N20_K2_M12_I11.xlsx,11.4306020737
TDRL,1234,sample1280,20260827,I12,12,N20_K2_M12_I12.xlsx,7.60658311844
TDRL,1234,sample1280,20260827,I13,13,N20_K2_M12_I13.xlsx,10.9447078705
TDRL,1234,sample1280,20260827,I14,14,N20_K2_M12_I14.xlsx,9.09286785126
TDRL,1234,sample1280,20260827,I15,15,N20_K2_M12_I15.xlsx,9.82479667664
TDRL,1234,sample1280,20260827,I16,16,N20_K2_M12_I16.xlsx,11.0085725784
TDRL,1234,sample1280,20260827,I17,17,N20_K2_M12_I17.xlsx,10.1232395172
TDRL,1234,sample1280,20260827,I18,18,N20_K2_M12_I18.xlsx,10.8943367004
TDRL,1234,sample1280,20260827,I19,19,N20_K2_M12_I19.xlsx,9.73554611206
TDRL,1234,sample1280,20260827,I20,20,N20_K2_M12_I20.xlsx,11.5799646378
TDRL,1234,sample1280,20260827,I21,21,N20_K2_M12_I21.xlsx,12.1423826218
TDRL,1234,sample1280,20260827,I22,22,N20_K2_M12_I22.xlsx,11.6024913788
TDRL,1234,sample1280,20260827,I23,23,N20_K2_M12_I23.xlsx,12.1759328842
TDRL,1234,sample1280,20260827,I24,24,N20_K2_M12_I24.xlsx,12.6797103882
TDRL,1234,sample1280,20260827,I25,25,N20_K2_M12_I25.xlsx,9.82384395599
TDRL,1234,sample1280,20260827,I26,26,N20_K2_M12_I26.xlsx,11.5853862762
TDRL,1234,sample1280,20260827,I27,27,N20_K2_M12_I27.xlsx,10.6870851517
TDRL,1234,sample1280,20260827,I28,28,N20_K2_M12_I28.xlsx,11.9479179382
TDRL,1234,sample1280,20260827,I29,29,N20_K2_M12_I29.xlsx,11.6373929977
TDRL,1234,sample1280,20260827,I30,30,N20_K2_M12_I30.xlsx,10.65878582
TDRL,1234,sample1280,20260827,I31,31,N20_K2_M12_I31.xlsx,8.65407943726
TDRL,1234,sample1280,20260827,I32,32,N20_K2_M12_I32.xlsx,8.71321201324
TDRL,1234,sample1280,20260827,I33,33,N20_K2_M12_I33.xlsx,9.02748680115
TDRL,1234,sample1280,20260827,I34,34,N20_K2_M12_I34.xlsx,11.3848600388
TDRL,1234,sample1280,20260827,I35,35,N20_K2_M12_I35.xlsx,12.1885452271
TDRL,1234,sample1280,20260827,I36,36,N20_K2_M12_I36.xlsx,10.164103508
TDRL,1234,sample1280,20260827,I37,37,N20_K2_M12_I37.xlsx,12.4244365692
TDRL,1234,sample1280,20260827,I38,38,N20_K2_M12_I38.xlsx,10.2958173752
TDRL,1234,sample1280,20260827,I39,39,N20_K2_M12_I39.xlsx,11.3052902222
TDRL,1234,sample1280,20260827,I40,40,N20_K2_M12_I40.xlsx,9.93895721436
TDRL,1234,sample1280,20260827,I41,41,N20_K2_M12_I41.xlsx,10.3964958191
TDRL,1234,sample1280,20260827,I42,42,N20_K2_M12_I42.xlsx,11.6893978119
TDRL,1234,sample1280,20260827,I43,43,N20_K2_M12_I43.xlsx,9.68220710754
TDRL,1234,sample1280,20260827,I44,44,N20_K2_M12_I44.xlsx,12.3311462402
TDRL,1234,sample1280,20260827,I45,45,N20_K2_M12_I45.xlsx,12.0783891678
TDRL,1234,sample1280,20260827,I46,46,N20_K2_M12_I46.xlsx,7.85533905029
TDRL,1234,sample1280,20260827,I47,47,N20_K2_M12_I47.xlsx,9.9645690918
TDRL,1234,sample1280,20260827,I48,48,N20_K2_M12_I48.xlsx,10.0149383545
TDRL,1234,sample1280,20260827,I49,49,N20_K2_M12_I49.xlsx,10.1006002426
TDRL,1234,sample1280,20260827,I50,50,N20_K2_M12_I50.xlsx,12.4954137802
TDRL,1234,sample1280,20260827,I51,51,N20_K2_M12_I51.xlsx,11.490395546
TDRL,1234,sample1280,20260827,I52,52,N20_K2_M12_I52.xlsx,11.0563602448
TDRL,1234,sample1280,20260827,I53,53,N20_K2_M12_I53.xlsx,10.8139028549
TDRL,1234,sample1280,20260827,I54,54,N20_K2_M12_I54.xlsx,9.91528129578
TDRL,1234,sample1280,20260827,I55,55,N20_K2_M12_I55.xlsx,12.1881818771
TDRL,1234,sample1280,20260827,I56,56,N20_K2_M12_I56.xlsx,12.2712755203
TDRL,1234,sample1280,20260827,I57,57,N20_K2_M12_I57.xlsx,11.8877077103
TDRL,1234,sample1280,20260827,I58,58,N20_K2_M12_I58.xlsx,8.91926670074
TDRL,1234,sample1280,20260827,I59,59,N20_K2_M12_I59.xlsx,9.6233625412
TDRL,1234,sample1280,20260827,I60,60,N20_K2_M12_I60.xlsx,10.236825943
TDRL,1234,sample1280,20260827,I61,61,N20_K2_M12_I61.xlsx,10.8792457581
TDRL,1234,sample1280,20260827,I62,62,N20_K2_M12_I62.xlsx,9.60993289948
TDRL,1234,sample1280,20260827,I63,63,N20_K2_M12_I63.xlsx,10.7606658936
TDRL,1234,sample1280,20260827,I64,64,N20_K2_M12_I64.xlsx,10.1532897949
TDRL,1234,sample1280,20260827,I65,65,N20_K2_M12_I65.xlsx,13.1734466553
TDRL,1234,sample1280,20260827,I66,66,N20_K2_M12_I66.xlsx,10.9928483963
TDRL,1234,sample1280,20260827,I67,67,N20_K2_M12_I67.xlsx,10.3082714081
TDRL,1234,sample1280,20260827,I68,68,N20_K2_M12_I68.xlsx,11.0402050018
TDRL,1234,sample1280,20260827,I69,69,N20_K2_M12_I69.xlsx,10.9771270752
TDRL,1234,sample1280,20260827,I70,70,N20_K2_M12_I70.xlsx,10.5130157471
TDRL,1234,sample1280,20260827,I71,71,N20_K2_M12_I71.xlsx,11.8822345734
TDRL,1234,sample1280,20260827,I72,72,N20_K2_M12_I72.xlsx,10.5022172928
TDRL,1234,sample1280,20260827,I73,73,N20_K2_M12_I73.xlsx,10.4069881439
TDRL,1234,sample1280,20260827,I74,74,N20_K2_M12_I74.xlsx,10.8691673279
TDRL,1234,sample1280,20260827,I75,75,N20_K2_M12_I75.xlsx,10.1487960815
TDRL,1234,sample1280,20260827,I76,76,N20_K2_M12_I76.xlsx,12.6934509277
TDRL,1234,sample1280,20260827,I77,77,N20_K2_M12_I77.xlsx,10.2975664139
TDRL,1234,sample1280,20260827,I78,78,N20_K2_M12_I78.xlsx,9.92324924469
TDRL,1234,sample1280,20260827,I79,79,N20_K2_M12_I79.xlsx,11.4795627594
TDRL,1234,sample1280,20260827,I80,80,N20_K2_M12_I80.xlsx,10.9447555542
TDRL,1234,sample1280,20260827,I81,81,N20_K2_M12_I81.xlsx,10.7919549942
TDRL,1234,sample1280,20260827,I82,82,N20_K2_M12_I82.xlsx,10.3590078354
TDRL,1234,sample1280,20260827,I83,83,N20_K2_M12_I83.xlsx,10.9434318542
TDRL,1234,sample1280,20260827,I84,84,N20_K2_M12_I84.xlsx,10.240228653
TDRL,1234,sample1280,20260827,I85,85,N20_K2_M12_I85.xlsx,12.3737239838
TDRL,1234,sample1280,20260827,I86,86,N20_K2_M12_I86.xlsx,10.5171928406
TDRL,1234,sample1280,20260827,I87,87,N20_K2_M12_I87.xlsx,9.51961994171
TDRL,1234,sample1280,20260827,I88,88,N20_K2_M12_I88.xlsx,9.55303955078
TDRL,1234,sample1280,20260827,I89,89,N20_K2_M12_I89.xlsx,10.7586364746
TDRL,1234,sample1280,20260827,I90,90,N20_K2_M12_I90.xlsx,11.880812645
TDRL,1234,sample1280,20260827,I91,91,N20_K2_M12_I91.xlsx,10.4142208099
TDRL,1234,sample1280,20260827,I92,92,N20_K2_M12_I92.xlsx,9.23648071289
TDRL,1234,sample1280,20260827,I93,93,N20_K2_M12_I93.xlsx,10.5992889404
TDRL,1234,sample1280,20260827,I94,94,N20_K2_M12_I94.xlsx,9.77327537537
TDRL,1234,sample1280,20260827,I95,95,N20_K2_M12_I95.xlsx,9.83603000641
TDRL,1234,sample1280,20260827,I96,96,N20_K2_M12_I96.xlsx,10.047203064
TDRL,1234,sample1280,20260827,I97,97,N20_K2_M12_I97.xlsx,10.8767166138
TDRL,1234,sample1280,20260827,I98,98,N20_K2_M12_I98.xlsx,9.43546009064
TDRL,1234,sample1280,20260827,I99,99,N20_K2_M12_I99.xlsx,10.2855567932
TDRL,1234,sample1280,20260827,I100,100,N20_K2_M12_I100.xlsx,11.2303199768
TDRL,2345,greedy,20260827,I1,1,N20_K2_M12_I1.xlsx,11.5059080124
TDRL,2345,greedy,20260827,I2,2,N20_K2_M12_I2.xlsx,12.3193674088
TDRL,2345,greedy,20260827,I3,3,N20_K2_M12_I3.xlsx,11.1273345947
TDRL,2345,greedy,20260827,I4,4,N20_K2_M12_I4.xlsx,10.8068122864
TDRL,2345,greedy,20260827,I5,5,N20_K2_M12_I5.xlsx,11.3715791702
TDRL,2345,greedy,20260827,I6,6,N20_K2_M12_I6.xlsx,13.7849235535
TDRL,2345,greedy,20260827,I7,7,N20_K2_M12_I7.xlsx,13.8846940994
TDRL,2345,greedy,20260827,I8,8,N20_K2_M12_I8.xlsx,12.9673433304
TDRL,2345,greedy,20260827,I9,9,N20_K2_M12_I9.xlsx,11.0489797592
TDRL,2345,greedy,20260827,I10,10,N20_K2_M12_I10.xlsx,11.7373075485
TDRL,2345,greedy,20260827,I11,11,N20_K2_M12_I11.xlsx,12.7837257385
TDRL,2345,greedy,20260827,I12,12,N20_K2_M12_I12.xlsx,8.67567539215
TDRL,2345,greedy,20260827,I13,13,N20_K2_M12_I13.xlsx,13.1530752182
TDRL,2345,greedy,20260827,I14,14,N20_K2_M12_I14.xlsx,10.4433164597
TDRL,2345,greedy,20260827,I15,15,N20_K2_M12_I15.xlsx,10.8685083389
TDRL,2345,greedy,20260827,I16,16,N20_K2_M12_I16.xlsx,11.7086162567
TDRL,2345,greedy,20260827,I17,17,N20_K2_M12_I17.xlsx,11.1998596191
TDRL,2345,greedy,20260827,I18,18,N20_K2_M12_I18.xlsx,11.8325958252
TDRL,2345,greedy,20260827,I19,19,N20_K2_M12_I19.xlsx,11.3359727859
TDRL,2345,greedy,20260827,I20,20,N20_K2_M12_I20.xlsx,12.6775274277
TDRL,2345,greedy,20260827,I21,21,N20_K2_M12_I21.xlsx,13.5666704178
TDRL,2345,greedy,20260827,I22,22,N20_K2_M12_I22.xlsx,12.0299339294
TDRL,2345,greedy,20260827,I23,23,N20_K2_M12_I23.xlsx,13.7757062912
TDRL,2345,greedy,20260827,I24,24,N20_K2_M12_I24.xlsx,13.2308197021
TDRL,2345,greedy,20260827,I25,25,N20_K2_M12_I25.xlsx,10.8377285004
TDRL,2345,greedy,20260827,I26,26,N20_K2_M12_I26.xlsx,12.0457706451
TDRL,2345,greedy,20260827,I27,27,N20_K2_M12_I27.xlsx,11.0232276917
TDRL,2345,greedy,20260827,I28,28,N20_K2_M12_I28.xlsx,13.373623848
TDRL,2345,greedy,20260827,I29,29,N20_K2_M12_I29.xlsx,12.625995636
TDRL,2345,greedy,20260827,I30,30,N20_K2_M12_I30.xlsx,11.3781356812
TDRL,2345,greedy,20260827,I31,31,N20_K2_M12_I31.xlsx,9.24234199524
TDRL,2345,greedy,20260827,I32,32,N20_K2_M12_I32.xlsx,9.21363258362
TDRL,2345,greedy,20260827,I33,33,N20_K2_M12_I33.xlsx,10.068479538
TDRL,2345,greedy,20260827,I34,34,N20_K2_M12_I34.xlsx,12.2876625061
TDRL,2345,greedy,20260827,I35,35,N20_K2_M12_I35.xlsx,12.5720024109
TDRL,2345,greedy,20260827,I36,36,N20_K2_M12_I36.xlsx,10.7333898544
TDRL,2345,greedy,20260827,I37,37,N20_K2_M12_I37.xlsx,13.482506752
TDRL,2345,greedy,20260827,I38,38,N20_K2_M12_I38.xlsx,11.8831424713
TDRL,2345,greedy,20260827,I39,39,N20_K2_M12_I39.xlsx,13.4962739944
TDRL,2345,greedy,20260827,I40,40,N20_K2_M12_I40.xlsx,11.7442150116
TDRL,2345,greedy,20260827,I41,41,N20_K2_M12_I41.xlsx,11.3291959763
TDRL,2345,greedy,20260827,I42,42,N20_K2_M12_I42.xlsx,13.0468015671
TDRL,2345,greedy,20260827,I43,43,N20_K2_M12_I43.xlsx,10.3515987396
TDRL,2345,greedy,20260827,I44,44,N20_K2_M12_I44.xlsx,13.3775815964
TDRL,2345,greedy,20260827,I45,45,N20_K2_M12_I45.xlsx,13.3244829178
TDRL,2345,greedy,20260827,I46,46,N20_K2_M12_I46.xlsx,9.08286571503
TDRL,2345,greedy,20260827,I47,47,N20_K2_M12_I47.xlsx,11.264298439
TDRL,2345,greedy,20260827,I48,48,N20_K2_M12_I48.xlsx,10.8513412476
TDRL,2345,greedy,20260827,I49,49,N20_K2_M12_I49.xlsx,11.9834518433
TDRL,2345,greedy,20260827,I50,50,N20_K2_M12_I50.xlsx,14.1998023987
TDRL,2345,greedy,20260827,I51,51,N20_K2_M12_I51.xlsx,11.742143631
TDRL,2345,greedy,20260827,I52,52,N20_K2_M12_I52.xlsx,12.2388496399
TDRL,2345,greedy,20260827,I53,53,N20_K2_M12_I53.xlsx,11.5368022919
TDRL,2345,greedy,20260827,I54,54,N20_K2_M12_I54.xlsx,10.9541664124
TDRL,2345,greedy,20260827,I55,55,N20_K2_M12_I55.xlsx,12.7286605835
TDRL,2345,greedy,20260827,I56,56,N20_K2_M12_I56.xlsx,12.4992303848
TDRL,2345,greedy,20260827,I57,57,N20_K2_M12_I57.xlsx,12.131606102
TDRL,2345,greedy,20260827,I58,58,N20_K2_M12_I58.xlsx,11.2065505981
TDRL,2345,greedy,20260827,I59,59,N20_K2_M12_I59.xlsx,10.4783477783
TDRL,2345,greedy,20260827,I60,60,N20_K2_M12_I60.xlsx,11.3104429245
TDRL,2345,greedy,20260827,I61,61,N20_K2_M12_I61.xlsx,12.212849617
TDRL,2345,greedy,20260827,I62,62,N20_K2_M12_I62.xlsx,11.8145656586
TDRL,2345,greedy,20260827,I63,63,N20_K2_M12_I63.xlsx,11.9107227325
TDRL,2345,greedy,20260827,I64,64,N20_K2_M12_I64.xlsx,11.1128396988
TDRL,2345,greedy,20260827,I65,65,N20_K2_M12_I65.xlsx,14.9546232224
TDRL,2345,greedy,20260827,I66,66,N20_K2_M12_I66.xlsx,12.1864728928
TDRL,2345,greedy,20260827,I67,67,N20_K2_M12_I67.xlsx,10.9676904678
TDRL,2345,greedy,20260827,I68,68,N20_K2_M12_I68.xlsx,11.8924636841
TDRL,2345,greedy,20260827,I69,69,N20_K2_M12_I69.xlsx,11.3716526031
TDRL,2345,greedy,20260827,I70,70,N20_K2_M12_I70.xlsx,11.9559688568
TDRL,2345,greedy,20260827,I71,71,N20_K2_M12_I71.xlsx,12.7034187317
TDRL,2345,greedy,20260827,I72,72,N20_K2_M12_I72.xlsx,11.676861763
TDRL,2345,greedy,20260827,I73,73,N20_K2_M12_I73.xlsx,10.2392044067
TDRL,2345,greedy,20260827,I74,74,N20_K2_M12_I74.xlsx,12.4190139771
TDRL,2345,greedy,20260827,I75,75,N20_K2_M12_I75.xlsx,11.3985023499
TDRL,2345,greedy,20260827,I76,76,N20_K2_M12_I76.xlsx,13.3517513275
TDRL,2345,greedy,20260827,I77,77,N20_K2_M12_I77.xlsx,10.5764665604
TDRL,2345,greedy,20260827,I78,78,N20_K2_M12_I78.xlsx,10.612241745
TDRL,2345,greedy,20260827,I79,79,N20_K2_M12_I79.xlsx,11.568696022
TDRL,2345,greedy,20260827,I80,80,N20_K2_M12_I80.xlsx,12.5490226746
TDRL,2345,greedy,20260827,I81,81,N20_K2_M12_I81.xlsx,12.0258989334
TDRL,2345,greedy,20260827,I82,82,N20_K2_M12_I82.xlsx,12.2200393677
TDRL,2345,greedy,20260827,I83,83,N20_K2_M12_I83.xlsx,13.5590515137
TDRL,2345,greedy,20260827,I84,84,N20_K2_M12_I84.xlsx,10.5478000641
TDRL,2345,greedy,20260827,I85,85,N20_K2_M12_I85.xlsx,13.8367910385
TDRL,2345,greedy,20260827,I86,86,N20_K2_M12_I86.xlsx,11.2609739304
TDRL,2345,greedy,20260827,I87,87,N20_K2_M12_I87.xlsx,10.3597631454
TDRL,2345,greedy,20260827,I88,88,N20_K2_M12_I88.xlsx,9.95868492126
TDRL,2345,greedy,20260827,I89,89,N20_K2_M12_I89.xlsx,12.1461429596
TDRL,2345,greedy,20260827,I90,90,N20_K2_M12_I90.xlsx,12.4188308716
TDRL,2345,greedy,20260827,I91,91,N20_K2_M12_I91.xlsx,11.5082073212
TDRL,2345,greedy,20260827,I92,92,N20_K2_M12_I92.xlsx,10.1743535995
TDRL,2345,greedy,20260827,I93,93,N20_K2_M12_I93.xlsx,11.3532505035
TDRL,2345,greedy,20260827,I94,94,N20_K2_M12_I94.xlsx,10.22306633
TDRL,2345,greedy,20260827,I95,95,N20_K2_M12_I95.xlsx,11.2754945755
TDRL,2345,greedy,20260827,I96,96,N20_K2_M12_I96.xlsx,10.7973575592
TDRL,2345,greedy,20260827,I97,97,N20_K2_M12_I97.xlsx,12.2530078888
TDRL,2345,greedy,20260827,I98,98,N20_K2_M12_I98.xlsx,10.1889925003
TDRL,2345,greedy,20260827,I99,99,N20_K2_M12_I99.xlsx,11.7842216492
TDRL,2345,greedy,20260827,I100,100,N20_K2_M12_I100.xlsx,12.3430423737
TDRL,2345,sample1280,20260827,I1,1,N20_K2_M12_I1.xlsx,11.1782560349
TDRL,2345,sample1280,20260827,I2,2,N20_K2_M12_I2.xlsx,10.9233322144
TDRL,2345,sample1280,20260827,I3,3,N20_K2_M12_I3.xlsx,10.0180721283
TDRL,2345,sample1280,20260827,I4,4,N20_K2_M12_I4.xlsx,9.45848560333
TDRL,2345,sample1280,20260827,I5,5,N20_K2_M12_I5.xlsx,10.6985397339
TDRL,2345,sample1280,20260827,I6,6,N20_K2_M12_I6.xlsx,12.0338907242
TDRL,2345,sample1280,20260827,I7,7,N20_K2_M12_I7.xlsx,12.7017459869
TDRL,2345,sample1280,20260827,I8,8,N20_K2_M12_I8.xlsx,11.2843360901
TDRL,2345,sample1280,20260827,I9,9,N20_K2_M12_I9.xlsx,10.6263065338
TDRL,2345,sample1280,20260827,I10,10,N20_K2_M12_I10.xlsx,10.9700336456
TDRL,2345,sample1280,20260827,I11,11,N20_K2_M12_I11.xlsx,10.9019374847
TDRL,2345,sample1280,20260827,I12,12,N20_K2_M12_I12.xlsx,7.41168022156
TDRL,2345,sample1280,20260827,I13,13,N20_K2_M12_I13.xlsx,10.9098873138
TDRL,2345,sample1280,20260827,I14,14,N20_K2_M12_I14.xlsx,9.67113494873
TDRL,2345,sample1280,20260827,I15,15,N20_K2_M12_I15.xlsx,9.85721969604
TDRL,2345,sample1280,20260827,I16,16,N20_K2_M12_I16.xlsx,10.6490821838
TDRL,2345,sample1280,20260827,I17,17,N20_K2_M12_I17.xlsx,10.3522233963
TDRL,2345,sample1280,20260827,I18,18,N20_K2_M12_I18.xlsx,11.0708675385
TDRL,2345,sample1280,20260827,I19,19,N20_K2_M12_I19.xlsx,10.5593214035
TDRL,2345,sample1280,20260827,I20,20,N20_K2_M12_I20.xlsx,11.8122358322
TDRL,2345,sample1280,20260827,I21,21,N20_K2_M12_I21.xlsx,12.5020246506
TDRL,2345,sample1280,20260827,I22,22,N20_K2_M12_I22.xlsx,11.0519180298
TDRL,2345,sample1280,20260827,I23,23,N20_K2_M12_I23.xlsx,12.447183609
TDRL,2345,sample1280,20260827,I24,24,N20_K2_M12_I24.xlsx,12.2558746338
TDRL,2345,sample1280,20260827,I25,25,N20_K2_M12_I25.xlsx,9.98610877991
TDRL,2345,sample1280,20260827,I26,26,N20_K2_M12_I26.xlsx,11.4416332245
TDRL,2345,sample1280,20260827,I27,27,N20_K2_M12_I27.xlsx,10.3893260956
TDRL,2345,sample1280,20260827,I28,28,N20_K2_M12_I28.xlsx,12.1704692841
TDRL,2345,sample1280,20260827,I29,29,N20_K2_M12_I29.xlsx,11.4095630646
TDRL,2345,sample1280,20260827,I30,30,N20_K2_M12_I30.xlsx,10.9116506577
TDRL,2345,sample1280,20260827,I31,31,N20_K2_M12_I31.xlsx,8.29703330994
TDRL,2345,sample1280,20260827,I32,32,N20_K2_M12_I32.xlsx,8.6448841095
TDRL,2345,sample1280,20260827,I33,33,N20_K2_M12_I33.xlsx,9.25697135925
TDRL,2345,sample1280,20260827,I34,34,N20_K2_M12_I34.xlsx,11.2901926041
TDRL,2345,sample1280,20260827,I35,35,N20_K2_M12_I35.xlsx,12.3056135178
TDRL,2345,sample1280,20260827,I36,36,N20_K2_M12_I36.xlsx,10.1274337769
TDRL,2345,sample1280,20260827,I37,37,N20_K2_M12_I37.xlsx,12.6129398346
TDRL,2345,sample1280,20260827,I38,38,N20_K2_M12_I38.xlsx,10.6796112061
TDRL,2345,sample1280,20260827,I39,39,N20_K2_M12_I39.xlsx,12.2953748703
TDRL,2345,sample1280,20260827,I40,40,N20_K2_M12_I40.xlsx,10.5736303329
TDRL,2345,sample1280,20260827,I41,41,N20_K2_M12_I41.xlsx,11.1679973602
TDRL,2345,sample1280,20260827,I42,42,N20_K2_M12_I42.xlsx,11.4629096985
TDRL,2345,sample1280,20260827,I43,43,N20_K2_M12_I43.xlsx,9.21862983704
TDRL,2345,sample1280,20260827,I44,44,N20_K2_M12_I44.xlsx,11.8898229599
TDRL,2345,sample1280,20260827,I45,45,N20_K2_M12_I45.xlsx,11.5967302322
TDRL,2345,sample1280,20260827,I46,46,N20_K2_M12_I46.xlsx,7.84738111496
TDRL,2345,sample1280,20260827,I47,47,N20_K2_M12_I47.xlsx,9.61638355255
TDRL,2345,sample1280,20260827,I48,48,N20_K2_M12_I48.xlsx,10.141040802
TDRL,2345,sample1280,20260827,I49,49,N20_K2_M12_I49.xlsx,10.767250061
TDRL,2345,sample1280,20260827,I50,50,N20_K2_M12_I50.xlsx,12.4895782471
TDRL,2345,sample1280,20260827,I51,51,N20_K2_M12_I51.xlsx,11.1950120926
TDRL,2345,sample1280,20260827,I52,52,N20_K2_M12_I52.xlsx,11.0014677048
TDRL,2345,sample1280,20260827,I53,53,N20_K2_M12_I53.xlsx,10.7188053131
TDRL,2345,sample1280,20260827,I54,54,N20_K2_M12_I54.xlsx,9.95990371704
TDRL,2345,sample1280,20260827,I55,55,N20_K2_M12_I55.xlsx,12.0133733749
TDRL,2345,sample1280,20260827,I56,56,N20_K2_M12_I56.xlsx,11.8702373505
TDRL,2345,sample1280,20260827,I57,57,N20_K2_M12_I57.xlsx,11.3338975906
TDRL,2345,sample1280,20260827,I58,58,N20_K2_M12_I58.xlsx,9.15480518341
TDRL,2345,sample1280,20260827,I59,59,N20_K2_M12_I59.xlsx,9.33590698242
TDRL,2345,sample1280,20260827,I60,60,N20_K2_M12_I60.xlsx,10.2280082703
TDRL,2345,sample1280,20260827,I61,61,N20_K2_M12_I61.xlsx,10.9508199692
TDRL,2345,sample1280,20260827,I62,62,N20_K2_M12_I62.xlsx,10.1418628693
TDRL,2345,sample1280,20260827,I63,63,N20_K2_M12_I63.xlsx,10.7566280365
TDRL,2345,sample1280,20260827,I64,64,N20_K2_M12_I64.xlsx,10.2734985352
TDRL,2345,sample1280,20260827,I65,65,N20_K2_M12_I65.xlsx,12.8329868317
TDRL,2345,sample1280,20260827,I66,66,N20_K2_M12_I66.xlsx,10.9294185638
TDRL,2345,sample1280,20260827,I67,67,N20_K2_M12_I67.xlsx,10.2522535324
TDRL,2345,sample1280,20260827,I68,68,N20_K2_M12_I68.xlsx,11.0846405029
TDRL,2345,sample1280,20260827,I69,69,N20_K2_M12_I69.xlsx,11.0810260773
TDRL,2345,sample1280,20260827,I70,70,N20_K2_M12_I70.xlsx,10.4720201492
TDRL,2345,sample1280,20260827,I71,71,N20_K2_M12_I71.xlsx,11.5214538574
TDRL,2345,sample1280,20260827,I72,72,N20_K2_M12_I72.xlsx,11.2800235748
TDRL,2345,sample1280,20260827,I73,73,N20_K2_M12_I73.xlsx,9.68672275543
TDRL,2345,sample1280,20260827,I74,74,N20_K2_M12_I74.xlsx,11.0837364197
TDRL,2345,sample1280,20260827,I75,75,N20_K2_M12_I75.xlsx,9.80624580383
TDRL,2345,sample1280,20260827,I76,76,N20_K2_M12_I76.xlsx,11.9789028168
TDRL,2345,sample1280,20260827,I77,77,N20_K2_M12_I77.xlsx,10.0478658676
TDRL,2345,sample1280,20260827,I78,78,N20_K2_M12_I78.xlsx,10.1858472824
TDRL,2345,sample1280,20260827,I79,79,N20_K2_M12_I79.xlsx,10.9371528625
TDRL,2345,sample1280,20260827,I80,80,N20_K2_M12_I80.xlsx,11.2679443359
TDRL,2345,sample1280,20260827,I81,81,N20_K2_M12_I81.xlsx,11.1408176422
TDRL,2345,sample1280,20260827,I82,82,N20_K2_M12_I82.xlsx,10.4767618179
TDRL,2345,sample1280,20260827,I83,83,N20_K2_M12_I83.xlsx,11.3963222504
TDRL,2345,sample1280,20260827,I84,84,N20_K2_M12_I84.xlsx,10.2688388824
TDRL,2345,sample1280,20260827,I85,85,N20_K2_M12_I85.xlsx,12.2941169739
TDRL,2345,sample1280,20260827,I86,86,N20_K2_M12_I86.xlsx,10.2673120499
TDRL,2345,sample1280,20260827,I87,87,N20_K2_M12_I87.xlsx,9.63843345642
TDRL,2345,sample1280,20260827,I88,88,N20_K2_M12_I88.xlsx,9.24649524689
TDRL,2345,sample1280,20260827,I89,89,N20_K2_M12_I89.xlsx,11.108669281
TDRL,2345,sample1280,20260827,I90,90,N20_K2_M12_I90.xlsx,11.5254325867
TDRL,2345,sample1280,20260827,I91,91,N20_K2_M12_I91.xlsx,11.1847991943
TDRL,2345,sample1280,20260827,I92,92,N20_K2_M12_I92.xlsx,8.86721992493
TDRL,2345,sample1280,20260827,I93,93,N20_K2_M12_I93.xlsx,10.1118888855
TDRL,2345,sample1280,20260827,I94,94,N20_K2_M12_I94.xlsx,9.93146514893
TDRL,2345,sample1280,20260827,I95,95,N20_K2_M12_I95.xlsx,9.92081642151
TDRL,2345,sample1280,20260827,I96,96,N20_K2_M12_I96.xlsx,10.3460359573
TDRL,2345,sample1280,20260827,I97,97,N20_K2_M12_I97.xlsx,10.9793653488
TDRL,2345,sample1280,20260827,I98,98,N20_K2_M12_I98.xlsx,9.62602615356
TDRL,2345,sample1280,20260827,I99,99,N20_K2_M12_I99.xlsx,10.9998588562
TDRL,2345,sample1280,20260827,I100,100,N20_K2_M12_I100.xlsx,10.9342708588
TDRL,3456,greedy,20260827,I1,1,N20_K2_M12_I1.xlsx,12.2317743301
TDRL,3456,greedy,20260827,I2,2,N20_K2_M12_I2.xlsx,12.0662126541
TDRL,3456,greedy,20260827,I3,3,N20_K2_M12_I3.xlsx,10.754070282
TDRL,3456,greedy,20260827,I4,4,N20_K2_M12_I4.xlsx,9.57029056549
TDRL,3456,greedy,20260827,I5,5,N20_K2_M12_I5.xlsx,10.8303089142
TDRL,3456,greedy,20260827,I6,6,N20_K2_M12_I6.xlsx,13.4460105896
TDRL,3456,greedy,20260827,I7,7,N20_K2_M12_I7.xlsx,12.9918136597
TDRL,3456,greedy,20260827,I8,8,N20_K2_M12_I8.xlsx,13.0193061829
TDRL,3456,greedy,20260827,I9,9,N20_K2_M12_I9.xlsx,11.3223667145
TDRL,3456,greedy,20260827,I10,10,N20_K2_M12_I10.xlsx,12.4183120728
TDRL,3456,greedy,20260827,I11,11,N20_K2_M12_I11.xlsx,11.8707828522
TDRL,3456,greedy,20260827,I12,12,N20_K2_M12_I12.xlsx,8.16088199615
TDRL,3456,greedy,20260827,I13,13,N20_K2_M12_I13.xlsx,11.3365516663
TDRL,3456,greedy,20260827,I14,14,N20_K2_M12_I14.xlsx,9.63820171356
TDRL,3456,greedy,20260827,I15,15,N20_K2_M12_I15.xlsx,10.1669235229
TDRL,3456,greedy,20260827,I16,16,N20_K2_M12_I16.xlsx,12.0159902573
TDRL,3456,greedy,20260827,I17,17,N20_K2_M12_I17.xlsx,11.4700679779
TDRL,3456,greedy,20260827,I18,18,N20_K2_M12_I18.xlsx,10.9773626328
TDRL,3456,greedy,20260827,I19,19,N20_K2_M12_I19.xlsx,11.2313261032
TDRL,3456,greedy,20260827,I20,20,N20_K2_M12_I20.xlsx,12.0382232666
TDRL,3456,greedy,20260827,I21,21,N20_K2_M12_I21.xlsx,13.1452884674
TDRL,3456,greedy,20260827,I22,22,N20_K2_M12_I22.xlsx,12.0008993149
TDRL,3456,greedy,20260827,I23,23,N20_K2_M12_I23.xlsx,12.9263238907
TDRL,3456,greedy,20260827,I24,24,N20_K2_M12_I24.xlsx,14.4246120453
TDRL,3456,greedy,20260827,I25,25,N20_K2_M12_I25.xlsx,10.6637325287
TDRL,3456,greedy,20260827,I26,26,N20_K2_M12_I26.xlsx,13.3241643906
TDRL,3456,greedy,20260827,I27,27,N20_K2_M12_I27.xlsx,11.0202655792
TDRL,3456,greedy,20260827,I28,28,N20_K2_M12_I28.xlsx,13.5955448151
TDRL,3456,greedy,20260827,I29,29,N20_K2_M12_I29.xlsx,11.8194379807
TDRL,3456,greedy,20260827,I30,30,N20_K2_M12_I30.xlsx,10.9869794846
TDRL,3456,greedy,20260827,I31,31,N20_K2_M12_I31.xlsx,10.3004589081
TDRL,3456,greedy,20260827,I32,32,N20_K2_M12_I32.xlsx,9.32905197144
TDRL,3456,greedy,20260827,I33,33,N20_K2_M12_I33.xlsx,10.1490345001
TDRL,3456,greedy,20260827,I34,34,N20_K2_M12_I34.xlsx,12.8604230881
TDRL,3456,greedy,20260827,I35,35,N20_K2_M12_I35.xlsx,12.9975385666
TDRL,3456,greedy,20260827,I36,36,N20_K2_M12_I36.xlsx,11.1495170593
TDRL,3456,greedy,20260827,I37,37,N20_K2_M12_I37.xlsx,13.2210206985
TDRL,3456,greedy,20260827,I38,38,N20_K2_M12_I38.xlsx,10.9048137665
TDRL,3456,greedy,20260827,I39,39,N20_K2_M12_I39.xlsx,13.7248888016
TDRL,3456,greedy,20260827,I40,40,N20_K2_M12_I40.xlsx,11.4366092682
TDRL,3456,greedy,20260827,I41,41,N20_K2_M12_I41.xlsx,11.9479694366
TDRL,3456,greedy,20260827,I42,42,N20_K2_M12_I42.xlsx,13.3811378479
TDRL,3456,greedy,20260827,I43,43,N20_K2_M12_I43.xlsx,10.666229248
TDRL,3456,greedy,20260827,I44,44,N20_K2_M12_I44.xlsx,13.4361333847
TDRL,3456,greedy,20260827,I45,45,N20_K2_M12_I45.xlsx,12.8952331543
TDRL,3456,greedy,20260827,I46,46,N20_K2_M12_I46.xlsx,9.48622989655
TDRL,3456,greedy,20260827,I47,47,N20_K2_M12_I47.xlsx,11.3232336044
TDRL,3456,greedy,20260827,I48,48,N20_K2_M12_I48.xlsx,10.9816322327
TDRL,3456,greedy,20260827,I49,49,N20_K2_M12_I49.xlsx,12.2627859116
TDRL,3456,greedy,20260827,I50,50,N20_K2_M12_I50.xlsx,15.4149436951
TDRL,3456,greedy,20260827,I51,51,N20_K2_M12_I51.xlsx,12.6323719025
TDRL,3456,greedy,20260827,I52,52,N20_K2_M12_I52.xlsx,11.7797889709
TDRL,3456,greedy,20260827,I53,53,N20_K2_M12_I53.xlsx,11.1223173141
TDRL,3456,greedy,20260827,I54,54,N20_K2_M12_I54.xlsx,11.2098340988
TDRL,3456,greedy,20260827,I55,55,N20_K2_M12_I55.xlsx,13.2229309082
TDRL,3456,greedy,20260827,I56,56,N20_K2_M12_I56.xlsx,12.9419908524
TDRL,3456,greedy,20260827,I57,57,N20_K2_M12_I57.xlsx,11.9159488678
TDRL,3456,greedy,20260827,I58,58,N20_K2_M12_I58.xlsx,9.56924533844
TDRL,3456,greedy,20260827,I59,59,N20_K2_M12_I59.xlsx,11.4942855835
TDRL,3456,greedy,20260827,I60,60,N20_K2_M12_I60.xlsx,11.4955587387
TDRL,3456,greedy,20260827,I61,61,N20_K2_M12_I61.xlsx,11.5889673233
TDRL,3456,greedy,20260827,I62,62,N20_K2_M12_I62.xlsx,10.7763748169
TDRL,3456,greedy,20260827,I63,63,N20_K2_M12_I63.xlsx,12.2173490524
TDRL,3456,greedy,20260827,I64,64,N20_K2_M12_I64.xlsx,11.3472423553
TDRL,3456,greedy,20260827,I65,65,N20_K2_M12_I65.xlsx,13.3201608658
TDRL,3456,greedy,20260827,I66,66,N20_K2_M12_I66.xlsx,13.0561685562
TDRL,3456,greedy,20260827,I67,67,N20_K2_M12_I67.xlsx,12.0039539337
TDRL,3456,greedy,20260827,I68,68,N20_K2_M12_I68.xlsx,12.1160831451
TDRL,3456,greedy,20260827,I69,69,N20_K2_M12_I69.xlsx,12.6365947723
TDRL,3456,greedy,20260827,I70,70,N20_K2_M12_I70.xlsx,11.231924057
TDRL,3456,greedy,20260827,I71,71,N20_K2_M12_I71.xlsx,12.6604499817
TDRL,3456,greedy,20260827,I72,72,N20_K2_M12_I72.xlsx,13.2919502258
TDRL,3456,greedy,20260827,I73,73,N20_K2_M12_I73.xlsx,11.6849536896
TDRL,3456,greedy,20260827,I74,74,N20_K2_M12_I74.xlsx,11.7437925339
TDRL,3456,greedy,20260827,I75,75,N20_K2_M12_I75.xlsx,10.6265125275
TDRL,3456,greedy,20260827,I76,76,N20_K2_M12_I76.xlsx,14.6515417099
TDRL,3456,greedy,20260827,I77,77,N20_K2_M12_I77.xlsx,10.6823654175
TDRL,3456,greedy,20260827,I78,78,N20_K2_M12_I78.xlsx,10.7128000259
TDRL,3456,greedy,20260827,I79,79,N20_K2_M12_I79.xlsx,12.5279798508
TDRL,3456,greedy,20260827,I80,80,N20_K2_M12_I80.xlsx,12.1555671692
TDRL,3456,greedy,20260827,I81,81,N20_K2_M12_I81.xlsx,13.3056240082
TDRL,3456,greedy,20260827,I82,82,N20_K2_M12_I82.xlsx,12.5768384933
TDRL,3456,greedy,20260827,I83,83,N20_K2_M12_I83.xlsx,12.5970468521
TDRL,3456,greedy,20260827,I84,84,N20_K2_M12_I84.xlsx,10.3310508728
TDRL,3456,greedy,20260827,I85,85,N20_K2_M12_I85.xlsx,13.3904409409
TDRL,3456,greedy,20260827,I86,86,N20_K2_M12_I86.xlsx,11.8149337769
TDRL,3456,greedy,20260827,I87,87,N20_K2_M12_I87.xlsx,9.768491745
TDRL,3456,greedy,20260827,I88,88,N20_K2_M12_I88.xlsx,11.2979030609
TDRL,3456,greedy,20260827,I89,89,N20_K2_M12_I89.xlsx,11.134970665
TDRL,3456,greedy,20260827,I90,90,N20_K2_M12_I90.xlsx,12.7367420197
TDRL,3456,greedy,20260827,I91,91,N20_K2_M12_I91.xlsx,11.8039627075
TDRL,3456,greedy,20260827,I92,92,N20_K2_M12_I92.xlsx,9.65174198151
TDRL,3456,greedy,20260827,I93,93,N20_K2_M12_I93.xlsx,11.6730623245
TDRL,3456,greedy,20260827,I94,94,N20_K2_M12_I94.xlsx,9.86334037781
TDRL,3456,greedy,20260827,I95,95,N20_K2_M12_I95.xlsx,10.5281639099
TDRL,3456,greedy,20260827,I96,96,N20_K2_M12_I96.xlsx,11.6532096863
TDRL,3456,greedy,20260827,I97,97,N20_K2_M12_I97.xlsx,11.8385066986
TDRL,3456,greedy,20260827,I98,98,N20_K2_M12_I98.xlsx,10.1964683533
TDRL,3456,greedy,20260827,I99,99,N20_K2_M12_I99.xlsx,10.9900693893
TDRL,3456,greedy,20260827,I100,100,N20_K2_M12_I100.xlsx,11.0156879425
TDRL,3456,sample1280,20260827,I1,1,N20_K2_M12_I1.xlsx,11.0765991211
TDRL,3456,sample1280,20260827,I2,2,N20_K2_M12_I2.xlsx,11.0061779022
TDRL,3456,sample1280,20260827,I3,3,N20_K2_M12_I3.xlsx,10.114531517
TDRL,3456,sample1280,20260827,I4,4,N20_K2_M12_I4.xlsx,9.02361106873
TDRL,3456,sample1280,20260827,I5,5,N20_K2_M12_I5.xlsx,9.90048980713
TDRL,3456,sample1280,20260827,I6,6,N20_K2_M12_I6.xlsx,11.8695411682
TDRL,3456,sample1280,20260827,I7,7,N20_K2_M12_I7.xlsx,12.3294916153
TDRL,3456,sample1280,20260827,I8,8,N20_K2_M12_I8.xlsx,11.5857658386
TDRL,3456,sample1280,20260827,I9,9,N20_K2_M12_I9.xlsx,10.6486186981
TDRL,3456,sample1280,20260827,I10,10,N20_K2_M12_I10.xlsx,11.2978210449
TDRL,3456,sample1280,20260827,I11,11,N20_K2_M12_I11.xlsx,11.4493694305
TDRL,3456,sample1280,20260827,I12,12,N20_K2_M12_I12.xlsx,7.47977924347
TDRL,3456,sample1280,20260827,I13,13,N20_K2_M12_I13.xlsx,11.0247554779
TDRL,3456,sample1280,20260827,I14,14,N20_K2_M12_I14.xlsx,9.1349773407
TDRL,3456,sample1280,20260827,I15,15,N20_K2_M12_I15.xlsx,9.87512683868
TDRL,3456,sample1280,20260827,I16,16,N20_K2_M12_I16.xlsx,10.4032611847
TDRL,3456,sample1280,20260827,I17,17,N20_K2_M12_I17.xlsx,10.3101844788
TDRL,3456,sample1280,20260827,I18,18,N20_K2_M12_I18.xlsx,10.4665527344
TDRL,3456,sample1280,20260827,I19,19,N20_K2_M12_I19.xlsx,9.9170923233
TDRL,3456,sample1280,20260827,I20,20,N20_K2_M12_I20.xlsx,11.4064416885
TDRL,3456,sample1280,20260827,I21,21,N20_K2_M12_I21.xlsx,11.833240509
TDRL,3456,sample1280,20260827,I22,22,N20_K2_M12_I22.xlsx,11.301908493
TDRL,3456,sample1280,20260827,I23,23,N20_K2_M12_I23.xlsx,12.3933334351
TDRL,3456,sample1280,20260827,I24,24,N20_K2_M12_I24.xlsx,12.2891921997
TDRL,3456,sample1280,20260827,I25,25,N20_K2_M12_I25.xlsx,9.78559494019
TDRL,3456,sample1280,20260827,I26,26,N20_K2_M12_I26.xlsx,11.4558925629
TDRL,3456,sample1280,20260827,I27,27,N20_K2_M12_I27.xlsx,10.4196329117
TDRL,3456,sample1280,20260827,I28,28,N20_K2_M12_I28.xlsx,11.9646158218
TDRL,3456,sample1280,20260827,I29,29,N20_K2_M12_I29.xlsx,11.3854179382
TDRL,3456,sample1280,20260827,I30,30,N20_K2_M12_I30.xlsx,10.8196020126
TDRL,3456,sample1280,20260827,I31,31,N20_K2_M12_I31.xlsx,8.94352912903
TDRL,3456,sample1280,20260827,I32,32,N20_K2_M12_I32.xlsx,8.39648723602
TDRL,3456,sample1280,20260827,I33,33,N20_K2_M12_I33.xlsx,9.12258911133
TDRL,3456,sample1280,20260827,I34,34,N20_K2_M12_I34.xlsx,11.7091674805
TDRL,3456,sample1280,20260827,I35,35,N20_K2_M12_I35.xlsx,12.1136817932
TDRL,3456,sample1280,20260827,I36,36,N20_K2_M12_I36.xlsx,9.96143054962
TDRL,3456,sample1280,20260827,I37,37,N20_K2_M12_I37.xlsx,12.430357933
TDRL,3456,sample1280,20260827,I38,38,N20_K2_M12_I38.xlsx,9.72385883331
TDRL,3456,sample1280,20260827,I39,39,N20_K2_M12_I39.xlsx,11.4529476166
TDRL,3456,sample1280,20260827,I40,40,N20_K2_M12_I40.xlsx,10.3828744888
TDRL,3456,sample1280,20260827,I41,41,N20_K2_M12_I41.xlsx,11.1641120911
TDRL,3456,sample1280,20260827,I42,42,N20_K2_M12_I42.xlsx,12.0504398346
TDRL,3456,sample1280,20260827,I43,43,N20_K2_M12_I43.xlsx,9.30787944794
TDRL,3456,sample1280,20260827,I44,44,N20_K2_M12_I44.xlsx,11.9969711304
TDRL,3456,sample1280,20260827,I45,45,N20_K2_M12_I45.xlsx,11.4964199066
TDRL,3456,sample1280,20260827,I46,46,N20_K2_M12_I46.xlsx,7.98801040649
TDRL,3456,sample1280,20260827,I47,47,N20_K2_M12_I47.xlsx,10.2625980377
TDRL,3456,sample1280,20260827,I48,48,N20_K2_M12_I48.xlsx,9.85136985779
TDRL,3456,sample1280,20260827,I49,49,N20_K2_M12_I49.xlsx,10.3527679443
TDRL,3456,sample1280,20260827,I50,50,N20_K2_M12_I50.xlsx,13.1463594437
TDRL,3456,sample1280,20260827,I51,51,N20_K2_M12_I51.xlsx,11.1943559647
TDRL,3456,sample1280,20260827,I52,52,N20_K2_M12_I52.xlsx,10.3333673477
TDRL,3456,sample1280,20260827,I53,53,N20_K2_M12_I53.xlsx,10.6388320923
TDRL,3456,sample1280,20260827,I54,54,N20_K2_M12_I54.xlsx,9.98077201843
TDRL,3456,sample1280,20260827,I55,55,N20_K2_M12_I55.xlsx,11.7867221832
TDRL,3456,sample1280,20260827,I56,56,N20_K2_M12_I56.xlsx,11.7862491608
TDRL,3456,sample1280,20260827,I57,57,N20_K2_M12_I57.xlsx,11.1633005142
TDRL,3456,sample1280,20260827,I58,58,N20_K2_M12_I58.xlsx,9.12681770325
TDRL,3456,sample1280,20260827,I59,59,N20_K2_M12_I59.xlsx,9.32963180542
TDRL,3456,sample1280,20260827,I60,60,N20_K2_M12_I60.xlsx,9.95593833923
TDRL,3456,sample1280,20260827,I61,61,N20_K2_M12_I61.xlsx,10.6081256866
TDRL,3456,sample1280,20260827,I62,62,N20_K2_M12_I62.xlsx,9.47154808044
TDRL,3456,sample1280,20260827,I63,63,N20_K2_M12_I63.xlsx,10.5338859558
TDRL,3456,sample1280,20260827,I64,64,N20_K2_M12_I64.xlsx,10.1666030884
TDRL,3456,sample1280,20260827,I65,65,N20_K2_M12_I65.xlsx,12.9282417297
TDRL,3456,sample1280,20260827,I66,66,N20_K2_M12_I66.xlsx,10.6535816193
TDRL,3456,sample1280,20260827,I67,67,N20_K2_M12_I67.xlsx,10.4089775085
TDRL,3456,sample1280,20260827,I68,68,N20_K2_M12_I68.xlsx,11.064242363
TDRL,3456,sample1280,20260827,I69,69,N20_K2_M12_I69.xlsx,10.8525695801
TDRL,3456,sample1280,20260827,I70,70,N20_K2_M12_I70.xlsx,10.2344341278
TDRL,3456,sample1280,20260827,I71,71,N20_K2_M12_I71.xlsx,12.0027799606
TDRL,3456,sample1280,20260827,I72,72,N20_K2_M12_I72.xlsx,11.1685171127
TDRL,3456,sample1280,20260827,I73,73,N20_K2_M12_I73.xlsx,10.0659036636
TDRL,3456,sample1280,20260827,I74,74,N20_K2_M12_I74.xlsx,10.6192512512
TDRL,3456,sample1280,20260827,I75,75,N20_K2_M12_I75.xlsx,9.85342025757
TDRL,3456,sample1280,20260827,I76,76,N20_K2_M12_I76.xlsx,12.6992816925
TDRL,3456,sample1280,20260827,I77,77,N20_K2_M12_I77.xlsx,9.83430290222
TDRL,3456,sample1280,20260827,I78,78,N20_K2_M12_I78.xlsx,9.25683784485
TDRL,3456,sample1280,20260827,I79,79,N20_K2_M12_I79.xlsx,10.9973926544
TDRL,3456,sample1280,20260827,I80,80,N20_K2_M12_I80.xlsx,10.8750896454
TDRL,3456,sample1280,20260827,I81,81,N20_K2_M12_I81.xlsx,10.663816452
TDRL,3456,sample1280,20260827,I82,82,N20_K2_M12_I82.xlsx,10.2242765427
TDRL,3456,sample1280,20260827,I83,83,N20_K2_M12_I83.xlsx,10.979724884
TDRL,3456,sample1280,20260827,I84,84,N20_K2_M12_I84.xlsx,10.0480613708
TDRL,3456,sample1280,20260827,I85,85,N20_K2_M12_I85.xlsx,12.1149139404
TDRL,3456,sample1280,20260827,I86,86,N20_K2_M12_I86.xlsx,10.4610261917
TDRL,3456,sample1280,20260827,I87,87,N20_K2_M12_I87.xlsx,9.42470359802
TDRL,3456,sample1280,20260827,I88,88,N20_K2_M12_I88.xlsx,9.44147968292
TDRL,3456,sample1280,20260827,I89,89,N20_K2_M12_I89.xlsx,10.9980964661
TDRL,3456,sample1280,20260827,I90,90,N20_K2_M12_I90.xlsx,11.8399848938
TDRL,3456,sample1280,20260827,I91,91,N20_K2_M12_I91.xlsx,11.0275335312
TDRL,3456,sample1280,20260827,I92,92,N20_K2_M12_I92.xlsx,9.10267066956
TDRL,3456,sample1280,20260827,I93,93,N20_K2_M12_I93.xlsx,10.4050521851
TDRL,3456,sample1280,20260827,I94,94,N20_K2_M12_I94.xlsx,9.63807296753
TDRL,3456,sample1280,20260827,I95,95,N20_K2_M12_I95.xlsx,9.44884872437
TDRL,3456,sample1280,20260827,I96,96,N20_K2_M12_I96.xlsx,10.1651535034
TDRL,3456,sample1280,20260827,I97,97,N20_K2_M12_I97.xlsx,10.5353374481
TDRL,3456,sample1280,20260827,I98,98,N20_K2_M12_I98.xlsx,9.44952297211
TDRL,3456,sample1280,20260827,I99,99,N20_K2_M12_I99.xlsx,10.4189767838
TDRL,3456,sample1280,20260827,I100,100,N20_K2_M12_I100.xlsx,10.6788311005
