job_id,attempt,status,kappa,size,index,instance,solver_status_code,solver_status_name,has_incumbent,optimal,objective,distance,tardiness,obj_bound,obj_bound_c,mip_gap,solution_count,runtime_s,work,node_count,iteration_count,max_memory_gb,termination_reason,error,original_status,normalized_status,recovery_source,postprocess_warning,consistency_error_objective,consistency_error_distance,consistency_error_tardiness,consistency_tolerance,objective_replay_error,log_reported_gap_percent,path_map,task_times,independent_evaluation,consistency_errors,time_limit_s,gurobi_threads,seed,big_m,distance_metric,objective_weights,virtual_depot_semantics
k3_n10_i001,1,time_limit_feasible,3,10,1,N10_K3_M18_I1,9,TIME_LIMIT,True,False,8.605127876113364,12.037854102037807,5.172401650188922,7.51621385971322,7.51621385971322,0.12654245608863265,10,3600.0008020401,7000.222961633144,959482.0,45852613.0,1.054459144,time_limit_feasible,,time_limit_feasible,time_limit_feasible,raw_json,False,,,,1e-06,0.0,,"{""1"":[3,8,2],""2"":[],""3"":[6,9,4],""4"":[5,10,7,1],""5"":[3,8,2],""6"":[],""7"":[6,9,4],""8"":[5,10,7,1],""9"":[],""10"":[],""11"":[3,8,2],""12"":[],""13"":[6,4],""14"":[],""15"":[5,10,7,1],""16"":[],""17"":[],""18"":[9]}","{""1"":{""start"":4.461017441504685,""completion_by_type"":[4.9767936722224055,5.242425093513838,5.351170380334784],""finish"":5.351170380334784,""tardiness"":0.35469589768670673},""2"":{""start"":3.1715172685674675,""completion_by_type"":[3.9315074794901923,4.1630524376596645,4.276034785522695],""finish"":4.276034785522695,""tardiness"":0.77790022015138},""3"":{""start"":0.6282163785306375,""completion_by_type"":[1.352955871880296,1.5397523970842855,1.5613412061900442],""finish"":1.5613412061900442,""tardiness"":0.5669183478262599},""4"":{""start"":2.5179307169283867,""completion_by_type"":[3.2858246918003258,3.2831965977301385,3.5461280838312836],""finish"":3.5461280838312836,""tardiness"":1.2363674922766128},""5"":{""start"":0.9781270954817715,""completion_by_type"":[1.4834677516356245,1.7477063828666677,1.8411194529260158],""finish"":1.8411194529260158,""tardiness"":1.476016746135418},""6"":{""start"":0.6112439874038121,""completion_by_type"":[1.2174407335303274,1.362215533409038,1.5667738459267764],""finish"":1.5667738459267764,""tardiness"":0.09030957284204533},""7"":{""start"":3.3186470598445643,""completion_by_type"":[3.769286297243037,3.951597441029907,4.270007050780511],""finish"":4.270007050780511,""tardiness"":0.0},""8"":{""start"":1.8185611036845688,""completion_by_type"":[2.3631857241595164,2.5871957498299567,2.858661782009636],""finish"":2.858661782009636,""tardiness"":0.0},""9"":{""start"":1.4145933517041773,""completion_by_type"":[1.9182980354596317,2.084404714811439,2.355334948488826],""finish"":2.355334948488826,""tardiness"":0.3447257945681872},""10"":{""start"":2.0399750853705965,""completion_by_type"":[2.5329010913234793,2.6548103022096665,3.16614174012721],""finish"":3.16614174012721,""tardiness"":0.32546822429806577}}","{""distance"":12.037854102037807,""tardiness"":5.172402295784675,""objective"":8.605128198911242,""task_times"":{""1"":{""start"":4.461017441504685,""completion_by_type"":[4.9767936722224055,5.242425093513838,5.351170380334784],""finish"":5.351170380334784,""tardiness"":0.35469589768670673},""2"":{""start"":3.1715172685674675,""completion_by_type"":[3.9315074794901923,4.1630524376596645,4.276034785522695],""finish"":4.276034785522695,""tardiness"":0.77790022015138},""3"":{""start"":0.6282163785306375,""completion_by_type"":[1.352955871880296,1.5397523970842855,1.5613412061900442],""finish"":1.5613412061900442,""tardiness"":0.5669183478262599},""4"":{""start"":2.5179307169283867,""completion_by_type"":[3.2858246918003258,3.2831965977301385,3.5461280838312836],""finish"":3.5461280838312836,""tardiness"":1.2363674922766128},""5"":{""start"":0.9781270954817715,""completion_by_type"":[1.4834677516356245,1.7477063828666677,1.8411194529260158],""finish"":1.8411194529260158,""tardiness"":1.476016746135418},""6"":{""start"":0.6112439874038121,""completion_by_type"":[1.2174407335303274,1.362215533409038,1.5667738459267764],""finish"":1.5667738459267764,""tardiness"":0.09030957284204533},""7"":{""start"":3.3186470598445643,""completion_by_type"":[3.769286297243037,3.951597441029907,4.270007050780511],""finish"":4.270007050780511,""tardiness"":0.0},""8"":{""start"":1.8185611036845688,""completion_by_type"":[2.3631857241595164,2.5871957498299567,2.858661782009636],""finish"":2.858661782009636,""tardiness"":0.0},""9"":{""start"":1.4145933517041773,""completion_by_type"":[1.9182980354596317,2.084404714811439,2.355334948488826],""finish"":2.355334948488826,""tardiness"":0.3447257945681872},""10"":{""start"":2.0399750853705965,""completion_by_type"":[2.5329010913234793,2.6548103022096665,3.16614174012721],""finish"":3.16614174012721,""tardiness"":0.32546822429806577}}}","{""objective"":3.227978773168161e-07,""distance"":0.0,""tardiness"":6.455957528572753e-07}",3600,1,0,100.0,manhattan,"[0.5,0.5]",True
k3_n10_i002,1,time_limit_feasible,3,10,2,N10_K3_M18_I2,9,TIME_LIMIT,True,False,10.670903460154383,15.383358343449522,5.958448576859244,9.234231697095078,9.234231697095078,0.13463450104519264,10,3600.0009989738464,7766.491487539698,481311.0,44670772.0,0.507085488,time_limit_feasible,,time_limit_feasible,time_limit_feasible,raw_json,False,,,,1e-06,0.0,,"{""1"":[4,6],""2"":[8,2,9],""3"":[1,10],""4"":[3,7,5],""5"":[1,10],""6"":[],""7"":[8,2,9],""8"":[4,6],""9"":[],""10"":[3,7,5],""11"":[],""12"":[],""13"":[],""14"":[1,10],""15"":[3,7],""16"":[],""17"":[4,6,5],""18"":[8,2,9]}","{""1"":{""start"":0.6113251882393784,""completion_by_type"":[1.3213844991404753,1.5847051501706522,1.7560922834265575],""finish"":1.7560922834265575,""tardiness"":0.7498442983243356},""2"":{""start"":2.1972838935687173,""completion_by_type"":[2.8556973173384916,2.909495781432847,3.232869409900963],""finish"":3.232869409900963,""tardiness"":0.0},""3"":{""start"":1.2723194638181003,""completion_by_type"":[2.0450689464419884,2.2178838049481335,2.153589566626199],""finish"":2.2178838049481335,""tardiness"":1.7316958608490993},""4"":{""start"":1.032575750151422,""completion_by_type"":[1.7700109803442299,1.8651627366851509,1.949970143051607],""finish"":1.949970143051607,""tardiness"":0.1098563246519979},""5"":{""start"":3.386050363923816,""completion_by_type"":[4.18082343370071,4.339824864887409,4.4770531733494],""finish"":4.4770531733494,""tardiness"":2.9999536353097134},""6"":{""start"":1.9996496971988036,""completion_by_type"":[2.48366897896863,2.9442569816651387,2.8153042667066237],""finish"":2.9442569816651387,""tardiness"":0.0},""7"":{""start"":2.3671460226707883,""completion_by_type"":[2.9280640807286042,3.117730568497522,3.545977218701581],""finish"":3.545977218701581,""tardiness"":0.36709845772456307},""8"":{""start"":0.4339173723812325,""completion_by_type"":[0.963950844214464,1.3916541306335724,1.2559971438444966],""finish"":1.3916541306335724,""tardiness"":0.0},""9"":{""start"":3.614142888772583,""completion_by_type"":[4.199329181380918,4.403554088584797,4.718136446529605],""finish"":4.718136446529605,""tardiness"":0.0},""10"":{""start"":1.8328554641862826,""completion_by_type"":[2.412321655404848,2.720300089793254,2.6576017753398444],""finish"":2.720300089793254,""tardiness"":0.0}}","{""distance"":15.383358343449526,""tardiness"":5.958448576859709,""objective"":10.670903460154618,""task_times"":{""1"":{""start"":0.6113251882393784,""completion_by_type"":[1.3213844991404753,1.5847051501706522,1.7560922834265575],""finish"":1.7560922834265575,""tardiness"":0.7498442983243356},""2"":{""start"":2.1972838935687173,""completion_by_type"":[2.8556973173384916,2.909495781432847,3.232869409900963],""finish"":3.232869409900963,""tardiness"":0.0},""3"":{""start"":1.2723194638181003,""completion_by_type"":[2.0450689464419884,2.2178838049481335,2.153589566626199],""finish"":2.2178838049481335,""tardiness"":1.7316958608490993},""4"":{""start"":1.032575750151422,""completion_by_type"":[1.7700109803442299,1.8651627366851509,1.949970143051607],""finish"":1.949970143051607,""tardiness"":0.1098563246519979},""5"":{""start"":3.386050363923816,""completion_by_type"":[4.18082343370071,4.339824864887409,4.4770531733494],""finish"":4.4770531733494,""tardiness"":2.9999536353097134},""6"":{""start"":1.9996496971988036,""completion_by_type"":[2.48366897896863,2.9442569816651387,2.8153042667066237],""finish"":2.9442569816651387,""tardiness"":0.0},""7"":{""start"":2.3671460226707883,""completion_by_type"":[2.9280640807286042,3.117730568497522,3.545977218701581],""finish"":3.545977218701581,""tardiness"":0.36709845772456307},""8"":{""start"":0.4339173723812325,""completion_by_type"":[0.963950844214464,1.3916541306335724,1.2559971438444966],""finish"":1.3916541306335724,""tardiness"":0.0},""9"":{""start"":3.614142888772583,""completion_by_type"":[4.199329181380918,4.403554088584797,4.718136446529605],""finish"":4.718136446529605,""tardiness"":0.0},""10"":{""start"":1.8328554641862826,""completion_by_type"":[2.412321655404848,2.720300089793254,2.6576017753398444],""finish"":2.720300089793254,""tardiness"":0.0}}}","{""objective"":2.3447910280083306e-13,""distance"":3.552713678800501e-15,""tardiness"":4.654054919228656e-13}",3600,1,0,100.0,manhattan,"[0.5,0.5]",True
k3_n10_i003,1,time_limit_feasible,3,10,3,N10_K3_M18_I3,9,TIME_LIMIT,True,False,10.469291503536724,13.67173043347262,7.266852573600826,9.287672094790874,9.287672094790874,0.11286526966477874,10,3600.000958919525,7218.720473061915,662015.0,56860519.0,0.702976872,time_limit_feasible,,time_limit_feasible,time_limit_feasible,raw_json,False,,,,1e-06,0.0,,"{""1"":[8,6,10,5],""2"":[3,2,9],""3"":[1,4],""4"":[7],""5"":[8,6,5],""6"":[],""7"":[3,10],""8"":[],""9"":[7,2,9],""10"":[1,4],""11"":[],""12"":[],""13"":[],""14"":[1,4],""15"":[],""16"":[3,2,9],""17"":[8,6,5],""18"":[7,10]}","{""1"":{""start"":0.2871675803442078,""completion_by_type"":[0.702657322733937,1.176486644914632,1.464138796259389],""finish"":1.464138796259389,""tardiness"":0.0},""2"":{""start"":2.0387666507002615,""completion_by_type"":[2.7354863756406536,2.83619528394069,2.8533900460614783],""finish"":2.8533900460614783,""tardiness"":2.4567595486567333},""3"":{""start"":0.8718645406479129,""completion_by_type"":[1.386487459894759,1.7099364402708304,1.8006565032754167],""finish"":1.8006565032754167,""tardiness"":0.0},""4"":{""start"":1.6275174799387653,""completion_by_type"":[2.4136525216424065,2.441089597054245,2.644178644560934],""finish"":2.644178644560934,""tardiness"":0.0},""5"":{""start"":3.6758834527108553,""completion_by_type"":[4.252162710350036,4.2819612103908895,4.47736021341863],""finish"":4.47736021341863,""tardiness"":0.3737990845196322},""6"":{""start"":2.424045694913237,""completion_by_type"":[2.8338151063745842,3.1818627493468563,3.5541304915754974],""finish"":3.5541304915754974,""tardiness"":1.2389464777655586},""7"":{""start"":0.8240952798000419,""completion_by_type"":[1.4736112760281987,1.7345748545510822,1.9577217673024254],""finish"":1.9577217673024254,""tardiness"":0.7875938944828125},""8"":{""start"":1.0502589215324059,""completion_by_type"":[1.6457570214483308,1.9136878606272623,2.0103489098461753],""finish"":2.0103489098461753,""tardiness"":0.0},""9"":{""start"":2.989108989934787,""completion_by_type"":[3.7095738659636197,3.7954146527661994,3.7940509726591856],""finish"":3.7954146527661994,""tardiness"":0.0},""10"":{""start"":2.8750370830965855,""completion_by_type"":[3.4632001455071477,3.74653163181816,4.017290143671836],""finish"":4.017290143671836,""tardiness"":2.409754132692018}}","{""distance"":13.671730433472623,""tardiness"":7.266853138116755,""objective"":10.469291785794688,""task_times"":{""1"":{""start"":0.2871675803442078,""completion_by_type"":[0.702657322733937,1.176486644914632,1.464138796259389],""finish"":1.464138796259389,""tardiness"":0.0},""2"":{""start"":2.0387666507002615,""completion_by_type"":[2.7354863756406536,2.83619528394069,2.8533900460614783],""finish"":2.8533900460614783,""tardiness"":2.4567595486567333},""3"":{""start"":0.8718645406479129,""completion_by_type"":[1.386487459894759,1.7099364402708304,1.8006565032754167],""finish"":1.8006565032754167,""tardiness"":0.0},""4"":{""start"":1.6275174799387653,""completion_by_type"":[2.4136525216424065,2.441089597054245,2.644178644560934],""finish"":2.644178644560934,""tardiness"":0.0},""5"":{""start"":3.6758834527108553,""completion_by_type"":[4.252162710350036,4.2819612103908895,4.47736021341863],""finish"":4.47736021341863,""tardiness"":0.3737990845196322},""6"":{""start"":2.424045694913237,""completion_by_type"":[2.8338151063745842,3.1818627493468563,3.5541304915754974],""finish"":3.5541304915754974,""tardiness"":1.2389464777655586},""7"":{""start"":0.8240952798000419,""completion_by_type"":[1.4736112760281987,1.7345748545510822,1.9577217673024254],""finish"":1.9577217673024254,""tardiness"":0.7875938944828125},""8"":{""start"":1.0502589215324059,""completion_by_type"":[1.6457570214483308,1.9136878606272623,2.0103489098461753],""finish"":2.0103489098461753,""tardiness"":0.0},""9"":{""start"":2.989108989934787,""completion_by_type"":[3.7095738659636197,3.7954146527661994,3.7940509726591856],""finish"":3.7954146527661994,""tardiness"":0.0},""10"":{""start"":2.8750370830965855,""completion_by_type"":[3.4632001455071477,3.74653163181816,4.017290143671836],""finish"":4.017290143671836,""tardiness"":2.409754132692018}}}","{""objective"":2.8225796455672025e-07,""distance"":3.552713678800501e-15,""tardiness"":5.645159291134405e-07}",3600,1,0,100.0,manhattan,"[0.5,0.5]",True
k3_n10_i004,1,time_limit_feasible,3,10,4,N10_K3_M18_I4,9,TIME_LIMIT,True,False,10.54076843934323,15.748759571493443,5.332777307193018,9.33594608362561,9.33594608362561,0.11430118806335246,10,3600.000939130783,7413.740501081284,474804.0,55880007.0,0.469853992,time_limit_feasible,,time_limit_feasible,time_limit_feasible,raw_json,False,,,,1e-06,0.0,,"{""1"":[10,8,4],""2"":[9,5],""3"":[2,3],""4"":[7,6,1],""5"":[2,3],""6"":[],""7"":[10,8,4],""8"":[7,6,1],""9"":[],""10"":[9,5],""11"":[],""12"":[10,8,4],""13"":[],""14"":[9,5],""15"":[7,6,1],""16"":[],""17"":[],""18"":[2,3]}","{""1"":{""start"":2.972797114501663,""completion_by_type"":[3.5984142975551032,3.5780312407692687,4.099735331981323],""finish"":4.099735331981323,""tardiness"":0.0},""2"":{""start"":0.7062514604260282,""completion_by_type"":[1.3549420104391132,1.471089276487717,1.56061354624536],""finish"":1.56061354624536,""tardiness"":0.0},""3"":{""start"":1.8012308427657757,""completion_by_type"":[2.2919950021943554,2.7509380613590393,2.6061099185628205],""finish"":2.7509380613590393,""tardiness"":0.0},""4"":{""start"":3.8668190574634815,""completion_by_type"":[4.644206050722353,4.79389357574845,4.805412522184135],""finish"":4.805412522184135,""tardiness"":1.1413001564610128},""5"":{""start"":2.1301803268205317,""completion_by_type"":[2.551802451312157,3.0240974940574015,3.000028880020967],""finish"":3.0240974940574015,""tardiness"":0.0},""6"":{""start"":1.8591252281293276,""completion_by_type"":[2.5863123330396,2.8187421809039868,2.8182046164137233],""finish"":2.8187421809039868,""tardiness"":0.19945218349336757},""7"":{""start"":0.8562460293336216,""completion_by_type"":[1.2683769599615995,1.4675227176791816,1.667405062460055],""finish"":1.667405062460055,""tardiness"":0.0},""8"":{""start"":2.7846043477688456,""completion_by_type"":[3.5316211990481143,3.5909664108389006,3.75117722248106],""finish"":3.75117722248106,""tardiness"":2.577661409496193},""9"":{""start"":1.0392551078408894,""completion_by_type"":[1.8186396478804525,1.646272598051114,2.004372585155645],""finish"":2.004372585155645,""tardiness"":1.3083965673153632},""10"":{""start"":1.278154921836648,""completion_by_type"":[1.697918976120854,2.2427673158095573,2.1877778977128686],""finish"":2.2427673158095573,""tardiness"":0.10596774511439344}}","{""distance"":15.748759571493444,""tardiness"":5.3327780618803295,""objective"":10.540768816686887,""task_times"":{""1"":{""start"":2.972797114501663,""completion_by_type"":[3.5984142975551032,3.5780312407692687,4.099735331981323],""finish"":4.099735331981323,""tardiness"":0.0},""2"":{""start"":0.7062514604260282,""completion_by_type"":[1.3549420104391132,1.471089276487717,1.56061354624536],""finish"":1.56061354624536,""tardiness"":0.0},""3"":{""start"":1.8012308427657757,""completion_by_type"":[2.2919950021943554,2.7509380613590393,2.6061099185628205],""finish"":2.7509380613590393,""tardiness"":0.0},""4"":{""start"":3.8668190574634815,""completion_by_type"":[4.644206050722353,4.79389357574845,4.805412522184135],""finish"":4.805412522184135,""tardiness"":1.1413001564610128},""5"":{""start"":2.1301803268205317,""completion_by_type"":[2.551802451312157,3.0240974940574015,3.000028880020967],""finish"":3.0240974940574015,""tardiness"":0.0},""6"":{""start"":1.8591252281293276,""completion_by_type"":[2.5863123330396,2.8187421809039868,2.8182046164137233],""finish"":2.8187421809039868,""tardiness"":0.19945218349336757},""7"":{""start"":0.8562460293336216,""completion_by_type"":[1.2683769599615995,1.4675227176791816,1.667405062460055],""finish"":1.667405062460055,""tardiness"":0.0},""8"":{""start"":2.7846043477688456,""completion_by_type"":[3.5316211990481143,3.5909664108389006,3.75117722248106],""finish"":3.75117722248106,""tardiness"":2.577661409496193},""9"":{""start"":1.0392551078408894,""completion_by_type"":[1.8186396478804525,1.646272598051114,2.004372585155645],""finish"":2.004372585155645,""tardiness"":1.3083965673153632},""10"":{""start"":1.278154921836648,""completion_by_type"":[1.697918976120854,2.2427673158095573,2.1877778977128686],""finish"":2.2427673158095573,""tardiness"":0.10596774511439344}}}","{""objective"":3.773436567655608e-07,""distance"":1.7763568394002505e-15,""tardiness"":7.546873117547648e-07}",3600,1,0,100.0,manhattan,"[0.5,0.5]",True
k3_n10_i005,1,time_limit_feasible,3,10,5,N10_K3_M18_I5,9,TIME_LIMIT,True,False,11.020356677204157,14.74884710817446,7.291866246233854,9.712858643804967,9.712858643804967,0.1186438943581361,10,3600.000858068466,6904.008962117159,604927.0,52443295.0,0.648622728,time_limit_feasible,,time_limit_feasible,time_limit_feasible,raw_json,False,,,,1e-06,0.0,,"{""1"":[4,7,6],""2"":[8,1,3,5,10],""3"":[],""4"":[9,2],""5"":[8,3,5],""6"":[],""7"":[9,2],""8"":[4,7,6],""9"":[1,10],""10"":[],""11"":[],""12"":[1,5],""13"":[4,7,6],""14"":[8,3,10],""15"":[],""16"":[],""17"":[9,2],""18"":[]}","{""1"":{""start"":1.473414759719268,""completion_by_type"":[1.9840679153724503,2.2160220398667394,2.631853008606851],""finish"":2.631853008606851,""tardiness"":0.6811770790307168},""2"":{""start"":1.835903596126172,""completion_by_type"":[2.577574416294389,2.5105869249471304,2.8361911903864554],""finish"":2.8361911903864554,""tardiness"":0.0},""3"":{""start"":2.244735770638109,""completion_by_type"":[2.914620394292804,3.0588531931623484,3.3535085907595916],""finish"":3.3535085907595916,""tardiness"":0.03849252945715742},""4"":{""start"":1.1987533386152753,""completion_by_type"":[1.9796760176017179,2.064911673956519,2.173808390628988],""finish"":2.173808390628988,""tardiness"":0.0},""5"":{""start"":3.2591290527561836,""completion_by_type"":[3.741608598691261,4.063659103926684,4.269264185571689],""finish"":4.269264185571689,""tardiness"":0.0},""6"":{""start"":3.8082730790235355,""completion_by_type"":[4.601922907555972,4.799262297101684,4.620410659409813],""finish"":4.799262297101684,""tardiness"":2.2788071261413103},""7"":{""start"":2.463550891617494,""completion_by_type"":[3.018696196543986,3.2232260140484286,3.6388713525039433],""finish"":3.6388713525039433,""tardiness"":2.53839167283959},""8"":{""start"":0.9317815941064361,""completion_by_type"":[1.3563030040889692,1.6399056928169484,2.069404417201791],""finish"":2.069404417201791,""tardiness"":0.630867332557471},""9"":{""start"":0.7656085392903743,""completion_by_type"":[1.2144146759785426,1.671414706692155,1.6990968432083715],""finish"":1.6990968432083715,""tardiness"":1.120475542933261},""10"":{""start"":4.157173409147956,""completion_by_type"":[4.732064964524788,4.777914580572103,5.036661766688873],""finish"":5.036661766688873,""tardiness"":0.003655837692162933}}","{""distance"":14.748847108174454,""tardiness"":7.291867120651669,""objective"":11.020357114413061,""task_times"":{""1"":{""start"":1.473414759719268,""completion_by_type"":[1.9840679153724503,2.2160220398667394,2.631853008606851],""finish"":2.631853008606851,""tardiness"":0.6811770790307168},""2"":{""start"":1.835903596126172,""completion_by_type"":[2.577574416294389,2.5105869249471304,2.8361911903864554],""finish"":2.8361911903864554,""tardiness"":0.0},""3"":{""start"":2.244735770638109,""completion_by_type"":[2.914620394292804,3.0588531931623484,3.3535085907595916],""finish"":3.3535085907595916,""tardiness"":0.03849252945715742},""4"":{""start"":1.1987533386152753,""completion_by_type"":[1.9796760176017179,2.064911673956519,2.173808390628988],""finish"":2.173808390628988,""tardiness"":0.0},""5"":{""start"":3.2591290527561836,""completion_by_type"":[3.741608598691261,4.063659103926684,4.269264185571689],""finish"":4.269264185571689,""tardiness"":0.0},""6"":{""start"":3.8082730790235355,""completion_by_type"":[4.601922907555972,4.799262297101684,4.620410659409813],""finish"":4.799262297101684,""tardiness"":2.2788071261413103},""7"":{""start"":2.463550891617494,""completion_by_type"":[3.018696196543986,3.2232260140484286,3.6388713525039433],""finish"":3.6388713525039433,""tardiness"":2.53839167283959},""8"":{""start"":0.9317815941064361,""completion_by_type"":[1.3563030040889692,1.6399056928169484,2.069404417201791],""finish"":2.069404417201791,""tardiness"":0.630867332557471},""9"":{""start"":0.7656085392903743,""completion_by_type"":[1.2144146759785426,1.671414706692155,1.6990968432083715],""finish"":1.6990968432083715,""tardiness"":1.120475542933261},""10"":{""start"":4.157173409147956,""completion_by_type"":[4.732064964524788,4.777914580572103,5.036661766688873],""finish"":5.036661766688873,""tardiness"":0.003655837692162933}}}","{""objective"":4.372089037474325e-07,""distance"":5.329070518200751e-15,""tardiness"":8.744178146002923e-07}",3600,1,0,100.0,manhattan,"[0.5,0.5]",True
k3_n10_i006,1,time_limit_feasible,3,10,6,N10_K3_M18_I6,9,TIME_LIMIT,True,False,11.237518154072298,17.34940445808042,5.125631850064176,10.089120085023406,10.089120085023406,0.10219321146393255,10,3600.000916957855,7023.292931312538,353878.0,50348670.0,0.372824208,time_limit_feasible,,time_limit_feasible,time_limit_feasible,raw_json,False,,,,1e-06,0.0,,"{""1"":[9,3],""2"":[2,1],""3"":[4,6,8],""4"":[7,10,5],""5"":[],""6"":[4,6,8],""7"":[],""8"":[7,10,5],""9"":[2,1],""10"":[9,3],""11"":[7,10,5],""12"":[2,1],""13"":[],""14"":[4,6,8],""15"":[],""16"":[9,3],""17"":[],""18"":[]}","{""1"":{""start"":1.7715930861521363,""completion_by_type"":[2.19318435776785,2.4439763497674605,2.6314215359927466],""finish"":2.6314215359927466,""tardiness"":0.0},""2"":{""start"":0.6949744114876587,""completion_by_type"":[1.3040388946422494,1.4404891462149914,1.4964017252844433],""finish"":1.4964017252844433,""tardiness"":0.0},""3"":{""start"":2.591737929517386,""completion_by_type"":[3.0813945607099864,3.2039078692481215,3.563949119779578],""finish"":3.563949119779578,""tardiness"":0.0},""4"":{""start"":1.119637837809042,""completion_by_type"":[1.5389930998967962,1.9053267791961594,1.9205346627012858],""finish"":1.9205346627012858,""tardiness"":0.984111670746743},""5"":{""start"":2.9218021423615865,""completion_by_type"":[3.591200305365319,3.8282209873189705,3.948336394585814],""finish"":3.948336394585814,""tardiness"":0.11984236069676601},""6"":{""start"":2.4049092017185085,""completion_by_type"":[2.836391070793005,3.3603957531842408,3.3946407704031247],""finish"":3.3946407704031247,""tardiness"":1.8981820180967108},""7"":{""start"":0.8114443968007631,""completion_by_type"":[1.561515191761822,1.64034903929478,1.737474554453681],""finish"":1.737474554453681,""tardiness"":0.0},""8"":{""start"":4.041850807170079,""completion_by_type"":[4.735382018731629,4.668329228287094,5.155783911412964],""finish"":5.155783911412964,""tardiness"":0.05790451067383362},""9"":{""start"":1.2916908171355033,""completion_by_type"":[1.932836349496836,1.9639501691753407,2.331431378357344],""finish"":2.331431378357344,""tardiness"":1.8705478272316114},""10"":{""start"":1.7933131390065284,""completion_by_type"":[2.4715303374165933,2.691147119287945,2.7793358585991728],""finish"":2.7793358585991728,""tardiness"":0.1950440459113869}}","{""distance"":17.349404458080418,""tardiness"":5.125632433357052,""objective"":11.237518445718734,""task_times"":{""1"":{""start"":1.7715930861521363,""completion_by_type"":[2.19318435776785,2.4439763497674605,2.6314215359927466],""finish"":2.6314215359927466,""tardiness"":0.0},""2"":{""start"":0.6949744114876587,""completion_by_type"":[1.3040388946422494,1.4404891462149914,1.4964017252844433],""finish"":1.4964017252844433,""tardiness"":0.0},""3"":{""start"":2.591737929517386,""completion_by_type"":[3.0813945607099864,3.2039078692481215,3.563949119779578],""finish"":3.563949119779578,""tardiness"":0.0},""4"":{""start"":1.119637837809042,""completion_by_type"":[1.5389930998967962,1.9053267791961594,1.9205346627012858],""finish"":1.9205346627012858,""tardiness"":0.984111670746743},""5"":{""start"":2.9218021423615865,""completion_by_type"":[3.591200305365319,3.8282209873189705,3.948336394585814],""finish"":3.948336394585814,""tardiness"":0.11984236069676601},""6"":{""start"":2.4049092017185085,""completion_by_type"":[2.836391070793005,3.3603957531842408,3.3946407704031247],""finish"":3.3946407704031247,""tardiness"":1.8981820180967108},""7"":{""start"":0.8114443968007631,""completion_by_type"":[1.561515191761822,1.64034903929478,1.737474554453681],""finish"":1.737474554453681,""tardiness"":0.0},""8"":{""start"":4.041850807170079,""completion_by_type"":[4.735382018731629,4.668329228287094,5.155783911412964],""finish"":5.155783911412964,""tardiness"":0.05790451067383362},""9"":{""start"":1.2916908171355033,""completion_by_type"":[1.932836349496836,1.9639501691753407,2.331431378357344],""finish"":2.331431378357344,""tardiness"":1.8705478272316114},""10"":{""start"":1.7933131390065284,""completion_by_type"":[2.4715303374165933,2.691147119287945,2.7793358585991728],""finish"":2.7793358585991728,""tardiness"":0.1950440459113869}}}","{""objective"":2.9164643677859203e-07,""distance"":3.552713678800501e-15,""tardiness"":5.832928762217193e-07}",3600,1,0,100.0,manhattan,"[0.5,0.5]",True
k3_n10_i007,1,time_limit_feasible,3,10,7,N10_K3_M18_I7,9,TIME_LIMIT,True,False,8.104209464212676,13.01192295208486,3.196495976340493,7.822391485221949,7.822391485221949,0.03477427135061168,10,3600.0008959770203,6564.030506180182,665916.0,57340125.0,0.345035184,time_limit_feasible,,time_limit_feasible,time_limit_feasible,raw_json,False,,,,1e-06,0.0,,"{""1"":[8],""2"":[3,4,10],""3"":[2,1],""4"":[7,6,9,5],""5"":[],""6"":[3,4,10],""7"":[7,6],""8"":[2,1],""9"":[8,9,5],""10"":[],""11"":[2,1],""12"":[],""13"":[7,6],""14"":[3,4,10],""15"":[],""16"":[8,9,5],""17"":[],""18"":[]}","{""1"":{""start"":2.270101324827044,""completion_by_type"":[2.7767039349856004,3.0426587815223103,3.384971229772657],""finish"":3.384971229772657,""tardiness"":0.7954663491591263},""2"":{""start"":0.7933083916386087,""completion_by_type"":[1.3837182667460581,1.566924403078112,1.7978717924552963],""finish"":1.7978717924552963,""tardiness"":0.7801392116848573},""3"":{""start"":1.2734124621391985,""completion_by_type"":[1.7627990287560806,2.2441507177749327,2.429102219436867],""finish"":2.429102219436867,""tardiness"":0.9909558623231822},""4"":{""start"":2.7118072873635137,""completion_by_type"":[3.3729233557061358,3.3868354852675546,3.5162130876473525],""finish"":3.5162130876473525,""tardiness"":0.08865232410322843},""5"":{""start"":3.3187611457745123,""completion_by_type"":[4.105551738698917,4.112744567262157,4.252820921333651],""finish"":4.252820921333651,""tardiness"":0.0},""6"":{""start"":1.192997139482464,""completion_by_type"":[1.7238309956486388,2.1073617609341,2.36607314766976],""finish"":2.36607314766976,""tardiness"":0.0},""7"":{""start"":0.28008926590798877,""completion_by_type"":[1.0715467887911847,1.028065879211317,1.1672022916081328],""finish"":1.1672022916081328,""tardiness"":0.0},""8"":{""start"":0.2143571608018616,""completion_by_type"":[0.6150521075117924,1.1377325022129596,1.0368415920725207],""finish"":1.1377325022129596,""tardiness"":0.5412826696405165},""9"":{""start"":1.9603244731611995,""completion_by_type"":[2.4380983841095056,2.5824016711343907,3.0277573910977296],""finish"":3.0277573910977296,""tardiness"":0.0},""10"":{""start"":3.957501939338049,""completion_by_type"":[4.572308531012018,4.799570521173726,4.920338938899734],""finish"":4.920338938899734,""tardiness"":0.0}}","{""distance"":13.011922952084866,""tardiness"":3.196496416910911,""objective"":8.104209684497889,""task_times"":{""1"":{""start"":2.270101324827044,""completion_by_type"":[2.7767039349856004,3.0426587815223103,3.384971229772657],""finish"":3.384971229772657,""tardiness"":0.7954663491591263},""2"":{""start"":0.7933083916386087,""completion_by_type"":[1.3837182667460581,1.566924403078112,1.7978717924552963],""finish"":1.7978717924552963,""tardiness"":0.7801392116848573},""3"":{""start"":1.2734124621391985,""completion_by_type"":[1.7627990287560806,2.2441507177749327,2.429102219436867],""finish"":2.429102219436867,""tardiness"":0.9909558623231822},""4"":{""start"":2.7118072873635137,""completion_by_type"":[3.3729233557061358,3.3868354852675546,3.5162130876473525],""finish"":3.5162130876473525,""tardiness"":0.08865232410322843},""5"":{""start"":3.3187611457745123,""completion_by_type"":[4.105551738698917,4.112744567262157,4.252820921333651],""finish"":4.252820921333651,""tardiness"":0.0},""6"":{""start"":1.192997139482464,""completion_by_type"":[1.7238309956486388,2.1073617609341,2.36607314766976],""finish"":2.36607314766976,""tardiness"":0.0},""7"":{""start"":0.28008926590798877,""completion_by_type"":[1.0715467887911847,1.028065879211317,1.1672022916081328],""finish"":1.1672022916081328,""tardiness"":0.0},""8"":{""start"":0.2143571608018616,""completion_by_type"":[0.6150521075117924,1.1377325022129596,1.0368415920725207],""finish"":1.1377325022129596,""tardiness"":0.5412826696405165},""9"":{""start"":1.9603244731611995,""completion_by_type"":[2.4380983841095056,2.5824016711343907,3.0277573910977296],""finish"":3.0277573910977296,""tardiness"":0.0},""10"":{""start"":3.957501939338049,""completion_by_type"":[4.572308531012018,4.799570521173726,4.920338938899734],""finish"":4.920338938899734,""tardiness"":0.0}}}","{""objective"":2.2028521229344733e-07,""distance"":7.105427357601002e-15,""tardiness"":4.405704179255565e-07}",3600,1,0,100.0,manhattan,"[0.5,0.5]",True
k3_n10_i008,1,time_limit_feasible,3,10,8,N10_K3_M18_I8,9,TIME_LIMIT,True,False,10.13616316116314,14.050639513127154,6.221686809199127,9.459337620430421,9.459337620430421,0.06677334707140324,10,3600.000857114792,6043.733182624247,1336990.0,56329798.0,1.075974632,time_limit_feasible,,time_limit_feasible,time_limit_feasible,raw_json,False,,,,1e-06,0.0,,"{""1"":[4,6,1,2],""2"":[9],""3"":[5],""4"":[3,7,8,10],""5"":[7],""6"":[9],""7"":[],""8"":[5],""9"":[3,8,10],""10"":[4,6,1,2],""11"":[4,6,1,2],""12"":[5],""13"":[],""14"":[],""15"":[9],""16"":[],""17"":[3,8,10],""18"":[7]}","{""1"":{""start"":3.5758855565263206,""completion_by_type"":[3.9852398969586362,4.3693414838175295,4.5110651842530896],""finish"":4.5110651842530896,""tardiness"":0.10485614918240316},""2"":{""start"":4.6345606742059555,""completion_by_type"":[5.151548312050497,5.491407259645794,5.680613781664192],""finish"":5.680613781664192,""tardiness"":5.0639074092800165},""3"":{""start"":0.5638824175299628,""completion_by_type"":[1.009951612226201,1.5405058677392547,1.5099787465883758],""finish"":1.5405058677392547,""tardiness"":0.36815091679030676},""4"":{""start"":0.8840293198025498,""completion_by_type"":[1.3515628644186912,1.7104627568725177,1.857344757596105],""finish"":1.857344757596105,""tardiness"":0.0},""5"":{""start"":0.4280777365441718,""completion_by_type"":[1.2230501709470762,1.1129223089283982,1.4238806722809456],""finish"":1.4238806722809456,""tardiness"":0.0},""6"":{""start"":2.415117891034725,""completion_by_type"":[3.1251005451147353,3.3489453682390633,3.3500879602056797],""finish"":3.3500879602056797,""tardiness"":0.0},""7"":{""start"":1.319550548355277,""completion_by_type"":[1.8798814736742797,2.1684579309170493,2.4684142451423052],""finish"":2.4684142451423052,""tardiness"":0.0},""8"":{""start"":2.3160469086970386,""completion_by_type"":[3.060745629947169,3.1087824579289274,3.1579310939745264],""finish"":3.1579310939745264,""tardiness"":0.0},""9"":{""start"":0.3886759890248836,""completion_by_type"":[1.0543159777730178,1.27453307977047,1.5297428064890715],""finish"":1.5297428064890715,""tardiness"":0.12723757321470242},""10"":{""start"":3.341660642145356,""completion_by_type"":[4.07389147606825,4.234298349201982,4.523372584865655],""finish"":4.523372584865655,""tardiness"":0.5575351594246416}}","{""distance"":14.050639513127155,""tardiness"":6.221687207892071,""objective"":10.136163360509613,""task_times"":{""1"":{""start"":3.5758855565263206,""completion_by_type"":[3.9852398969586362,4.3693414838175295,4.5110651842530896],""finish"":4.5110651842530896,""tardiness"":0.10485614918240316},""2"":{""start"":4.6345606742059555,""completion_by_type"":[5.151548312050497,5.491407259645794,5.680613781664192],""finish"":5.680613781664192,""tardiness"":5.0639074092800165},""3"":{""start"":0.5638824175299628,""completion_by_type"":[1.009951612226201,1.5405058677392547,1.5099787465883758],""finish"":1.5405058677392547,""tardiness"":0.36815091679030676},""4"":{""start"":0.8840293198025498,""completion_by_type"":[1.3515628644186912,1.7104627568725177,1.857344757596105],""finish"":1.857344757596105,""tardiness"":0.0},""5"":{""start"":0.4280777365441718,""completion_by_type"":[1.2230501709470762,1.1129223089283982,1.4238806722809456],""finish"":1.4238806722809456,""tardiness"":0.0},""6"":{""start"":2.415117891034725,""completion_by_type"":[3.1251005451147353,3.3489453682390633,3.3500879602056797],""finish"":3.3500879602056797,""tardiness"":0.0},""7"":{""start"":1.319550548355277,""completion_by_type"":[1.8798814736742797,2.1684579309170493,2.4684142451423052],""finish"":2.4684142451423052,""tardiness"":0.0},""8"":{""start"":2.3160469086970386,""completion_by_type"":[3.060745629947169,3.1087824579289274,3.1579310939745264],""finish"":3.1579310939745264,""tardiness"":0.0},""9"":{""start"":0.3886759890248836,""completion_by_type"":[1.0543159777730178,1.27453307977047,1.5297428064890715],""finish"":1.5297428064890715,""tardiness"":0.12723757321470242},""10"":{""start"":3.341660642145356,""completion_by_type"":[4.07389147606825,4.234298349201982,4.523372584865655],""finish"":4.523372584865655,""tardiness"":0.5575351594246416}}}","{""objective"":1.9934647355057677e-07,""distance"":1.7763568394002505e-15,""tardiness"":3.9869294354843987e-07}",3600,1,0,100.0,manhattan,"[0.5,0.5]",True
k3_n10_i009,1,time_limit_feasible,3,10,9,N10_K3_M18_I9,9,TIME_LIMIT,True,False,9.623058649300884,13.35352607478873,5.892591223813037,8.919115295747146,8.919115295747146,0.0731517264113193,10,3600.000818014145,6175.706444193622,882606.0,53480426.0,0.720865312,time_limit_feasible,,time_limit_feasible,time_limit_feasible,raw_json,False,,,,1e-06,0.0,,"{""1"":[5,9],""2"":[4,1,6],""3"":[3,7,2],""4"":[10,8],""5"":[4,1,6],""6"":[5,9],""7"":[],""8"":[10,8],""9"":[],""10"":[3,7,2],""11"":[5,9],""12"":[4,1,6],""13"":[10,8],""14"":[],""15"":[],""16"":[],""17"":[],""18"":[3,7,2]}","{""1"":{""start"":2.2430880902018653,""completion_by_type"":[3.0203048002566106,3.2109741920482806,3.3138526004137683],""finish"":3.3138526004137683,""tardiness"":0.0},""2"":{""start"":3.850013264754342,""completion_by_type"":[4.598304347475095,4.826985104243304,4.8375011416415035],""finish"":4.8375011416415035,""tardiness"":0.40485638915224165},""3"":{""start"":1.214080901540806,""completion_by_type"":[1.6792733062517586,2.0454446575254903,2.26638965810324],""finish"":2.26638965810324,""tardiness"":1.8331031324190707},""4"":{""start"":1.125076621805517,""completion_by_type"":[1.5838790797547238,1.801870583713253,2.0945753771315174],""finish"":2.0945753771315174,""tardiness"":0.0},""5"":{""start"":0.1393296531593327,""completion_by_type"":[0.7623983840629558,0.9960722568583769,1.0867244810247254],""finish"":1.0867244810247254,""tardiness"":0.0},""6"":{""start"":3.6163379629580428,""completion_by_type"":[4.188643380774848,4.550156571702411,4.722385540662743],""finish"":4.722385540662743,""tardiness"":2.027722225225613},""7"":{""start"":2.5351275614179634,""completion_by_type"":[3.150453635825384,3.4592537099511658,3.3756879216661417],""finish"":3.4592537099511658,""tardiness"":1.6269103605812658},""8"":{""start"":1.728939512622536,""completion_by_type"":[2.4315328983142916,2.704371193671974,2.549195430502285],""finish"":2.704371193671974,""tardiness"":0.0},""9"":{""start"":1.1867732706269718,""completion_by_type"":[1.741686954154602,2.0839279234816477,2.116937677200654],""finish"":2.116937677200654,""tardiness"":0.0},""10"":{""start"":0.5955348004092934,""completion_by_type"":[1.2799114182155633,1.447487854706841,1.562330454609343],""finish"":1.562330454609343,""tardiness"":0.0}}","{""distance"":13.35352607478873,""tardiness"":5.892592107378191,""objective"":9.62305909108346,""task_times"":{""1"":{""start"":2.2430880902018653,""completion_by_type"":[3.0203048002566106,3.2109741920482806,3.3138526004137683],""finish"":3.3138526004137683,""tardiness"":0.0},""2"":{""start"":3.850013264754342,""completion_by_type"":[4.598304347475095,4.826985104243304,4.8375011416415035],""finish"":4.8375011416415035,""tardiness"":0.40485638915224165},""3"":{""start"":1.214080901540806,""completion_by_type"":[1.6792733062517586,2.0454446575254903,2.26638965810324],""finish"":2.26638965810324,""tardiness"":1.8331031324190707},""4"":{""start"":1.125076621805517,""completion_by_type"":[1.5838790797547238,1.801870583713253,2.0945753771315174],""finish"":2.0945753771315174,""tardiness"":0.0},""5"":{""start"":0.1393296531593327,""completion_by_type"":[0.7623983840629558,0.9960722568583769,1.0867244810247254],""finish"":1.0867244810247254,""tardiness"":0.0},""6"":{""start"":3.6163379629580428,""completion_by_type"":[4.188643380774848,4.550156571702411,4.722385540662743],""finish"":4.722385540662743,""tardiness"":2.027722225225613},""7"":{""start"":2.5351275614179634,""completion_by_type"":[3.150453635825384,3.4592537099511658,3.3756879216661417],""finish"":3.4592537099511658,""tardiness"":1.6269103605812658},""8"":{""start"":1.728939512622536,""completion_by_type"":[2.4315328983142916,2.704371193671974,2.549195430502285],""finish"":2.704371193671974,""tardiness"":0.0},""9"":{""start"":1.1867732706269718,""completion_by_type"":[1.741686954154602,2.0839279234816477,2.116937677200654],""finish"":2.116937677200654,""tardiness"":0.0},""10"":{""start"":0.5955348004092934,""completion_by_type"":[1.2799114182155633,1.447487854706841,1.562330454609343],""finish"":1.562330454609343,""tardiness"":0.0}}}","{""objective"":4.4178257674332144e-07,""distance"":0.0,""tardiness"":8.835651543748213e-07}",3600,1,0,100.0,manhattan,"[0.5,0.5]",True
k3_n10_i010,1,time_limit_feasible_postprocess_warning,3,10,10,N10_K3_M18_I10,9,TIME_LIMIT,True,False,10.90353388861,,,9.37365898058,9.37365898058,0.140310006247436,10,3600.0,6161.57,960662.0,53761895.0,,time_limit_feasible_postprocess_warning,"ValueError: MILP and independent evaluation differ: {'objective': 5.605806183694995e-07, 'distance': 3.552713678800501e-15, 'tardiness': 1.1211612331862852e-06}",failed,time_limit_feasible_postprocess_warning,gurobi_log,True,5.605806183694995e-07,3.552713678800501e-15,1.1211612331862852e-06,1e-06,,14.031,,,,,3600,1,0,,,,
k3_n10_i011,1,optimal,3,10,11,N10_K3_M18_I11,2,OPTIMAL,True,True,10.207905077230578,16.121556838904855,4.294253315556302,10.207905077230564,10.207905077230564,0.0,10,1105.578929901123,1665.6603232121513,811240.0,14239371.0,0.180577896,optimal,,optimal,optimal,raw_json,False,,,,1e-06,0.0,,"{""1"":[9,8,4],""2"":[3,10],""3"":[1,7,5],""4"":[6,2],""5"":[7,5],""6"":[6,2],""7"":[],""8"":[1,4],""9"":[9,8],""10"":[3,10],""11"":[1,4],""12"":[8],""13"":[7,5],""14"":[6,2],""15"":[],""16"":[],""17"":[3,10],""18"":[9]}","{""1"":{""start"":0.9626301791049332,""completion_by_type"":[1.473284782023907,1.908675338940648,2.103171599634387],""finish"":2.103171599634387,""tardiness"":0.0},""2"":{""start"":2.1471994505021326,""completion_by_type"":[2.9415872149638163,2.929421701331072,3.3197463147941795],""finish"":3.3197463147941795,""tardiness"":0.0},""3"":{""start"":0.9500837801859889,""completion_by_type"":[1.475130482011962,1.573518821226053,2.0630804123025754],""finish"":2.0630804123025754,""tardiness"":0.6805040358418835},""4"":{""start"":2.343660089228816,""completion_by_type"":[3.025878298870473,3.2917631494710378,3.37803706465076],""finish"":3.37803706465076,""tardiness"":0.06836820663387488},""5"":{""start"":3.183214488509582,""completion_by_type"":[3.8912886674467346,4.114757244898279,4.308841116588472],""finish"":4.308841116588472,""tardiness"":0.0},""6"":{""start"":1.0085302698393277,""completion_by_type"":[1.4998127681610949,1.9614333007648912,2.0420266452337854],""finish"":2.0420266452337854,""tardiness"":1.6535339836778782},""7"":{""start"":1.8398742201566076,""completion_by_type"":[2.6185245342248034,2.7321403198412004,2.8146440849120715],""finish"":2.8146440849120715,""tardiness"":1.7718053552758526},""8"":{""start"":1.220788782618568,""completion_by_type"":[1.6528012202168987,1.96139323517178,2.247910775013307],""finish"":2.247910775013307,""tardiness"":0.12004173412680785},""9"":{""start"":0.22821536700879486,""completion_by_type"":[0.880745036698204,0.947633266381891,1.215531261605842],""finish"":1.215531261605842,""tardiness"":0.0},""10"":{""start"":2.134705140628132,""completion_by_type"":[2.567321818607333,3.0282001400435647,3.05578741536851],""finish"":3.05578741536851,""tardiness"":0.0}}","{""distance"":16.121556838904848,""tardiness"":4.294253315556297,""objective"":10.207905077230572,""task_times"":{""1"":{""start"":0.9626301791049332,""completion_by_type"":[1.473284782023907,1.908675338940648,2.103171599634387],""finish"":2.103171599634387,""tardiness"":0.0},""2"":{""start"":2.1471994505021326,""completion_by_type"":[2.9415872149638163,2.929421701331072,3.3197463147941795],""finish"":3.3197463147941795,""tardiness"":0.0},""3"":{""start"":0.9500837801859889,""completion_by_type"":[1.475130482011962,1.573518821226053,2.0630804123025754],""finish"":2.0630804123025754,""tardiness"":0.6805040358418835},""4"":{""start"":2.343660089228816,""completion_by_type"":[3.025878298870473,3.2917631494710378,3.37803706465076],""finish"":3.37803706465076,""tardiness"":0.06836820663387488},""5"":{""start"":3.183214488509582,""completion_by_type"":[3.8912886674467346,4.114757244898279,4.308841116588472],""finish"":4.308841116588472,""tardiness"":0.0},""6"":{""start"":1.0085302698393277,""completion_by_type"":[1.4998127681610949,1.9614333007648912,2.0420266452337854],""finish"":2.0420266452337854,""tardiness"":1.6535339836778782},""7"":{""start"":1.8398742201566076,""completion_by_type"":[2.6185245342248034,2.7321403198412004,2.8146440849120715],""finish"":2.8146440849120715,""tardiness"":1.7718053552758526},""8"":{""start"":1.220788782618568,""completion_by_type"":[1.6528012202168987,1.96139323517178,2.247910775013307],""finish"":2.247910775013307,""tardiness"":0.12004173412680785},""9"":{""start"":0.22821536700879486,""completion_by_type"":[0.880745036698204,0.947633266381891,1.215531261605842],""finish"":1.215531261605842,""tardiness"":0.0},""10"":{""start"":2.134705140628132,""completion_by_type"":[2.567321818607333,3.0282001400435647,3.05578741536851],""finish"":3.05578741536851,""tardiness"":0.0}}}","{""objective"":5.329070518200751e-15,""distance"":7.105427357601002e-15,""tardiness"":5.329070518200751e-15}",3600,1,0,100.0,manhattan,"[0.5,0.5]",True
k3_n10_i012,1,time_limit_feasible,3,10,12,N10_K3_M18_I12,9,TIME_LIMIT,True,False,8.314326113529923,13.802684151784925,2.825968075274921,8.198902858290259,8.198902858290259,0.013882454652799265,10,3600.000890016556,6329.890518115622,926475.0,55712230.0,0.395060456,time_limit_feasible,,time_limit_feasible,time_limit_feasible,raw_json,False,,,,1e-06,0.0,,"{""1"":[8,2,1],""2"":[3,5,4],""3"":[6,10],""4"":[9,7],""5"":[],""6"":[9,7],""7"":[3,2],""8"":[6,10],""9"":[5,4],""10"":[8,1],""11"":[5,4],""12"":[],""13"":[],""14"":[3,2],""15"":[],""16"":[8,1],""17"":[6,10],""18"":[9,7]}","{""1"":{""start"":2.4724921448817354,""completion_by_type"":[2.946540074658193,3.3700265990899583,3.50487865067399],""finish"":3.50487865067399,""tardiness"":0.0},""2"":{""start"":1.772916050406997,""completion_by_type"":[2.1731129863363847,2.5141484644157575,2.9398040471049285],""finish"":2.9398040471049285,""tardiness"":0.0},""3"":{""start"":0.5206100791798285,""completion_by_type"":[0.952792673341812,1.3152135461349392,1.533635492398832],""finish"":1.533635492398832,""tardiness"":0.9977853670788732},""4"":{""start"":2.021862435910113,""completion_by_type"":[2.804824611407252,2.701340026606637,3.1154364104702563],""finish"":3.1154364104702563,""tardiness"":0.0},""5"":{""start"":1.1120022699683803,""completion_by_type"":[1.7091688372105973,1.8105092935759795,1.9903994820565565],""finish"":1.9903994820565565,""tardiness"":0.12004348552703648},""6"":{""start"":0.3917455127074723,""completion_by_type"":[1.168045420549928,1.2320257015791622,1.5665169040675637],""finish"":1.5665169040675637,""tardiness"":0.0},""7"":{""start"":2.816732935277261,""completion_by_type"":[3.324843013572787,3.730929987941416,3.6194167480569277],""finish"":3.730929987941416,""tardiness"":0.18030392552615515},""8"":{""start"":0.9429209806902583,""completion_by_type"":[1.4248113988518756,1.836182177239338,2.006274032310033],""finish"":2.006274032310033,""tardiness"":1.1411582026984897},""9"":{""start"":0.8754417801715457,""completion_by_type"":[1.5024082867019113,1.7773238936561928,1.9200137739113916],""finish"":1.9200137739113916,""tardiness"":0.34711817306519355},""10"":{""start"":1.728324582512547,""completion_by_type"":[2.4055705163030776,2.4381860761591128,2.7203562029800317],""finish"":2.7203562029800317,""tardiness"":0.039558994500580535}}","{""distance"":13.802684189577999,""tardiness"":2.825968148396328,""objective"":8.314326168987163,""task_times"":{""1"":{""start"":2.4724921448817354,""completion_by_type"":[2.946540074658193,3.3700265990899583,3.50487865067399],""finish"":3.50487865067399,""tardiness"":0.0},""2"":{""start"":1.772916050406997,""completion_by_type"":[2.1731129863363847,2.5141484644157575,2.9398040471049285],""finish"":2.9398040471049285,""tardiness"":0.0},""3"":{""start"":0.5206100791798285,""completion_by_type"":[0.952792673341812,1.3152135461349392,1.533635492398832],""finish"":1.533635492398832,""tardiness"":0.9977853670788732},""4"":{""start"":2.021862435910113,""completion_by_type"":[2.804824611407252,2.701340026606637,3.1154364104702563],""finish"":3.1154364104702563,""tardiness"":0.0},""5"":{""start"":1.1120022699683803,""completion_by_type"":[1.7091688372105973,1.8105092935759795,1.9903994820565565],""finish"":1.9903994820565565,""tardiness"":0.12004348552703648},""6"":{""start"":0.3917455127074723,""completion_by_type"":[1.168045420549928,1.2320257015791622,1.5665169040675637],""finish"":1.5665169040675637,""tardiness"":0.0},""7"":{""start"":2.816732935277261,""completion_by_type"":[3.324843013572787,3.730929987941416,3.6194167480569277],""finish"":3.730929987941416,""tardiness"":0.18030392552615515},""8"":{""start"":0.9429209806902583,""completion_by_type"":[1.4248113988518756,1.836182177239338,2.006274032310033],""finish"":2.006274032310033,""tardiness"":1.1411582026984897},""9"":{""start"":0.8754417801715457,""completion_by_type"":[1.5024082867019113,1.7773238936561928,1.9200137739113916],""finish"":1.9200137739113916,""tardiness"":0.34711817306519355},""10"":{""start"":1.728324582512547,""completion_by_type"":[2.4055705163030776,2.4381860761591128,2.7203562029800317],""finish"":2.7203562029800317,""tardiness"":0.039558994500580535}}}","{""objective"":5.545724057753887e-08,""distance"":3.7793073559555523e-08,""tardiness"":7.3121407151433e-08}",3600,1,0,100.0,manhattan,"[0.5,0.5]",True
k3_n10_i013,1,time_limit_feasible,3,10,13,N10_K3_M18_I13,9,TIME_LIMIT,True,False,12.635408240985168,15.180175239053792,10.090641242916542,10.769095389735105,10.769095389735105,0.1477049902666658,10,3600.001284122467,6376.391559603403,599236.0,54341864.0,0.652197912,time_limit_feasible,,time_limit_feasible,time_limit_feasible,raw_json,False,,,,1e-06,0.0,,"{""1"":[9,3,7],""2"":[2,6],""3"":[8,1,4],""4"":[5,10],""5"":[],""6"":[5,10],""7"":[],""8"":[9,3,7],""9"":[8,1,4],""10"":[2,6],""11"":[],""12"":[8,1,4],""13"":[],""14"":[5,10],""15"":[],""16"":[2,6],""17"":[9,3,7],""18"":[]}","{""1"":{""start"":2.5571841821068113,""completion_by_type"":[3.2834260893145024,3.2374759808317033,3.7046418612228518],""finish"":3.7046418612228518,""tardiness"":1.11181390293036},""2"":{""start"":0.7654419860231331,""completion_by_type"":[1.3613964448185691,1.557460093923858,1.6750173928056777],""finish"":1.6750173928056777,""tardiness"":0.0},""3"":{""start"":2.226986155397912,""completion_by_type"":[2.64239804981426,3.1551774530718717,3.3586870728110636],""finish"":3.3586870728110636,""tardiness"":1.9744542601670265},""4"":{""start"":3.833037280716506,""completion_by_type"":[4.412770855855643,4.44880081218505,4.946459433449123],""finish"":4.946459433449123,""tardiness"":1.8886894364350226},""5"":{""start"":0.44373091184373076,""completion_by_type"":[1.149169044841494,1.2492851420411193,1.3063364063168366],""finish"":1.3063364063168366,""tardiness"":0.0},""6"":{""start"":2.0656381634025873,""completion_by_type"":[2.6103891012710108,3.016598125273494,3.0733525014010925],""finish"":3.0733525014010925,""tardiness"":0.0},""7"":{""start"":3.479426422668995,""completion_by_type"":[3.929004198291985,4.414072922843003,4.40225770141512],""finish"":4.414072922843003,""tardiness"":3.7317335168896304},""8"":{""start"":1.5523000373486608,""completion_by_type"":[2.2958386246084452,2.485996416060164,2.359058536263853],""finish"":2.485996416060164,""tardiness"":0.39852566933691724},""9"":{""start"":1.1320489982093866,""completion_by_type"":[1.7100077695584277,1.7794476971876128,2.097081743999195],""finish"":2.097081743999195,""tardiness"":0.9854242146031189},""10"":{""start"":1.6320252882414548,""completion_by_type"":[2.2673113911448355,2.386912193986134,2.7668352933475786],""finish"":2.7668352933475786,""tardiness"":0.0}}","{""distance"":15.180175598230168,""tardiness"":10.090641000362076,""objective"":12.635408299296122,""task_times"":{""1"":{""start"":2.5571841821068113,""completion_by_type"":[3.2834260893145024,3.2374759808317033,3.7046418612228518],""finish"":3.7046418612228518,""tardiness"":1.11181390293036},""2"":{""start"":0.7654419860231331,""completion_by_type"":[1.3613964448185691,1.557460093923858,1.6750173928056777],""finish"":1.6750173928056777,""tardiness"":0.0},""3"":{""start"":2.226986155397912,""completion_by_type"":[2.64239804981426,3.1551774530718717,3.3586870728110636],""finish"":3.3586870728110636,""tardiness"":1.9744542601670265},""4"":{""start"":3.833037280716506,""completion_by_type"":[4.412770855855643,4.44880081218505,4.946459433449123],""finish"":4.946459433449123,""tardiness"":1.8886894364350226},""5"":{""start"":0.44373091184373076,""completion_by_type"":[1.149169044841494,1.2492851420411193,1.3063364063168366],""finish"":1.3063364063168366,""tardiness"":0.0},""6"":{""start"":2.0656381634025873,""completion_by_type"":[2.6103891012710108,3.016598125273494,3.0733525014010925],""finish"":3.0733525014010925,""tardiness"":0.0},""7"":{""start"":3.479426422668995,""completion_by_type"":[3.929004198291985,4.414072922843003,4.40225770141512],""finish"":4.414072922843003,""tardiness"":3.7317335168896304},""8"":{""start"":1.5523000373486608,""completion_by_type"":[2.2958386246084452,2.485996416060164,2.359058536263853],""finish"":2.485996416060164,""tardiness"":0.39852566933691724},""9"":{""start"":1.1320489982093866,""completion_by_type"":[1.7100077695584277,1.7794476971876128,2.097081743999195],""finish"":2.097081743999195,""tardiness"":0.9854242146031189},""10"":{""start"":1.6320252882414548,""completion_by_type"":[2.2673113911448355,2.386912193986134,2.7668352933475786],""finish"":2.7668352933475786,""tardiness"":0.0}}}","{""objective"":5.831095428732169e-08,""distance"":3.591763757526678e-07,""tardiness"":2.425544654016676e-07}",3600,1,0,100.0,manhattan,"[0.5,0.5]",True
k3_n10_i014,1,time_limit_feasible,3,10,14,N10_K3_M18_I14,9,TIME_LIMIT,True,False,9.697316385955588,14.140253267816531,5.254379504094646,8.539056637214236,8.539056637214236,0.11944126628876778,10,3600.0009758472443,7112.803293394664,251361.0,50439010.0,0.236602008,time_limit_feasible,,time_limit_feasible,time_limit_feasible,raw_json,False,,,,1e-06,0.0,,"{""1"":[8],""2"":[10,1,5],""3"":[4,7,3,2],""4"":[6,9],""5"":[4,7,3,2],""6"":[],""7"":[10,1,5],""8"":[8],""9"":[6,9],""10"":[],""11"":[],""12"":[8],""13"":[6,9],""14"":[4,7,3,2],""15"":[],""16"":[],""17"":[10,1,5],""18"":[]}","{""1"":{""start"":2.3392301213874505,""completion_by_type"":[3.0125812795900293,3.2862157283832243,3.3233170761290634],""finish"":3.3233170761290634,""tardiness"":0.0},""2"":{""start"":4.138131109026519,""completion_by_type"":[4.792665705278957,5.014524388540729,5.11410219706572],""finish"":5.11410219706572,""tardiness"":0.1253010385787059},""3"":{""start"":3.137334939184071,""completion_by_type"":[3.9198759519752353,3.8335937422970137,4.087992857396054],""finish"":4.087992857396054,""tardiness"":1.2669923694713905},""4"":{""start"":0.7748432605406259,""completion_by_type"":[1.4337003319301536,1.55837599121553,1.7633173352110123],""finish"":1.7633173352110123,""tardiness"":0.0},""5"":{""start"":3.586593945271324,""completion_by_type"":[4.323841306183297,4.542915996930214,4.632436290612758],""finish"":4.632436290612758,""tardiness"":0.12327767596046879},""6"":{""start"":0.8727713729537714,""completion_by_type"":[1.5422382877397238,1.629135663733725,1.7441770108835377],""finish"":1.7441770108835377,""tardiness"":1.2773375624971606},""7"":{""start"":2.0277193104149625,""completion_by_type"":[2.773467271768566,2.7678397455209667,2.832215964943014],""finish"":2.832215964943014,""tardiness"":1.819578019616103},""8"":{""start"":0.2094200026864079,""completion_by_type"":[0.9627797622434405,1.096078204406328,1.2719498687655528],""finish"":1.2719498687655528,""tardiness"":0.0},""9"":{""start"":2.41903949738882,""completion_by_type"":[2.8507917084597807,3.3797739402101628,3.4617154886870014],""finish"":3.4617154886870014,""tardiness"":0.0},""10"":{""start"":1.1999491775995326,""completion_by_type"":[1.6650416892340956,2.150907034712434,2.2405947359519582],""finish"":2.2405947359519582,""tardiness"":0.6418928748372732}}","{""distance"":14.140253267816531,""tardiness"":5.254379540961102,""objective"":9.697316404388816,""task_times"":{""1"":{""start"":2.3392301213874505,""completion_by_type"":[3.0125812795900293,3.2862157283832243,3.3233170761290634],""finish"":3.3233170761290634,""tardiness"":0.0},""2"":{""start"":4.138131109026519,""completion_by_type"":[4.792665705278957,5.014524388540729,5.11410219706572],""finish"":5.11410219706572,""tardiness"":0.1253010385787059},""3"":{""start"":3.137334939184071,""completion_by_type"":[3.9198759519752353,3.8335937422970137,4.087992857396054],""finish"":4.087992857396054,""tardiness"":1.2669923694713905},""4"":{""start"":0.7748432605406259,""completion_by_type"":[1.4337003319301536,1.55837599121553,1.7633173352110123],""finish"":1.7633173352110123,""tardiness"":0.0},""5"":{""start"":3.586593945271324,""completion_by_type"":[4.323841306183297,4.542915996930214,4.632436290612758],""finish"":4.632436290612758,""tardiness"":0.12327767596046879},""6"":{""start"":0.8727713729537714,""completion_by_type"":[1.5422382877397238,1.629135663733725,1.7441770108835377],""finish"":1.7441770108835377,""tardiness"":1.2773375624971606},""7"":{""start"":2.0277193104149625,""completion_by_type"":[2.773467271768566,2.7678397455209667,2.832215964943014],""finish"":2.832215964943014,""tardiness"":1.819578019616103},""8"":{""start"":0.2094200026864079,""completion_by_type"":[0.9627797622434405,1.096078204406328,1.2719498687655528],""finish"":1.2719498687655528,""tardiness"":0.0},""9"":{""start"":2.41903949738882,""completion_by_type"":[2.8507917084597807,3.3797739402101628,3.4617154886870014],""finish"":3.4617154886870014,""tardiness"":0.0},""10"":{""start"":1.1999491775995326,""completion_by_type"":[1.6650416892340956,2.150907034712434,2.2405947359519582],""finish"":2.2405947359519582,""tardiness"":0.6418928748372732}}}","{""objective"":1.8433228277103808e-08,""distance"":0.0,""tardiness"":3.6866455666029196e-08}",3600,1,0,100.0,manhattan,"[0.5,0.5]",True
k3_n10_i015,1,time_limit_feasible,3,10,15,N10_K3_M18_I15,9,TIME_LIMIT,True,False,8.648978811979351,12.74135929896731,4.556598324991393,8.349541197146216,8.349541197146216,0.034621152547904946,10,3600.0010118484497,6727.89085032382,505556.0,42396286.0,0.388095224,time_limit_feasible,,time_limit_feasible,time_limit_feasible,raw_json,False,,,,1e-06,0.0,,"{""1"":[6,5,1],""2"":[8,7],""3"":[2,4,3],""4"":[9,10],""5"":[],""6"":[9,10],""7"":[8,4,7],""8"":[],""9"":[6,5,1],""10"":[2,3],""11"":[],""12"":[],""13"":[],""14"":[2,3],""15"":[6,5,1],""16"":[8,4,7],""17"":[9,10],""18"":[]}","{""1"":{""start"":2.708934622565844,""completion_by_type"":[3.2341859254446543,3.329988822956615,3.746990049697134],""finish"":3.746990049697134,""tardiness"":0.0},""2"":{""start"":0.848693833116497,""completion_by_type"":[1.3616850346142388,1.6597563041638246,1.828556341224442],""finish"":1.828556341224442,""tardiness"":1.379626933362037},""3"":{""start"":2.514258881303027,""completion_by_type"":[3.0547328349857517,3.334444617281348,3.5496460901676974],""finish"":3.5496460901676974,""tardiness"":0.06842346106467234},""4"":{""start"":1.761059765176413,""completion_by_type"":[2.2077232744396174,2.566342708014443,2.840336414035683],""finish"":2.840336414035683,""tardiness"":0.009652130550291904},""5"":{""start"":1.4144737885311987,""completion_by_type"":[1.8702547671168257,2.280379643957814,2.6061407286027625],""finish"":2.6061407286027625,""tardiness"":0.41443417661929427},""6"":{""start"":0.4037805687987921,""completion_by_type"":[1.065755137003875,1.195888617350517,1.2369655801557662],""finish"":1.2369655801557662,""tardiness"":0.0},""7"":{""start"":3.118581201604346,""completion_by_type"":[3.6498953593207144,3.8083843389054723,3.9892299446626263],""finish"":3.9892299446626263,""tardiness"":0.0},""8"":{""start"":0.5313701333558953,""completion_by_type"":[1.0075083646163128,1.4793568865341105,1.4844424811965784],""finish"":1.4844424811965784,""tardiness"":0.3204684435333145},""9"":{""start"":0.8775694660964527,""completion_by_type"":[1.3398835558905653,1.7082405723919913,1.9972173176973294],""finish"":1.9972173176973294,""tardiness"":0.0},""10"":{""start"":2.615465341175817,""completion_by_type"":[3.0885231029866853,3.5096040842783065,3.7487187847817833],""finish"":3.7487187847817833,""tardiness"":2.363993179862489}}","{""distance"":12.741359298967312,""tardiness"":4.556598324992099,""objective"":8.648978811979706,""task_times"":{""1"":{""start"":2.708934622565844,""completion_by_type"":[3.2341859254446543,3.329988822956615,3.746990049697134],""finish"":3.746990049697134,""tardiness"":0.0},""2"":{""start"":0.848693833116497,""completion_by_type"":[1.3616850346142388,1.6597563041638246,1.828556341224442],""finish"":1.828556341224442,""tardiness"":1.379626933362037},""3"":{""start"":2.514258881303027,""completion_by_type"":[3.0547328349857517,3.334444617281348,3.5496460901676974],""finish"":3.5496460901676974,""tardiness"":0.06842346106467234},""4"":{""start"":1.761059765176413,""completion_by_type"":[2.2077232744396174,2.566342708014443,2.840336414035683],""finish"":2.840336414035683,""tardiness"":0.009652130550291904},""5"":{""start"":1.4144737885311987,""completion_by_type"":[1.8702547671168257,2.280379643957814,2.6061407286027625],""finish"":2.6061407286027625,""tardiness"":0.41443417661929427},""6"":{""start"":0.4037805687987921,""completion_by_type"":[1.065755137003875,1.195888617350517,1.2369655801557662],""finish"":1.2369655801557662,""tardiness"":0.0},""7"":{""start"":3.118581201604346,""completion_by_type"":[3.6498953593207144,3.8083843389054723,3.9892299446626263],""finish"":3.9892299446626263,""tardiness"":0.0},""8"":{""start"":0.5313701333558953,""completion_by_type"":[1.0075083646163128,1.4793568865341105,1.4844424811965784],""finish"":1.4844424811965784,""tardiness"":0.3204684435333145},""9"":{""start"":0.8775694660964527,""completion_by_type"":[1.3398835558905653,1.7082405723919913,1.9972173176973294],""finish"":1.9972173176973294,""tardiness"":0.0},""10"":{""start"":2.615465341175817,""completion_by_type"":[3.0885231029866853,3.5096040842783065,3.7487187847817833],""finish"":3.7487187847817833,""tardiness"":2.363993179862489}}}","{""objective"":3.552713678800501e-13,""distance"":1.7763568394002505e-15,""tardiness"":7.061018436615996e-13}",3600,1,0,100.0,manhattan,"[0.5,0.5]",True
k3_n10_i016,1,time_limit_feasible,3,10,16,N10_K3_M18_I16,9,TIME_LIMIT,True,False,10.941531273989671,16.807722627448573,5.075339920530768,9.863893724565278,9.863893724565278,0.09849056063899987,10,3600.001102209091,6100.461838730517,1082078.0,52928670.0,1.002277704,time_limit_feasible,,time_limit_feasible,time_limit_feasible,raw_json,False,,,,1e-06,0.0,,"{""1"":[2,9,7],""2"":[10,6,5],""3"":[8,4],""4"":[1,3],""5"":[],""6"":[1,3],""7"":[],""8"":[8,4],""9"":[10,6,5],""10"":[2,9,7],""11"":[],""12"":[],""13"":[10,6,5],""14"":[8,4],""15"":[],""16"":[1,3],""17"":[2,9,7],""18"":[]}","{""1"":{""start"":1.3118339048873437,""completion_by_type"":[1.8126687216516466,1.9227137742156737,2.4474875888411933],""finish"":2.4474875888411933,""tardiness"":0.2760353146399055},""2"":{""start"":0.3746806034566338,""completion_by_type"":[0.94735777944191,1.2562710061063833,1.4727480219861624],""finish"":1.4727480219861624,""tardiness"":0.0022647006787093193},""3"":{""start"":2.5472562593958403,""completion_by_type"":[3.3013025834999477,3.354749677777123,3.550693836006798],""finish"":3.550693836006798,""tardiness"":0.6467404034801669},""4"":{""start"":2.7557196708703415,""completion_by_type"":[3.5362217368636766,3.398832192972014,3.7516745160761102],""finish"":3.7516745160761102,""tardiness"":1.4106482031602674},""5"":{""start"":3.326663962772998,""completion_by_type"":[3.7763050753339362,4.278491201660788,4.484565254163008],""finish"":4.484565254163008,""tardiness"":0.0},""6"":{""start"":2.220167208863902,""completion_by_type"":[2.700094926079719,3.106139766366557,3.3042798003645544],""finish"":3.3042798003645544,""tardiness"":0.0},""7"":{""start"":3.292678398492123,""completion_by_type"":[4.028296654283867,3.997681438931998,4.146871769012021],""finish"":4.146871769012021,""tardiness"":0.0},""8"":{""start"":1.3026443186060455,""completion_by_type"":[1.9216613961376385,2.167944925982874,2.2041291409091914],""finish"":2.2041291409091914,""tardiness"":1.5951220015733254},""9"":{""start"":2.0934619138375563,""completion_by_type"":[2.668416366679984,2.957884599106311,3.080960151137632],""finish"":3.080960151137632,""tardiness"":0.0},""10"":{""start"":0.8606535619737801,""completion_by_type"":[1.462949714462542,1.7744416630526838,1.973580890768307],""finish"":1.973580890768307,""tardiness"":1.1445292969997642}}","{""distance"":16.807722627448573,""tardiness"":5.075339920532139,""objective"":10.941531273990357,""task_times"":{""1"":{""start"":1.3118339048873437,""completion_by_type"":[1.8126687216516466,1.9227137742156737,2.4474875888411933],""finish"":2.4474875888411933,""tardiness"":0.2760353146399055},""2"":{""start"":0.3746806034566338,""completion_by_type"":[0.94735777944191,1.2562710061063833,1.4727480219861624],""finish"":1.4727480219861624,""tardiness"":0.0022647006787093193},""3"":{""start"":2.5472562593958403,""completion_by_type"":[3.3013025834999477,3.354749677777123,3.550693836006798],""finish"":3.550693836006798,""tardiness"":0.6467404034801669},""4"":{""start"":2.7557196708703415,""completion_by_type"":[3.5362217368636766,3.398832192972014,3.7516745160761102],""finish"":3.7516745160761102,""tardiness"":1.4106482031602674},""5"":{""start"":3.326663962772998,""completion_by_type"":[3.7763050753339362,4.278491201660788,4.484565254163008],""finish"":4.484565254163008,""tardiness"":0.0},""6"":{""start"":2.220167208863902,""completion_by_type"":[2.700094926079719,3.106139766366557,3.3042798003645544],""finish"":3.3042798003645544,""tardiness"":0.0},""7"":{""start"":3.292678398492123,""completion_by_type"":[4.028296654283867,3.997681438931998,4.146871769012021],""finish"":4.146871769012021,""tardiness"":0.0},""8"":{""start"":1.3026443186060455,""completion_by_type"":[1.9216613961376385,2.167944925982874,2.2041291409091914],""finish"":2.2041291409091914,""tardiness"":1.5951220015733254},""9"":{""start"":2.0934619138375563,""completion_by_type"":[2.668416366679984,2.957884599106311,3.080960151137632],""finish"":3.080960151137632,""tardiness"":0.0},""10"":{""start"":0.8606535619737801,""completion_by_type"":[1.462949714462542,1.7744416630526838,1.973580890768307],""finish"":1.973580890768307,""tardiness"":1.1445292969997642}}}","{""objective"":6.856737400084967e-13,""distance"":0.0,""tardiness"":1.3713474800169934e-12}",3600,1,0,100.0,manhattan,"[0.5,0.5]",True
k3_n10_i017,1,time_limit_feasible,3,10,17,N10_K3_M18_I17,9,TIME_LIMIT,True,False,10.54952942111479,15.910516815981472,5.18854202624811,8.748916268800807,8.748916268800807,0.17068184564802222,10,3600.000948190689,6781.011878422214,539909.0,41248736.0,0.573626536,time_limit_feasible,,time_limit_feasible,time_limit_feasible,raw_json,False,,,,1e-06,0.0,,"{""1"":[9,8,2],""2"":[1],""3"":[4,5,10],""4"":[7,3,6],""5"":[1],""6"":[4,5,10],""7"":[9,8,2],""8"":[7,3,6],""9"":[],""10"":[],""11"":[],""12"":[],""13"":[1],""14"":[],""15"":[8,2],""16"":[9],""17"":[4,5,10],""18"":[7,3,6]}","{""1"":{""start"":1.0770061803642557,""completion_by_type"":[1.6771382188031505,1.679489959450418,2.2197385762464465],""finish"":2.2197385762464465,""tardiness"":0.29808308887169055},""2"":{""start"":2.8394473997624208,""completion_by_type"":[3.571144788765168,3.7270431743133567,3.991534149600245],""finish"":3.991534149600245,""tardiness"":0.0},""3"":{""start"":2.489839532135964,""completion_by_type"":[3.254284041522996,3.3253658471250978,3.4960055300576647],""finish"":3.4960055300576647,""tardiness"":2.4853362721833436},""4"":{""start"":1.0046376794563232,""completion_by_type"":[1.4422007428454588,1.9318487439088063,2.0720447190521996],""finish"":2.0720447190521996,""tardiness"":0.0},""5"":{""start"":2.3505990598353006,""completion_by_type"":[3.053047826410734,2.977523431141873,3.404620179205148],""finish"":3.404620179205148,""tardiness"":0.4418560599254011},""6"":{""start"":3.557530550561804,""completion_by_type"":[4.0839705749836135,4.236184818591285,4.555020808187707],""finish"":4.555020808187707,""tardiness"":0.07709645910491947},""7"":{""start"":1.4189959969723374,""completion_by_type"":[1.8988474011843546,2.3514886629629976,2.422222011238354],""finish"":2.422222011238354,""tardiness"":1.814679173849618},""8"":{""start"":1.64023259707123,""completion_by_type"":[2.222448607191063,2.429630798958494,2.5835071356535524],""finish"":2.5835071356535524,""tardiness"":0.07149194247867818},""9"":{""start"":0.09864608352846416,""completion_by_type"":[0.5559941296167097,1.0369358807405993,1.1327341542236575],""finish"":1.1327341542236575,""tardiness"":0.0},""10"":{""start"":3.8090239537437536,""completion_by_type"":[4.434561264983764,4.607179924685197,4.86153341418438],""finish"":4.86153341418438,""tardiness"":0.0}}","{""distance"":15.910516815981476,""tardiness"":5.188542996413651,""objective"":10.549529906197563,""task_times"":{""1"":{""start"":1.0770061803642557,""completion_by_type"":[1.6771382188031505,1.679489959450418,2.2197385762464465],""finish"":2.2197385762464465,""tardiness"":0.29808308887169055},""2"":{""start"":2.8394473997624208,""completion_by_type"":[3.571144788765168,3.7270431743133567,3.991534149600245],""finish"":3.991534149600245,""tardiness"":0.0},""3"":{""start"":2.489839532135964,""completion_by_type"":[3.254284041522996,3.3253658471250978,3.4960055300576647],""finish"":3.4960055300576647,""tardiness"":2.4853362721833436},""4"":{""start"":1.0046376794563232,""completion_by_type"":[1.4422007428454588,1.9318487439088063,2.0720447190521996],""finish"":2.0720447190521996,""tardiness"":0.0},""5"":{""start"":2.3505990598353006,""completion_by_type"":[3.053047826410734,2.977523431141873,3.404620179205148],""finish"":3.404620179205148,""tardiness"":0.4418560599254011},""6"":{""start"":3.557530550561804,""completion_by_type"":[4.0839705749836135,4.236184818591285,4.555020808187707],""finish"":4.555020808187707,""tardiness"":0.07709645910491947},""7"":{""start"":1.4189959969723374,""completion_by_type"":[1.8988474011843546,2.3514886629629976,2.422222011238354],""finish"":2.422222011238354,""tardiness"":1.814679173849618},""8"":{""start"":1.64023259707123,""completion_by_type"":[2.222448607191063,2.429630798958494,2.5835071356535524],""finish"":2.5835071356535524,""tardiness"":0.07149194247867818},""9"":{""start"":0.09864608352846416,""completion_by_type"":[0.5559941296167097,1.0369358807405993,1.1327341542236575],""finish"":1.1327341542236575,""tardiness"":0.0},""10"":{""start"":3.8090239537437536,""completion_by_type"":[4.434561264983764,4.607179924685197,4.86153341418438],""finish"":4.86153341418438,""tardiness"":0.0}}}","{""objective"":4.850827721725182e-07,""distance"":3.552713678800501e-15,""tardiness"":9.701655407923226e-07}",3600,1,0,100.0,manhattan,"[0.5,0.5]",True
k3_n10_i018,1,time_limit_feasible,3,10,18,N10_K3_M18_I18,9,TIME_LIMIT,True,False,9.619312283303532,13.918328668234885,5.320295898372182,9.332970461479553,9.332970461479553,0.02976739016166363,10,3600.00097990036,5881.488594785995,1261973.0,59458147.0,0.618974592,time_limit_feasible,,time_limit_feasible,time_limit_feasible,raw_json,False,,,,1e-06,0.0,,"{""1"":[7,1,10],""2"":[9,4,6],""3"":[5,2,3],""4"":[8],""5"":[8],""6"":[],""7"":[7,1,10],""8"":[9,4,6],""9"":[5,2,3],""10"":[],""11"":[8],""12"":[],""13"":[],""14"":[],""15"":[],""16"":[7,1,10],""17"":[5,2,3],""18"":[9,4,6]}","{""1"":{""start"":2.546277415736714,""completion_by_type"":[2.9804710057852124,3.2245077131532422,3.389372107194792],""finish"":3.389372107194792,""tardiness"":1.955006688588598},""2"":{""start"":1.789806350629273,""completion_by_type"":[2.579912905951687,2.6343462893164737,2.961990502083067],""finish"":2.961990502083067,""tardiness"":0.04456029069657985},""3"":{""start"":3.334342277749524,""completion_by_type"":[3.8640933891495677,4.225766135805905,4.18203075646289],""finish"":4.225766135805905,""tardiness"":0.0},""4"":{""start"":2.285671840895492,""completion_by_type"":[2.7759513805411435,2.9489488934507264,3.192478454441454],""finish"":3.192478454441454,""tardiness"":0.7451798938231553},""5"":{""start"":0.4757080071351774,""completion_by_type"":[1.113957717971479,1.330282149702826,1.5577880276851102],""finish"":1.5577880276851102,""tardiness"":0.5303488807456462},""6"":{""start"":3.514006935194439,""completion_by_type"":[4.1687217162317625,4.4169590918657375,4.470981112672996],""finish"":4.470981112672996,""tardiness"":0.0},""7"":{""start"":1.0363969589337234,""completion_by_type"":[1.4655737468143832,1.8766339199709676,2.0893012400503848],""finish"":2.0893012400503848,""tardiness"":0.1406685518307178},""8"":{""start"":0.3122540412183399,""completion_by_type"":[0.9169835252134975,1.0449178790205118,1.117147722307501],""finish"":1.117147722307501,""tardiness"":0.0},""9"":{""start"":0.8603202366730067,""completion_by_type"":[1.6068923411012344,1.4867057526332421,1.9206553544947558],""finish"":1.9206553544947558,""tardiness"":1.2904405517845472},""10"":{""start"":3.5962445111955024,""completion_by_type"":[4.1953277544103456,4.333621977115776,4.430986151689665],""finish"":4.430986151689665,""tardiness"":0.6140910409030993}}","{""distance"":13.918328668234883,""tardiness"":5.320295898372343,""objective"":9.619312283303614,""task_times"":{""1"":{""start"":2.546277415736714,""completion_by_type"":[2.9804710057852124,3.2245077131532422,3.389372107194792],""finish"":3.389372107194792,""tardiness"":1.955006688588598},""2"":{""start"":1.789806350629273,""completion_by_type"":[2.579912905951687,2.6343462893164737,2.961990502083067],""finish"":2.961990502083067,""tardiness"":0.04456029069657985},""3"":{""start"":3.334342277749524,""completion_by_type"":[3.8640933891495677,4.225766135805905,4.18203075646289],""finish"":4.225766135805905,""tardiness"":0.0},""4"":{""start"":2.285671840895492,""completion_by_type"":[2.7759513805411435,2.9489488934507264,3.192478454441454],""finish"":3.192478454441454,""tardiness"":0.7451798938231553},""5"":{""start"":0.4757080071351774,""completion_by_type"":[1.113957717971479,1.330282149702826,1.5577880276851102],""finish"":1.5577880276851102,""tardiness"":0.5303488807456462},""6"":{""start"":3.514006935194439,""completion_by_type"":[4.1687217162317625,4.4169590918657375,4.470981112672996],""finish"":4.470981112672996,""tardiness"":0.0},""7"":{""start"":1.0363969589337234,""completion_by_type"":[1.4655737468143832,1.8766339199709676,2.0893012400503848],""finish"":2.0893012400503848,""tardiness"":0.1406685518307178},""8"":{""start"":0.3122540412183399,""completion_by_type"":[0.9169835252134975,1.0449178790205118,1.117147722307501],""finish"":1.117147722307501,""tardiness"":0.0},""9"":{""start"":0.8603202366730067,""completion_by_type"":[1.6068923411012344,1.4867057526332421,1.9206553544947558],""finish"":1.9206553544947558,""tardiness"":1.2904405517845472},""10"":{""start"":3.5962445111955024,""completion_by_type"":[4.1953277544103456,4.333621977115776,4.430986151689665],""finish"":4.430986151689665,""tardiness"":0.6140910409030993}}}","{""objective"":8.171241461241152e-14,""distance"":1.7763568394002505e-15,""tardiness"":1.616484723854228e-13}",3600,1,0,100.0,manhattan,"[0.5,0.5]",True
k3_n10_i019,1,time_limit_feasible_postprocess_warning,3,10,19,N10_K3_M18_I19,9,TIME_LIMIT,True,False,12.11408781452,,,10.45344700536,10.45344700536,0.1370834382733753,10,3600.0,6509.94,535854.0,49851172.0,,time_limit_feasible_postprocess_warning,"ValueError: MILP and independent evaluation differ: {'objective': 6.062586521693447e-07, 'distance': 3.552713678800501e-15, 'tardiness': 1.212517297233262e-06}",failed,time_limit_feasible_postprocess_warning,gurobi_log,True,6.062586521693447e-07,3.552713678800501e-15,1.212517297233262e-06,1e-06,,13.7083,,,,,3600,1,0,,,,
k3_n10_i020,1,optimal,3,10,20,N10_K3_M18_I20,2,OPTIMAL,True,True,9.905482192574114,15.844274525220031,3.9666898599281977,9.905482152774876,9.905482152774876,4.017900078918465e-09,10,3205.5036811828613,5615.265980907177,1041558.0,37659657.0,0.315596392,optimal,,optimal,optimal,raw_json,False,,,,1e-06,0.0,,"{""1"":[8,5],""2"":[3,6,10],""3"":[1,7],""4"":[4,9,2],""5"":[8,5],""6"":[1,7],""7"":[3,6,10],""8"":[9,2],""9"":[4],""10"":[],""11"":[8,5],""12"":[],""13"":[],""14"":[3,6,10],""15"":[9,2],""16"":[4],""17"":[1,7],""18"":[]}","{""1"":{""start"":0.940474463811816,""completion_by_type"":[1.6289179666833218,1.7284845416529397,2.1371914569048975],""finish"":2.1371914569048975,""tardiness"":0.0},""2"":{""start"":2.938381238966012,""completion_by_type"":[3.489978010661977,3.854722417744309,3.9113466191451454],""finish"":3.9113466191451454,""tardiness"":0.0},""3"":{""start"":0.7269380477886133,""completion_by_type"":[1.4316619100021644,1.5808831353972295,1.65152791739925],""finish"":1.65152791739925,""tardiness"":1.0038712943223425},""4"":{""start"":0.4619317143557855,""completion_by_type"":[1.1571130525238265,1.1669652740939518,1.3928059540262456],""finish"":1.3928059540262456,""tardiness"":0.0},""5"":{""start"":2.3261508932318544,""completion_by_type"":[2.871200127734379,3.0470308393090044,3.3149566538208886],""finish"":3.3149566538208886,""tardiness"":0.0},""6"":{""start"":2.1929087690800726,""completion_by_type"":[2.8488546151958483,2.8508079349455215,3.0507328638966356],""finish"":3.0507328638966356,""tardiness"":0.7280396671630447},""7"":{""start"":2.47069371188676,""completion_by_type"":[3.1299651067505296,3.1890241540267645,3.429148880956751],""finish"":3.429148880956751,""tardiness"":0.5400911514707252},""8"":{""start"":1.0070808631177257,""completion_by_type"":[1.4677453653169894,1.7675880262960681,2.1354079094436083],""finish"":2.1354079094436083,""tardiness"":1.2429156084923925},""9"":{""start"":1.461767262716578,""completion_by_type"":[2.1559269615065926,2.280178870000479,2.4351307285457393],""finish"":2.4351307285457393,""tardiness"":0.0},""10"":{""start"":3.4204529428518975,""completion_by_type"":[4.001114996803466,4.197535385554788,4.467704906417399],""finish"":4.467704906417399,""tardiness"":0.45177213847970066}}","{""distance"":15.844274525220031,""tardiness"":3.9666898599282057,""objective"":9.90548219257412,""task_times"":{""1"":{""start"":0.940474463811816,""completion_by_type"":[1.6289179666833218,1.7284845416529397,2.1371914569048975],""finish"":2.1371914569048975,""tardiness"":0.0},""2"":{""start"":2.938381238966012,""completion_by_type"":[3.489978010661977,3.854722417744309,3.9113466191451454],""finish"":3.9113466191451454,""tardiness"":0.0},""3"":{""start"":0.7269380477886133,""completion_by_type"":[1.4316619100021644,1.5808831353972295,1.65152791739925],""finish"":1.65152791739925,""tardiness"":1.0038712943223425},""4"":{""start"":0.4619317143557855,""completion_by_type"":[1.1571130525238265,1.1669652740939518,1.3928059540262456],""finish"":1.3928059540262456,""tardiness"":0.0},""5"":{""start"":2.3261508932318544,""completion_by_type"":[2.871200127734379,3.0470308393090044,3.3149566538208886],""finish"":3.3149566538208886,""tardiness"":0.0},""6"":{""start"":2.1929087690800726,""completion_by_type"":[2.8488546151958483,2.8508079349455215,3.0507328638966356],""finish"":3.0507328638966356,""tardiness"":0.7280396671630447},""7"":{""start"":2.47069371188676,""completion_by_type"":[3.1299651067505296,3.1890241540267645,3.429148880956751],""finish"":3.429148880956751,""tardiness"":0.5400911514707252},""8"":{""start"":1.0070808631177257,""completion_by_type"":[1.4677453653169894,1.7675880262960681,2.1354079094436083],""finish"":2.1354079094436083,""tardiness"":1.2429156084923925},""9"":{""start"":1.461767262716578,""completion_by_type"":[2.1559269615065926,2.280178870000479,2.4351307285457393],""finish"":2.4351307285457393,""tardiness"":0.0},""10"":{""start"":3.4204529428518975,""completion_by_type"":[4.001114996803466,4.197535385554788,4.467704906417399],""finish"":4.467704906417399,""tardiness"":0.45177213847970066}}}","{""objective"":5.329070518200751e-15,""distance"":0.0,""tardiness"":7.993605777301127e-15}",3600,1,0,100.0,manhattan,"[0.5,0.5]",True
k3_n10_i021,1,time_limit_feasible,3,10,21,N10_K3_M18_I21,9,TIME_LIMIT,True,False,9.52181434744196,12.729592953020054,6.314035741863865,8.426578899722374,8.426578899722374,0.11502381875506971,10,3600.0010328292847,6780.4590504104635,576049.0,44710738.0,0.509543832,time_limit_feasible,,time_limit_feasible,time_limit_feasible,raw_json,False,,,,1e-06,0.0,,"{""1"":[3,2],""2"":[5,6,9],""3"":[7,8,4],""4"":[10,1],""5"":[7,8,4],""6"":[],""7"":[10,1],""8"":[5,6,9],""9"":[],""10"":[3,2],""11"":[],""12"":[5,6,9],""13"":[],""14"":[3,2],""15"":[10,1],""16"":[7,8,4],""17"":[],""18"":[]}","{""1"":{""start"":1.8508509383997316,""completion_by_type"":[2.377914347535923,2.8007299014960325,2.6723328281792376],""finish"":2.8007299014960325,""tardiness"":0.0},""2"":{""start"":1.2133039796093612,""completion_by_type"":[2.0062926284833797,2.0838495411374964,2.3189987852318907],""finish"":2.3189987852318907,""tardiness"":0.0},""3"":{""start"":0.3073906423457122,""completion_by_type"":[0.7530336472709817,0.9079758121596504,1.1561114858249586],""finish"":1.1561114858249586,""tardiness"":0.4950236189152659},""4"":{""start"":3.4882483978770393,""completion_by_type"":[4.053823969891651,4.380408329881028,4.375262198635926],""finish"":4.380408329881028,""tardiness"":0.49650769182912935},""5"":{""start"":1.1235484065123655,""completion_by_type"":[1.7844249336501945,1.9496932936032756,2.0310474008991086],""finish"":2.0310474008991086,""tardiness"":0.15240146123581155},""6"":{""start"":2.4951821569301864,""completion_by_type"":[3.0050001982101606,3.345636482753064,3.537231245774004],""finish"":3.537231245774004,""tardiness"":0.8639692313538783},""7"":{""start"":1.002377154215529,""completion_by_type"":[1.664722981410016,1.7048093501311452,2.1879605994980063],""finish"":2.1879605994980063,""tardiness"":1.0567725283936333},""8"":{""start"":2.4109117530334405,""completion_by_type"":[3.091888611788242,3.1731075646190936,3.4257495533035223],""finish"":3.4257495533035223,""tardiness"":0.0},""9"":{""start"":3.7368962894193136,""completion_by_type"":[4.240311170134105,4.3802590303880695,4.85631986948841],""finish"":4.85631986948841,""tardiness"":3.2493612101366462},""10"":{""start"":0.4480490593959478,""completion_by_type"":[0.8553203180092016,1.4379075069452907,1.4954608414309836],""finish"":1.4954608414309836,""tardiness"":0.0}}","{""distance"":12.729592953024127,""tardiness"":6.314035741864364,""objective"":9.521814347444245,""task_times"":{""1"":{""start"":1.8508509383997316,""completion_by_type"":[2.377914347535923,2.8007299014960325,2.6723328281792376],""finish"":2.8007299014960325,""tardiness"":0.0},""2"":{""start"":1.2133039796093612,""completion_by_type"":[2.0062926284833797,2.0838495411374964,2.3189987852318907],""finish"":2.3189987852318907,""tardiness"":0.0},""3"":{""start"":0.3073906423457122,""completion_by_type"":[0.7530336472709817,0.9079758121596504,1.1561114858249586],""finish"":1.1561114858249586,""tardiness"":0.4950236189152659},""4"":{""start"":3.4882483978770393,""completion_by_type"":[4.053823969891651,4.380408329881028,4.375262198635926],""finish"":4.380408329881028,""tardiness"":0.49650769182912935},""5"":{""start"":1.1235484065123655,""completion_by_type"":[1.7844249336501945,1.9496932936032756,2.0310474008991086],""finish"":2.0310474008991086,""tardiness"":0.15240146123581155},""6"":{""start"":2.4951821569301864,""completion_by_type"":[3.0050001982101606,3.345636482753064,3.537231245774004],""finish"":3.537231245774004,""tardiness"":0.8639692313538783},""7"":{""start"":1.002377154215529,""completion_by_type"":[1.664722981410016,1.7048093501311452,2.1879605994980063],""finish"":2.1879605994980063,""tardiness"":1.0567725283936333},""8"":{""start"":2.4109117530334405,""completion_by_type"":[3.091888611788242,3.1731075646190936,3.4257495533035223],""finish"":3.4257495533035223,""tardiness"":0.0},""9"":{""start"":3.7368962894193136,""completion_by_type"":[4.240311170134105,4.3802590303880695,4.85631986948841],""finish"":4.85631986948841,""tardiness"":3.2493612101366462},""10"":{""start"":0.4480490593959478,""completion_by_type"":[0.8553203180092016,1.4379075069452907,1.4954608414309836],""finish"":1.4954608414309836,""tardiness"":0.0}}}","{""objective"":2.284394895468722e-12,""distance"":4.073186232744774e-12,""tardiness"":4.991562718714704e-13}",3600,1,0,100.0,manhattan,"[0.5,0.5]",True
k3_n10_i022,1,time_limit_feasible,3,10,22,N10_K3_M18_I22,9,TIME_LIMIT,True,False,9.444071456005915,14.52751816518156,4.360624746830271,7.5162332087935155,7.5162332087935155,0.20413211147257884,10,3600.000731945038,7507.3195662463595,437728.0,51772368.0,0.484540744,time_limit_feasible,,time_limit_feasible,time_limit_feasible,raw_json,False,,,,1e-06,0.0,,"{""1"":[2,8,3],""2"":[1,9,6],""3"":[7,4,5],""4"":[10],""5"":[7,4,5],""6"":[10,8,3],""7"":[],""8"":[],""9"":[2,9],""10"":[1,6],""11"":[],""12"":[7,4,5],""13"":[],""14"":[],""15"":[],""16"":[1,9,6],""17"":[2,8,3],""18"":[10]}","{""1"":{""start"":0.9745813462645736,""completion_by_type"":[1.7656872456508346,1.8081260384271436,1.7892609077456023],""finish"":1.8081260384271436,""tardiness"":1.263196840967081},""2"":{""start"":0.9792144063159214,""completion_by_type"":[1.7260986386943493,1.7116942494751646,1.889785917768724],""finish"":1.889785917768724,""tardiness"":0.8818054348817719},""3"":{""start"":3.029202233048547,""completion_by_type"":[3.7210055143046894,3.95820251965432,4.1153254794672],""finish"":4.1153254794672,""tardiness"":0.0},""4"":{""start"":2.1918227088305158,""completion_by_type"":[2.6398894957205803,3.0216117402017444,3.070609674282862],""finish"":3.070609674282862,""tardiness"":0.7562730636586501},""5"":{""start"":3.0980435271235667,""completion_by_type"":[3.64542623653887,3.7537382230489675,4.000869103490164],""finish"":4.000869103490164,""tardiness"":0.0},""6"":{""start"":3.3533035959954764,""completion_by_type"":[4.020489489906888,3.960196084564909,4.162034391715673],""finish"":4.162034391715673,""tardiness"":0.0},""7"":{""start"":1.244054881915913,""completion_by_type"":[1.7336485095035288,1.891165088027074,2.048342426847433],""finish"":2.048342426847433,""tardiness"":0.0},""8"":{""start"":2.054021847013136,""completion_by_type"":[2.7267421645353114,2.772377114050397,2.99409440956617],""finish"":2.99409440956617,""tardiness"":1.4585768162998218},""9"":{""start"":2.017028405006415,""completion_by_type"":[2.7092068011418533,2.6831314227920715,3.0967170270538302],""finish"":3.0967170270538302,""tardiness"":0.0007725910231064503},""10"":{""start"":0.7870658808408415,""completion_by_type"":[1.2625154397815095,1.526926268588005,1.9133806394566732],""finish"":1.9133806394566732,""tardiness"":0.0}}","{""distance"":14.527518165181561,""tardiness"":4.360624746830431,""objective"":9.444071456005997,""task_times"":{""1"":{""start"":0.9745813462645736,""completion_by_type"":[1.7656872456508346,1.8081260384271436,1.7892609077456023],""finish"":1.8081260384271436,""tardiness"":1.263196840967081},""2"":{""start"":0.9792144063159214,""completion_by_type"":[1.7260986386943493,1.7116942494751646,1.889785917768724],""finish"":1.889785917768724,""tardiness"":0.8818054348817719},""3"":{""start"":3.029202233048547,""completion_by_type"":[3.7210055143046894,3.95820251965432,4.1153254794672],""finish"":4.1153254794672,""tardiness"":0.0},""4"":{""start"":2.1918227088305158,""completion_by_type"":[2.6398894957205803,3.0216117402017444,3.070609674282862],""finish"":3.070609674282862,""tardiness"":0.7562730636586501},""5"":{""start"":3.0980435271235667,""completion_by_type"":[3.64542623653887,3.7537382230489675,4.000869103490164],""finish"":4.000869103490164,""tardiness"":0.0},""6"":{""start"":3.3533035959954764,""completion_by_type"":[4.020489489906888,3.960196084564909,4.162034391715673],""finish"":4.162034391715673,""tardiness"":0.0},""7"":{""start"":1.244054881915913,""completion_by_type"":[1.7336485095035288,1.891165088027074,2.048342426847433],""finish"":2.048342426847433,""tardiness"":0.0},""8"":{""start"":2.054021847013136,""completion_by_type"":[2.7267421645353114,2.772377114050397,2.99409440956617],""finish"":2.99409440956617,""tardiness"":1.4585768162998218},""9"":{""start"":2.017028405006415,""completion_by_type"":[2.7092068011418533,2.6831314227920715,3.0967170270538302],""finish"":3.0967170270538302,""tardiness"":0.0007725910231064503},""10"":{""start"":0.7870658808408415,""completion_by_type"":[1.2625154397815095,1.526926268588005,1.9133806394566732],""finish"":1.9133806394566732,""tardiness"":0.0}}}","{""objective"":8.171241461241152e-14,""distance"":1.7763568394002505e-15,""tardiness"":1.5987211554602254e-13}",3600,1,0,100.0,manhattan,"[0.5,0.5]",True
k3_n10_i023,1,time_limit_feasible,3,10,23,N10_K3_M18_I23,9,TIME_LIMIT,True,False,10.544664105885603,16.343553120333006,4.745775091438201,9.200644754277988,9.200644754277988,0.1274596647281954,10,3600.0008449554443,7660.669448914309,532687.0,44224457.0,0.581946904,time_limit_feasible,,time_limit_feasible,time_limit_feasible,raw_json,False,,,,1e-06,0.0,,"{""1"":[4,1,9],""2"":[5],""3"":[6,7],""4"":[8,10,3,2],""5"":[],""6"":[5],""7"":[4,1,2],""8"":[6,7,9],""9"":[8,10,3],""10"":[],""11"":[4,1,9],""12"":[6,5],""13"":[],""14"":[7],""15"":[8,3],""16"":[],""17"":[],""18"":[10,2]}","{""1"":{""start"":2.08195742547694,""completion_by_type"":[2.6394711786728773,3.071177835153375,2.95931663605431],""finish"":3.071177835153375,""tardiness"":1.4872075401958809},""2"":{""start"":4.008225641511577,""completion_by_type"":[4.759677226090656,4.775669606463597,4.865498788554537],""finish"":4.865498788554537,""tardiness"":0.0},""3"":{""start"":2.8278949462039886,""completion_by_type"":[3.567238156995429,3.798173260889502,3.8766026610304305],""finish"":3.8766026610304305,""tardiness"":0.02251283971322371},""4"":{""start"":0.9275557135552416,""completion_by_type"":[1.7140049772673622,1.76826921443494,1.8553133033002644],""finish"":1.8553133033002644,""tardiness"":0.8476056857662835},""5"":{""start"":2.0530093775004676,""completion_by_type"":[2.724331938752265,2.845784901044997,2.9904530162869842],""finish"":2.9904530162869842,""tardiness"":0.0},""6"":{""start"":0.8234472819551601,""completion_by_type"":[1.4254882307552246,1.5277606893051299,1.8795281836683742],""finish"":1.8795281836683742,""tardiness"":1.2760611993767328},""7"":{""start"":1.7585188009423067,""completion_by_type"":[2.264115902954683,2.673092795126447,2.616940413482829],""finish"":2.673092795126447,""tardiness"":0.5278587584690819},""8"":{""start"":0.7054466992231204,""completion_by_type"":[1.4206880770000043,1.546011795742343,1.8637165506643947],""finish"":1.8637165506643947,""tardiness"":0.0},""9"":{""start"":3.6548660370857506,""completion_by_type"":[4.070283333903321,4.494864877488554,4.571162632615805],""finish"":4.571162632615805,""tardiness"":0.20996284968084833},""10"":{""start"":1.7737406369452757,""completion_by_type"":[2.304422688081708,2.591802324293848,2.7141079948955174],""finish"":2.7141079948955174,""tardiness"":0.3745662182363043}}","{""distance"":16.343553226830355,""tardiness"":4.745775091438356,""objective"":10.544664159134356,""task_times"":{""1"":{""start"":2.08195742547694,""completion_by_type"":[2.6394711786728773,3.071177835153375,2.95931663605431],""finish"":3.071177835153375,""tardiness"":1.4872075401958809},""2"":{""start"":4.008225641511577,""completion_by_type"":[4.759677226090656,4.775669606463597,4.865498788554537],""finish"":4.865498788554537,""tardiness"":0.0},""3"":{""start"":2.8278949462039886,""completion_by_type"":[3.567238156995429,3.798173260889502,3.8766026610304305],""finish"":3.8766026610304305,""tardiness"":0.02251283971322371},""4"":{""start"":0.9275557135552416,""completion_by_type"":[1.7140049772673622,1.76826921443494,1.8553133033002644],""finish"":1.8553133033002644,""tardiness"":0.8476056857662835},""5"":{""start"":2.0530093775004676,""completion_by_type"":[2.724331938752265,2.845784901044997,2.9904530162869842],""finish"":2.9904530162869842,""tardiness"":0.0},""6"":{""start"":0.8234472819551601,""completion_by_type"":[1.4254882307552246,1.5277606893051299,1.8795281836683742],""finish"":1.8795281836683742,""tardiness"":1.2760611993767328},""7"":{""start"":1.7585188009423067,""completion_by_type"":[2.264115902954683,2.673092795126447,2.616940413482829],""finish"":2.673092795126447,""tardiness"":0.5278587584690819},""8"":{""start"":0.7054466992231204,""completion_by_type"":[1.4206880770000043,1.546011795742343,1.8637165506643947],""finish"":1.8637165506643947,""tardiness"":0.0},""9"":{""start"":3.6548660370857506,""completion_by_type"":[4.070283333903321,4.494864877488554,4.571162632615805],""finish"":4.571162632615805,""tardiness"":0.20996284968084833},""10"":{""start"":1.7737406369452757,""completion_by_type"":[2.304422688081708,2.591802324293848,2.7141079948955174],""finish"":2.7141079948955174,""tardiness"":0.3745662182363043}}}","{""objective"":5.32487529625314e-08,""distance"":1.0649734960566093e-07,""tardiness"":1.545430450278218e-13}",3600,1,0,100.0,manhattan,"[0.5,0.5]",True
k3_n10_i024,1,time_limit_feasible,3,10,24,N10_K3_M18_I24,9,TIME_LIMIT,True,False,9.771327281344318,14.325799783411652,5.216854779276983,9.340897786098704,9.340897786098704,0.04405025876754749,10,3600.0027511119843,7448.804866135138,939758.0,48609696.0,0.736290552,time_limit_feasible,,time_limit_feasible,time_limit_feasible,raw_json,False,,,,1e-06,0.0,,"{""1"":[1,2,5,8],""2"":[4,10,6],""3"":[9,7],""4"":[3],""5"":[],""6"":[9,7,6],""7"":[1,2,5],""8"":[],""9"":[3],""10"":[4,10,8],""11"":[4,10,8],""12"":[9,7,6],""13"":[],""14"":[],""15"":[1,2,5],""16"":[],""17"":[],""18"":[3]}","{""1"":{""start"":0.8203924221445893,""completion_by_type"":[1.2541574271233884,1.6688026684297266,1.7609604709255442],""finish"":1.7609604709255442,""tardiness"":1.2683330886083004},""2"":{""start"":2.105616627563599,""completion_by_type"":[2.564121965819556,2.8616378951057575,2.943674807580508],""finish"":2.943674807580508,""tardiness"":0.5909937755635428},""3"":{""start"":0.6119225528455954,""completion_by_type"":[1.2698612481025016,1.3760197595099433,1.7677324813310085],""finish"":1.7677324813310085,""tardiness"":0.6338406588195296},""4"":{""start"":0.48802840877769244,""completion_by_type"":[0.916014407995076,1.3511160405224634,1.4321103308910768],""finish"":1.4321103308910768,""tardiness"":0.0},""5"":{""start"":3.194858207942863,""completion_by_type"":[3.8694994529518394,4.150478405220997,4.3748601681074915],""finish"":4.3748601681074915,""tardiness"":0.8974424673564094},""6"":{""start"":3.33469569629408,""completion_by_type"":[3.9819164475773725,4.215402484054909,4.28563091100609],""finish"":4.28563091100609,""tardiness"":0.0},""7"":{""start"":1.8242226949684242,""completion_by_type"":[2.401589778329407,2.446236219580482,2.8521924516951067],""finish"":2.8521924516951067,""tardiness"":0.0},""8"":{""start"":4.297484380838656,""completion_by_type"":[4.970801255111603,5.100143127682236,5.2380427743052165],""finish"":5.2380427743052165,""tardiness"":0.07708255331194458},""9"":{""start"":0.5485798370773804,""completion_by_type"":[1.1900414724237875,1.3384636527590135,1.6085035701014871],""finish"":1.6085035701014871,""tardiness"":0.0},""10"":{""start"":2.163153526510246,""completion_by_type"":[2.5715007902141815,3.0168435779763954,3.129812923061449],""finish"":3.129812923061449,""tardiness"":1.7491629936462858}}","{""distance"":14.325799783411654,""tardiness"":5.216855537306012,""objective"":9.771327660358832,""task_times"":{""1"":{""start"":0.8203924221445893,""completion_by_type"":[1.2541574271233884,1.6688026684297266,1.7609604709255442],""finish"":1.7609604709255442,""tardiness"":1.2683330886083004},""2"":{""start"":2.105616627563599,""completion_by_type"":[2.564121965819556,2.8616378951057575,2.943674807580508],""finish"":2.943674807580508,""tardiness"":0.5909937755635428},""3"":{""start"":0.6119225528455954,""completion_by_type"":[1.2698612481025016,1.3760197595099433,1.7677324813310085],""finish"":1.7677324813310085,""tardiness"":0.6338406588195296},""4"":{""start"":0.48802840877769244,""completion_by_type"":[0.916014407995076,1.3511160405224634,1.4321103308910768],""finish"":1.4321103308910768,""tardiness"":0.0},""5"":{""start"":3.194858207942863,""completion_by_type"":[3.8694994529518394,4.150478405220997,4.3748601681074915],""finish"":4.3748601681074915,""tardiness"":0.8974424673564094},""6"":{""start"":3.33469569629408,""completion_by_type"":[3.9819164475773725,4.215402484054909,4.28563091100609],""finish"":4.28563091100609,""tardiness"":0.0},""7"":{""start"":1.8242226949684242,""completion_by_type"":[2.401589778329407,2.446236219580482,2.8521924516951067],""finish"":2.8521924516951067,""tardiness"":0.0},""8"":{""start"":4.297484380838656,""completion_by_type"":[4.970801255111603,5.100143127682236,5.2380427743052165],""finish"":5.2380427743052165,""tardiness"":0.07708255331194458},""9"":{""start"":0.5485798370773804,""completion_by_type"":[1.1900414724237875,1.3384636527590135,1.6085035701014871],""finish"":1.6085035701014871,""tardiness"":0.0},""10"":{""start"":2.163153526510246,""completion_by_type"":[2.5715007902141815,3.0168435779763954,3.129812923061449],""finish"":3.129812923061449,""tardiness"":1.7491629936462858}}}","{""objective"":3.7901451399591224e-07,""distance"":1.7763568394002505e-15,""tardiness"":7.580290288800029e-07}",3600,1,0,100.0,manhattan,"[0.5,0.5]",True
k3_n10_i025,1,time_limit_feasible,3,10,25,N10_K3_M18_I25,9,TIME_LIMIT,True,False,10.386666238907095,13.43309693893456,7.3402355388796305,9.518094805669579,9.518094805669579,0.083623697272948,10,3600.000820159912,7457.759859747969,595314.0,57877115.0,0.554488912,time_limit_feasible,,time_limit_feasible,time_limit_feasible,raw_json,False,,,,1e-06,0.0,,"{""1"":[4,10],""2"":[1,8,9],""3"":[7,3],""4"":[6,2,5],""5"":[],""6"":[],""7"":[4,10],""8"":[1,8,9],""9"":[7,3],""10"":[6,2,5],""11"":[1,8,9],""12"":[4,10],""13"":[],""14"":[7,3],""15"":[],""16"":[],""17"":[],""18"":[6,2,5]}","{""1"":{""start"":0.7715392881593538,""completion_by_type"":[1.4412566618019154,1.6214824729617416,1.8602299043912942],""finish"":1.8602299043912942,""tardiness"":0.0},""2"":{""start"":2.117016806000152,""completion_by_type"":[2.682731069705487,2.9582500102846514,2.9631781880735213],""finish"":2.9631781880735213,""tardiness"":1.9187651083696253},""3"":{""start"":1.831654571298356,""completion_by_type"":[2.311113630753243,2.545297606590864,2.9053190275883463],""finish"":2.9053190275883463,""tardiness"":0.0},""4"":{""start"":0.899883543813764,""completion_by_type"":[1.5937402359569766,1.5283655847580366,2.0430274566711937],""finish"":2.0430274566711937,""tardiness"":0.0},""5"":{""start"":3.1920579891548555,""completion_by_type"":[3.8684318645138465,3.825670383120187,4.121489497129997],""finish"":4.121489497129997,""tardiness"":2.6149453234897884},""6"":{""start"":1.0106756745066388,""completion_by_type"":[1.6122905809808703,1.6896459384591194,2.0864232165725864],""finish"":2.0864232165725864,""tardiness"":0.0},""7"":{""start"":0.507883445734922,""completion_by_type"":[1.0605099422407775,1.4428556486828539,1.454465908984884],""finish"":1.454465908984884,""tardiness"":0.0},""8"":{""start"":2.0486946276187967,""completion_by_type"":[2.6357509529565917,2.923809169908783,3.233163310864964],""finish"":3.233163310864964,""tardiness"":2.6676410025679167},""9"":{""start"":3.5413070448207002,""completion_by_type"":[4.255715193712694,4.27443401792059,4.3897642537856685],""finish"":4.3897642537856685,""tardiness"":0.0},""10"":{""start"":2.1974739740957574,""completion_by_type"":[2.888002080650331,3.0764023200493735,3.1074256911828764],""finish"":3.1074256911828764,""tardiness"":0.13888432664535744}}","{""distance"":13.433096938934558,""tardiness"":7.340235761072687,""objective"":10.386666350003622,""task_times"":{""1"":{""start"":0.7715392881593538,""completion_by_type"":[1.4412566618019154,1.6214824729617416,1.8602299043912942],""finish"":1.8602299043912942,""tardiness"":0.0},""2"":{""start"":2.117016806000152,""completion_by_type"":[2.682731069705487,2.9582500102846514,2.9631781880735213],""finish"":2.9631781880735213,""tardiness"":1.9187651083696253},""3"":{""start"":1.831654571298356,""completion_by_type"":[2.311113630753243,2.545297606590864,2.9053190275883463],""finish"":2.9053190275883463,""tardiness"":0.0},""4"":{""start"":0.899883543813764,""completion_by_type"":[1.5937402359569766,1.5283655847580366,2.0430274566711937],""finish"":2.0430274566711937,""tardiness"":0.0},""5"":{""start"":3.1920579891548555,""completion_by_type"":[3.8684318645138465,3.825670383120187,4.121489497129997],""finish"":4.121489497129997,""tardiness"":2.6149453234897884},""6"":{""start"":1.0106756745066388,""completion_by_type"":[1.6122905809808703,1.6896459384591194,2.0864232165725864],""finish"":2.0864232165725864,""tardiness"":0.0},""7"":{""start"":0.507883445734922,""completion_by_type"":[1.0605099422407775,1.4428556486828539,1.454465908984884],""finish"":1.454465908984884,""tardiness"":0.0},""8"":{""start"":2.0486946276187967,""completion_by_type"":[2.6357509529565917,2.923809169908783,3.233163310864964],""finish"":3.233163310864964,""tardiness"":2.6676410025679167},""9"":{""start"":3.5413070448207002,""completion_by_type"":[4.255715193712694,4.27443401792059,4.3897642537856685],""finish"":4.3897642537856685,""tardiness"":0.0},""10"":{""start"":2.1974739740957574,""completion_by_type"":[2.888002080650331,3.0764023200493735,3.1074256911828764],""finish"":3.1074256911828764,""tardiness"":0.13888432664535744}}}","{""objective"":1.1109652753305e-07,""distance"":1.7763568394002505e-15,""tardiness"":2.2219305684245683e-07}",3600,1,0,100.0,manhattan,"[0.5,0.5]",True
k3_n10_i026,1,optimal,3,10,26,N10_K3_M18_I26,2,OPTIMAL,True,True,8.877114739048434,12.715531902469536,5.038697575627332,8.877114379776105,8.877114379776105,4.0471745581895364e-08,10,452.76608300209045,927.3498866680214,56467.0,7008317.0,0.094542672,optimal,,optimal,optimal,raw_json,False,,,,1e-06,0.0,,"{""1"":[3,9],""2"":[6,1,7],""3"":[2,4,8],""4"":[10,5],""5"":[],""6"":[],""7"":[6,1,7],""8"":[10,5],""9"":[3,9],""10"":[2,4,8],""11"":[],""12"":[3,9],""13"":[2,4,8],""14"":[],""15"":[6,1,7],""16"":[10,5],""17"":[],""18"":[]}","{""1"":{""start"":1.9607134626280267,""completion_by_type"":[2.6947426356167643,2.7026759181181603,3.094225890663883],""finish"":3.094225890663883,""tardiness"":0.0},""2"":{""start"":0.7964096339160194,""completion_by_type"":[1.322795123184655,1.541568752530417,1.7542378436048065],""finish"":1.7542378436048065,""tardiness"":1.431934988790717},""3"":{""start"":0.36274214414477846,""completion_by_type"":[0.9938826723831182,1.2404214566210339,1.1783734354538093],""finish"":1.2404214566210339,""tardiness"":0.0},""4"":{""start"":2.1860397286684736,""completion_by_type"":[2.660230269315863,3.1469573088934455,3.001236483265187],""finish"":3.1469573088934455,""tardiness"":0.6870681461427175},""5"":{""start"":2.1830545120719886,""completion_by_type"":[2.683862796144016,2.8092305538988764,3.096638454728649],""finish"":3.096638454728649,""tardiness"":1.967463434630375},""6"":{""start"":0.6862735214227154,""completion_by_type"":[1.190457226033069,1.3286615833955548,1.716774383146851],""finish"":1.716774383146851,""tardiness"":0.29848272325619285},""7"":{""start"":3.265930058625635,""completion_by_type"":[3.847582978448173,4.0965859547874155,4.086388399203618],""finish"":4.0965859547874155,""tardiness"":0.0},""8"":{""start"":3.6256502311548107,""completion_by_type"":[4.247545892433024,4.4331656930012135,4.591683540519904],""finish"":4.591683540519904,""tardiness"":0.6537482828073533},""9"":{""start"":1.2922931666862958,""completion_by_type"":[2.004024460957255,2.0639988879738613,2.211663539326815],""finish"":2.211663539326815,""tardiness"":0.0},""10"":{""start"":0.7397182953785527,""completion_by_type"":[1.5149536074184793,1.5650567246078408,1.907697237610765],""finish"":1.907697237610765,""tardiness"":0.0}}","{""distance"":12.715531902469534,""tardiness"":5.038697575627355,""objective"":8.877114739048444,""task_times"":{""1"":{""start"":1.9607134626280267,""completion_by_type"":[2.6947426356167643,2.7026759181181603,3.094225890663883],""finish"":3.094225890663883,""tardiness"":0.0},""2"":{""start"":0.7964096339160194,""completion_by_type"":[1.322795123184655,1.541568752530417,1.7542378436048065],""finish"":1.7542378436048065,""tardiness"":1.431934988790717},""3"":{""start"":0.36274214414477846,""completion_by_type"":[0.9938826723831182,1.2404214566210339,1.1783734354538093],""finish"":1.2404214566210339,""tardiness"":0.0},""4"":{""start"":2.1860397286684736,""completion_by_type"":[2.660230269315863,3.1469573088934455,3.001236483265187],""finish"":3.1469573088934455,""tardiness"":0.6870681461427175},""5"":{""start"":2.1830545120719886,""completion_by_type"":[2.683862796144016,2.8092305538988764,3.096638454728649],""finish"":3.096638454728649,""tardiness"":1.967463434630375},""6"":{""start"":0.6862735214227154,""completion_by_type"":[1.190457226033069,1.3286615833955548,1.716774383146851],""finish"":1.716774383146851,""tardiness"":0.29848272325619285},""7"":{""start"":3.265930058625635,""completion_by_type"":[3.847582978448173,4.0965859547874155,4.086388399203618],""finish"":4.0965859547874155,""tardiness"":0.0},""8"":{""start"":3.6256502311548107,""completion_by_type"":[4.247545892433024,4.4331656930012135,4.591683540519904],""finish"":4.591683540519904,""tardiness"":0.6537482828073533},""9"":{""start"":1.2922931666862958,""completion_by_type"":[2.004024460957255,2.0639988879738613,2.211663539326815],""finish"":2.211663539326815,""tardiness"":0.0},""10"":{""start"":0.7397182953785527,""completion_by_type"":[1.5149536074184793,1.5650567246078408,1.907697237610765],""finish"":1.907697237610765,""tardiness"":0.0}}}","{""objective"":1.0658141036401503e-14,""distance"":1.7763568394002505e-15,""tardiness"":2.3092638912203256e-14}",3600,1,0,100.0,manhattan,"[0.5,0.5]",True
k3_n10_i027,1,time_limit_feasible,3,10,27,N10_K3_M18_I27,9,TIME_LIMIT,True,False,10.18037068665785,15.719153708265441,4.6415876650502605,9.939831106581277,9.939831106581277,0.02362778207986266,10,3600.0008759498596,7661.391497357207,481918.0,65319122.0,0.275683728,time_limit_feasible,,time_limit_feasible,time_limit_feasible,raw_json,False,,,,1e-06,0.0,,"{""1"":[9,3,5],""2"":[10,7,2],""3"":[6,4],""4"":[8,1],""5"":[9,3,5],""6"":[],""7"":[8,1],""8"":[],""9"":[10,7,2],""10"":[6,4],""11"":[10,7,2],""12"":[8,1],""13"":[9,3,5],""14"":[],""15"":[6,4],""16"":[],""17"":[],""18"":[]}","{""1"":{""start"":1.922596833843257,""completion_by_type"":[2.5204576172682898,2.8311693982609416,2.912849778883129],""finish"":2.912849778883129,""tardiness"":0.0},""2"":{""start"":3.356518798780894,""completion_by_type"":[3.9700746942227907,4.114586301496371,4.223141383231031],""finish"":4.223141383231031,""tardiness"":0.0},""3"":{""start"":2.2006613412122094,""completion_by_type"":[2.7673076964154593,3.018422478428872,3.099254326087393],""finish"":3.099254326087393,""tardiness"":0.6164400324638377},""4"":{""start"":2.0887359786386384,""completion_by_type"":[2.6934711098180726,2.950381911780906,3.2558134125723184],""finish"":3.2558134125723184,""tardiness"":0.0},""5"":{""start"":3.4420327457860846,""completion_by_type"":[4.151151421453999,4.132538617160043,4.389046518801021],""finish"":4.389046518801021,""tardiness"":0.0},""6"":{""start"":0.9714596473658668,""completion_by_type"":[1.5900446429624358,1.8187834872995778,1.8812047147699253],""finish"":1.8812047147699253,""tardiness"":1.4785668204813494},""7"":{""start"":2.2492486135190664,""completion_by_type"":[2.996509345541965,2.8497994581231136,3.0639568344548187],""finish"":3.0639568344548187,""tardiness"":2.093241657396205},""8"":{""start"":0.31663543059078314,""completion_by_type"":[0.8840501367052728,1.2459125294257225,1.250421293035238],""finish"":1.250421293035238,""tardiness"":0.0},""9"":{""start"":1.1107007611340065,""completion_by_type"":[1.6838145195019059,1.8441199408656692,2.0411897169425663],""finish"":2.0411897169425663,""tardiness"":0.4533391547088903},""10"":{""start"":0.688416315135674,""completion_by_type"":[1.2776718972963357,1.433022195250511,1.771261677961392],""finish"":1.771261677961392,""tardiness"":0.0}}","{""distance"":15.719153708265447,""tardiness"":4.641587665050283,""objective"":10.180370686657865,""task_times"":{""1"":{""start"":1.922596833843257,""completion_by_type"":[2.5204576172682898,2.8311693982609416,2.912849778883129],""finish"":2.912849778883129,""tardiness"":0.0},""2"":{""start"":3.356518798780894,""completion_by_type"":[3.9700746942227907,4.114586301496371,4.223141383231031],""finish"":4.223141383231031,""tardiness"":0.0},""3"":{""start"":2.2006613412122094,""completion_by_type"":[2.7673076964154593,3.018422478428872,3.099254326087393],""finish"":3.099254326087393,""tardiness"":0.6164400324638377},""4"":{""start"":2.0887359786386384,""completion_by_type"":[2.6934711098180726,2.950381911780906,3.2558134125723184],""finish"":3.2558134125723184,""tardiness"":0.0},""5"":{""start"":3.4420327457860846,""completion_by_type"":[4.151151421453999,4.132538617160043,4.389046518801021],""finish"":4.389046518801021,""tardiness"":0.0},""6"":{""start"":0.9714596473658668,""completion_by_type"":[1.5900446429624358,1.8187834872995778,1.8812047147699253],""finish"":1.8812047147699253,""tardiness"":1.4785668204813494},""7"":{""start"":2.2492486135190664,""completion_by_type"":[2.996509345541965,2.8497994581231136,3.0639568344548187],""finish"":3.0639568344548187,""tardiness"":2.093241657396205},""8"":{""start"":0.31663543059078314,""completion_by_type"":[0.8840501367052728,1.2459125294257225,1.250421293035238],""finish"":1.250421293035238,""tardiness"":0.0},""9"":{""start"":1.1107007611340065,""completion_by_type"":[1.6838145195019059,1.8441199408656692,2.0411897169425663],""finish"":2.0411897169425663,""tardiness"":0.4533391547088903},""10"":{""start"":0.688416315135674,""completion_by_type"":[1.2776718972963357,1.433022195250511,1.771261677961392],""finish"":1.771261677961392,""tardiness"":0.0}}}","{""objective"":1.4210854715202004e-14,""distance"":5.329070518200751e-15,""tardiness"":2.220446049250313e-14}",3600,1,0,100.0,manhattan,"[0.5,0.5]",True
k3_n10_i028,1,time_limit_feasible,3,10,28,N10_K3_M18_I28,9,TIME_LIMIT,True,False,10.198619283500665,15.34840617628397,5.04883239071736,10.054833088039562,10.054833088039562,0.014098594276748927,10,3600.002312898636,6431.104727233392,2511626.0,60177525.0,0.637832136,time_limit_feasible,,time_limit_feasible,time_limit_feasible,raw_json,False,,,,1e-06,0.0,,"{""1"":[7,6,10,2],""2"":[4],""3"":[3,9,5],""4"":[1,8],""5"":[4],""6"":[],""7"":[3,9,5],""8"":[1,8],""9"":[7,6,10,2],""10"":[],""11"":[],""12"":[4,10],""13"":[1,9,5],""14"":[3,8],""15"":[],""16"":[],""17"":[7,6,2],""18"":[]}","{""1"":{""start"":0.6197441806538225,""completion_by_type"":[1.080600007861981,1.6039674891545954,1.4772100565880213],""finish"":1.6039674891545954,""tardiness"":0.0},""2"":{""start"":3.7867533579243595,""completion_by_type"":[4.379594946469425,4.534634185066387,4.766125344326722],""finish"":4.766125344326722,""tardiness"":0.0},""3"":{""start"":0.7670369860126763,""completion_by_type"":[1.445000013658631,1.3968792434705408,1.7496849008867073],""finish"":1.7496849008867073,""tardiness"":0.06223331167220225},""4"":{""start"":0.3147341547935858,""completion_by_type"":[0.9724237171660579,1.004724194098519,1.3430276241208792],""finish"":1.3430276241208792,""tardiness"":0.0},""5"":{""start"":3.5960363130333914,""completion_by_type"":[4.100328656556896,4.41703373991124,4.754450483180674],""finish"":4.754450483180674,""tardiness"":0.5823335564933663},""6"":{""start"":1.9071689180472335,""completion_by_type"":[2.6244346790794566,2.5905788976833253,3.0052063622022356],""finish"":3.0052063622022356,""tardiness"":0.0},""7"":{""start"":0.7714481355536897,""completion_by_type"":[1.2382022450332888,1.6688610204095164,1.6213014057105903],""finish"":1.6688610204095164,""tardiness"":1.1327683389427499},""8"":{""start"":2.5392139396420395,""completion_by_type"":[3.1412150210913805,3.3126885848812115,3.71828696675882],""finish"":3.71828696675882,""tardiness"":2.699493663063034},""9"":{""start"":2.04565548842647,""completion_by_type"":[2.828555733685212,2.715323657716983,3.183565440222231],""finish"":3.183565440222231,""tardiness"":0.5720035205505258},""10"":{""start"":2.999258534151023,""completion_by_type"":[3.656369516121789,3.663557355803062,4.133238392139459],""finish"":4.133238392139459,""tardiness"":0.0}}","{""distance"":15.348406398190106,""tardiness"":5.048832390721879,""objective"":10.198619394455992,""task_times"":{""1"":{""start"":0.6197441806538225,""completion_by_type"":[1.080600007861981,1.6039674891545954,1.4772100565880213],""finish"":1.6039674891545954,""tardiness"":0.0},""2"":{""start"":3.7867533579243595,""completion_by_type"":[4.379594946469425,4.534634185066387,4.766125344326722],""finish"":4.766125344326722,""tardiness"":0.0},""3"":{""start"":0.7670369860126763,""completion_by_type"":[1.445000013658631,1.3968792434705408,1.7496849008867073],""finish"":1.7496849008867073,""tardiness"":0.06223331167220225},""4"":{""start"":0.3147341547935858,""completion_by_type"":[0.9724237171660579,1.004724194098519,1.3430276241208792],""finish"":1.3430276241208792,""tardiness"":0.0},""5"":{""start"":3.5960363130333914,""completion_by_type"":[4.100328656556896,4.41703373991124,4.754450483180674],""finish"":4.754450483180674,""tardiness"":0.5823335564933663},""6"":{""start"":1.9071689180472335,""completion_by_type"":[2.6244346790794566,2.5905788976833253,3.0052063622022356],""finish"":3.0052063622022356,""tardiness"":0.0},""7"":{""start"":0.7714481355536897,""completion_by_type"":[1.2382022450332888,1.6688610204095164,1.6213014057105903],""finish"":1.6688610204095164,""tardiness"":1.1327683389427499},""8"":{""start"":2.5392139396420395,""completion_by_type"":[3.1412150210913805,3.3126885848812115,3.71828696675882],""finish"":3.71828696675882,""tardiness"":2.699493663063034},""9"":{""start"":2.04565548842647,""completion_by_type"":[2.828555733685212,2.715323657716983,3.183565440222231],""finish"":3.183565440222231,""tardiness"":0.5720035205505258},""10"":{""start"":2.999258534151023,""completion_by_type"":[3.656369516121789,3.663557355803062,4.133238392139459],""finish"":4.133238392139459,""tardiness"":0.0}}}","{""objective"":1.1095532670424291e-07,""distance"":2.2190613613304322e-07,""tardiness"":4.519051799434237e-12}",3600,1,0,100.0,manhattan,"[0.5,0.5]",True
k3_n10_i029,1,time_limit_feasible,3,10,29,N10_K3_M18_I29,9,TIME_LIMIT,True,False,9.972412150728072,15.751538132250154,4.193286169205992,9.699733342152488,9.699733342152488,0.02734331518334572,10,3600.0009009838104,7293.0511406251435,809283.0,53576662.0,0.438488536,time_limit_feasible,,time_limit_feasible,time_limit_feasible,raw_json,False,,,,1e-06,0.0,,"{""1"":[6,4],""2"":[2,8],""3"":[3,5,7],""4"":[1,9,10],""5"":[],""6"":[3,5,7],""7"":[1,9,10],""8"":[2,8],""9"":[6,4],""10"":[],""11"":[],""12"":[1,9,10],""13"":[2,8],""14"":[6,4],""15"":[3,5,7],""16"":[],""17"":[],""18"":[]}","{""1"":{""start"":1.1322514478612415,""completion_by_type"":[1.6565832795500985,1.7693015868226352,1.9853616896230637],""finish"":1.9853616896230637,""tardiness"":0.0},""2"":{""start"":0.8332182583603217,""completion_by_type"":[1.3310219469558295,1.4736934796257222,1.923900319210723],""finish"":1.923900319210723,""tardiness"":0.4630853014114529},""3"":{""start"":0.42507656051795223,""completion_by_type"":[0.9439825347163027,1.2214836193879255,1.3218858361216252],""finish"":1.3218858361216252,""tardiness"":0.7080866904182891},""4"":{""start"":2.9188592914690945,""completion_by_type"":[3.482547593350043,3.6444119949523355,3.8851207822837903],""finish"":3.8851207822837903,""tardiness"":1.7778830498935192},""5"":{""start"":1.602835193551813,""completion_by_type"":[2.0753835077248546,2.5809826168043215,2.5247953285329356],""finish"":2.5809826168043215,""tardiness"":0.0},""6"":{""start"":0.9371893854087606,""completion_by_type"":[1.7198560509316718,1.9166564488111835,1.9360316435576173],""finish"":1.9360316435576173,""tardiness"":0.9978869512556698},""7"":{""start"":2.732365260106456,""completion_by_type"":[3.18770858703898,3.354545572026151,3.762527868348953],""finish"":3.762527868348953,""tardiness"":0.0},""8"":{""start"":2.005518335064223,""completion_by_type"":[2.468852660049457,2.720634660190245,2.971076107471348],""finish"":2.971076107471348,""tardiness"":0.0},""9"":{""start"":2.101249835196245,""completion_by_type"":[2.852278575986955,2.9722934573036977,3.165045709003608],""finish"":3.165045709003608,""tardiness"":0.0},""10"":{""start"":3.4751569716566406,""completion_by_type"":[4.116698777209478,4.214529553232254,4.633919665715074],""finish"":4.633919665715074,""tardiness"":0.24634424820085687}}","{""distance"":15.751538174615375,""tardiness"":4.193286241179788,""objective"":9.97241220789758,""task_times"":{""1"":{""start"":1.1322514478612415,""completion_by_type"":[1.6565832795500985,1.7693015868226352,1.9853616896230637],""finish"":1.9853616896230637,""tardiness"":0.0},""2"":{""start"":0.8332182583603217,""completion_by_type"":[1.3310219469558295,1.4736934796257222,1.923900319210723],""finish"":1.923900319210723,""tardiness"":0.4630853014114529},""3"":{""start"":0.42507656051795223,""completion_by_type"":[0.9439825347163027,1.2214836193879255,1.3218858361216252],""finish"":1.3218858361216252,""tardiness"":0.7080866904182891},""4"":{""start"":2.9188592914690945,""completion_by_type"":[3.482547593350043,3.6444119949523355,3.8851207822837903],""finish"":3.8851207822837903,""tardiness"":1.7778830498935192},""5"":{""start"":1.602835193551813,""completion_by_type"":[2.0753835077248546,2.5809826168043215,2.5247953285329356],""finish"":2.5809826168043215,""tardiness"":0.0},""6"":{""start"":0.9371893854087606,""completion_by_type"":[1.7198560509316718,1.9166564488111835,1.9360316435576173],""finish"":1.9360316435576173,""tardiness"":0.9978869512556698},""7"":{""start"":2.732365260106456,""completion_by_type"":[3.18770858703898,3.354545572026151,3.762527868348953],""finish"":3.762527868348953,""tardiness"":0.0},""8"":{""start"":2.005518335064223,""completion_by_type"":[2.468852660049457,2.720634660190245,2.971076107471348],""finish"":2.971076107471348,""tardiness"":0.0},""9"":{""start"":2.101249835196245,""completion_by_type"":[2.852278575986955,2.9722934573036977,3.165045709003608],""finish"":3.165045709003608,""tardiness"":0.0},""10"":{""start"":3.4751569716566406,""completion_by_type"":[4.116698777209478,4.214529553232254,4.633919665715074],""finish"":4.633919665715074,""tardiness"":0.24634424820085687}}}","{""objective"":5.71695082385304e-08,""distance"":4.2365220664919434e-08,""tardiness"":7.197379581214136e-08}",3600,1,0,100.0,manhattan,"[0.5,0.5]",True
k3_n10_i030,1,time_limit_feasible_postprocess_warning,3,10,30,N10_K3_M18_I30,9,TIME_LIMIT,True,False,10.84116373023,,,10.036804461,10.036804461,0.07419491940584655,10,3600.0,8033.2,603767.0,52901383.0,,time_limit_feasible_postprocess_warning,"ValueError: MILP and independent evaluation differ: {'objective': 8.58374470169565e-07, 'distance': 1.7763568394002505e-15, 'tardiness': 1.716748935898238e-06}",failed,time_limit_feasible_postprocess_warning,gurobi_log,True,8.58374470169565e-07,1.7763568394002505e-15,1.716748935898238e-06,1e-06,,7.4195,,,,,3600,1,0,,,,
k3_n10_i031,1,time_limit_feasible,3,10,31,N10_K3_M18_I31,9,TIME_LIMIT,True,False,13.056307056382305,19.504338284702207,6.608275828062402,10.859844434957154,10.859844434957154,0.16823000653553535,10,3600.0031459331512,7428.658039257255,1156633.0,47861392.0,1.302323976,time_limit_feasible,,time_limit_feasible,time_limit_feasible,raw_json,False,,,,1e-06,0.0,,"{""1"":[7,2,1],""2"":[8,5],""3"":[10,4,9],""4"":[3,6],""5"":[5,1],""6"":[10,4,9],""7"":[3,6],""8"":[8],""9"":[7,2],""10"":[],""11"":[8],""12"":[3,6],""13"":[7,2],""14"":[5,1],""15"":[],""16"":[10,4,9],""17"":[],""18"":[]}","{""1"":{""start"":3.581406347176081,""completion_by_type"":[4.044873006117829,4.548754721812838,4.629920963243559],""finish"":4.629920963243559,""tardiness"":0.16706320969860666},""2"":{""start"":2.637107505930219,""completion_by_type"":[3.26647363289493,3.4769547178479705,3.684266769155101],""finish"":3.684266769155101,""tardiness"":0.16442522370642898},""3"":{""start"":1.3532633935652645,""completion_by_type"":[1.9113797298833473,2.199631902523554,2.4423082481264835],""finish"":2.4423082481264835,""tardiness"":1.942827820348711},""4"":{""start"":2.2903163741129617,""completion_by_type"":[3.0255440180453066,3.184043450743859,3.395555065323248],""finish"":3.395555065323248,""tardiness"":0.0},""5"":{""start"":1.6330841332725872,""completion_by_type"":[2.3569034626177023,2.3544958772285325,2.7716851820406085],""finish"":2.7716851820406085,""tardiness"":0.21403848693010374},""6"":{""start"":2.8146830508276923,""completion_by_type"":[3.5183798017784778,3.436169015370785,3.940574920871204],""finish"":3.940574920871204,""tardiness"":1.75841161786976},""7"":{""start"":1.523471190846767,""completion_by_type"":[2.020427945852021,2.172073101434327,2.481596771970433],""finish"":2.481596771970433,""tardiness"":1.6111204067795935},""8"":{""start"":0.29524504696842924,""completion_by_type"":[0.9862875814576507,1.1149963973759873,1.369939918692868],""finish"":1.369939918692868,""tardiness"":0.0},""9"":{""start"":3.7673565281443033,""completion_by_type"":[4.272575790303388,4.445092620773558,4.941878625788838],""finish"":4.941878625788838,""tardiness"":0.0},""10"":{""start"":1.2819428916113704,""completion_by_type"":[1.7004720644015754,2.0533538966928457,2.2179114703036387],""finish"":2.2179114703036387,""tardiness"":0.7503890627295646}}","{""distance"":19.50433828470221,""tardiness"":6.608275828062769,""objective"":13.05630705638249,""task_times"":{""1"":{""start"":3.581406347176081,""completion_by_type"":[4.044873006117829,4.548754721812838,4.629920963243559],""finish"":4.629920963243559,""tardiness"":0.16706320969860666},""2"":{""start"":2.637107505930219,""completion_by_type"":[3.26647363289493,3.4769547178479705,3.684266769155101],""finish"":3.684266769155101,""tardiness"":0.16442522370642898},""3"":{""start"":1.3532633935652645,""completion_by_type"":[1.9113797298833473,2.199631902523554,2.4423082481264835],""finish"":2.4423082481264835,""tardiness"":1.942827820348711},""4"":{""start"":2.2903163741129617,""completion_by_type"":[3.0255440180453066,3.184043450743859,3.395555065323248],""finish"":3.395555065323248,""tardiness"":0.0},""5"":{""start"":1.6330841332725872,""completion_by_type"":[2.3569034626177023,2.3544958772285325,2.7716851820406085],""finish"":2.7716851820406085,""tardiness"":0.21403848693010374},""6"":{""start"":2.8146830508276923,""completion_by_type"":[3.5183798017784778,3.436169015370785,3.940574920871204],""finish"":3.940574920871204,""tardiness"":1.75841161786976},""7"":{""start"":1.523471190846767,""completion_by_type"":[2.020427945852021,2.172073101434327,2.481596771970433],""finish"":2.481596771970433,""tardiness"":1.6111204067795935},""8"":{""start"":0.29524504696842924,""completion_by_type"":[0.9862875814576507,1.1149963973759873,1.369939918692868],""finish"":1.369939918692868,""tardiness"":0.0},""9"":{""start"":3.7673565281443033,""completion_by_type"":[4.272575790303388,4.445092620773558,4.941878625788838],""finish"":4.941878625788838,""tardiness"":0.0},""10"":{""start"":1.2819428916113704,""completion_by_type"":[1.7004720644015754,2.0533538966928457,2.2179114703036387],""finish"":2.2179114703036387,""tardiness"":0.7503890627295646}}}","{""objective"":1.8474111129762605e-13,""distance"":3.552713678800501e-15,""tardiness"":3.6770586575585185e-13}",3600,1,0,100.0,manhattan,"[0.5,0.5]",True
k3_n10_i032,1,time_limit_feasible,3,10,32,N10_K3_M18_I32,9,TIME_LIMIT,True,False,10.30073757369448,13.981760141130762,6.6197150062582,9.958910104795807,9.958910104795807,0.03318475657234637,10,3600.000741958618,6765.532911571132,1592742.0,47791047.0,1.178253656,time_limit_feasible,,time_limit_feasible,time_limit_feasible,raw_json,False,,,,1e-06,0.0,,"{""1"":[],""2"":[6,1,10,2],""3"":[9,3,7],""4"":[5,4,8],""5"":[6,1,2],""6"":[10],""7"":[5,4,8],""8"":[],""9"":[9,3,7],""10"":[],""11"":[1,2],""12"":[],""13"":[6,10],""14"":[],""15"":[],""16"":[5,4,8],""17"":[],""18"":[9,3,7]}","{""1"":{""start"":1.565942974185494,""completion_by_type"":[2.0809834457309884,2.3866206321593038,2.604625720378319],""finish"":2.604625720378319,""tardiness"":0.053133596128171146},""2"":{""start"":3.7025713123681148,""completion_by_type"":[4.197056730667701,4.365957452853744,4.555866154418255],""finish"":4.555866154418255,""tardiness"":0.0},""3"":{""start"":2.181504670160436,""completion_by_type"":[2.6852075034788783,2.941567185692786,3.2318786476488777],""finish"":3.2318786476488777,""tardiness"":0.24767520224716266},""4"":{""start"":1.8345913311938291,""completion_by_type"":[2.2562043431898235,2.8308404172742088,2.80514502061537],""finish"":2.8308404172742088,""tardiness"":1.3078316214105759},""5"":{""start"":0.6579965240910979,""completion_by_type"":[1.1552740203200853,1.478532584475214,1.703482586313738],""finish"":1.703482586313738,""tardiness"":0.524526180419729},""6"":{""start"":0.4299169757112932,""completion_by_type"":[1.1938535819213965,1.1221496246388447,1.4849259966057269],""finish"":1.4849259966057269,""tardiness"":0.0},""7"":{""start"":3.567731912992741,""completion_by_type"":[4.306797780770425,4.231403096944143,4.676430162317661],""finish"":4.676430162317661,""tardiness"":2.8102866631940544},""8"":{""start"":3.211909808495681,""completion_by_type"":[3.8478605554615424,3.8158613062254236,4.045906275639917],""finish"":4.045906275639917,""tardiness"":0.0},""9"":{""start"":0.9658136137297765,""completion_by_type"":[1.5086890152699173,1.6694171626605212,1.9389646620104517],""finish"":1.9389646620104517,""tardiness"":1.6312906371235065},""10"":{""start"":2.417275855384396,""completion_by_type"":[3.1219094353324293,3.3481457889637705,3.4156740251397744],""finish"":3.4156740251397744,""tardiness"":0.04497195046443325}}","{""distance"":13.981760141130762,""tardiness"":6.6197158509876335,""objective"":10.300737996059198,""task_times"":{""1"":{""start"":1.565942974185494,""completion_by_type"":[2.0809834457309884,2.3866206321593038,2.604625720378319],""finish"":2.604625720378319,""tardiness"":0.053133596128171146},""2"":{""start"":3.7025713123681148,""completion_by_type"":[4.197056730667701,4.365957452853744,4.555866154418255],""finish"":4.555866154418255,""tardiness"":0.0},""3"":{""start"":2.181504670160436,""completion_by_type"":[2.6852075034788783,2.941567185692786,3.2318786476488777],""finish"":3.2318786476488777,""tardiness"":0.24767520224716266},""4"":{""start"":1.8345913311938291,""completion_by_type"":[2.2562043431898235,2.8308404172742088,2.80514502061537],""finish"":2.8308404172742088,""tardiness"":1.3078316214105759},""5"":{""start"":0.6579965240910979,""completion_by_type"":[1.1552740203200853,1.478532584475214,1.703482586313738],""finish"":1.703482586313738,""tardiness"":0.524526180419729},""6"":{""start"":0.4299169757112932,""completion_by_type"":[1.1938535819213965,1.1221496246388447,1.4849259966057269],""finish"":1.4849259966057269,""tardiness"":0.0},""7"":{""start"":3.567731912992741,""completion_by_type"":[4.306797780770425,4.231403096944143,4.676430162317661],""finish"":4.676430162317661,""tardiness"":2.8102866631940544},""8"":{""start"":3.211909808495681,""completion_by_type"":[3.8478605554615424,3.8158613062254236,4.045906275639917],""finish"":4.045906275639917,""tardiness"":0.0},""9"":{""start"":0.9658136137297765,""completion_by_type"":[1.5086890152699173,1.6694171626605212,1.9389646620104517],""finish"":1.9389646620104517,""tardiness"":1.6312906371235065},""10"":{""start"":2.417275855384396,""completion_by_type"":[3.1219094353324293,3.3481457889637705,3.4156740251397744],""finish"":3.4156740251397744,""tardiness"":0.04497195046443325}}}","{""objective"":4.2236471742285175e-07,""distance"":0.0,""tardiness"":8.447294330693467e-07}",3600,1,0,100.0,manhattan,"[0.5,0.5]",True
k3_n10_i033,1,time_limit_feasible,3,10,33,N10_K3_M18_I33,9,TIME_LIMIT,True,False,10.36137693822505,14.913105450883485,5.809648425566615,9.90940414454498,9.90940414454498,0.04362091991969301,10,3600.0009479522705,7532.801558782223,695562.0,65462789.0,0.481549496,time_limit_feasible,,time_limit_feasible,time_limit_feasible,raw_json,False,,,,1e-06,0.0,,"{""1"":[5,10,9],""2"":[1,2,8],""3"":[4,3],""4"":[7,6],""5"":[5,10,9],""6"":[1,2,8],""7"":[4,3],""8"":[],""9"":[7,6],""10"":[],""11"":[5,10,9],""12"":[1,2,8],""13"":[],""14"":[4,3],""15"":[],""16"":[7,6],""17"":[],""18"":[]}","{""1"":{""start"":0.3933087657767232,""completion_by_type"":[0.7944926040753717,1.1892231214229096,1.4739700749232945],""finish"":1.4739700749232945,""tardiness"":0.0},""2"":{""start"":1.7666884670227523,""completion_by_type"":[2.5197100046336853,2.7467342920370794,2.6511600809885456],""finish"":2.7467342920370794,""tardiness"":0.0},""3"":{""start"":2.8225019746255633,""completion_by_type"":[3.238324902623881,3.713688520884288,3.852003914224829],""finish"":3.852003914224829,""tardiness"":1.969798473274781},""4"":{""start"":1.3979051716077828,""completion_by_type"":[1.8025585402280648,2.237760196843744,2.3541867325784214],""finish"":2.3541867325784214,""tardiness"":0.0},""5"":{""start"":1.0031643445477467,""completion_by_type"":[1.541637062706683,1.7887366931615944,1.9600447997789088],""finish"":1.9600447997789088,""tardiness"":0.5768553359570707},""6"":{""start"":1.5268341401514645,""completion_by_type"":[2.122031586157251,2.526515731006598,2.474348246070078],""finish"":2.526515731006598,""tardiness"":0.0},""7"":{""start"":0.3275060473883471,""completion_by_type"":[0.8424643097956672,1.0107106113539188,1.138219031469586],""finish"":1.138219031469586,""tardiness"":0.6006225748131165},""8"":{""start"":3.017304758438427,""completion_by_type"":[3.7721124661401446,3.9031383888705036,4.152326706412693],""finish"":4.152326706412693,""tardiness"":0.0},""9"":{""start"":3.2011273842304337,""completion_by_type"":[3.879978748501492,3.847951141015687,4.332070852203714],""finish"":4.332070852203714,""tardiness"":0.7145600711779796},""10"":{""start"":2.1408296183469853,""completion_by_type"":[2.8894577489713624,2.9487767381875365,2.95298053345001],""finish"":2.95298053345001,""tardiness"":1.9478123905733111}}","{""distance"":14.913105623696778,""tardiness"":5.809648845796259,""objective"":10.361377234746518,""task_times"":{""1"":{""start"":0.3933087657767232,""completion_by_type"":[0.7944926040753717,1.1892231214229096,1.4739700749232945],""finish"":1.4739700749232945,""tardiness"":0.0},""2"":{""start"":1.7666884670227523,""completion_by_type"":[2.5197100046336853,2.7467342920370794,2.6511600809885456],""finish"":2.7467342920370794,""tardiness"":0.0},""3"":{""start"":2.8225019746255633,""completion_by_type"":[3.238324902623881,3.713688520884288,3.852003914224829],""finish"":3.852003914224829,""tardiness"":1.969798473274781},""4"":{""start"":1.3979051716077828,""completion_by_type"":[1.8025585402280648,2.237760196843744,2.3541867325784214],""finish"":2.3541867325784214,""tardiness"":0.0},""5"":{""start"":1.0031643445477467,""completion_by_type"":[1.541637062706683,1.7887366931615944,1.9600447997789088],""finish"":1.9600447997789088,""tardiness"":0.5768553359570707},""6"":{""start"":1.5268341401514645,""completion_by_type"":[2.122031586157251,2.526515731006598,2.474348246070078],""finish"":2.526515731006598,""tardiness"":0.0},""7"":{""start"":0.3275060473883471,""completion_by_type"":[0.8424643097956672,1.0107106113539188,1.138219031469586],""finish"":1.138219031469586,""tardiness"":0.6006225748131165},""8"":{""start"":3.017304758438427,""completion_by_type"":[3.7721124661401446,3.9031383888705036,4.152326706412693],""finish"":4.152326706412693,""tardiness"":0.0},""9"":{""start"":3.2011273842304337,""completion_by_type"":[3.879978748501492,3.847951141015687,4.332070852203714],""finish"":4.332070852203714,""tardiness"":0.7145600711779796},""10"":{""start"":2.1408296183469853,""completion_by_type"":[2.8894577489713624,2.9487767381875365,2.95298053345001],""finish"":2.95298053345001,""tardiness"":1.9478123905733111}}}","{""objective"":2.9652146871228524e-07,""distance"":1.7281329256491063e-07,""tardiness"":4.2022964397148144e-07}",3600,1,0,100.0,manhattan,"[0.5,0.5]",True
k3_n10_i034,1,time_limit_feasible,3,10,34,N10_K3_M18_I34,9,TIME_LIMIT,True,False,7.3544803299211825,12.218772057229248,2.4901886026131175,7.00145144784333,7.00145144784333,0.04800187997533689,10,3600.0008540153503,6855.285686945027,1064192.0,67600562.0,0.631466488,time_limit_feasible,,time_limit_feasible,time_limit_feasible,raw_json,False,,,,1e-06,0.0,,"{""1"":[2,4,1],""2"":[10,9,6],""3"":[7],""4"":[8,5,3],""5"":[2,4,1],""6"":[],""7"":[10,9,6],""8"":[8,5,3],""9"":[7],""10"":[],""11"":[8,5,3],""12"":[],""13"":[10,9,6],""14"":[],""15"":[2,4,1],""16"":[],""17"":[7],""18"":[]}","{""1"":{""start"":3.733157006722552,""completion_by_type"":[4.346573908663388,4.4565489691695745,4.6985490406516615],""finish"":4.6985490406516615,""tardiness"":0.0},""2"":{""start"":1.130930187644569,""completion_by_type"":[1.8263665636950388,2.0138909640195273,2.1786811337499152],""finish"":2.1786811337499152,""tardiness"":0.0},""3"":{""start"":3.0423268625319246,""completion_by_type"":[3.59817675250663,3.8263881904139105,4.2176539482276345],""finish"":4.2176539482276345,""tardiness"":0.0},""4"":{""start"":2.4292043102377194,""completion_by_type"":[2.8446976189974817,3.389836256054046,3.3705196571991394],""finish"":3.389836256054046,""tardiness"":0.21473332914324095},""5"":{""start"":1.9566728869818013,""completion_by_type"":[2.5815934223393926,2.807720864100068,2.9407914475760863],""finish"":2.9407914475760863,""tardiness"":1.0865818580892743},""6"":{""start"":2.8610670340773714,""completion_by_type"":[3.6519060463152107,3.706125676014634,3.8072212234030935],""finish"":3.8072212234030935,""tardiness"":0.0},""7"":{""start"":0.19580814814335398,""completion_by_type"":[0.8187297986198186,0.8928481727632178,1.0971353172160174],""finish"":1.0971353172160174,""tardiness"":0.4962428150778907},""8"":{""start"":0.8505496185603256,""completion_by_type"":[1.3009454371575024,1.7223683957756326,1.6682277660310478],""finish"":1.7223683957756326,""tardiness"":0.6926306003031526},""9"":{""start"":1.6404478446347215,""completion_by_type"":[2.387273999923476,2.3703932662272638,2.6973172930441858],""finish"":2.6973172930441858,""tardiness"":0.0},""10"":{""start"":0.2872916361980487,""completion_by_type"":[0.9576095641232585,1.1255369904561061,1.1195778893042216],""finish"":1.1255369904561061,""tardiness"":0.0}}","{""distance"":12.218772057229248,""tardiness"":2.490188602613559,""objective"":7.354480329921404,""task_times"":{""1"":{""start"":3.733157006722552,""completion_by_type"":[4.346573908663388,4.4565489691695745,4.6985490406516615],""finish"":4.6985490406516615,""tardiness"":0.0},""2"":{""start"":1.130930187644569,""completion_by_type"":[1.8263665636950388,2.0138909640195273,2.1786811337499152],""finish"":2.1786811337499152,""tardiness"":0.0},""3"":{""start"":3.0423268625319246,""completion_by_type"":[3.59817675250663,3.8263881904139105,4.2176539482276345],""finish"":4.2176539482276345,""tardiness"":0.0},""4"":{""start"":2.4292043102377194,""completion_by_type"":[2.8446976189974817,3.389836256054046,3.3705196571991394],""finish"":3.389836256054046,""tardiness"":0.21473332914324095},""5"":{""start"":1.9566728869818013,""completion_by_type"":[2.5815934223393926,2.807720864100068,2.9407914475760863],""finish"":2.9407914475760863,""tardiness"":1.0865818580892743},""6"":{""start"":2.8610670340773714,""completion_by_type"":[3.6519060463152107,3.706125676014634,3.8072212234030935],""finish"":3.8072212234030935,""tardiness"":0.0},""7"":{""start"":0.19580814814335398,""completion_by_type"":[0.8187297986198186,0.8928481727632178,1.0971353172160174],""finish"":1.0971353172160174,""tardiness"":0.4962428150778907},""8"":{""start"":0.8505496185603256,""completion_by_type"":[1.3009454371575024,1.7223683957756326,1.6682277660310478],""finish"":1.7223683957756326,""tardiness"":0.6926306003031526},""9"":{""start"":1.6404478446347215,""completion_by_type"":[2.387273999923476,2.3703932662272638,2.6973172930441858],""finish"":2.6973172930441858,""tardiness"":0.0},""10"":{""start"":0.2872916361980487,""completion_by_type"":[0.9576095641232585,1.1255369904561061,1.1195778893042216],""finish"":1.1255369904561061,""tardiness"":0.0}}}","{""objective"":2.2115642650533118e-13,""distance"":0.0,""tardiness"":4.4142467459096224e-13}",3600,1,0,100.0,manhattan,"[0.5,0.5]",True
k3_n10_i035,1,time_limit_feasible,3,10,35,N10_K3_M18_I35,9,TIME_LIMIT,True,False,10.627418680969466,15.141292863453891,6.113544498485042,10.15369939607121,10.15369939607121,0.044575197338046615,10,3600.0017919540405,7715.563110861953,671774.0,64687159.0,0.478826384,time_limit_feasible,,time_limit_feasible,time_limit_feasible,raw_json,False,,,,1e-06,0.0,,"{""1"":[1,3],""2"":[8,5,10],""3"":[7,4],""4"":[6,9,2],""5"":[],""6"":[1,3],""7"":[8,5,10],""8"":[6,9,2],""9"":[],""10"":[7,4],""11"":[],""12"":[6,9,2],""13"":[7,4],""14"":[8,5,10],""15"":[],""16"":[],""17"":[1,3],""18"":[]}","{""1"":{""start"":1.002403215695637,""completion_by_type"":[1.6927442669475323,1.8865581374030782,1.9593416732499924],""finish"":1.9593416732499924,""tardiness"":0.0},""2"":{""start"":2.8401025818769714,""completion_by_type"":[3.535693685555595,3.621138831200991,3.860426526964223],""finish"":3.860426526964223,""tardiness"":0.0},""3"":{""start"":2.494394738339357,""completion_by_type"":[3.137269725698436,3.358193883626049,3.6920185590933596],""finish"":3.6920185590933596,""tardiness"":2.0630218695115285},""4"":{""start"":2.7454277342441107,""completion_by_type"":[3.3917540235383887,3.5709093989344343,3.7632993591625046],""finish"":3.7632993591625046,""tardiness"":1.0640593726942806},""5"":{""start"":2.071870662421241,""completion_by_type"":[2.764382535047966,3.0031538050014377,2.9396999943587896],""finish"":3.0031538050014377,""tardiness"":0.0},""6"":{""start"":0.161041685412154,""completion_by_type"":[0.6266870317381867,0.9122963318485302,1.3472653621918604],""finish"":1.3472653621918604,""tardiness"":0.0},""7"":{""start"":1.3247313514953452,""completion_by_type"":[1.7961580887392157,2.034673336160133,2.466007558342487],""finish"":2.466007558342487,""tardiness"":1.6547679117248544},""8"":{""start"":0.7224363848541122,""completion_by_type"":[1.332478249762088,1.7114626371085824,1.556874233060875],""finish"":1.7114626371085824,""tardiness"":1.2986979743208478},""9"":{""start"":1.4926017027597993,""completion_by_type"":[1.9263681062788267,2.1408336505153267,2.5772907044156037],""finish"":2.5772907044156037,""tardiness"":0.0},""10"":{""start"":3.2566093043625326,""completion_by_type"":[4.042988373571924,4.250903682465794,4.417210177848574],""finish"":4.417210177848574,""tardiness"":0.03299737023360194}}","{""distance"":15.141292863453891,""tardiness"":6.113544498485113,""objective"":10.627418680969502,""task_times"":{""1"":{""start"":1.002403215695637,""completion_by_type"":[1.6927442669475323,1.8865581374030782,1.9593416732499924],""finish"":1.9593416732499924,""tardiness"":0.0},""2"":{""start"":2.8401025818769714,""completion_by_type"":[3.535693685555595,3.621138831200991,3.860426526964223],""finish"":3.860426526964223,""tardiness"":0.0},""3"":{""start"":2.494394738339357,""completion_by_type"":[3.137269725698436,3.358193883626049,3.6920185590933596],""finish"":3.6920185590933596,""tardiness"":2.0630218695115285},""4"":{""start"":2.7454277342441107,""completion_by_type"":[3.3917540235383887,3.5709093989344343,3.7632993591625046],""finish"":3.7632993591625046,""tardiness"":1.0640593726942806},""5"":{""start"":2.071870662421241,""completion_by_type"":[2.764382535047966,3.0031538050014377,2.9396999943587896],""finish"":3.0031538050014377,""tardiness"":0.0},""6"":{""start"":0.161041685412154,""completion_by_type"":[0.6266870317381867,0.9122963318485302,1.3472653621918604],""finish"":1.3472653621918604,""tardiness"":0.0},""7"":{""start"":1.3247313514953452,""completion_by_type"":[1.7961580887392157,2.034673336160133,2.466007558342487],""finish"":2.466007558342487,""tardiness"":1.6547679117248544},""8"":{""start"":0.7224363848541122,""completion_by_type"":[1.332478249762088,1.7114626371085824,1.556874233060875],""finish"":1.7114626371085824,""tardiness"":1.2986979743208478},""9"":{""start"":1.4926017027597993,""completion_by_type"":[1.9263681062788267,2.1408336505153267,2.5772907044156037],""finish"":2.5772907044156037,""tardiness"":0.0},""10"":{""start"":3.2566093043625326,""completion_by_type"":[4.042988373571924,4.250903682465794,4.417210177848574],""finish"":4.417210177848574,""tardiness"":0.03299737023360194}}}","{""objective"":3.552713678800501e-14,""distance"":0.0,""tardiness"":7.105427357601002e-14}",3600,1,0,100.0,manhattan,"[0.5,0.5]",True
k3_n10_i036,1,optimal,3,10,36,N10_K3_M18_I36,2,OPTIMAL,True,True,8.287679743325754,12.646616461922523,3.928743024728983,8.287679743325754,8.287679296016934,0.0,10,1865.212725162506,3567.113907133624,680371.0,28552595.0,0.226336784,optimal,,optimal,optimal,raw_json,False,,,,1e-06,0.0,,"{""1"":[3,9,10],""2"":[],""3"":[7,8,5,4],""4"":[1,6,2],""5"":[3,9,10],""6"":[7],""7"":[],""8"":[],""9"":[1,6,2],""10"":[8,5,4],""11"":[9,10],""12"":[1,6],""13"":[7],""14"":[],""15"":[],""16"":[],""17"":[3,2],""18"":[8,5,4]}","{""1"":{""start"":0.3396548145619789,""completion_by_type"":[0.9627393815321906,1.1379731923937657,1.355690582809049],""finish"":1.355690582809049,""tardiness"":0.0},""2"":{""start"":2.808957826908814,""completion_by_type"":[3.350198719775523,3.566797116750233,3.978034885200857],""finish"":3.978034885200857,""tardiness"":0.12348067968257315},""3"":{""start"":1.1669201270747838,""completion_by_type"":[1.7625429404581143,1.7984507305212412,2.3366529084543792],""finish"":2.3366529084543792,""tardiness"":1.1904452840975313},""4"":{""start"":3.4206339342803416,""completion_by_type"":[4.150133165645498,4.034521233916549,4.5992051226548645],""finish"":4.5992051226548645,""tardiness"":0.0},""5"":{""start"":2.301266026377928,""completion_by_type"":[2.7212063191115683,3.0818820574629444,3.3483892411383493],""finish"":3.3483892411383493,""tardiness"":0.0},""6"":{""start"":1.4331703544900283,""completion_by_type"":[1.853303886563638,2.196437374153655,2.5993718054902892],""finish"":2.5993718054902892,""tardiness"":0.0034428771048693463},""7"":{""start"":0.25540419648405344,""completion_by_type"":[0.745506862206814,1.122781515413873,1.28387127312657],""finish"":1.28387127312657,""tardiness"":0.0},""8"":{""start"":0.961069382909796,""completion_by_type"":[1.639082645211464,1.9384658347339998,1.7807532093817176],""finish"":1.9384658347339998,""tardiness"":0.0},""9"":{""start"":2.024674954402458,""completion_by_type"":[2.5656471106299295,3.0183173802391563,2.8487309394912406],""finish"":3.0183173802391563,""tardiness"":2.6113741838439775},""10"":{""start"":3.470740784872924,""completion_by_type"":[3.990249547436427,4.147717179450945,4.365035566624723],""finish"":4.365035566624723,""tardiness"":0.0}}","{""distance"":12.646616461922523,""tardiness"":3.928743024728951,""objective"":8.287679743325738,""task_times"":{""1"":{""start"":0.3396548145619789,""completion_by_type"":[0.9627393815321906,1.1379731923937657,1.355690582809049],""finish"":1.355690582809049,""tardiness"":0.0},""2"":{""start"":2.808957826908814,""completion_by_type"":[3.350198719775523,3.566797116750233,3.978034885200857],""finish"":3.978034885200857,""tardiness"":0.12348067968257315},""3"":{""start"":1.1669201270747838,""completion_by_type"":[1.7625429404581143,1.7984507305212412,2.3366529084543792],""finish"":2.3366529084543792,""tardiness"":1.1904452840975313},""4"":{""start"":3.4206339342803416,""completion_by_type"":[4.150133165645498,4.034521233916549,4.5992051226548645],""finish"":4.5992051226548645,""tardiness"":0.0},""5"":{""start"":2.301266026377928,""completion_by_type"":[2.7212063191115683,3.0818820574629444,3.3483892411383493],""finish"":3.3483892411383493,""tardiness"":0.0},""6"":{""start"":1.4331703544900283,""completion_by_type"":[1.853303886563638,2.196437374153655,2.5993718054902892],""finish"":2.5993718054902892,""tardiness"":0.0034428771048693463},""7"":{""start"":0.25540419648405344,""completion_by_type"":[0.745506862206814,1.122781515413873,1.28387127312657],""finish"":1.28387127312657,""tardiness"":0.0},""8"":{""start"":0.961069382909796,""completion_by_type"":[1.639082645211464,1.9384658347339998,1.7807532093817176],""finish"":1.9384658347339998,""tardiness"":0.0},""9"":{""start"":2.024674954402458,""completion_by_type"":[2.5656471106299295,3.0183173802391563,2.8487309394912406],""finish"":3.0183173802391563,""tardiness"":2.6113741838439775},""10"":{""start"":3.470740784872924,""completion_by_type"":[3.990249547436427,4.147717179450945,4.365035566624723],""finish"":4.365035566624723,""tardiness"":0.0}}}","{""objective"":1.5987211554602254e-14,""distance"":0.0,""tardiness"":3.197442310920451e-14}",3600,1,0,100.0,manhattan,"[0.5,0.5]",True
k3_n10_i037,1,time_limit_feasible,3,10,37,N10_K3_M18_I37,9,TIME_LIMIT,True,False,11.772681757026692,16.723029062123306,6.822334451930079,9.906602161345969,9.906602161345969,0.15850930435343905,10,3600.0008420944214,7536.839699798209,1023041.0,55500492.0,1.048306688,time_limit_feasible,,time_limit_feasible,time_limit_feasible,raw_json,False,,,,1e-06,0.0,,"{""1"":[1,8],""2"":[3,4,5],""3"":[10,7],""4"":[2,6,9],""5"":[],""6"":[3,4,5],""7"":[],""8"":[1,8],""9"":[2,6,9],""10"":[10,7],""11"":[3,4,5],""12"":[10,7],""13"":[],""14"":[2,6,9],""15"":[],""16"":[],""17"":[],""18"":[1,8]}","{""1"":{""start"":0.9831932969976422,""completion_by_type"":[1.5204060798685122,1.8988753957652145,1.9689585227863764],""finish"":1.9689585227863764,""tardiness"":0.0},""2"":{""start"":0.45466798357786364,""completion_by_type"":[1.120802324225485,1.3327832275315785,1.4074921652425905],""finish"":1.4074921652425905,""tardiness"":0.8009979370461},""3"":{""start"":1.5736539720191867,""completion_by_type"":[2.2105705044956903,2.524087823571698,2.7130864966789603],""finish"":2.7130864966789603,""tardiness"":1.1404488541790954},""4"":{""start"":2.800534087883151,""completion_by_type"":[3.386473846041635,3.7969226487146073,3.7595816051304296],""finish"":3.7969226487146073,""tardiness"":0.0},""5"":{""start"":4.068316416751218,""completion_by_type"":[4.642063051271885,4.884779950527271,5.242423402395817],""finish"":5.242423402395817,""tardiness"":2.1450926143706965},""6"":{""start"":2.2812147052641327,""completion_by_type"":[2.8403667022459853,3.1165003833986176,3.2203974097326196],""finish"":3.2203974097326196,""tardiness"":0.0},""7"":{""start"":2.1298137235073393,""completion_by_type"":[2.6618494961860986,3.0771207544704566,3.157578717149196],""finish"":3.157578717149196,""tardiness"":0.0},""8"":{""start"":2.1922629475438034,""completion_by_type"":[2.6338833371517665,3.1017327825519083,3.3922234050579188],""finish"":3.3922234050579188,""tardiness"":0.7706043724268006},""9"":{""start"":3.376363340111648,""completion_by_type"":[4.117246107958136,4.232124113304716,4.518729380870004],""finish"":4.518729380870004,""tardiness"":1.1906437825360374},""10"":{""start"":0.7162146894075752,""completion_by_type"":[1.2260580301484794,1.611320017496539,1.8950348992006365],""finish"":1.8950348992006365,""tardiness"":0.7745470214421144}}","{""distance"":16.723029062123306,""tardiness"":6.822334582000844,""objective"":11.772681822062076,""task_times"":{""1"":{""start"":0.9831932969976422,""completion_by_type"":[1.5204060798685122,1.8988753957652145,1.9689585227863764],""finish"":1.9689585227863764,""tardiness"":0.0},""2"":{""start"":0.45466798357786364,""completion_by_type"":[1.120802324225485,1.3327832275315785,1.4074921652425905],""finish"":1.4074921652425905,""tardiness"":0.8009979370461},""3"":{""start"":1.5736539720191867,""completion_by_type"":[2.2105705044956903,2.524087823571698,2.7130864966789603],""finish"":2.7130864966789603,""tardiness"":1.1404488541790954},""4"":{""start"":2.800534087883151,""completion_by_type"":[3.386473846041635,3.7969226487146073,3.7595816051304296],""finish"":3.7969226487146073,""tardiness"":0.0},""5"":{""start"":4.068316416751218,""completion_by_type"":[4.642063051271885,4.884779950527271,5.242423402395817],""finish"":5.242423402395817,""tardiness"":2.1450926143706965},""6"":{""start"":2.2812147052641327,""completion_by_type"":[2.8403667022459853,3.1165003833986176,3.2203974097326196],""finish"":3.2203974097326196,""tardiness"":0.0},""7"":{""start"":2.1298137235073393,""completion_by_type"":[2.6618494961860986,3.0771207544704566,3.157578717149196],""finish"":3.157578717149196,""tardiness"":0.0},""8"":{""start"":2.1922629475438034,""completion_by_type"":[2.6338833371517665,3.1017327825519083,3.3922234050579188],""finish"":3.3922234050579188,""tardiness"":0.7706043724268006},""9"":{""start"":3.376363340111648,""completion_by_type"":[4.117246107958136,4.232124113304716,4.518729380870004],""finish"":4.518729380870004,""tardiness"":1.1906437825360374},""10"":{""start"":0.7162146894075752,""completion_by_type"":[1.2260580301484794,1.611320017496539,1.8950348992006365],""finish"":1.8950348992006365,""tardiness"":0.7745470214421144}}}","{""objective"":6.503538330093761e-08,""distance"":0.0,""tardiness"":1.3007076482551838e-07}",3600,1,0,100.0,manhattan,"[0.5,0.5]",True
k3_n10_i038,1,time_limit_feasible,3,10,38,N10_K3_M18_I38,9,TIME_LIMIT,True,False,9.320506141352306,15.595954800807386,3.0450574818972256,8.618354148435227,8.618354148435227,0.07533410549474776,10,3600.001258134842,7388.320423546373,757724.0,59032029.0,0.667245736,time_limit_feasible,,time_limit_feasible,time_limit_feasible,raw_json,False,,,,1e-06,0.0,,"{""1"":[9,6,2],""2"":[3,10,7,5],""3"":[8,1],""4"":[4],""5"":[1],""6"":[9,6,5],""7"":[],""8"":[8],""9"":[3,10,7],""10"":[4,2],""11"":[],""12"":[],""13"":[],""14"":[1],""15"":[3,6,5],""16"":[8],""17"":[4,2],""18"":[9,10,7]}","{""1"":{""start"":1.4593489200382384,""completion_by_type"":[1.8671930984100418,2.152831178780088,2.3909076989859597],""finish"":2.3909076989859597,""tardiness"":1.2255925216697017},""2"":{""start"":2.952153789316591,""completion_by_type"":[3.6607436808423515,3.5938916680341024,3.7840875720621816],""finish"":3.7840875720621816,""tardiness"":0.0},""3"":{""start"":0.6426351830830576,""completion_by_type"":[1.168339777493058,1.6381527768035924,1.4903429046596943],""finish"":1.6381527768035924,""tardiness"":0.0},""4"":{""start"":1.0879536393860842,""completion_by_type"":[1.82278093616666,1.7252441683535755,2.2495273660365074],""finish"":2.2495273660365074,""tardiness"":0.8627387572825145},""5"":{""start"":3.965668657830334,""completion_by_type"":[4.553103911329834,4.89761759247834,4.768863737447085],""finish"":4.89761759247834,""tardiness"":0.0},""6"":{""start"":2.115407341907297,""completion_by_type"":[2.5974726181126684,2.9082555494623197,3.122907829733524],""finish"":3.122907829733524,""tardiness"":0.4361793978487394},""7"":{""start"":3.1744660961715927,""completion_by_type"":[3.7108246511365492,4.070006158535627,4.2845740992665124],""finish"":4.2845740992665124,""tardiness"":0.0},""8"":{""start"":0.13369579191441605,""completion_by_type"":[0.5830749066004679,0.7356254605623983,1.12189347618486],""finish"":1.12189347618486,""tardiness"":0.5205469739184455},""9"":{""start"":0.657267089580023,""completion_by_type"":[1.2397208423486474,1.4807086188486895,1.632788493689111],""finish"":1.632788493689111,""tardiness"":0.0},""10"":{""start"":1.9835764135253744,""completion_by_type"":[2.6049597721113527,2.9365553629609655,3.1276626955381674],""finish"":3.1276626955381674,""tardiness"":0.0}}","{""distance"":15.595954800807391,""tardiness"":3.045057650719401,""objective"":9.320506225763395,""task_times"":{""1"":{""start"":1.4593489200382384,""completion_by_type"":[1.8671930984100418,2.152831178780088,2.3909076989859597],""finish"":2.3909076989859597,""tardiness"":1.2255925216697017},""2"":{""start"":2.952153789316591,""completion_by_type"":[3.6607436808423515,3.5938916680341024,3.7840875720621816],""finish"":3.7840875720621816,""tardiness"":0.0},""3"":{""start"":0.6426351830830576,""completion_by_type"":[1.168339777493058,1.6381527768035924,1.4903429046596943],""finish"":1.6381527768035924,""tardiness"":0.0},""4"":{""start"":1.0879536393860842,""completion_by_type"":[1.82278093616666,1.7252441683535755,2.2495273660365074],""finish"":2.2495273660365074,""tardiness"":0.8627387572825145},""5"":{""start"":3.965668657830334,""completion_by_type"":[4.553103911329834,4.89761759247834,4.768863737447085],""finish"":4.89761759247834,""tardiness"":0.0},""6"":{""start"":2.115407341907297,""completion_by_type"":[2.5974726181126684,2.9082555494623197,3.122907829733524],""finish"":3.122907829733524,""tardiness"":0.4361793978487394},""7"":{""start"":3.1744660961715927,""completion_by_type"":[3.7108246511365492,4.070006158535627,4.2845740992665124],""finish"":4.2845740992665124,""tardiness"":0.0},""8"":{""start"":0.13369579191441605,""completion_by_type"":[0.5830749066004679,0.7356254605623983,1.12189347618486],""finish"":1.12189347618486,""tardiness"":0.5205469739184455},""9"":{""start"":0.657267089580023,""completion_by_type"":[1.2397208423486474,1.4807086188486895,1.632788493689111],""finish"":1.632788493689111,""tardiness"":0.0},""10"":{""start"":1.9835764135253744,""completion_by_type"":[2.6049597721113527,2.9365553629609655,3.1276626955381674],""finish"":3.1276626955381674,""tardiness"":0.0}}}","{""objective"":8.441108967360833e-08,""distance"":5.329070518200751e-15,""tardiness"":1.6882217535041377e-07}",3600,1,0,100.0,manhattan,"[0.5,0.5]",True
k3_n10_i039,1,optimal,3,10,39,N10_K3_M18_I39,2,OPTIMAL,True,True,8.734664574223919,14.158202830150312,3.3111263182975255,8.734664562539173,8.734664562539173,1.337744056023327e-09,10,205.56580114364624,364.74182778937643,71380.0,2803770.0,0.073140512,optimal,,optimal,optimal,raw_json,False,,,,1e-06,0.0,,"{""1"":[7,9,2],""2"":[10,4,6],""3"":[8,5,1],""4"":[3],""5"":[3],""6"":[7,9,2],""7"":[],""8"":[],""9"":[10,4,6],""10"":[8,5,1],""11"":[10,4,6],""12"":[7],""13"":[3,9,2],""14"":[8,5,1],""15"":[],""16"":[],""17"":[],""18"":[]}","{""1"":{""start"":3.146606735577475,""completion_by_type"":[3.815364087425405,3.770510484187435,4.2530599326533345],""finish"":4.2530599326533345,""tardiness"":0.0},""2"":{""start"":3.0568774550359805,""completion_by_type"":[3.796496638999458,3.859886565948548,4.144970144930014],""finish"":4.144970144930014,""tardiness"":0.02863856532598863},""3"":{""start"":0.32298269589221495,""completion_by_type"":[0.9045133722253894,1.2527270737359404,1.2399870847818653],""finish"":1.2527270737359404,""tardiness"":0.0},""4"":{""start"":2.864293089829165,""completion_by_type"":[3.556887967940451,3.47750967642538,3.754115664547833],""finish"":3.754115664547833,""tardiness"":0.12273349258091981},""5"":{""start"":1.6659195302744512,""completion_by_type"":[2.131887868975922,2.402194720961022,2.7971340032711662],""finish"":2.7971340032711662,""tardiness"":0.6964024249832224},""6"":{""start"":3.8711029599445985,""completion_by_type"":[4.2711106606806135,4.522448166250738,4.860691553449836],""finish"":4.860691553449836,""tardiness"":0.40682753048033504},""7"":{""start"":0.7599077779975993,""completion_by_type"":[1.5453821232110951,1.5878670656439464,1.7441949755260562],""finish"":1.7441949755260562,""tardiness"":0.8506228469880601},""8"":{""start"":0.4451529231275971,""completion_by_type"":[0.980854349211614,1.3541787302271422,1.3323108487320687],""finish"":1.3541787302271422,""tardiness"":0.985445140827954},""9"":{""start"":2.0480955999960493,""completion_by_type"":[2.497840204586755,3.002941519528555,2.977251582159272],""finish"":3.002941519528555,""tardiness"":0.0},""10"":{""start"":1.633746892935136,""completion_by_type"":[2.4182858453105256,2.408479404517978,2.659220469716332],""finish"":2.659220469716332,""tardiness"":0.22045631711106983}}","{""distance"":14.158202830150312,""tardiness"":3.31112631829755,""objective"":8.734664574223931,""task_times"":{""1"":{""start"":3.146606735577475,""completion_by_type"":[3.815364087425405,3.770510484187435,4.2530599326533345],""finish"":4.2530599326533345,""tardiness"":0.0},""2"":{""start"":3.0568774550359805,""completion_by_type"":[3.796496638999458,3.859886565948548,4.144970144930014],""finish"":4.144970144930014,""tardiness"":0.02863856532598863},""3"":{""start"":0.32298269589221495,""completion_by_type"":[0.9045133722253894,1.2527270737359404,1.2399870847818653],""finish"":1.2527270737359404,""tardiness"":0.0},""4"":{""start"":2.864293089829165,""completion_by_type"":[3.556887967940451,3.47750967642538,3.754115664547833],""finish"":3.754115664547833,""tardiness"":0.12273349258091981},""5"":{""start"":1.6659195302744512,""completion_by_type"":[2.131887868975922,2.402194720961022,2.7971340032711662],""finish"":2.7971340032711662,""tardiness"":0.6964024249832224},""6"":{""start"":3.8711029599445985,""completion_by_type"":[4.2711106606806135,4.522448166250738,4.860691553449836],""finish"":4.860691553449836,""tardiness"":0.40682753048033504},""7"":{""start"":0.7599077779975993,""completion_by_type"":[1.5453821232110951,1.5878670656439464,1.7441949755260562],""finish"":1.7441949755260562,""tardiness"":0.8506228469880601},""8"":{""start"":0.4451529231275971,""completion_by_type"":[0.980854349211614,1.3541787302271422,1.3323108487320687],""finish"":1.3541787302271422,""tardiness"":0.985445140827954},""9"":{""start"":2.0480955999960493,""completion_by_type"":[2.497840204586755,3.002941519528555,2.977251582159272],""finish"":3.002941519528555,""tardiness"":0.0},""10"":{""start"":1.633746892935136,""completion_by_type"":[2.4182858453105256,2.408479404517978,2.659220469716332],""finish"":2.659220469716332,""tardiness"":0.22045631711106983}}}","{""objective"":1.2434497875801753e-14,""distance"":0.0,""tardiness"":2.4424906541753444e-14}",3600,1,0,100.0,manhattan,"[0.5,0.5]",True
k3_n10_i040,1,time_limit_feasible,3,10,40,N10_K3_M18_I40,9,TIME_LIMIT,True,False,10.897311431066242,15.429217269311534,6.3654055928209505,9.796090748523575,9.796090748523575,0.1010543462494142,10,3600.001174926758,7460.199954235863,555123.0,66328807.0,0.557810192,time_limit_feasible,,time_limit_feasible,time_limit_feasible,raw_json,False,,,,1e-06,0.0,,"{""1"":[7,5],""2"":[2,6,10,8],""3"":[4,9],""4"":[3,1],""5"":[],""6"":[4,9],""7"":[],""8"":[7,5],""9"":[3,1],""10"":[2,6,10,8],""11"":[],""12"":[],""13"":[3,1],""14"":[2,6,10,8],""15"":[],""16"":[4,9],""17"":[],""18"":[7,5]}","{""1"":{""start"":2.189867260191576,""completion_by_type"":[2.6092809405761823,3.0870984324882365,3.3727487364803808],""finish"":3.3727487364803808,""tardiness"":1.5307017055149608},""2"":{""start"":0.522123444276069,""completion_by_type"":[1.1233542513351313,1.2551550594494374,1.3505189589362594],""finish"":1.3505189589362594,""tardiness"":0.0},""3"":{""start"":1.1456769425264866,""completion_by_type"":[1.7568866817524484,1.8277385565996571,2.0293910697858952],""finish"":2.0293910697858952,""tardiness"":1.5619097117344707},""4"":{""start"":0.7076073061240715,""completion_by_type"":[1.37223439894668,1.4404343522435785,1.5472251398355503],""finish"":1.5472251398355503,""tardiness"":0.0},""5"":{""start"":2.9285344058550207,""completion_by_type"":[3.6924957157194718,3.789085607759614,4.072797295420998],""finish"":4.072797295420998,""tardiness"":2.971044804798291},""6"":{""start"":1.4398965956596717,""completion_by_type"":[1.9947046228171839,2.20021574739704,2.5960886863452797],""finish"":2.5960886863452797,""tardiness"":0.0},""7"":{""start"":1.6865032958306578,""completion_by_type"":[2.341837101349215,2.442898856018776,2.7779485618261313],""finish"":2.7779485618261313,""tardiness"":0.2589195083422311},""8"":{""start"":3.8308964309175524,""completion_by_type"":[4.295301270539122,4.810971159981173,5.019443756900731],""finish"":5.019443756900731,""tardiness"":0.042829864810723706},""9"":{""start"":1.9008389557962486,""completion_by_type"":[2.309710895555243,2.8849299474807912,2.800894041533491],""finish"":2.8849299474807912,""tardiness"":0.0},""10"":{""start"":2.7221759893284703,""completion_by_type"":[3.360500752400525,3.4425608305082456,3.6298757866728626],""finish"":3.6298757866728626,""tardiness"":0.0}}","{""distance"":15.429217269311538,""tardiness"":6.365405595200677,""objective"":10.897311432256107,""task_times"":{""1"":{""start"":2.189867260191576,""completion_by_type"":[2.6092809405761823,3.0870984324882365,3.3727487364803808],""finish"":3.3727487364803808,""tardiness"":1.5307017055149608},""2"":{""start"":0.522123444276069,""completion_by_type"":[1.1233542513351313,1.2551550594494374,1.3505189589362594],""finish"":1.3505189589362594,""tardiness"":0.0},""3"":{""start"":1.1456769425264866,""completion_by_type"":[1.7568866817524484,1.8277385565996571,2.0293910697858952],""finish"":2.0293910697858952,""tardiness"":1.5619097117344707},""4"":{""start"":0.7076073061240715,""completion_by_type"":[1.37223439894668,1.4404343522435785,1.5472251398355503],""finish"":1.5472251398355503,""tardiness"":0.0},""5"":{""start"":2.9285344058550207,""completion_by_type"":[3.6924957157194718,3.789085607759614,4.072797295420998],""finish"":4.072797295420998,""tardiness"":2.971044804798291},""6"":{""start"":1.4398965956596717,""completion_by_type"":[1.9947046228171839,2.20021574739704,2.5960886863452797],""finish"":2.5960886863452797,""tardiness"":0.0},""7"":{""start"":1.6865032958306578,""completion_by_type"":[2.341837101349215,2.442898856018776,2.7779485618261313],""finish"":2.7779485618261313,""tardiness"":0.2589195083422311},""8"":{""start"":3.8308964309175524,""completion_by_type"":[4.295301270539122,4.810971159981173,5.019443756900731],""finish"":5.019443756900731,""tardiness"":0.042829864810723706},""9"":{""start"":1.9008389557962486,""completion_by_type"":[2.309710895555243,2.8849299474807912,2.800894041533491],""finish"":2.8849299474807912,""tardiness"":0.0},""10"":{""start"":2.7221759893284703,""completion_by_type"":[3.360500752400525,3.4425608305082456,3.6298757866728626],""finish"":3.6298757866728626,""tardiness"":0.0}}}","{""objective"":1.1898642071628274e-09,""distance"":3.552713678800501e-15,""tardiness"":2.3797266379688153e-09}",3600,1,0,100.0,manhattan,"[0.5,0.5]",True
k3_n10_i041,1,time_limit_feasible,3,10,41,N10_K3_M18_I41,9,TIME_LIMIT,True,False,11.497674083353193,17.02371097843826,5.971637188268128,10.60522450892936,10.60522450892936,0.07762000974753298,10,3600.0010590553284,7346.693767713015,858655.0,53525751.0,0.751140016,time_limit_feasible,,time_limit_feasible,time_limit_feasible,raw_json,False,,,,1e-06,0.0,,"{""1"":[9,8,1],""2"":[7,4,6],""3"":[3],""4"":[5,10,2],""5"":[5,10,2],""6"":[3],""7"":[],""8"":[7,4,6],""9"":[9,8,1],""10"":[],""11"":[9,8,1],""12"":[5,10,2],""13"":[3,4,6],""14"":[],""15"":[],""16"":[],""17"":[7],""18"":[]}","{""1"":{""start"":3.9567779679705293,""completion_by_type"":[4.727567277868991,4.656464146929576,4.843375956184554],""finish"":4.843375956184554,""tardiness"":0.036290051366011156},""2"":{""start"":3.764826212534756,""completion_by_type"":[4.241303231244832,4.761845767011961,4.6129544532986575],""finish"":4.761845767011961,""tardiness"":0.7319104121246145},""3"":{""start"":0.4724161735352544,""completion_by_type"":[1.245002151840252,1.3920812852311526,1.6540738057713824],""finish"":1.6540738057713824,""tardiness"":1.0538240690654948},""4"":{""start"":2.068232991336175,""completion_by_type"":[2.7307237676121745,2.9400742134822044,3.024968388770526],""finish"":3.024968388770526,""tardiness"":0.5473681844211287},""5"":{""start"":1.2271367581451846,""completion_by_type"":[1.8751437382996439,1.9919529786046108,2.0692101553790327],""finish"":2.0692101553790327,""tardiness"":0.1712035306123607},""6"":{""start"":3.467167056597537,""completion_by_type"":[4.021987405896637,4.35602897246297,4.4788080353502595],""finish"":4.4788080353502595,""tardiness"":0.055607582785436094},""7"":{""start"":0.8061566407679717,""completion_by_type"":[1.2787115460743985,1.648922081691641,1.961462071453617],""finish"":1.961462071453617,""tardiness"":0.879974565064259},""8"":{""start"":2.576587361153905,""completion_by_type"":[3.065800498626312,3.281190029585159,3.7469456125780765],""finish"":3.7469456125780765,""tardiness"":0.5606697431453793},""9"":{""start"":1.073254008565226,""completion_by_type"":[1.767726494662298,1.8389370369249822,2.1046010739395205],""finish"":2.1046010739395205,""tardiness"":0.0},""10"":{""start"":2.380289711023906,""completion_by_type"":[3.044251595361577,3.3551047470293294,3.480218719828132],""finish"":3.480218719828132,""tardiness"":1.934789075943057}}","{""distance"":17.02371097843826,""tardiness"":5.971637214527741,""objective"":11.497674096483,""task_times"":{""1"":{""start"":3.9567779679705293,""completion_by_type"":[4.727567277868991,4.656464146929576,4.843375956184554],""finish"":4.843375956184554,""tardiness"":0.036290051366011156},""2"":{""start"":3.764826212534756,""completion_by_type"":[4.241303231244832,4.761845767011961,4.6129544532986575],""finish"":4.761845767011961,""tardiness"":0.7319104121246145},""3"":{""start"":0.4724161735352544,""completion_by_type"":[1.245002151840252,1.3920812852311526,1.6540738057713824],""finish"":1.6540738057713824,""tardiness"":1.0538240690654948},""4"":{""start"":2.068232991336175,""completion_by_type"":[2.7307237676121745,2.9400742134822044,3.024968388770526],""finish"":3.024968388770526,""tardiness"":0.5473681844211287},""5"":{""start"":1.2271367581451846,""completion_by_type"":[1.8751437382996439,1.9919529786046108,2.0692101553790327],""finish"":2.0692101553790327,""tardiness"":0.1712035306123607},""6"":{""start"":3.467167056597537,""completion_by_type"":[4.021987405896637,4.35602897246297,4.4788080353502595],""finish"":4.4788080353502595,""tardiness"":0.055607582785436094},""7"":{""start"":0.8061566407679717,""completion_by_type"":[1.2787115460743985,1.648922081691641,1.961462071453617],""finish"":1.961462071453617,""tardiness"":0.879974565064259},""8"":{""start"":2.576587361153905,""completion_by_type"":[3.065800498626312,3.281190029585159,3.7469456125780765],""finish"":3.7469456125780765,""tardiness"":0.5606697431453793},""9"":{""start"":1.073254008565226,""completion_by_type"":[1.767726494662298,1.8389370369249822,2.1046010739395205],""finish"":2.1046010739395205,""tardiness"":0.0},""10"":{""start"":2.380289711023906,""completion_by_type"":[3.044251595361577,3.3551047470293294,3.480218719828132],""finish"":3.480218719828132,""tardiness"":1.934789075943057}}}","{""objective"":1.3129806575307157e-08,""distance"":0.0,""tardiness"":2.6259613150614314e-08}",3600,1,0,100.0,manhattan,"[0.5,0.5]",True
k3_n10_i042,1,time_limit_feasible_postprocess_warning,3,10,42,N10_K3_M18_I42,9,TIME_LIMIT,True,False,9.564055984315,,,8.610660684129,8.610660684129,0.09968524878457048,10,3600.0,7819.43,613960.0,59112521.0,,time_limit_feasible_postprocess_warning,"ValueError: MILP and independent evaluation differ: {'objective': 5.752192784314047e-07, 'distance': 1.7763568394002505e-15, 'tardiness': 1.1504385568628095e-06}",failed,time_limit_feasible_postprocess_warning,gurobi_log,True,5.752192784314047e-07,1.7763568394002505e-15,1.1504385568628095e-06,1e-06,,9.9685,,,,,3600,1,0,,,,
k3_n10_i043,1,time_limit_feasible,3,10,43,N10_K3_M18_I43,9,TIME_LIMIT,True,False,11.882252071689066,15.621843050287671,8.142661093090464,11.048447432472244,11.048447432472244,0.07017227325142049,10,3600.000725030899,7414.713810505121,1244040.0,62683049.0,1.121630896,time_limit_feasible,,time_limit_feasible,time_limit_feasible,raw_json,False,,,,1e-06,0.0,,"{""1"":[7,6,8],""2"":[2,10,5],""3"":[9],""4"":[1,4,3],""5"":[1,4,3],""6"":[2,10,5],""7"":[],""8"":[7,6,8],""9"":[9],""10"":[],""11"":[],""12"":[2,10,5],""13"":[],""14"":[],""15"":[1],""16"":[9,4,3],""17"":[],""18"":[7,6,8]}","{""1"":{""start"":0.5168761520153631,""completion_by_type"":[1.3101799018557942,1.2805304047843438,1.683408604376211],""finish"":1.683408604376211,""tardiness"":0.0},""2"":{""start"":1.2290188697046562,""completion_by_type"":[1.7729952347357614,1.9528011863031836,2.113258072223022],""finish"":2.113258072223022,""tardiness"":1.03591637263595},""3"":{""start"":3.5985851942878364,""completion_by_type"":[4.027138440804284,4.552386308224729,4.476516580534085],""finish"":4.552386308224729,""tardiness"":0.0},""4"":{""start"":2.1213246975687228,""completion_by_type"":[2.5643946802175197,3.023043540708664,3.2251862175460326],""finish"":3.2251862175460326,""tardiness"":0.7283805455472354},""5"":{""start"":3.567449457288681,""completion_by_type"":[3.978283233683607,4.19507444712082,4.490603275876693],""finish"":4.490603275876693,""tardiness"":0.5977076018609071},""6"":{""start"":1.7272297436023165,""completion_by_type"":[2.285235452280305,2.68833954330918,2.8739532353618746],""finish"":2.8739532353618746,""tardiness"":0.0},""7"":{""start"":0.6626566784608134,""completion_by_type"":[1.1719350235410093,1.37394317680267,1.5714254015678977],""finish"":1.5714254015678977,""tardiness"":0.0},""8"":{""start"":3.4156106294988464,""completion_by_type"":[3.9801945966867454,4.073700324490603,4.297976146465569],""finish"":4.297976146465569,""tardiness"":3.7517204985041563},""9"":{""start"":0.3384451989508176,""completion_by_type"":[1.0025534208732063,1.1345071844873922,1.174562412777974],""finish"":1.174562412777974,""tardiness"":0.0},""10"":{""start"":2.514989843175215,""completion_by_type"":[3.0283701124911104,3.2598437464947336,3.4075661396042127],""finish"":3.4075661396042127,""tardiness"":2.0289363073764406}}","{""distance"":15.62184305028767,""tardiness"":8.142661325924688,""objective"":11.882252188106179,""task_times"":{""1"":{""start"":0.5168761520153631,""completion_by_type"":[1.3101799018557942,1.2805304047843438,1.683408604376211],""finish"":1.683408604376211,""tardiness"":0.0},""2"":{""start"":1.2290188697046562,""completion_by_type"":[1.7729952347357614,1.9528011863031836,2.113258072223022],""finish"":2.113258072223022,""tardiness"":1.03591637263595},""3"":{""start"":3.5985851942878364,""completion_by_type"":[4.027138440804284,4.552386308224729,4.476516580534085],""finish"":4.552386308224729,""tardiness"":0.0},""4"":{""start"":2.1213246975687228,""completion_by_type"":[2.5643946802175197,3.023043540708664,3.2251862175460326],""finish"":3.2251862175460326,""tardiness"":0.7283805455472354},""5"":{""start"":3.567449457288681,""completion_by_type"":[3.978283233683607,4.19507444712082,4.490603275876693],""finish"":4.490603275876693,""tardiness"":0.5977076018609071},""6"":{""start"":1.7272297436023165,""completion_by_type"":[2.285235452280305,2.68833954330918,2.8739532353618746],""finish"":2.8739532353618746,""tardiness"":0.0},""7"":{""start"":0.6626566784608134,""completion_by_type"":[1.1719350235410093,1.37394317680267,1.5714254015678977],""finish"":1.5714254015678977,""tardiness"":0.0},""8"":{""start"":3.4156106294988464,""completion_by_type"":[3.9801945966867454,4.073700324490603,4.297976146465569],""finish"":4.297976146465569,""tardiness"":3.7517204985041563},""9"":{""start"":0.3384451989508176,""completion_by_type"":[1.0025534208732063,1.1345071844873922,1.174562412777974],""finish"":1.174562412777974,""tardiness"":0.0},""10"":{""start"":2.514989843175215,""completion_by_type"":[3.0283701124911104,3.2598437464947336,3.4075661396042127],""finish"":3.4075661396042127,""tardiness"":2.0289363073764406}}}","{""objective"":1.1641711239462893e-07,""distance"":1.7763568394002505e-15,""tardiness"":2.3283422478925786e-07}",3600,1,0,100.0,manhattan,"[0.5,0.5]",True
k3_n10_i044,1,optimal,3,10,44,N10_K3_M18_I44,2,OPTIMAL,True,True,7.889617709091141,13.404207287356382,2.3750281308258994,7.889617484057448,7.889617484057448,2.8522762611664127e-08,10,3470.983062982559,6745.164569953877,1212703.0,49729229.0,0.380215304,optimal,,optimal,optimal,raw_json,False,,,,1e-06,0.0,,"{""1"":[6,7,2],""2"":[5,3],""3"":[4,10,1],""4"":[8,9],""5"":[],""6"":[4,10,1],""7"":[],""8"":[6,7,2],""9"":[5,3],""10"":[8,9],""11"":[],""12"":[4,10,1],""13"":[],""14"":[],""15"":[6,7,2],""16"":[5,3],""17"":[],""18"":[8,9]}","{""1"":{""start"":2.4219319926794163,""completion_by_type"":[3.0362704395407922,3.054769399973485,3.561686713033076],""finish"":3.561686713033076,""tardiness"":0.0},""2"":{""start"":3.6406081862878965,""completion_by_type"":[4.277637054277233,4.457614964428181,4.673855230993434],""finish"":4.673855230993434,""tardiness"":0.33849811634662963},""3"":{""start"":1.8487956769745972,""completion_by_type"":[2.395363125430098,2.691337776498788,2.7718794878861157],""finish"":2.7718794878861157,""tardiness"":0.0},""4"":{""start"":0.4192773781552945,""completion_by_type"":[0.8660297340482483,1.2221803268545701,1.317431509224912],""finish"":1.317431509224912,""tardiness"":0.4067089923678574},""5"":{""start"":0.5610777997304832,""completion_by_type"":[1.1137285486860893,1.4056449557210804,1.419277541389794],""finish"":1.419277541389794,""tardiness"":0.06740727725501405},""6"":{""start"":1.2727733177207017,""completion_by_type"":[1.9348513006830106,2.149103703706797,2.0991124249719686],""finish"":2.149103703706797,""tardiness"":1.5624137448563935},""7"":{""start"":2.556896097050017,""completion_by_type"":[3.2378560376389447,3.2257965945326887,3.4637778568618534],""finish"":3.4637778568618534,""tardiness"":0.0},""8"":{""start"":0.5759604213365631,""completion_by_type"":[1.3243043198448097,1.4136054269961669,1.4061851388391995],""finish"":1.4136054269961669,""tardiness"":0.0},""9"":{""start"":1.813277461177913,""completion_by_type"":[2.446976175358499,2.4285384441150075,2.8888711566393925],""finish"":2.8888711566393925,""tardiness"":0.0},""10"":{""start"":1.468845085960219,""completion_by_type"":[2.2450635656971647,2.250103387846192,2.3481782831081177],""finish"":2.3481782831081177,""tardiness"":0.0}}","{""distance"":13.404207287356382,""tardiness"":2.3750281308258945,""objective"":7.889617709091138,""task_times"":{""1"":{""start"":2.4219319926794163,""completion_by_type"":[3.0362704395407922,3.054769399973485,3.561686713033076],""finish"":3.561686713033076,""tardiness"":0.0},""2"":{""start"":3.6406081862878965,""completion_by_type"":[4.277637054277233,4.457614964428181,4.673855230993434],""finish"":4.673855230993434,""tardiness"":0.33849811634662963},""3"":{""start"":1.8487956769745972,""completion_by_type"":[2.395363125430098,2.691337776498788,2.7718794878861157],""finish"":2.7718794878861157,""tardiness"":0.0},""4"":{""start"":0.4192773781552945,""completion_by_type"":[0.8660297340482483,1.2221803268545701,1.317431509224912],""finish"":1.317431509224912,""tardiness"":0.4067089923678574},""5"":{""start"":0.5610777997304832,""completion_by_type"":[1.1137285486860893,1.4056449557210804,1.419277541389794],""finish"":1.419277541389794,""tardiness"":0.06740727725501405},""6"":{""start"":1.2727733177207017,""completion_by_type"":[1.9348513006830106,2.149103703706797,2.0991124249719686],""finish"":2.149103703706797,""tardiness"":1.5624137448563935},""7"":{""start"":2.556896097050017,""completion_by_type"":[3.2378560376389447,3.2257965945326887,3.4637778568618534],""finish"":3.4637778568618534,""tardiness"":0.0},""8"":{""start"":0.5759604213365631,""completion_by_type"":[1.3243043198448097,1.4136054269961669,1.4061851388391995],""finish"":1.4136054269961669,""tardiness"":0.0},""9"":{""start"":1.813277461177913,""completion_by_type"":[2.446976175358499,2.4285384441150075,2.8888711566393925],""finish"":2.8888711566393925,""tardiness"":0.0},""10"":{""start"":1.468845085960219,""completion_by_type"":[2.2450635656971647,2.250103387846192,2.3481782831081177],""finish"":2.3481782831081177,""tardiness"":0.0}}}","{""objective"":2.6645352591003757e-15,""distance"":0.0,""tardiness"":4.884981308350689e-15}",3600,1,0,100.0,manhattan,"[0.5,0.5]",True
k3_n10_i045,1,time_limit_feasible,3,10,45,N10_K3_M18_I45,9,TIME_LIMIT,True,False,11.488679191199417,14.123592180293342,8.853766202105492,10.247127250035271,10.247127250035271,0.10806742189434634,10,3600.0007269382477,7671.303674205744,679787.0,63360501.0,0.705154888,time_limit_feasible,,time_limit_feasible,time_limit_feasible,raw_json,False,,,,1e-06,0.0,,"{""1"":[10],""2"":[2,5,3],""3"":[9,7,1],""4"":[8,4,6],""5"":[10],""6"":[9,7,1],""7"":[],""8"":[],""9"":[2,5,3],""10"":[8,4,6],""11"":[],""12"":[2,5,3],""13"":[],""14"":[],""15"":[10],""16"":[8,4,6],""17"":[],""18"":[9,7,1]}","{""1"":{""start"":3.3036025806412357,""completion_by_type"":[3.794178409352746,4.260962142393638,4.469867930932905],""finish"":4.469867930932905,""tardiness"":1.9155192666029928},""2"":{""start"":1.140473988763425,""completion_by_type"":[1.6483340306471004,1.77549068902043,1.9501837835162574],""finish"":1.9501837835162574,""tardiness"":1.5591586773840087},""3"":{""start"":3.656545108837487,""completion_by_type"":[4.14235416110923,4.394733449784629,4.487372251917713],""finish"":4.487372251917713,""tardiness"":2.896098897621631},""4"":{""start"":1.826837593232551,""completion_by_type"":[2.439938352963367,2.7729965423927756,2.655124238263647],""finish"":2.7729965423927756,""tardiness"":0.0},""5"":{""start"":2.419380841800583,""completion_by_type"":[3.024753442338537,3.211396658981644,3.5155826478357524],""finish"":3.5155826478357524,""tardiness"":2.4439910189939873},""6"":{""start"":3.179637996188462,""completion_by_type"":[3.647484856683795,4.026457403337875,4.082565891414988],""finish"":4.082565891414988,""tardiness"":0.03899852923764424},""7"":{""start"":1.9408326172515142,""completion_by_type"":[2.3464070788758375,2.9305363827452324,2.7490264549494032],""finish"":2.9305363827452324,""tardiness"":0.0},""8"":{""start"":0.3973472419474451,""completion_by_type"":[1.0502206290281841,1.0369245243281173,1.4608319939737766],""finish"":1.4608319939737766,""tardiness"":0.0},""9"":{""start"":0.9162655469049554,""completion_by_type"":[1.6712160072365887,1.8065224222370448,1.7719096123369766],""finish"":1.8065224222370448,""tardiness"":0.0},""10"":{""start"":0.363594317230962,""completion_by_type"":[1.0492756576248785,1.2592451882815445,1.5386621648970982],""finish"":1.5386621648970982,""tardiness"":0.0}}","{""distance"":14.123592180293343,""tardiness"":8.853766389840263,""objective"":11.488679285066803,""task_times"":{""1"":{""start"":3.3036025806412357,""completion_by_type"":[3.794178409352746,4.260962142393638,4.469867930932905],""finish"":4.469867930932905,""tardiness"":1.9155192666029928},""2"":{""start"":1.140473988763425,""completion_by_type"":[1.6483340306471004,1.77549068902043,1.9501837835162574],""finish"":1.9501837835162574,""tardiness"":1.5591586773840087},""3"":{""start"":3.656545108837487,""completion_by_type"":[4.14235416110923,4.394733449784629,4.487372251917713],""finish"":4.487372251917713,""tardiness"":2.896098897621631},""4"":{""start"":1.826837593232551,""completion_by_type"":[2.439938352963367,2.7729965423927756,2.655124238263647],""finish"":2.7729965423927756,""tardiness"":0.0},""5"":{""start"":2.419380841800583,""completion_by_type"":[3.024753442338537,3.211396658981644,3.5155826478357524],""finish"":3.5155826478357524,""tardiness"":2.4439910189939873},""6"":{""start"":3.179637996188462,""completion_by_type"":[3.647484856683795,4.026457403337875,4.082565891414988],""finish"":4.082565891414988,""tardiness"":0.03899852923764424},""7"":{""start"":1.9408326172515142,""completion_by_type"":[2.3464070788758375,2.9305363827452324,2.7490264549494032],""finish"":2.9305363827452324,""tardiness"":0.0},""8"":{""start"":0.3973472419474451,""completion_by_type"":[1.0502206290281841,1.0369245243281173,1.4608319939737766],""finish"":1.4608319939737766,""tardiness"":0.0},""9"":{""start"":0.9162655469049554,""completion_by_type"":[1.6712160072365887,1.8065224222370448,1.7719096123369766],""finish"":1.8065224222370448,""tardiness"":0.0},""10"":{""start"":0.363594317230962,""completion_by_type"":[1.0492756576248785,1.2592451882815445,1.5386621648970982],""finish"":1.5386621648970982,""tardiness"":0.0}}}","{""objective"":9.386738675232209e-08,""distance"":1.7763568394002505e-15,""tardiness"":1.8773477172828734e-07}",3600,1,0,100.0,manhattan,"[0.5,0.5]",True
k3_n10_i046,1,time_limit_feasible,3,10,46,N10_K3_M18_I46,9,TIME_LIMIT,True,False,9.206689730031464,12.196782327521305,6.216597132541622,8.638944296734802,8.638944296734802,0.06166661959343784,10,3600.000815153122,7089.393683750222,998182.0,69581583.0,0.77671528,time_limit_feasible,,time_limit_feasible,time_limit_feasible,raw_json,False,,,,1e-06,0.0,,"{""1"":[8,10,2],""2"":[6,4,9,3,1],""3"":[7,5],""4"":[],""5"":[6,9],""6"":[7,5],""7"":[4,3,1],""8"":[],""9"":[],""10"":[8,10,2],""11"":[4,3,1],""12"":[],""13"":[],""14"":[],""15"":[6,9],""16"":[8,10,2],""17"":[],""18"":[7,5]}","{""1"":{""start"":3.8987438481095618,""completion_by_type"":[4.342452673437894,4.742820382511706,4.759533553086512],""finish"":4.759533553086512,""tardiness"":0.1027410839770928},""2"":{""start"":3.225679270828463,""completion_by_type"":[3.9096532795168746,3.955539317269551,4.316092075079203],""finish"":4.316092075079203,""tardiness"":2.1996879546343298},""3"":{""start"":2.7538252879190366,""completion_by_type"":[3.5192811589253097,3.3879551161118986,3.861539597262313],""finish"":3.861539597262313,""tardiness"":0.0},""4"":{""start"":1.0018075843516536,""completion_by_type"":[1.72242163884469,1.7646900424877097,2.04643036086303],""finish"":2.04643036086303,""tardiness"":0.0},""5"":{""start"":2.157462876066399,""completion_by_type"":[2.827560643978136,2.893357852107659,2.9674021958776944],""finish"":2.9674021958776944,""tardiness"":0.6452441817491326},""6"":{""start"":0.4257952485529116,""completion_by_type"":[0.9261896870299927,1.409097957228542,1.2946567324334146],""finish"":1.409097957228542,""tardiness"":0.0},""7"":{""start"":0.5677609283792504,""completion_by_type"":[1.0952650095614995,1.5492193173792037,1.5941235640002454],""finish"":1.5941235640002454,""tardiness"":0.0},""8"":{""start"":1.2026172462533693,""completion_by_type"":[1.7342339375019205,1.9023163886430994,2.0358558462104726],""finish"":2.0358558462104726,""tardiness"":0.9385789317649715},""9"":{""start"":1.8620381548508338,""completion_by_type"":[2.348625095631323,2.5045970862278417,2.9301200931748204],""finish"":2.9301200931748204,""tardiness"":0.0},""10"":{""start"":2.06928903781772,""completion_by_type"":[2.6137433670548633,2.8390659366432587,2.9940466215988293],""finish"":2.9940466215988293,""tardiness"":2.3303454351016026}}","{""distance"":12.196782327521307,""tardiness"":6.216597587227129,""objective"":9.206689957374218,""task_times"":{""1"":{""start"":3.8987438481095618,""completion_by_type"":[4.342452673437894,4.742820382511706,4.759533553086512],""finish"":4.759533553086512,""tardiness"":0.1027410839770928},""2"":{""start"":3.225679270828463,""completion_by_type"":[3.9096532795168746,3.955539317269551,4.316092075079203],""finish"":4.316092075079203,""tardiness"":2.1996879546343298},""3"":{""start"":2.7538252879190366,""completion_by_type"":[3.5192811589253097,3.3879551161118986,3.861539597262313],""finish"":3.861539597262313,""tardiness"":0.0},""4"":{""start"":1.0018075843516536,""completion_by_type"":[1.72242163884469,1.7646900424877097,2.04643036086303],""finish"":2.04643036086303,""tardiness"":0.0},""5"":{""start"":2.157462876066399,""completion_by_type"":[2.827560643978136,2.893357852107659,2.9674021958776944],""finish"":2.9674021958776944,""tardiness"":0.6452441817491326},""6"":{""start"":0.4257952485529116,""completion_by_type"":[0.9261896870299927,1.409097957228542,1.2946567324334146],""finish"":1.409097957228542,""tardiness"":0.0},""7"":{""start"":0.5677609283792504,""completion_by_type"":[1.0952650095614995,1.5492193173792037,1.5941235640002454],""finish"":1.5941235640002454,""tardiness"":0.0},""8"":{""start"":1.2026172462533693,""completion_by_type"":[1.7342339375019205,1.9023163886430994,2.0358558462104726],""finish"":2.0358558462104726,""tardiness"":0.9385789317649715},""9"":{""start"":1.8620381548508338,""completion_by_type"":[2.348625095631323,2.5045970862278417,2.9301200931748204],""finish"":2.9301200931748204,""tardiness"":0.0},""10"":{""start"":2.06928903781772,""completion_by_type"":[2.6137433670548633,2.8390659366432587,2.9940466215988293],""finish"":2.9940466215988293,""tardiness"":2.3303454351016026}}}","{""objective"":2.2734275439972862e-07,""distance"":1.7763568394002505e-15,""tardiness"":4.546855070231004e-07}",3600,1,0,100.0,manhattan,"[0.5,0.5]",True
k3_n10_i047,1,optimal,3,10,47,N10_K3_M18_I47,2,OPTIMAL,True,True,10.316106508379342,14.092122879980895,6.540090136777788,10.316106494124345,10.316106494124345,1.3818195043917357e-09,10,550.1850011348724,988.614430928138,253548.0,12065087.0,0.115657696,optimal,,optimal,optimal,raw_json,False,,,,1e-06,0.0,,"{""1"":[7,9,1],""2"":[5,4,10],""3"":[3,8],""4"":[6,2],""5"":[],""6"":[5,4,10],""7"":[6],""8"":[3,8],""9"":[7,9,1],""10"":[2],""11"":[],""12"":[3,8],""13"":[],""14"":[5,4,10],""15"":[2],""16"":[],""17"":[6],""18"":[7,9,1]}","{""1"":{""start"":3.937803664574852,""completion_by_type"":[4.358261959788239,4.93511362206575,5.111152873756989],""finish"":5.111152873756989,""tardiness"":2.0319643968884042},""2"":{""start"":0.9808920340830812,""completion_by_type"":[1.4865228691801502,1.6750248197852704,1.9052627944899276],""finish"":1.9052627944899276,""tardiness"":0.0},""3"":{""start"":0.8315165443077541,""completion_by_type"":[1.6136882510160202,1.485150784612741,1.9993451785107552],""finish"":1.9993451785107552,""tardiness"":1.6388942269336582},""4"":{""start"":2.1804217909175025,""completion_by_type"":[2.8270773702263634,2.9689926406034575,3.279785493747381],""finish"":3.279785493747381,""tardiness"":0.0},""5"":{""start"":0.41140316960553636,""completion_by_type"":[0.9428632074916458,1.217917344151021,1.435775160153848],""finish"":1.435775160153848,""tardiness"":0.4994970380496391},""6"":{""start"":0.2581265953790435,""completion_by_type"":[0.7517788375708842,1.2365879813457439,1.3654050503283837],""finish"":1.3654050503283837,""tardiness"":0.05849891148074571},""7"":{""start"":1.4478720904658084,""completion_by_type"":[1.9587505862787211,2.2784462199202555,2.375808485767104],""finish"":2.375808485767104,""tardiness"":0.0},""8"":{""start"":2.1807047223593266,""completion_by_type"":[2.6374350269241233,3.128313889136337,3.150702068799447],""finish"":3.150702068799447,""tardiness"":0.7857282301454229},""9"":{""start"":2.530591529266567,""completion_by_type"":[3.161567346760667,3.236154837132497,3.7210262032978862],""finish"":3.7210262032978862,""tardiness"":1.5255073332799132},""10"":{""start"":3.5194611120326487,""completion_by_type"":[4.272024552818475,4.200980985960476,4.665546315402453],""finish"":4.665546315402453,""tardiness"":0.0}}","{""distance"":14.092122879980893,""tardiness"":6.540090136777783,""objective"":10.316106508379338,""task_times"":{""1"":{""start"":3.937803664574852,""completion_by_type"":[4.358261959788239,4.93511362206575,5.111152873756989],""finish"":5.111152873756989,""tardiness"":2.0319643968884042},""2"":{""start"":0.9808920340830812,""completion_by_type"":[1.4865228691801502,1.6750248197852704,1.9052627944899276],""finish"":1.9052627944899276,""tardiness"":0.0},""3"":{""start"":0.8315165443077541,""completion_by_type"":[1.6136882510160202,1.485150784612741,1.9993451785107552],""finish"":1.9993451785107552,""tardiness"":1.6388942269336582},""4"":{""start"":2.1804217909175025,""completion_by_type"":[2.8270773702263634,2.9689926406034575,3.279785493747381],""finish"":3.279785493747381,""tardiness"":0.0},""5"":{""start"":0.41140316960553636,""completion_by_type"":[0.9428632074916458,1.217917344151021,1.435775160153848],""finish"":1.435775160153848,""tardiness"":0.4994970380496391},""6"":{""start"":0.2581265953790435,""completion_by_type"":[0.7517788375708842,1.2365879813457439,1.3654050503283837],""finish"":1.3654050503283837,""tardiness"":0.05849891148074571},""7"":{""start"":1.4478720904658084,""completion_by_type"":[1.9587505862787211,2.2784462199202555,2.375808485767104],""finish"":2.375808485767104,""tardiness"":0.0},""8"":{""start"":2.1807047223593266,""completion_by_type"":[2.6374350269241233,3.128313889136337,3.150702068799447],""finish"":3.150702068799447,""tardiness"":0.7857282301454229},""9"":{""start"":2.530591529266567,""completion_by_type"":[3.161567346760667,3.236154837132497,3.7210262032978862],""finish"":3.7210262032978862,""tardiness"":1.5255073332799132},""10"":{""start"":3.5194611120326487,""completion_by_type"":[4.272024552818475,4.200980985960476,4.665546315402453],""finish"":4.665546315402453,""tardiness"":0.0}}}","{""objective"":3.552713678800501e-15,""distance"":1.7763568394002505e-15,""tardiness"":5.329070518200751e-15}",3600,1,0,100.0,manhattan,"[0.5,0.5]",True
k3_n10_i048,1,time_limit_feasible,3,10,48,N10_K3_M18_I48,9,TIME_LIMIT,True,False,11.26824803573718,15.013444805152217,7.523051266322145,9.992320051063079,9.992320051063079,0.11323215291565324,10,3600.0010237693787,8331.336083430351,351742.0,38436089.0,0.420743616,time_limit_feasible,,time_limit_feasible,time_limit_feasible,raw_json,False,,,,1e-06,0.0,,"{""1"":[5,6,10],""2"":[2,7,3],""3"":[9,4],""4"":[1,8],""5"":[9,4],""6"":[2,7,3],""7"":[],""8"":[],""9"":[1,8],""10"":[5,6,10],""11"":[1,8],""12"":[9,4],""13"":[2,6,10],""14"":[],""15"":[],""16"":[],""17"":[5,7,3],""18"":[]}","{""1"":{""start"":0.8492219138316787,""completion_by_type"":[1.560079843258604,1.7119896048366763,1.7490728236842834],""finish"":1.7490728236842834,""tardiness"":0.6411128447819434},""2"":{""start"":0.6455691755301665,""completion_by_type"":[1.3820569697096539,1.455145426971641,1.6271307604193865],""finish"":1.6271307604193865,""tardiness"":0.0},""3"":{""start"":3.3397517648642934,""completion_by_type"":[3.9589247650894723,4.2800530336612095,4.4646400278211695],""finish"":4.4646400278211695,""tardiness"":0.027721040832632937},""4"":{""start"":2.0929364523415486,""completion_by_type"":[2.7208618757748515,2.8369746082404568,2.952029841921507],""finish"":2.952029841921507,""tardiness"":1.4786765988810031},""5"":{""start"":1.079147938998513,""completion_by_type"":[1.5155090393886441,1.8754002745297256,2.157975899724339],""finish"":2.157975899724339,""tardiness"":1.7966638951677063},""6"":{""start"":2.4157160814414937,""completion_by_type"":[3.148402001468148,3.2969798797157126,3.434840973406548],""finish"":3.434840973406548,""tardiness"":1.1012025737708901},""7"":{""start"":2.420666855538691,""completion_by_type"":[3.174959641653321,3.3264799040282678,3.2395092046434013],""finish"":3.3264799040282678,""tardiness"":0.0},""8"":{""start"":1.8056438555721201,""completion_by_type"":[2.2721147755566355,2.4246750021942187,2.877544208829611],""finish"":2.877544208829611,""tardiness"":0.7929767035328408},""9"":{""start"":0.5694552056621125,""completion_by_type"":[1.276635310704735,1.4688940361461065,1.7255420461338449],""finish"":1.7255420461338449,""tardiness"":0.0},""10"":{""start"":3.9286607787407686,""completion_by_type"":[4.506364093589308,4.723550507254628,5.008146510115637],""finish"":5.008146510115637,""tardiness"":1.6846976782171228}}","{""distance"":15.013444805152218,""tardiness"":7.523051335184139,""objective"":11.268248070168179,""task_times"":{""1"":{""start"":0.8492219138316787,""completion_by_type"":[1.560079843258604,1.7119896048366763,1.7490728236842834],""finish"":1.7490728236842834,""tardiness"":0.6411128447819434},""2"":{""start"":0.6455691755301665,""completion_by_type"":[1.3820569697096539,1.455145426971641,1.6271307604193865],""finish"":1.6271307604193865,""tardiness"":0.0},""3"":{""start"":3.3397517648642934,""completion_by_type"":[3.9589247650894723,4.2800530336612095,4.4646400278211695],""finish"":4.4646400278211695,""tardiness"":0.027721040832632937},""4"":{""start"":2.0929364523415486,""completion_by_type"":[2.7208618757748515,2.8369746082404568,2.952029841921507],""finish"":2.952029841921507,""tardiness"":1.4786765988810031},""5"":{""start"":1.079147938998513,""completion_by_type"":[1.5155090393886441,1.8754002745297256,2.157975899724339],""finish"":2.157975899724339,""tardiness"":1.7966638951677063},""6"":{""start"":2.4157160814414937,""completion_by_type"":[3.148402001468148,3.2969798797157126,3.434840973406548],""finish"":3.434840973406548,""tardiness"":1.1012025737708901},""7"":{""start"":2.420666855538691,""completion_by_type"":[3.174959641653321,3.3264799040282678,3.2395092046434013],""finish"":3.3264799040282678,""tardiness"":0.0},""8"":{""start"":1.8056438555721201,""completion_by_type"":[2.2721147755566355,2.4246750021942187,2.877544208829611],""finish"":2.877544208829611,""tardiness"":0.7929767035328408},""9"":{""start"":0.5694552056621125,""completion_by_type"":[1.276635310704735,1.4688940361461065,1.7255420461338449],""finish"":1.7255420461338449,""tardiness"":0.0},""10"":{""start"":3.9286607787407686,""completion_by_type"":[4.506364093589308,4.723550507254628,5.008146510115637],""finish"":5.008146510115637,""tardiness"":1.6846976782171228}}}","{""objective"":3.443099849675946e-08,""distance"":1.7763568394002505e-15,""tardiness"":6.886199344080524e-08}",3600,1,0,100.0,manhattan,"[0.5,0.5]",True
k3_n10_i049,1,time_limit_feasible,3,10,49,N10_K3_M18_I49,9,TIME_LIMIT,True,False,12.05863640463405,17.199248860137317,6.9180239491307844,10.239207754832842,10.239207754832842,0.15088179034090576,10,3600.000958919525,7770.1292816557,362997.0,53860166.0,0.456007648,time_limit_feasible,,time_limit_feasible,time_limit_feasible,raw_json,False,,,,1e-06,0.0,,"{""1"":[1,10,7],""2"":[3,9,8],""3"":[2,4],""4"":[5,6],""5"":[2,4],""6"":[3,9,8],""7"":[5,6],""8"":[],""9"":[],""10"":[1,10,7],""11"":[],""12"":[],""13"":[2,4],""14"":[5,6],""15"":[3,9,8],""16"":[],""17"":[],""18"":[1,10,7]}","{""1"":{""start"":0.9776644453296273,""completion_by_type"":[1.7670494304318947,1.861043124007096,1.9396681820776436],""finish"":1.9396681820776436,""tardiness"":0.0},""2"":{""start"":0.9859428220770869,""completion_by_type"":[1.3969218163923043,1.9255869161459807,1.8887853873982041],""finish"":1.9255869161459807,""tardiness"":0.0},""3"":{""start"":0.767076143073794,""completion_by_type"":[1.5426199123830449,1.5667068506101522,1.9482857508199363],""finish"":1.9482857508199363,""tardiness"":0.0},""4"":{""start"":2.125036936824976,""completion_by_type"":[2.9120032765340804,2.781323159397994,2.9986894730859515],""finish"":2.9986894730859515,""tardiness"":0.0},""5"":{""start"":1.3633253452447738,""completion_by_type"":[1.8712548899915993,2.33113311206207,2.2477706021908848],""finish"":2.33113311206207,""tardiness"":1.656436430644506},""6"":{""start"":2.7786803003268465,""completion_by_type"":[3.4083474107757703,3.7199941979309807,3.6835026419233983],""finish"":3.7199941979309807,""tardiness"":2.38085638374703},""7"":{""start"":3.3978851662091683,""completion_by_type"":[3.8746702332846876,4.180151862353103,4.3571114980741426],""finish"":4.3571114980741426,""tardiness"":0.0},""8"":{""start"":3.34796786939753,""completion_by_type"":[4.124723858037875,4.039899406605235,4.3493030509063555],""finish"":4.3493030509063555,""tardiness"":0.7304990099241135},""9"":{""start"":2.135703211783996,""completion_by_type"":[2.8158461405152586,2.983884102940462,3.0669908177831684],""finish"":3.0669908177831684,""tardiness"":0.0},""10"":{""start"":2.196041293681609,""completion_by_type"":[2.7770878670827024,2.9472672500439483,3.1305758016815037],""finish"":3.1305758016815037,""tardiness"":2.1502321248152887}}","{""distance"":17.199248860137317,""tardiness"":6.918023949130938,""objective"":12.058636404634127,""task_times"":{""1"":{""start"":0.9776644453296273,""completion_by_type"":[1.7670494304318947,1.861043124007096,1.9396681820776436],""finish"":1.9396681820776436,""tardiness"":0.0},""2"":{""start"":0.9859428220770869,""completion_by_type"":[1.3969218163923043,1.9255869161459807,1.8887853873982041],""finish"":1.9255869161459807,""tardiness"":0.0},""3"":{""start"":0.767076143073794,""completion_by_type"":[1.5426199123830449,1.5667068506101522,1.9482857508199363],""finish"":1.9482857508199363,""tardiness"":0.0},""4"":{""start"":2.125036936824976,""completion_by_type"":[2.9120032765340804,2.781323159397994,2.9986894730859515],""finish"":2.9986894730859515,""tardiness"":0.0},""5"":{""start"":1.3633253452447738,""completion_by_type"":[1.8712548899915993,2.33113311206207,2.2477706021908848],""finish"":2.33113311206207,""tardiness"":1.656436430644506},""6"":{""start"":2.7786803003268465,""completion_by_type"":[3.4083474107757703,3.7199941979309807,3.6835026419233983],""finish"":3.7199941979309807,""tardiness"":2.38085638374703},""7"":{""start"":3.3978851662091683,""completion_by_type"":[3.8746702332846876,4.180151862353103,4.3571114980741426],""finish"":4.3571114980741426,""tardiness"":0.0},""8"":{""start"":3.34796786939753,""completion_by_type"":[4.124723858037875,4.039899406605235,4.3493030509063555],""finish"":4.3493030509063555,""tardiness"":0.7304990099241135},""9"":{""start"":2.135703211783996,""completion_by_type"":[2.8158461405152586,2.983884102940462,3.0669908177831684],""finish"":3.0669908177831684,""tardiness"":0.0},""10"":{""start"":2.196041293681609,""completion_by_type"":[2.7770878670827024,2.9472672500439483,3.1305758016815037],""finish"":3.1305758016815037,""tardiness"":2.1502321248152887}}}","{""objective"":7.638334409421077e-14,""distance"":0.0,""tardiness"":1.5365486660812167e-13}",3600,1,0,100.0,manhattan,"[0.5,0.5]",True
k3_n10_i050,1,optimal,3,10,50,N10_K3_M18_I50,2,OPTIMAL,True,True,8.630033719102085,11.851853060011246,5.408214378192924,8.630033719102018,8.630033719102018,0.0,10,1562.239091873169,2972.7353231053717,228884.0,28964257.0,0.130326208,optimal,,optimal,optimal,raw_json,False,,,,1e-06,0.0,,"{""1"":[8,7,9],""2"":[3,10],""3"":[5,1,6],""4"":[2,4],""5"":[8,7,9],""6"":[3,10],""7"":[],""8"":[],""9"":[2,4],""10"":[5,1,6],""11"":[],""12"":[8,7,9],""13"":[],""14"":[],""15"":[],""16"":[5,1,6],""17"":[3,10],""18"":[2,4]}","{""1"":{""start"":2.1825750274369593,""completion_by_type"":[2.9031182720025273,2.8073162381582173,3.01554473644263],""finish"":3.01554473644263,""tardiness"":0.5545109617980781},""2"":{""start"":0.8181355032895724,""completion_by_type"":[1.4873646576842328,1.726764806677791,1.795714332482],""finish"":1.795714332482,""tardiness"":0.878586613610695},""3"":{""start"":0.18830030145793752,""completion_by_type"":[0.6147004421084435,1.1805262187341061,1.0129545879356643],""finish"":1.1805262187341061,""tardiness"":0.0},""4"":{""start"":1.9276429040917473,""completion_by_type"":[2.5833734373203763,2.5293268141549596,3.08805814689559],""finish"":3.08805814689559,""tardiness"":0.0},""5"":{""start"":1.1067623018766954,""completion_by_type"":[1.578409310035485,1.9510317856371429,2.0339310643295185],""finish"":2.0339310643295185,""tardiness"":0.09600236045614063},""6"":{""start"":3.2234342748863747,""completion_by_type"":[3.9804577638097722,3.98823146683245,4.360028493916328],""finish"":4.360028493916328,""tardiness"":2.7960294183394003},""7"":{""start"":1.6445791288179024,""completion_by_type"":[2.1665210217981166,2.2747110716844645,2.5185518150732213],""finish"":2.5185518150732213,""tardiness"":0.0},""8"":{""start"":0.505616361403127,""completion_by_type"":[1.0126887650687502,1.26168455027804,1.5534053398602594],""finish"":1.5534053398602594,""tardiness"":1.0830850239885983},""9"":{""start"":2.6572999962850306,""completion_by_type"":[3.3729046096618314,3.5046973316261387,3.841899031285754],""finish"":3.841899031285754,""tardiness"":0.0},""10"":{""start"":1.7939453940468044,""completion_by_type"":[2.539699573390302,2.7148342021849654,2.746724959414693],""finish"":2.746724959414693,""tardiness"":0.0}}","{""distance"":11.851853060011246,""tardiness"":5.408214378192913,""objective"":8.63003371910208,""task_times"":{""1"":{""start"":2.1825750274369593,""completion_by_type"":[2.9031182720025273,2.8073162381582173,3.01554473644263],""finish"":3.01554473644263,""tardiness"":0.5545109617980781},""2"":{""start"":0.8181355032895724,""completion_by_type"":[1.4873646576842328,1.726764806677791,1.795714332482],""finish"":1.795714332482,""tardiness"":0.878586613610695},""3"":{""start"":0.18830030145793752,""completion_by_type"":[0.6147004421084435,1.1805262187341061,1.0129545879356643],""finish"":1.1805262187341061,""tardiness"":0.0},""4"":{""start"":1.9276429040917473,""completion_by_type"":[2.5833734373203763,2.5293268141549596,3.08805814689559],""finish"":3.08805814689559,""tardiness"":0.0},""5"":{""start"":1.1067623018766954,""completion_by_type"":[1.578409310035485,1.9510317856371429,2.0339310643295185],""finish"":2.0339310643295185,""tardiness"":0.09600236045614063},""6"":{""start"":3.2234342748863747,""completion_by_type"":[3.9804577638097722,3.98823146683245,4.360028493916328],""finish"":4.360028493916328,""tardiness"":2.7960294183394003},""7"":{""start"":1.6445791288179024,""completion_by_type"":[2.1665210217981166,2.2747110716844645,2.5185518150732213],""finish"":2.5185518150732213,""tardiness"":0.0},""8"":{""start"":0.505616361403127,""completion_by_type"":[1.0126887650687502,1.26168455027804,1.5534053398602594],""finish"":1.5534053398602594,""tardiness"":1.0830850239885983},""9"":{""start"":2.6572999962850306,""completion_by_type"":[3.3729046096618314,3.5046973316261387,3.841899031285754],""finish"":3.841899031285754,""tardiness"":0.0},""10"":{""start"":1.7939453940468044,""completion_by_type"":[2.539699573390302,2.7148342021849654,2.746724959414693],""finish"":2.746724959414693,""tardiness"":0.0}}}","{""objective"":5.329070518200751e-15,""distance"":0.0,""tardiness"":1.1546319456101628e-14}",3600,1,0,100.0,manhattan,"[0.5,0.5]",True
k3_n10_i051,1,time_limit_feasible,3,10,51,N10_K3_M18_I51,9,TIME_LIMIT,True,False,11.981775214334727,16.92652134832194,7.037029080347511,11.041972277902214,11.041972277902214,0.0784360346961069,10,3600.00102686882,6895.514650779108,584068.0,38853768.0,0.594547432,time_limit_feasible,,time_limit_feasible,time_limit_feasible,raw_json,False,,,,1e-06,0.0,,"{""1"":[8,6],""2"":[5,9],""3"":[1,10,4],""4"":[2,7,3],""5"":[5,9],""6"":[1,10,4],""7"":[8,6],""8"":[2,7,3],""9"":[],""10"":[],""11"":[5,9],""12"":[],""13"":[],""14"":[],""15"":[],""16"":[8,6],""17"":[1,10,4],""18"":[2,7,3]}","{""1"":{""start"":1.0415159940575058,""completion_by_type"":[1.5342284528705612,1.7856429025493412,2.143985006589152],""finish"":2.143985006589152,""tardiness"":1.3022846411599716},""2"":{""start"":0.6077493473813391,""completion_by_type"":[1.0735520573193018,1.5444930240481827,1.7225345305762731],""finish"":1.7225345305762731,""tardiness"":0.0},""3"":{""start"":3.3946077145011175,""completion_by_type"":[4.143355771590329,4.314046005426749,4.3647716912829235],""finish"":4.3647716912829235,""tardiness"":0.0},""4"":{""start"":4.033123009699132,""completion_by_type"":[4.576219119780649,4.675572260918283,5.086828339127075],""finish"":5.086828339127075,""tardiness"":1.2312193751574005},""5"":{""start"":1.089066560441198,""completion_by_type"":[1.7585033546122386,2.0375136077595988,1.9610407199327813],""finish"":2.0375136077595988,""tardiness"":1.627117112124901},""6"":{""start"":2.3967713805332194,""completion_by_type"":[3.035626596701001,3.292137657991497,3.4404687200192483],""finish"":3.4404687200192483,""tardiness"":1.5346599837213883},""7"":{""start"":1.8537145993330255,""completion_by_type"":[2.300151275165981,2.844071987165558,3.0238570435952585],""finish"":3.0238570435952585,""tardiness"":0.0},""8"":{""start"":0.759384384374162,""completion_by_type"":[1.1957083016547936,1.545967806239037,1.8640936886237567],""finish"":1.8640936886237567,""tardiness"":0.20451125220696276},""9"":{""start"":2.280986565697169,""completion_by_type"":[3.0065314852958536,3.03125924318823,3.331644784256467],""finish"":3.331644784256467,""tardiness"":0.0},""10"":{""start"":2.728165009307581,""completion_by_type"":[3.2786685964240885,3.334125007726892,3.750926791036594],""finish"":3.750926791036594,""tardiness"":1.1372367159770311}}","{""distance"":16.92652169143445,""tardiness"":7.037029080347655,""objective"":11.981775385891051,""task_times"":{""1"":{""start"":1.0415159940575058,""completion_by_type"":[1.5342284528705612,1.7856429025493412,2.143985006589152],""finish"":2.143985006589152,""tardiness"":1.3022846411599716},""2"":{""start"":0.6077493473813391,""completion_by_type"":[1.0735520573193018,1.5444930240481827,1.7225345305762731],""finish"":1.7225345305762731,""tardiness"":0.0},""3"":{""start"":3.3946077145011175,""completion_by_type"":[4.143355771590329,4.314046005426749,4.3647716912829235],""finish"":4.3647716912829235,""tardiness"":0.0},""4"":{""start"":4.033123009699132,""completion_by_type"":[4.576219119780649,4.675572260918283,5.086828339127075],""finish"":5.086828339127075,""tardiness"":1.2312193751574005},""5"":{""start"":1.089066560441198,""completion_by_type"":[1.7585033546122386,2.0375136077595988,1.9610407199327813],""finish"":2.0375136077595988,""tardiness"":1.627117112124901},""6"":{""start"":2.3967713805332194,""completion_by_type"":[3.035626596701001,3.292137657991497,3.4404687200192483],""finish"":3.4404687200192483,""tardiness"":1.5346599837213883},""7"":{""start"":1.8537145993330255,""completion_by_type"":[2.300151275165981,2.844071987165558,3.0238570435952585],""finish"":3.0238570435952585,""tardiness"":0.0},""8"":{""start"":0.759384384374162,""completion_by_type"":[1.1957083016547936,1.545967806239037,1.8640936886237567],""finish"":1.8640936886237567,""tardiness"":0.20451125220696276},""9"":{""start"":2.280986565697169,""completion_by_type"":[3.0065314852958536,3.03125924318823,3.331644784256467],""finish"":3.331644784256467,""tardiness"":0.0},""10"":{""start"":2.728165009307581,""completion_by_type"":[3.2786685964240885,3.334125007726892,3.750926791036594],""finish"":3.750926791036594,""tardiness"":1.1372367159770311}}}","{""objective"":1.7155632470178261e-07,""distance"":3.431125072950181e-07,""tardiness"":1.438849039914203e-13}",3600,1,0,100.0,manhattan,"[0.5,0.5]",True
k3_n10_i052,1,time_limit_feasible_postprocess_warning,3,10,52,N10_K3_M18_I52,9,TIME_LIMIT,True,False,11.38913696184,,,10.54305695522,10.54305695522,0.07428833365116622,10,3600.0,6587.22,836999.0,44299009.0,,time_limit_feasible_postprocess_warning,"ValueError: MILP and independent evaluation differ: {'objective': 1.3348928771250712e-06, 'distance': 7.600743856528425e-07, 'tardiness': 1.9097113677091215e-06}",failed,time_limit_feasible_postprocess_warning,gurobi_log,True,1.3348928771250712e-06,7.600743856528425e-07,1.9097113677091215e-06,1e-06,,7.4288,,,,,3600,1,0,,,,
k3_n10_i053,1,optimal,3,10,53,N10_K3_M18_I53,2,OPTIMAL,True,True,10.704289904816717,15.43494155441943,5.973638255214004,10.70428990481646,10.70428990481646,0.0,10,1672.1614570617676,2969.320284803476,503668.0,23700016.0,0.182761504,optimal,,optimal,optimal,raw_json,False,,,,1e-06,0.0,,"{""1"":[4,2],""2"":[7,6],""3"":[10,3,9],""4"":[1,5,8],""5"":[7,6],""6"":[10,3,9],""7"":[],""8"":[1,5,8],""9"":[],""10"":[4,2],""11"":[2],""12"":[],""13"":[7,6],""14"":[],""15"":[1,5],""16"":[],""17"":[10,3,9],""18"":[4,8]}","{""1"":{""start"":0.28267035968142634,""completion_by_type"":[0.8013719852113275,1.1432601724451592,1.180020991463999],""finish"":1.180020991463999,""tardiness"":0.0},""2"":{""start"":1.7934889367453275,""completion_by_type"":[2.3642159996262126,2.5134390659102017,2.924855388670448],""finish"":2.924855388670448,""tardiness"":0.05256593988199976},""3"":{""start"":2.1997166980852043,""completion_by_type"":[2.7432826507778696,3.0360139470312153,3.1476528091851175],""finish"":3.1476528091851175,""tardiness"":2.081066525693114},""4"":{""start"":0.6318942684062274,""completion_by_type"":[1.398010528649242,1.358755366614111,1.7840760583085862],""finish"":1.7840760583085862,""tardiness"":0.0},""5"":{""start"":1.4531291393958572,""completion_by_type"":[2.0016284779726696,2.11835485355687,2.510399398527805],""finish"":2.510399398527805,""tardiness"":0.0},""6"":{""start"":2.717543507025722,""completion_by_type"":[3.144849154123502,3.68742590962644,3.5679723283513005],""finish"":3.68742590962644,""tardiness"":3.0875184559358586},""7"":{""start"":1.5020511762844513,""completion_by_type"":[2.136960798053207,2.167373957192969,2.3250525896522722],""finish"":2.3250525896522722,""tardiness"":0.7524873337030282},""8"":{""start"":2.498067602236309,""completion_by_type"":[3.14820227309438,3.109765225669795,3.401813948557444],""finish"":3.401813948557444,""tardiness"":0.0},""9"":{""start"":3.2768636828423685,""completion_by_type"":[3.830612406400491,4.163101400251115,4.1579423446415795],""finish"":4.163101400251115,""tardiness"":0.0},""10"":{""start"":0.8460160457897361,""completion_by_type"":[1.3021307069666974,1.627630267476039,1.9283748362779307],""finish"":1.9283748362779307,""tardiness"":0.0}}","{""distance"":15.43494155441943,""tardiness"":5.973638255214,""objective"":10.704289904816715,""task_times"":{""1"":{""start"":0.28267035968142634,""completion_by_type"":[0.8013719852113275,1.1432601724451592,1.180020991463999],""finish"":1.180020991463999,""tardiness"":0.0},""2"":{""start"":1.7934889367453275,""completion_by_type"":[2.3642159996262126,2.5134390659102017,2.924855388670448],""finish"":2.924855388670448,""tardiness"":0.05256593988199976},""3"":{""start"":2.1997166980852043,""completion_by_type"":[2.7432826507778696,3.0360139470312153,3.1476528091851175],""finish"":3.1476528091851175,""tardiness"":2.081066525693114},""4"":{""start"":0.6318942684062274,""completion_by_type"":[1.398010528649242,1.358755366614111,1.7840760583085862],""finish"":1.7840760583085862,""tardiness"":0.0},""5"":{""start"":1.4531291393958572,""completion_by_type"":[2.0016284779726696,2.11835485355687,2.510399398527805],""finish"":2.510399398527805,""tardiness"":0.0},""6"":{""start"":2.717543507025722,""completion_by_type"":[3.144849154123502,3.68742590962644,3.5679723283513005],""finish"":3.68742590962644,""tardiness"":3.0875184559358586},""7"":{""start"":1.5020511762844513,""completion_by_type"":[2.136960798053207,2.167373957192969,2.3250525896522722],""finish"":2.3250525896522722,""tardiness"":0.7524873337030282},""8"":{""start"":2.498067602236309,""completion_by_type"":[3.14820227309438,3.109765225669795,3.401813948557444],""finish"":3.401813948557444,""tardiness"":0.0},""9"":{""start"":3.2768636828423685,""completion_by_type"":[3.830612406400491,4.163101400251115,4.1579423446415795],""finish"":4.163101400251115,""tardiness"":0.0},""10"":{""start"":0.8460160457897361,""completion_by_type"":[1.3021307069666974,1.627630267476039,1.9283748362779307],""finish"":1.9283748362779307,""tardiness"":0.0}}}","{""objective"":1.7763568394002505e-15,""distance"":0.0,""tardiness"":3.552713678800501e-15}",3600,1,0,100.0,manhattan,"[0.5,0.5]",True
k3_n10_i054,1,optimal,3,10,54,N10_K3_M18_I54,2,OPTIMAL,True,True,8.804753106157293,13.060388932106111,4.549117280208474,8.804752879343939,8.804752879343939,2.576033094189724e-08,10,2046.999065876007,3636.8166454202596,625454.0,24307789.0,0.187736496,optimal,,optimal,optimal,raw_json,False,,,,1e-06,0.0,,"{""1"":[7,10],""2"":[6,2],""3"":[8,5,1],""4"":[4,3,9],""5"":[],""6"":[6,2],""7"":[8,5,1],""8"":[4,3,9],""9"":[7,10],""10"":[],""11"":[6,2],""12"":[5],""13"":[4,3,9],""14"":[7,10],""15"":[],""16"":[],""17"":[],""18"":[8,1]}","{""1"":{""start"":2.6590058719162593,""completion_by_type"":[3.2519060611050934,3.335141663498329,3.624886746245572],""finish"":3.624886746245572,""tardiness"":0.0},""2"":{""start"":2.2764857170817288,""completion_by_type"":[2.766526065631261,3.1866379433097203,3.2924775413378473],""finish"":3.2924775413378473,""tardiness"":2.388955822846122},""3"":{""start"":1.5952803024104156,""completion_by_type"":[2.125566530213487,2.3855002979297213,2.43172396851676],""finish"":2.43172396851676,""tardiness"":0.0},""4"":{""start"":0.45672543251954856,""completion_by_type"":[0.8729532811604891,1.383111194499504,1.5302825479529023],""finish"":1.5302825479529023,""tardiness"":0.9194654996392868},""5"":{""start"":1.6707765950450475,""completion_by_type"":[2.1296420646280927,2.3535130927840675,2.5044916108218938],""finish"":2.5044916108218938,""tardiness"":0.05167020276669465},""6"":{""start"":0.925854213169888,""completion_by_type"":[1.3567710560077924,1.9110878454610494,1.8545910144392106],""finish"":1.9110878454610494,""tardiness"":0.3200308264695453},""7"":{""start"":0.7330069118780669,""completion_by_type"":[1.2527448452556982,1.4352645761521778,1.8224187638691998],""finish"":1.8224187638691998,""tardiness"":0.0},""8"":{""start"":0.4047268884101834,""completion_by_type"":[1.0853381332224954,1.1828550066406094,1.5297579495065043],""finish"":1.5297579495065043,""tardiness"":0.0},""9"":{""start"":2.616935149239203,""completion_by_type"":[3.1333565334312112,3.366377876191365,3.4773716214939503],""finish"":3.4773716214939503,""tardiness"":0.0},""10"":{""start"":2.1526594814062046,""completion_by_type"":[2.566837182285714,2.7534871584824323,3.0685220268762583],""finish"":3.0685220268762583,""tardiness"":0.8689949284868321}}","{""distance"":13.060388932106108,""tardiness"":4.549117280208481,""objective"":8.804753106157294,""task_times"":{""1"":{""start"":2.6590058719162593,""completion_by_type"":[3.2519060611050934,3.335141663498329,3.624886746245572],""finish"":3.624886746245572,""tardiness"":0.0},""2"":{""start"":2.2764857170817288,""completion_by_type"":[2.766526065631261,3.1866379433097203,3.2924775413378473],""finish"":3.2924775413378473,""tardiness"":2.388955822846122},""3"":{""start"":1.5952803024104156,""completion_by_type"":[2.125566530213487,2.3855002979297213,2.43172396851676],""finish"":2.43172396851676,""tardiness"":0.0},""4"":{""start"":0.45672543251954856,""completion_by_type"":[0.8729532811604891,1.383111194499504,1.5302825479529023],""finish"":1.5302825479529023,""tardiness"":0.9194654996392868},""5"":{""start"":1.6707765950450475,""completion_by_type"":[2.1296420646280927,2.3535130927840675,2.5044916108218938],""finish"":2.5044916108218938,""tardiness"":0.05167020276669465},""6"":{""start"":0.925854213169888,""completion_by_type"":[1.3567710560077924,1.9110878454610494,1.8545910144392106],""finish"":1.9110878454610494,""tardiness"":0.3200308264695453},""7"":{""start"":0.7330069118780669,""completion_by_type"":[1.2527448452556982,1.4352645761521778,1.8224187638691998],""finish"":1.8224187638691998,""tardiness"":0.0},""8"":{""start"":0.4047268884101834,""completion_by_type"":[1.0853381332224954,1.1828550066406094,1.5297579495065043],""finish"":1.5297579495065043,""tardiness"":0.0},""9"":{""start"":2.616935149239203,""completion_by_type"":[3.1333565334312112,3.366377876191365,3.4773716214939503],""finish"":3.4773716214939503,""tardiness"":0.0},""10"":{""start"":2.1526594814062046,""completion_by_type"":[2.566837182285714,2.7534871584824323,3.0685220268762583],""finish"":3.0685220268762583,""tardiness"":0.8689949284868321}}}","{""objective"":1.7763568394002505e-15,""distance"":3.552713678800501e-15,""tardiness"":7.105427357601002e-15}",3600,1,0,100.0,manhattan,"[0.5,0.5]",True
k3_n10_i055,1,optimal,3,10,55,N10_K3_M18_I55,2,OPTIMAL,True,True,9.64184682146687,14.276416803064768,5.0072768398689735,9.64184682146687,9.64184682146688,0.0,10,8.823649168014526,13.304456001833401,1854.0,79304.0,0.0549828,optimal,,optimal,optimal,raw_json,False,,,,1e-06,0.0,,"{""1"":[4,2],""2"":[10,9],""3"":[6,7,8,5],""4"":[1,3],""5"":[4,2],""6"":[],""7"":[1,3],""8"":[6,7,8,5],""9"":[10,9],""10"":[],""11"":[1,3],""12"":[6,7,8,5],""13"":[],""14"":[10,9],""15"":[],""16"":[],""17"":[],""18"":[4,2]}","{""1"":{""start"":0.6476157551792321,""completion_by_type"":[1.3241836778940574,1.2787352496366937,1.6920206530796469],""finish"":1.6920206530796469,""tardiness"":0.0},""2"":{""start"":1.706826925451784,""completion_by_type"":[2.1952533848371685,2.603089740925294,2.8472134722833733],""finish"":2.8472134722833733,""tardiness"":0.0},""3"":{""start"":2.0685661312841512,""completion_by_type"":[2.492134638583642,2.883608952903825,3.1704675395740978],""finish"":3.1704675395740978,""tardiness"":0.3559142552703718},""4"":{""start"":0.3723709456409901,""completion_by_type"":[1.0874293295365995,1.2402641673930315,1.424854353938784],""finish"":1.424854353938784,""tardiness"":0.0},""5"":{""start"":5.018285566125491,""completion_by_type"":[5.433559914436804,5.719515973398025,6.209504751066236],""finish"":6.209504751066236,""tardiness"":1.0190982653830254},""6"":{""start"":0.981647525519302,""completion_by_type"":[1.6780897612328443,1.7360153278081953,1.9340650011206382],""finish"":1.9340650011206382,""tardiness"":1.0565381870249317},""7"":{""start"":2.624401089201383,""completion_by_type"":[3.328826421290621,3.273821934212384,3.716780805366012],""finish"":3.716780805366012,""tardiness"":1.322186623210654},""8"":{""start"":3.8405600732851406,""completion_by_type"":[4.598688995014166,4.472278694097326,4.675004570548101],""finish"":4.675004570548101,""tardiness"":0.10282115126965508},""9"":{""start"":1.9180260830750941,""completion_by_type"":[2.6753926888900192,2.586132571671048,2.9492776442970507],""finish"":2.9492776442970507,""tardiness"":0.0},""10"":{""start"":0.8702572465050096,""completion_by_type"":[1.3976051452924185,1.847026356192806,1.7438052900191474],""finish"":1.847026356192806,""tardiness"":1.1507183577118814}}","{""distance"":14.276416803064768,""tardiness"":5.007276839870519,""objective"":9.641846821467643,""task_times"":{""1"":{""start"":0.6476157551792321,""completion_by_type"":[1.3241836778940574,1.2787352496366937,1.6920206530796469],""finish"":1.6920206530796469,""tardiness"":0.0},""2"":{""start"":1.706826925451784,""completion_by_type"":[2.1952533848371685,2.603089740925294,2.8472134722833733],""finish"":2.8472134722833733,""tardiness"":0.0},""3"":{""start"":2.0685661312841512,""completion_by_type"":[2.492134638583642,2.883608952903825,3.1704675395740978],""finish"":3.1704675395740978,""tardiness"":0.3559142552703718},""4"":{""start"":0.3723709456409901,""completion_by_type"":[1.0874293295365995,1.2402641673930315,1.424854353938784],""finish"":1.424854353938784,""tardiness"":0.0},""5"":{""start"":5.018285566125491,""completion_by_type"":[5.433559914436804,5.719515973398025,6.209504751066236],""finish"":6.209504751066236,""tardiness"":1.0190982653830254},""6"":{""start"":0.981647525519302,""completion_by_type"":[1.6780897612328443,1.7360153278081953,1.9340650011206382],""finish"":1.9340650011206382,""tardiness"":1.0565381870249317},""7"":{""start"":2.624401089201383,""completion_by_type"":[3.328826421290621,3.273821934212384,3.716780805366012],""finish"":3.716780805366012,""tardiness"":1.322186623210654},""8"":{""start"":3.8405600732851406,""completion_by_type"":[4.598688995014166,4.472278694097326,4.675004570548101],""finish"":4.675004570548101,""tardiness"":0.10282115126965508},""9"":{""start"":1.9180260830750941,""completion_by_type"":[2.6753926888900192,2.586132571671048,2.9492776442970507],""finish"":2.9492776442970507,""tardiness"":0.0},""10"":{""start"":0.8702572465050096,""completion_by_type"":[1.3976051452924185,1.847026356192806,1.7438052900191474],""finish"":1.847026356192806,""tardiness"":1.1507183577118814}}}","{""objective"":7.72715225139109e-13,""distance"":0.0,""tardiness"":1.545430450278218e-12}",3600,1,0,100.0,manhattan,"[0.5,0.5]",True
k3_n10_i056,1,time_limit_feasible,3,10,56,N10_K3_M18_I56,9,TIME_LIMIT,True,False,7.683817641499038,11.203582688390448,4.16405259460763,7.230606236192411,7.230606236192411,0.05898258215537372,10,3600.000955104828,6361.817408190955,605102.0,51759187.0,0.43085268,time_limit_feasible,,time_limit_feasible,time_limit_feasible,raw_json,False,,,,1e-06,0.0,,"{""1"":[10,2,1],""2"":[4,6],""3"":[9,5,8],""4"":[3,7],""5"":[3,7],""6"":[],""7"":[4,6],""8"":[],""9"":[9,5,8],""10"":[10,2,1],""11"":[],""12"":[],""13"":[],""14"":[3,7],""15"":[4,6],""16"":[9,5,8],""17"":[],""18"":[10,2,1]}","{""1"":{""start"":3.1213101401464542,""completion_by_type"":[3.826227780334748,4.081131715511456,4.296510182512899],""finish"":4.296510182512899,""tardiness"":0.0},""2"":{""start"":2.0855103946860316,""completion_by_type"":[2.7545144704136195,2.8224961261155155,3.0393713179592483],""finish"":3.0393713179592483,""tardiness"":0.44080110997232147},""3"":{""start"":0.3815731732608247,""completion_by_type"":[0.9197645581930771,1.2094578710228525,1.5690749120420033],""finish"":1.5690749120420033,""tardiness"":0.0},""4"":{""start"":0.6448874167248739,""completion_by_type"":[1.3663310946637448,1.3708096527988967,1.6282842467650909],""finish"":1.6282842467650909,""tardiness"":0.05731029012987787},""5"":{""start"":1.8637248225673022,""completion_by_type"":[2.4918141751145964,2.6302023598539686,2.698882581387554],""finish"":2.698882581387554,""tardiness"":0.0},""6"":{""start"":1.7741033597124238,""completion_by_type"":[2.2646650069503393,2.554398177119861,2.7168104716104367],""finish"":2.7168104716104367,""tardiness"":1.9065288173341521},""7"":{""start"":1.8221084330440676,""completion_by_type"":[2.5630016785907688,2.4965593400636585,2.8017727273022643],""finish"":2.8017727273022643,""tardiness"":0.0},""8"":{""start"":2.989621499398684,""completion_by_type"":[3.6150880272530945,3.8508165480793504,3.829058184743989],""finish"":3.8508165480793504,""tardiness"":0.3778975916173315},""9"":{""start"":0.8189952007414192,""completion_by_type"":[1.3591732177382665,1.746344827102209,1.837768546255272],""finish"":1.837768546255272,""tardiness"":1.3815157751899922},""10"":{""start"":0.7764865430966079,""completion_by_type"":[1.3782574120183495,1.4325370030073465,1.7704118161727043],""finish"":1.7704118161727043,""tardiness"":0.0}}","{""distance"":11.203582688390446,""tardiness"":4.164053584243675,""objective"":7.68381813631706,""task_times"":{""1"":{""start"":3.1213101401464542,""completion_by_type"":[3.826227780334748,4.081131715511456,4.296510182512899],""finish"":4.296510182512899,""tardiness"":0.0},""2"":{""start"":2.0855103946860316,""completion_by_type"":[2.7545144704136195,2.8224961261155155,3.0393713179592483],""finish"":3.0393713179592483,""tardiness"":0.44080110997232147},""3"":{""start"":0.3815731732608247,""completion_by_type"":[0.9197645581930771,1.2094578710228525,1.5690749120420033],""finish"":1.5690749120420033,""tardiness"":0.0},""4"":{""start"":0.6448874167248739,""completion_by_type"":[1.3663310946637448,1.3708096527988967,1.6282842467650909],""finish"":1.6282842467650909,""tardiness"":0.05731029012987787},""5"":{""start"":1.8637248225673022,""completion_by_type"":[2.4918141751145964,2.6302023598539686,2.698882581387554],""finish"":2.698882581387554,""tardiness"":0.0},""6"":{""start"":1.7741033597124238,""completion_by_type"":[2.2646650069503393,2.554398177119861,2.7168104716104367],""finish"":2.7168104716104367,""tardiness"":1.9065288173341521},""7"":{""start"":1.8221084330440676,""completion_by_type"":[2.5630016785907688,2.4965593400636585,2.8017727273022643],""finish"":2.8017727273022643,""tardiness"":0.0},""8"":{""start"":2.989621499398684,""completion_by_type"":[3.6150880272530945,3.8508165480793504,3.829058184743989],""finish"":3.8508165480793504,""tardiness"":0.3778975916173315},""9"":{""start"":0.8189952007414192,""completion_by_type"":[1.3591732177382665,1.746344827102209,1.837768546255272],""finish"":1.837768546255272,""tardiness"":1.3815157751899922},""10"":{""start"":0.7764865430966079,""completion_by_type"":[1.3782574120183495,1.4325370030073465,1.7704118161727043],""finish"":1.7704118161727043,""tardiness"":0.0}}}","{""objective"":4.948180221120424e-07,""distance"":1.7763568394002505e-15,""tardiness"":9.896360451122632e-07}",3600,1,0,100.0,manhattan,"[0.5,0.5]",True
k3_n10_i057,1,time_limit_feasible_postprocess_warning,3,10,57,N10_K3_M18_I57,9,TIME_LIMIT,True,False,10.06219866077,,,9.873810144256,9.873810144256,0.018722400825624638,10,3600.0,6076.96,1245138.0,49726227.0,,time_limit_feasible_postprocess_warning,"ValueError: MILP and independent evaluation differ: {'objective': 1.1805975219658649e-06, 'distance': 5.235663680380753e-06, 'tardiness': 2.87446863289631e-06}",failed,time_limit_feasible_postprocess_warning,gurobi_log,True,1.1805975219658649e-06,5.235663680380753e-06,2.87446863289631e-06,1e-06,,1.8722,,,,,3600,1,0,,,,
k3_n10_i058,1,time_limit_feasible_postprocess_warning,3,10,58,N10_K3_M18_I58,9,TIME_LIMIT,True,False,11.58265650704,,,10.38348569323,10.38348569323,0.10353158734191394,10,3600.0,6576.62,682531.0,58524581.0,,time_limit_feasible_postprocess_warning,"ValueError: MILP and independent evaluation differ: {'objective': 1.772392929311195e-06, 'distance': 2.655165214804356e-06, 'tardiness': 8.896206455943911e-07}",failed,time_limit_feasible_postprocess_warning,gurobi_log,True,1.772392929311195e-06,2.655165214804356e-06,8.896206455943911e-07,1e-06,,10.3532,,,,,3600,1,0,,,,
k3_n10_i059,1,time_limit_feasible,3,10,59,N10_K3_M18_I59,9,TIME_LIMIT,True,False,8.695266793826233,12.61879161620006,4.771741971452406,8.069146670265829,8.069146670265829,0.0720070054670386,10,3600.0008239746094,6527.992288062384,718199.0,50347601.0,0.665860312,time_limit_feasible,,time_limit_feasible,time_limit_feasible,raw_json,False,,,,1e-06,0.0,,"{""1"":[3,6,9],""2"":[10,5],""3"":[1,2],""4"":[7,4,8],""5"":[],""6"":[3,6,9],""7"":[1,2],""8"":[10,5],""9"":[7,4,8],""10"":[],""11"":[],""12"":[6,8],""13"":[],""14"":[3],""15"":[1,2],""16"":[7,4],""17"":[10,5,9],""18"":[]}","{""1"":{""start"":0.6357996332747267,""completion_by_type"":[1.2605682454710334,1.3872804858754528,1.4439635369280557],""finish"":1.4439635369280557,""tardiness"":0.0},""2"":{""start"":1.6074685930332553,""completion_by_type"":[2.2076107246212064,2.4222806208907857,2.566676837829899],""finish"":2.566676837829899,""tardiness"":0.0},""3"":{""start"":0.2296854220761682,""completion_by_type"":[0.6741407067525057,0.9685450331143821,1.4230269869191456],""finish"":1.4230269869191456,""tardiness"":1.0653644632785242},""4"":{""start"":2.006038916628538,""completion_by_type"":[2.7722175199040935,2.6267586036854125,3.0415058772395795],""finish"":3.0415058772395795,""tardiness"":0.0},""5"":{""start"":1.900069184460959,""completion_by_type"":[2.4386819396611203,2.8346775530067787,3.0141925893988146],""finish"":3.0141925893988146,""tardiness"":0.030759110930571598},""6"":{""start"":1.5887365121385297,""completion_by_type"":[2.0825941260061875,2.513925241038763,2.4074927838311297],""finish"":2.513925241038763,""tardiness"":0.0},""7"":{""start"":0.8657046885793289,""completion_by_type"":[1.3876800591647254,1.7989603543590855,1.7946916162518673],""finish"":1.7989603543590855,""tardiness"":0.9206852013923389},""8"":{""start"":3.1664267880804604,""completion_by_type"":[3.7849499425800395,3.863872590627256,4.311237576630319],""finish"":4.311237576630319,""tardiness"":2.7549331958520478},""9"":{""start"":3.2069458190461537,""completion_by_type"":[3.761548614249928,3.9725546095004014,4.227854265355092],""finish"":4.227854265355092,""tardiness"":0.0},""10"":{""start"":0.4302689788914403,""completion_by_type"":[0.9089339887812946,1.3799149362734118,1.544284813921762],""finish"":1.544284813921762,""tardiness"":0.0}}","{""distance"":12.618791661175576,""tardiness"":4.7717419714534826,""objective"":8.695266816314529,""task_times"":{""1"":{""start"":0.6357996332747267,""completion_by_type"":[1.2605682454710334,1.3872804858754528,1.4439635369280557],""finish"":1.4439635369280557,""tardiness"":0.0},""2"":{""start"":1.6074685930332553,""completion_by_type"":[2.2076107246212064,2.4222806208907857,2.566676837829899],""finish"":2.566676837829899,""tardiness"":0.0},""3"":{""start"":0.2296854220761682,""completion_by_type"":[0.6741407067525057,0.9685450331143821,1.4230269869191456],""finish"":1.4230269869191456,""tardiness"":1.0653644632785242},""4"":{""start"":2.006038916628538,""completion_by_type"":[2.7722175199040935,2.6267586036854125,3.0415058772395795],""finish"":3.0415058772395795,""tardiness"":0.0},""5"":{""start"":1.900069184460959,""completion_by_type"":[2.4386819396611203,2.8346775530067787,3.0141925893988146],""finish"":3.0141925893988146,""tardiness"":0.030759110930571598},""6"":{""start"":1.5887365121385297,""completion_by_type"":[2.0825941260061875,2.513925241038763,2.4074927838311297],""finish"":2.513925241038763,""tardiness"":0.0},""7"":{""start"":0.8657046885793289,""completion_by_type"":[1.3876800591647254,1.7989603543590855,1.7946916162518673],""finish"":1.7989603543590855,""tardiness"":0.9206852013923389},""8"":{""start"":3.1664267880804604,""completion_by_type"":[3.7849499425800395,3.863872590627256,4.311237576630319],""finish"":4.311237576630319,""tardiness"":2.7549331958520478},""9"":{""start"":3.2069458190461537,""completion_by_type"":[3.761548614249928,3.9725546095004014,4.227854265355092],""finish"":4.227854265355092,""tardiness"":0.0},""10"":{""start"":0.4302689788914403,""completion_by_type"":[0.9089339887812946,1.3799149362734118,1.544284813921762],""finish"":1.544284813921762,""tardiness"":0.0}}}","{""objective"":2.24882956700867e-08,""distance"":4.497551664428556e-08,""tardiness"":1.0764722446765518e-12}",3600,1,0,100.0,manhattan,"[0.5,0.5]",True
k3_n10_i060,1,optimal,3,10,60,N10_K3_M18_I60,2,OPTIMAL,True,True,8.175238046808147,11.087871228169726,5.262604865446566,8.175238046808147,8.175238046810927,0.0,10,57.64569711685181,85.77390877624103,25073.0,750268.0,0.070477424,optimal,,optimal,optimal,raw_json,False,,,,1e-06,0.0,,"{""1"":[8,4,9],""2"":[10,7,3],""3"":[2,5],""4"":[6,1],""5"":[2,5],""6"":[10,7,3],""7"":[8,4,9],""8"":[],""9"":[6,1],""10"":[],""11"":[8,4],""12"":[],""13"":[6,1,9],""14"":[],""15"":[10,7,3],""16"":[],""17"":[],""18"":[2,5]}","{""1"":{""start"":1.2814785062333818,""completion_by_type"":[1.7304905009949283,1.9428925976822826,2.3418493455011076],""finish"":2.3418493455011076,""tardiness"":0.011468021083943736},""2"":{""start"":0.9413330569120677,""completion_by_type"":[1.3794956008337154,1.6723536937445818,1.9479731833434284],""finish"":1.9479731833434284,""tardiness"":0.11639331773575545},""3"":{""start"":3.4678798869150937,""completion_by_type"":[4.126808061484434,4.398960247827469,4.62028781855593],""finish"":4.62028781855593,""tardiness"":3.27846090556334},""4"":{""start"":1.6505111978212912,""completion_by_type"":[2.3284148642476765,2.4056430408973903,2.6715529705708967],""finish"":2.6715529705708967,""tardiness"":0.0},""5"":{""start"":2.2254011897165795,""completion_by_type"":[2.9471959103153256,2.9454046601333683,3.077701885493522],""finish"":3.077701885493522,""tardiness"":0.15891833620774287},""6"":{""start"":0.09299419779440266,""completion_by_type"":[0.5856448821519128,0.9487625835498055,1.2377100532439989],""finish"":1.2377100532439989,""tardiness"":0.0},""7"":{""start"":1.9688847201494224,""completion_by_type"":[2.3831618108066457,2.814170699924485,3.0701232559857456],""finish"":3.0701232559857456,""tardiness"":0.0},""8"":{""start"":0.4665497053611095,""completion_by_type"":[1.177051472004676,1.0770379451135839,1.5095554340497568],""finish"":1.5095554340497568,""tardiness"":0.8232365750222823},""9"":{""start"":2.826529079697968,""completion_by_type"":[3.6111473289126446,3.5838070921766563,3.9578835250537763],""finish"":3.9578835250537763,""tardiness"":0.046877095436347105},""10"":{""start"":0.7349148208450638,""completion_by_type"":[1.5235624299586694,1.651864145026096,1.8104396643891942],""finish"":1.8104396643891942,""tardiness"":0.8272506724287106}}","{""distance"":11.087871212633107,""tardiness"":5.262604923478121,""objective"":8.175238068055615,""task_times"":{""1"":{""start"":1.2814785062333818,""completion_by_type"":[1.7304905009949283,1.9428925976822826,2.3418493455011076],""finish"":2.3418493455011076,""tardiness"":0.011468021083943736},""2"":{""start"":0.9413330569120677,""completion_by_type"":[1.3794956008337154,1.6723536937445818,1.9479731833434284],""finish"":1.9479731833434284,""tardiness"":0.11639331773575545},""3"":{""start"":3.4678798869150937,""completion_by_type"":[4.126808061484434,4.398960247827469,4.62028781855593],""finish"":4.62028781855593,""tardiness"":3.27846090556334},""4"":{""start"":1.6505111978212912,""completion_by_type"":[2.3284148642476765,2.4056430408973903,2.6715529705708967],""finish"":2.6715529705708967,""tardiness"":0.0},""5"":{""start"":2.2254011897165795,""completion_by_type"":[2.9471959103153256,2.9454046601333683,3.077701885493522],""finish"":3.077701885493522,""tardiness"":0.15891833620774287},""6"":{""start"":0.09299419779440266,""completion_by_type"":[0.5856448821519128,0.9487625835498055,1.2377100532439989],""finish"":1.2377100532439989,""tardiness"":0.0},""7"":{""start"":1.9688847201494224,""completion_by_type"":[2.3831618108066457,2.814170699924485,3.0701232559857456],""finish"":3.0701232559857456,""tardiness"":0.0},""8"":{""start"":0.4665497053611095,""completion_by_type"":[1.177051472004676,1.0770379451135839,1.5095554340497568],""finish"":1.5095554340497568,""tardiness"":0.8232365750222823},""9"":{""start"":2.826529079697968,""completion_by_type"":[3.6111473289126446,3.5838070921766563,3.9578835250537763],""finish"":3.9578835250537763,""tardiness"":0.046877095436347105},""10"":{""start"":0.7349148208450638,""completion_by_type"":[1.5235624299586694,1.651864145026096,1.8104396643891942],""finish"":1.8104396643891942,""tardiness"":0.8272506724287106}}}","{""objective"":2.124746778520148e-08,""distance"":1.5536619102363147e-08,""tardiness"":5.8031555560944525e-08}",3600,1,0,100.0,manhattan,"[0.5,0.5]",True
k3_n10_i061,1,time_limit_feasible,3,10,61,N10_K3_M18_I61,9,TIME_LIMIT,True,False,11.561346040165652,13.164934227340266,9.95775785299104,9.840177779084689,9.840177779084689,0.14887265333131594,10,3600.0008130073547,6715.098355133632,844438.0,40630376.0,0.891183168,time_limit_feasible,,time_limit_feasible,time_limit_feasible,raw_json,False,,,,1e-06,0.0,,"{""1"":[1,2,3],""2"":[7,8,9],""3"":[4],""4"":[6,5,10],""5"":[7,8,9],""6"":[6,5,10],""7"":[1,2,3],""8"":[4],""9"":[],""10"":[],""11"":[7,8,9],""12"":[],""13"":[],""14"":[6,5,10],""15"":[],""16"":[1,2,3],""17"":[],""18"":[4]}","{""1"":{""start"":1.4325986004576006,""completion_by_type"":[1.8993090546532538,2.156300016350079,2.438587066016388],""finish"":2.438587066016388,""tardiness"":0.0},""2"":{""start"":2.530795184663918,""completion_by_type"":[3.110308611182666,3.4505735634062824,3.480025631953578],""finish"":3.480025631953578,""tardiness"":0.34244838762434693},""3"":{""start"":3.9022834145993355,""completion_by_type"":[4.604969450598542,4.661823759836956,5.056991634442686],""finish"":5.056991634442686,""tardiness"":4.216307627628199},""4"":{""start"":0.0737087082494412,""completion_by_type"":[0.617933639467859,0.8032545831274387,0.8991045947082428],""finish"":0.8991045947082428,""tardiness"":0.0},""5"":{""start"":2.054879882004541,""completion_by_type"":[2.5956174818085587,2.8221555833865786,3.2114505743132034],""finish"":3.2114505743132034,""tardiness"":0.0},""6"":{""start"":0.45495843107710415,""completion_by_type"":[1.1380873978797927,1.4350468431511199,1.3965629410675164],""finish"":1.4350468431511199,""tardiness"":0.0},""7"":{""start"":0.8990625017176209,""completion_by_type"":[1.6467851298573906,1.5986800664755203,1.89894609223394],""finish"":1.89894609223394,""tardiness"":0.0},""8"":{""start"":2.1069043224218307,""completion_by_type"":[2.836985752480995,2.827271528871312,3.055993393188091],""finish"":3.055993393188091,""tardiness"":1.6413512261999998},""9"":{""start"":3.0882847451346596,""completion_by_type"":[3.6488318884878135,4.063145784412916,3.9771273774157403],""finish"":4.063145784412916,""tardiness"":3.757651011893283},""10"":{""start"":3.364885219643691,""completion_by_type"":[3.951368790973815,4.307854604164275,4.495202015971901],""finish"":4.495202015971901,""tardiness"":0.0}}","{""distance"":13.164934227340266,""tardiness"":9.95775825334583,""objective"":11.561346240343049,""task_times"":{""1"":{""start"":1.4325986004576006,""completion_by_type"":[1.8993090546532538,2.156300016350079,2.438587066016388],""finish"":2.438587066016388,""tardiness"":0.0},""2"":{""start"":2.530795184663918,""completion_by_type"":[3.110308611182666,3.4505735634062824,3.480025631953578],""finish"":3.480025631953578,""tardiness"":0.34244838762434693},""3"":{""start"":3.9022834145993355,""completion_by_type"":[4.604969450598542,4.661823759836956,5.056991634442686],""finish"":5.056991634442686,""tardiness"":4.216307627628199},""4"":{""start"":0.0737087082494412,""completion_by_type"":[0.617933639467859,0.8032545831274387,0.8991045947082428],""finish"":0.8991045947082428,""tardiness"":0.0},""5"":{""start"":2.054879882004541,""completion_by_type"":[2.5956174818085587,2.8221555833865786,3.2114505743132034],""finish"":3.2114505743132034,""tardiness"":0.0},""6"":{""start"":0.45495843107710415,""completion_by_type"":[1.1380873978797927,1.4350468431511199,1.3965629410675164],""finish"":1.4350468431511199,""tardiness"":0.0},""7"":{""start"":0.8990625017176209,""completion_by_type"":[1.6467851298573906,1.5986800664755203,1.89894609223394],""finish"":1.89894609223394,""tardiness"":0.0},""8"":{""start"":2.1069043224218307,""completion_by_type"":[2.836985752480995,2.827271528871312,3.055993393188091],""finish"":3.055993393188091,""tardiness"":1.6413512261999998},""9"":{""start"":3.0882847451346596,""completion_by_type"":[3.6488318884878135,4.063145784412916,3.9771273774157403],""finish"":4.063145784412916,""tardiness"":3.757651011893283},""10"":{""start"":3.364885219643691,""completion_by_type"":[3.951368790973815,4.307854604164275,4.495202015971901],""finish"":4.495202015971901,""tardiness"":0.0}}}","{""objective"":2.0017739643662935e-07,""distance"":0.0,""tardiness"":4.00354789320545e-07}",3600,1,0,100.0,manhattan,"[0.5,0.5]",True
k3_n10_i062,1,time_limit_feasible,3,10,62,N10_K3_M18_I62,9,TIME_LIMIT,True,False,12.208450767452145,18.10289049100654,6.314011043897748,10.886292509322482,10.886292509322482,0.10829861079954148,10,3600.000879049301,6341.171935492481,951447.0,49567310.0,0.953902136,time_limit_feasible,,time_limit_feasible,time_limit_feasible,raw_json,False,,,,1e-06,0.0,,"{""1"":[10,5],""2"":[1,9,3],""3"":[6,7],""4"":[8,4,2],""5"":[8,4,2],""6"":[6,7],""7"":[],""8"":[10,5],""9"":[],""10"":[1,9,3],""11"":[],""12"":[1,9,3],""13"":[],""14"":[6,7],""15"":[],""16"":[],""17"":[10,5],""18"":[8,4,2]}","{""1"":{""start"":1.4370948653633526,""completion_by_type"":[2.127534853116047,2.2591945543093934,2.435204599761946],""finish"":2.435204599761946,""tardiness"":2.070101139679504},""2"":{""start"":3.5243304810609297,""completion_by_type"":[4.046138699893839,4.361793213350327,4.609835987867954],""finish"":4.609835987867954,""tardiness"":0.7794925094872531},""3"":{""start"":3.941175211389178,""completion_by_type"":[4.621809399503077,4.864792409795524,5.105963688272387],""finish"":5.105963688272387,""tardiness"":0.053876713779433594},""4"":{""start"":2.2904068207744652,""completion_by_type"":[2.9029641027890425,3.1812092720480556,3.4011534636240714],""finish"":3.4011534636240714,""tardiness"":0.3076721824118396},""5"":{""start"":2.5820007202156514,""completion_by_type"":[3.0471084628919995,3.191789614972072,3.7321907640110035],""finish"":3.7321907640110035,""tardiness"":0.13429329260639244},""6"":{""start"":0.5676341202727058,""completion_by_type"":[1.1943358051476285,1.2921562116954255,1.6021790452016114],""finish"":1.6021790452016114,""tardiness"":0.0},""7"":{""start"":2.050971216240761,""completion_by_type"":[2.6043766724798365,2.707723114769176,3.225183449101275],""finish"":3.225183449101275,""tardiness"":0.0},""8"":{""start"":1.0497497903811235,""completion_by_type"":[1.7927500644176935,1.7952499886902138,1.9023202057740325],""finish"":1.9023202057740325,""tardiness"":0.47601285526073656},""9"":{""start"":2.932415447211074,""completion_by_type"":[3.4894849400038144,3.5465089418685967,3.856329400753762],""finish"":3.856329400753762,""tardiness"":1.408667591598431},""10"":{""start"":0.7789621415172328,""completion_by_type"":[1.4224750125964918,1.778704511909705,1.9232572689755372],""finish"":1.9232572689755372,""tardiness"":1.0838950635668203}}","{""distance"":18.102890491006548,""tardiness"":6.314011348390411,""objective"":12.208450919698478,""task_times"":{""1"":{""start"":1.4370948653633526,""completion_by_type"":[2.127534853116047,2.2591945543093934,2.435204599761946],""finish"":2.435204599761946,""tardiness"":2.070101139679504},""2"":{""start"":3.5243304810609297,""completion_by_type"":[4.046138699893839,4.361793213350327,4.609835987867954],""finish"":4.609835987867954,""tardiness"":0.7794925094872531},""3"":{""start"":3.941175211389178,""completion_by_type"":[4.621809399503077,4.864792409795524,5.105963688272387],""finish"":5.105963688272387,""tardiness"":0.053876713779433594},""4"":{""start"":2.2904068207744652,""completion_by_type"":[2.9029641027890425,3.1812092720480556,3.4011534636240714],""finish"":3.4011534636240714,""tardiness"":0.3076721824118396},""5"":{""start"":2.5820007202156514,""completion_by_type"":[3.0471084628919995,3.191789614972072,3.7321907640110035],""finish"":3.7321907640110035,""tardiness"":0.13429329260639244},""6"":{""start"":0.5676341202727058,""completion_by_type"":[1.1943358051476285,1.2921562116954255,1.6021790452016114],""finish"":1.6021790452016114,""tardiness"":0.0},""7"":{""start"":2.050971216240761,""completion_by_type"":[2.6043766724798365,2.707723114769176,3.225183449101275],""finish"":3.225183449101275,""tardiness"":0.0},""8"":{""start"":1.0497497903811235,""completion_by_type"":[1.7927500644176935,1.7952499886902138,1.9023202057740325],""finish"":1.9023202057740325,""tardiness"":0.47601285526073656},""9"":{""start"":2.932415447211074,""completion_by_type"":[3.4894849400038144,3.5465089418685967,3.856329400753762],""finish"":3.856329400753762,""tardiness"":1.408667591598431},""10"":{""start"":0.7789621415172328,""completion_by_type"":[1.4224750125964918,1.778704511909705,1.9232572689755372],""finish"":1.9232572689755372,""tardiness"":1.0838950635668203}}}","{""objective"":1.5224633287402867e-07,""distance"":7.105427357601002e-15,""tardiness"":3.0449266219534366e-07}",3600,1,0,100.0,manhattan,"[0.5,0.5]",True
k3_n10_i063,1,time_limit_feasible,3,10,63,N10_K3_M18_I63,9,TIME_LIMIT,True,False,10.802033180693162,14.28757950088737,7.3164868604989515,9.847890510430172,9.847890510430172,0.08832991477644787,10,3600.0009911060333,6753.64968975336,623527.0,55438887.0,0.554776408,time_limit_feasible,,time_limit_feasible,time_limit_feasible,raw_json,False,,,,1e-06,0.0,,"{""1"":[2,8,3],""2"":[5,1],""3"":[7,4],""4"":[9,10,6],""5"":[],""6"":[9,10,6],""7"":[2,8,3],""8"":[5,1],""9"":[7,4],""10"":[],""11"":[9,10,6],""12"":[],""13"":[5,1],""14"":[],""15"":[],""16"":[2,8,3],""17"":[7,4],""18"":[]}","{""1"":{""start"":1.566910520869378,""completion_by_type"":[2.229303442653753,2.4195486852202217,2.4328779938156786],""finish"":2.4328779938156786,""tardiness"":0.0},""2"":{""start"":1.1745159764182438,""completion_by_type"":[1.7750596734698132,2.017209139616156,2.1980220191200237],""finish"":2.1980220191200237,""tardiness"":0.35147847507621566},""3"":{""start"":3.825363443031806,""completion_by_type"":[4.460928446199144,4.769462528862468,4.864558385792438],""finish"":4.864558385792438,""tardiness"":0.2391010855943163},""4"":{""start"":1.4991137598411823,""completion_by_type"":[1.9560922324098242,2.434121603514889,2.674763066450569],""finish"":2.674763066450569,""tardiness"":0.07027695435523906},""5"":{""start"":0.5242357551135897,""completion_by_type"":[1.1633693181022269,1.378786207780434,1.461549543276265],""finish"":1.461549543276265,""tardiness"":0.074879254907255},""6"":{""start"":3.64733325132351,""completion_by_type"":[4.1689679323753985,4.47355694040637,4.680125222704571],""finish"":4.680125222704571,""tardiness"":4.205053518774953},""7"":{""start"":0.33632658030594315,""completion_by_type"":[0.9072006453678239,0.9899475111262614,1.3045006797995131],""finish"":1.3045006797995131,""tardiness"":0.0},""8"":{""start"":2.531385436862921,""completion_by_type"":[3.314681304489211,3.268980224880547,3.4359165253520736],""finish"":3.4359165253520736,""tardiness"":0.0},""9"":{""start"":1.0983018892725558,""completion_by_type"":[1.8051535482938312,1.742378145945433,2.0787686480618994],""finish"":2.0787686480618994,""tardiness"":0.0},""10"":{""start"":2.4144314562867537,""completion_by_type"":[3.185274100000168,3.180273054071983,3.3766341534203184],""finish"":3.3766341534203184,""tardiness"":2.3756975717911075}}","{""distance"":14.287579500887373,""tardiness"":7.3164868604990865,""objective"":10.802033180693229,""task_times"":{""1"":{""start"":1.566910520869378,""completion_by_type"":[2.229303442653753,2.4195486852202217,2.4328779938156786],""finish"":2.4328779938156786,""tardiness"":0.0},""2"":{""start"":1.1745159764182438,""completion_by_type"":[1.7750596734698132,2.017209139616156,2.1980220191200237],""finish"":2.1980220191200237,""tardiness"":0.35147847507621566},""3"":{""start"":3.825363443031806,""completion_by_type"":[4.460928446199144,4.769462528862468,4.864558385792438],""finish"":4.864558385792438,""tardiness"":0.2391010855943163},""4"":{""start"":1.4991137598411823,""completion_by_type"":[1.9560922324098242,2.434121603514889,2.674763066450569],""finish"":2.674763066450569,""tardiness"":0.07027695435523906},""5"":{""start"":0.5242357551135897,""completion_by_type"":[1.1633693181022269,1.378786207780434,1.461549543276265],""finish"":1.461549543276265,""tardiness"":0.074879254907255},""6"":{""start"":3.64733325132351,""completion_by_type"":[4.1689679323753985,4.47355694040637,4.680125222704571],""finish"":4.680125222704571,""tardiness"":4.205053518774953},""7"":{""start"":0.33632658030594315,""completion_by_type"":[0.9072006453678239,0.9899475111262614,1.3045006797995131],""finish"":1.3045006797995131,""tardiness"":0.0},""8"":{""start"":2.531385436862921,""completion_by_type"":[3.314681304489211,3.268980224880547,3.4359165253520736],""finish"":3.4359165253520736,""tardiness"":0.0},""9"":{""start"":1.0983018892725558,""completion_by_type"":[1.8051535482938312,1.742378145945433,2.0787686480618994],""finish"":2.0787686480618994,""tardiness"":0.0},""10"":{""start"":2.4144314562867537,""completion_by_type"":[3.185274100000168,3.180273054071983,3.3766341534203184],""finish"":3.3766341534203184,""tardiness"":2.3756975717911075}}}","{""objective"":6.750155989720952e-14,""distance"":3.552713678800501e-15,""tardiness"":1.3500311979441904e-13}",3600,1,0,100.0,manhattan,"[0.5,0.5]",True
k3_n10_i064,1,time_limit_feasible,3,10,64,N10_K3_M18_I64,9,TIME_LIMIT,True,False,10.21591811236005,14.909830321046014,5.5220059036740885,9.597437735949425,9.597437735949425,0.060540851013903225,10,3600.0009322166443,7280.093475360784,276633.0,49390157.0,0.247053104,time_limit_feasible,,time_limit_feasible,time_limit_feasible,raw_json,False,,,,1e-06,0.0,,"{""1"":[10,6,4,8],""2"":[3,1,9],""3"":[7,2,5],""4"":[],""5"":[7,2,5],""6"":[6,8],""7"":[10,4],""8"":[],""9"":[],""10"":[3,1,9],""11"":[],""12"":[],""13"":[],""14"":[],""15"":[7,2,5],""16"":[3,1,9],""17"":[6,8],""18"":[10,4]}","{""1"":{""start"":2.525342171805388,""completion_by_type"":[3.312572493049184,3.275436632455471,3.446078771578188],""finish"":3.446078771578188,""tardiness"":1.347243588729115},""2"":{""start"":1.9779285372966957,""completion_by_type"":[2.5582300631612633,2.709380874316615,2.9201250657771696],""finish"":2.9201250657771696,""tardiness"":1.6035953648265036},""3"":{""start"":1.0424174453124935,""completion_by_type"":[1.483463674009241,1.7271765287841236,2.214767998836244],""finish"":2.214767998836244,""tardiness"":1.2403183339807238},""4"":{""start"":2.3564774460551914,""completion_by_type"":[2.8661565135800973,2.9919481376149992,3.167067431811881],""finish"":3.167067431811881,""tardiness"":0.023906510987073304},""5"":{""start"":3.1961308128852424,""completion_by_type"":[3.8789081932761107,4.073945800662606,4.0135367597299405],""finish"":4.073945800662606,""tardiness"":0.0},""6"":{""start"":1.4978275072832532,""completion_by_type"":[2.021584621791089,2.4323571815469265,2.3085249520462683],""finish"":2.4323571815469265,""tardiness"":0.0},""7"":{""start"":0.5514754996448039,""completion_by_type"":[1.1682812228688755,1.3666038779332466,1.3793800636813955],""finish"":1.3793800636813955,""tardiness"":0.0},""8"":{""start"":3.3241256450505516,""completion_by_type"":[3.9317129258726013,4.065828727188627,4.19922872274373],""finish"":4.19922872274373,""tardiness"":0.0},""9"":{""start"":3.5837251156359136,""completion_by_type"":[4.251874869869648,4.2460487249773635,4.408306341427223],""finish"":4.408306341427223,""tardiness"":0.0},""10"":{""start"":0.7604077408500466,""completion_by_type"":[1.2689425537631287,1.5637173282888965,1.7802127115377568],""finish"":1.7802127115377568,""tardiness"":1.306942105151513}}","{""distance"":14.909830321046012,""tardiness"":5.522005903674929,""objective"":10.21591811236047,""task_times"":{""1"":{""start"":2.525342171805388,""completion_by_type"":[3.312572493049184,3.275436632455471,3.446078771578188],""finish"":3.446078771578188,""tardiness"":1.347243588729115},""2"":{""start"":1.9779285372966957,""completion_by_type"":[2.5582300631612633,2.709380874316615,2.9201250657771696],""finish"":2.9201250657771696,""tardiness"":1.6035953648265036},""3"":{""start"":1.0424174453124935,""completion_by_type"":[1.483463674009241,1.7271765287841236,2.214767998836244],""finish"":2.214767998836244,""tardiness"":1.2403183339807238},""4"":{""start"":2.3564774460551914,""completion_by_type"":[2.8661565135800973,2.9919481376149992,3.167067431811881],""finish"":3.167067431811881,""tardiness"":0.023906510987073304},""5"":{""start"":3.1961308128852424,""completion_by_type"":[3.8789081932761107,4.073945800662606,4.0135367597299405],""finish"":4.073945800662606,""tardiness"":0.0},""6"":{""start"":1.4978275072832532,""completion_by_type"":[2.021584621791089,2.4323571815469265,2.3085249520462683],""finish"":2.4323571815469265,""tardiness"":0.0},""7"":{""start"":0.5514754996448039,""completion_by_type"":[1.1682812228688755,1.3666038779332466,1.3793800636813955],""finish"":1.3793800636813955,""tardiness"":0.0},""8"":{""start"":3.3241256450505516,""completion_by_type"":[3.9317129258726013,4.065828727188627,4.19922872274373],""finish"":4.19922872274373,""tardiness"":0.0},""9"":{""start"":3.5837251156359136,""completion_by_type"":[4.251874869869648,4.2460487249773635,4.408306341427223],""finish"":4.408306341427223,""tardiness"":0.0},""10"":{""start"":0.7604077408500466,""completion_by_type"":[1.2689425537631287,1.5637173282888965,1.7802127115377568],""finish"":1.7802127115377568,""tardiness"":1.306942105151513}}}","{""objective"":4.192202140984591e-13,""distance"":1.7763568394002505e-15,""tardiness"":8.402167850363185e-13}",3600,1,0,100.0,manhattan,"[0.5,0.5]",True
k3_n10_i065,1,time_limit_feasible,3,10,65,N10_K3_M18_I65,9,TIME_LIMIT,True,False,8.758370792869375,11.146917580538286,6.369824005200465,8.32388096793481,8.32388096793481,0.0496085214031249,10,3600.0015709400177,7198.982346132284,419137.0,41920044.0,0.33763608,time_limit_feasible,,time_limit_feasible,time_limit_feasible,raw_json,False,,,,1e-06,0.0,,"{""1"":[8,10,7],""2"":[6,9,4],""3"":[5],""4"":[2,1,3],""5"":[8,10,7],""6"":[2,1,3],""7"":[6,9,4],""8"":[5],""9"":[],""10"":[],""11"":[5],""12"":[],""13"":[],""14"":[],""15"":[6,9,4],""16"":[2,1,3],""17"":[],""18"":[8,10,7]}","{""1"":{""start"":2.3099871809461354,""completion_by_type"":[2.8232951172202934,3.0815530660615353,3.3285286486527155],""finish"":3.3285286486527155,""tardiness"":0.0},""2"":{""start"":0.8467833199652091,""completion_by_type"":[1.5662490310947719,1.7498114597120071,1.7965346462290226],""finish"":1.7965346462290226,""tardiness"":0.0},""3"":{""start"":3.5455956171280367,""completion_by_type"":[4.058299511673169,4.336281922594613,4.400355383707756],""finish"":4.400355383707756,""tardiness"":0.0},""4"":{""start"":2.8107983587672782,""completion_by_type"":[3.3575521711972987,3.5825275521090214,3.7473949455732605],""finish"":3.7473949455732605,""tardiness"":0.0},""5"":{""start"":0.07200353171793794,""completion_by_type"":[0.8065193391947973,0.6992243993619265,1.1535299765114684],""finish"":1.1535299765114684,""tardiness"":0.0},""6"":{""start"":0.3923364657979477,""completion_by_type"":[0.8528059760497384,1.3605248824830984,1.2911244754545481],""finish"":1.3605248824830984,""tardiness"":0.0},""7"":{""start"":3.1629178022149502,""completion_by_type"":[3.6068757865950256,3.9346039332411933,4.025278477639992],""finish"":4.025278477639992,""tardiness"":2.892826308597246},""8"":{""start"":0.8283408032064833,""completion_by_type"":[1.5515397550266483,1.4962689311844044,1.6890193056231744],""finish"":1.6890193056231744,""tardiness"":0.12898042456419634},""9"":{""start"":1.5964654326629173,""completion_by_type"":[2.1314887065326946,2.462506293882508,2.676204099484569],""finish"":2.676204099484569,""tardiness"":0.8383184340967809},""10"":{""start"":2.019654827734246,""completion_by_type"":[2.638510029905558,3.018432564155799,2.9277441690428745],""finish"":3.018432564155799,""tardiness"":2.50969941870426}}","{""distance"":11.146917580538286,""tardiness"":6.369824585962483,""objective"":8.758371083250385,""task_times"":{""1"":{""start"":2.3099871809461354,""completion_by_type"":[2.8232951172202934,3.0815530660615353,3.3285286486527155],""finish"":3.3285286486527155,""tardiness"":0.0},""2"":{""start"":0.8467833199652091,""completion_by_type"":[1.5662490310947719,1.7498114597120071,1.7965346462290226],""finish"":1.7965346462290226,""tardiness"":0.0},""3"":{""start"":3.5455956171280367,""completion_by_type"":[4.058299511673169,4.336281922594613,4.400355383707756],""finish"":4.400355383707756,""tardiness"":0.0},""4"":{""start"":2.8107983587672782,""completion_by_type"":[3.3575521711972987,3.5825275521090214,3.7473949455732605],""finish"":3.7473949455732605,""tardiness"":0.0},""5"":{""start"":0.07200353171793794,""completion_by_type"":[0.8065193391947973,0.6992243993619265,1.1535299765114684],""finish"":1.1535299765114684,""tardiness"":0.0},""6"":{""start"":0.3923364657979477,""completion_by_type"":[0.8528059760497384,1.3605248824830984,1.2911244754545481],""finish"":1.3605248824830984,""tardiness"":0.0},""7"":{""start"":3.1629178022149502,""completion_by_type"":[3.6068757865950256,3.9346039332411933,4.025278477639992],""finish"":4.025278477639992,""tardiness"":2.892826308597246},""8"":{""start"":0.8283408032064833,""completion_by_type"":[1.5515397550266483,1.4962689311844044,1.6890193056231744],""finish"":1.6890193056231744,""tardiness"":0.12898042456419634},""9"":{""start"":1.5964654326629173,""completion_by_type"":[2.1314887065326946,2.462506293882508,2.676204099484569],""finish"":2.676204099484569,""tardiness"":0.8383184340967809},""10"":{""start"":2.019654827734246,""completion_by_type"":[2.638510029905558,3.018432564155799,2.9277441690428745],""finish"":3.018432564155799,""tardiness"":2.50969941870426}}}","{""objective"":2.903810099041948e-07,""distance"":0.0,""tardiness"":5.807620180320328e-07}",3600,1,0,100.0,manhattan,"[0.5,0.5]",True
k3_n10_i066,1,time_limit_feasible,3,10,66,N10_K3_M18_I66,9,TIME_LIMIT,True,False,11.421793727807716,15.631487816357355,7.212099639258075,10.518774226022014,10.518774226022014,0.0790610934942025,10,3600.000869035721,6917.985233021857,694235.0,48408278.0,0.602869592,time_limit_feasible,,time_limit_feasible,time_limit_feasible,raw_json,False,,,,1e-06,0.0,,"{""1"":[10,3,9],""2"":[6,8,4],""3"":[1,5,7],""4"":[2],""5"":[],""6"":[10,3,9],""7"":[],""8"":[6,8,4],""9"":[1,5,7],""10"":[2],""11"":[],""12"":[6,8,4],""13"":[],""14"":[1,5,7],""15"":[10,3,9],""16"":[2],""17"":[],""18"":[]}","{""1"":{""start"":1.6403818029411978,""completion_by_type"":[2.2595381983345417,2.4617924254858066,2.7971987799462283],""finish"":2.7971987799462283,""tardiness"":0.0},""2"":{""start"":0.2704091796857954,""completion_by_type"":[1.028296070173899,1.1992960421383854,1.4007169809435065],""finish"":1.4007169809435065,""tardiness"":0.0},""3"":{""start"":1.784829634523938,""completion_by_type"":[2.3467753110221348,2.641922953130815,2.834178574779381],""finish"":2.834178574779381,""tardiness"":0.0},""4"":{""start"":3.9213150384675455,""completion_by_type"":[4.622384224671595,4.623916924458632,4.888732393531841],""finish"":4.888732393531841,""tardiness"":0.0},""5"":{""start"":2.9524612334350677,""completion_by_type"":[3.690838798348831,3.935913012691512,3.960064622987253],""finish"":3.960064622987253,""tardiness"":2.454276168004384},""6"":{""start"":0.9792362982094374,""completion_by_type"":[1.6795346355624905,1.5850784375347002,1.8406027931343707],""finish"":1.8406027931343707,""tardiness"":1.5154891116275782},""7"":{""start"":4.033740689880631,""completion_by_type"":[4.53419310533094,4.86903311348618,4.85732911292511],""finish"":4.86903311348618,""tardiness"":1.3210877103855174},""8"":{""start"":2.2425145733358596,""completion_by_type"":[2.735414112932146,3.0022073226664947,3.1976823370066363],""finish"":3.1976823370066363,""tardiness"":1.3657079443637343},""9"":{""start"":3.0574451336869397,""completion_by_type"":[3.6009396809940557,3.808254862160497,4.138354421361998],""finish"":4.138354421361998,""tardiness"":0.0994970012599623},""10"":{""start"":0.5721882530820999,""completion_by_type"":[1.1146884867880464,1.406330282937183,1.6142987906088577],""finish"":1.6142987906088577,""tardiness"":0.45604170361697083}}","{""distance"":15.63148781635736,""tardiness"":7.212099639258146,""objective"":11.421793727807753,""task_times"":{""1"":{""start"":1.6403818029411978,""completion_by_type"":[2.2595381983345417,2.4617924254858066,2.7971987799462283],""finish"":2.7971987799462283,""tardiness"":0.0},""2"":{""start"":0.2704091796857954,""completion_by_type"":[1.028296070173899,1.1992960421383854,1.4007169809435065],""finish"":1.4007169809435065,""tardiness"":0.0},""3"":{""start"":1.784829634523938,""completion_by_type"":[2.3467753110221348,2.641922953130815,2.834178574779381],""finish"":2.834178574779381,""tardiness"":0.0},""4"":{""start"":3.9213150384675455,""completion_by_type"":[4.622384224671595,4.623916924458632,4.888732393531841],""finish"":4.888732393531841,""tardiness"":0.0},""5"":{""start"":2.9524612334350677,""completion_by_type"":[3.690838798348831,3.935913012691512,3.960064622987253],""finish"":3.960064622987253,""tardiness"":2.454276168004384},""6"":{""start"":0.9792362982094374,""completion_by_type"":[1.6795346355624905,1.5850784375347002,1.8406027931343707],""finish"":1.8406027931343707,""tardiness"":1.5154891116275782},""7"":{""start"":4.033740689880631,""completion_by_type"":[4.53419310533094,4.86903311348618,4.85732911292511],""finish"":4.86903311348618,""tardiness"":1.3210877103855174},""8"":{""start"":2.2425145733358596,""completion_by_type"":[2.735414112932146,3.0022073226664947,3.1976823370066363],""finish"":3.1976823370066363,""tardiness"":1.3657079443637343},""9"":{""start"":3.0574451336869397,""completion_by_type"":[3.6009396809940557,3.808254862160497,4.138354421361998],""finish"":4.138354421361998,""tardiness"":0.0994970012599623},""10"":{""start"":0.5721882530820999,""completion_by_type"":[1.1146884867880464,1.406330282937183,1.6142987906088577],""finish"":1.6142987906088577,""tardiness"":0.45604170361697083}}}","{""objective"":3.730349362740526e-14,""distance"":5.329070518200751e-15,""tardiness"":7.105427357601002e-14}",3600,1,0,100.0,manhattan,"[0.5,0.5]",True
k3_n10_i067,1,time_limit_feasible,3,10,67,N10_K3_M18_I67,9,TIME_LIMIT,True,False,8.841224804148785,13.039910397727752,4.642539210569819,8.352091400088081,8.352091400088081,0.05532416773648553,10,3600.0029950141907,5748.58009871776,1003603.0,58729850.0,0.627063288,time_limit_feasible,,time_limit_feasible,time_limit_feasible,raw_json,False,,,,1e-06,0.0,,"{""1"":[5],""2"":[8,10,9],""3"":[6,4,2],""4"":[3,7,1],""5"":[5],""6"":[],""7"":[],""8"":[6,4,2],""9"":[3,7,1],""10"":[8,10,9],""11"":[],""12"":[],""13"":[3,7,1],""14"":[6,4,2],""15"":[5],""16"":[],""17"":[8,10,9],""18"":[]}","{""1"":{""start"":3.3287314562095376,""completion_by_type"":[4.07611198956691,4.256908504491018,4.347904501888683],""finish"":4.347904501888683,""tardiness"":0.7013898176937583},""2"":{""start"":3.073618879662112,""completion_by_type"":[3.8397363475445796,3.9357049209715997,4.049678795530905],""finish"":4.049678795530905,""tardiness"":0.0028144271607128957},""3"":{""start"":0.8765553451490872,""completion_by_type"":[1.3978764798489274,1.8469509284359222,1.778209895277015],""finish"":1.8469509284359222,""tardiness"":0.0},""4"":{""start"":1.7189629445345993,""completion_by_type"":[2.204289005722006,2.7177698690550973,2.882673752687949],""finish"":2.882673752687949,""tardiness"":0.0},""5"":{""start"":0.04542719899928449,""completion_by_type"":[0.7889476188247403,0.8291960780699221,1.0038898840089971],""finish"":1.0038898840089971,""tardiness"":0.5748529973330463},""6"":{""start"":0.23095260168521559,""completion_by_type"":[0.8166495856594408,1.106122357607346,1.205949787600583],""finish"":1.205949787600583,""tardiness"":0.0},""7"":{""start"":2.063993237162655,""completion_by_type"":[2.727680341403863,2.825011688119479,2.984434458406657],""finish"":2.984434458406657,""tardiness"":2.1385915999548484},""8"":{""start"":1.3492166065270252,""completion_by_type"":[1.8365758076501482,1.984363736537007,2.294763399185237],""finish"":2.294763399185237,""tardiness"":0.6920848193789431},""9"":{""start"":3.8457252360282577,""completion_by_type"":[4.378326696534558,4.650144194179067,4.82813379094002],""finish"":4.82813379094002,""tardiness"":0.0},""10"":{""start"":2.7534152044628297,""completion_by_type"":[3.213029048759296,3.722960968069212,3.7251895848616705],""finish"":3.7251895848616705,""tardiness"":0.5328059236356384}}","{""distance"":13.039910397727754,""tardiness"":4.642539585156948,""objective"":8.84122499144235,""task_times"":{""1"":{""start"":3.3287314562095376,""completion_by_type"":[4.07611198956691,4.256908504491018,4.347904501888683],""finish"":4.347904501888683,""tardiness"":0.7013898176937583},""2"":{""start"":3.073618879662112,""completion_by_type"":[3.8397363475445796,3.9357049209715997,4.049678795530905],""finish"":4.049678795530905,""tardiness"":0.0028144271607128957},""3"":{""start"":0.8765553451490872,""completion_by_type"":[1.3978764798489274,1.8469509284359222,1.778209895277015],""finish"":1.8469509284359222,""tardiness"":0.0},""4"":{""start"":1.7189629445345993,""completion_by_type"":[2.204289005722006,2.7177698690550973,2.882673752687949],""finish"":2.882673752687949,""tardiness"":0.0},""5"":{""start"":0.04542719899928449,""completion_by_type"":[0.7889476188247403,0.8291960780699221,1.0038898840089971],""finish"":1.0038898840089971,""tardiness"":0.5748529973330463},""6"":{""start"":0.23095260168521559,""completion_by_type"":[0.8166495856594408,1.106122357607346,1.205949787600583],""finish"":1.205949787600583,""tardiness"":0.0},""7"":{""start"":2.063993237162655,""completion_by_type"":[2.727680341403863,2.825011688119479,2.984434458406657],""finish"":2.984434458406657,""tardiness"":2.1385915999548484},""8"":{""start"":1.3492166065270252,""completion_by_type"":[1.8365758076501482,1.984363736537007,2.294763399185237],""finish"":2.294763399185237,""tardiness"":0.6920848193789431},""9"":{""start"":3.8457252360282577,""completion_by_type"":[4.378326696534558,4.650144194179067,4.82813379094002],""finish"":4.82813379094002,""tardiness"":0.0},""10"":{""start"":2.7534152044628297,""completion_by_type"":[3.213029048759296,3.722960968069212,3.7251895848616705],""finish"":3.7251895848616705,""tardiness"":0.5328059236356384}}}","{""objective"":1.8729356554558763e-07,""distance"":1.7763568394002505e-15,""tardiness"":3.745871293148184e-07}",3600,1,0,100.0,manhattan,"[0.5,0.5]",True
k3_n10_i068,1,time_limit_feasible_postprocess_warning,3,10,68,N10_K3_M18_I68,9,TIME_LIMIT,True,False,11.04408966021,,,10.39068042014,10.39068042014,0.059163702955448025,10,3600.01,6088.67,792598.0,55034512.0,,time_limit_feasible_postprocess_warning,"ValueError: MILP and independent evaluation differ: {'objective': 5.58516131121678e-07, 'distance': 1.7763568394002505e-15, 'tardiness': 1.1170322631315344e-06}",failed,time_limit_feasible_postprocess_warning,gurobi_log,True,5.58516131121678e-07,1.7763568394002505e-15,1.1170322631315344e-06,1e-06,,5.9164,,,,,3600,1,0,,,,
k3_n10_i069,1,time_limit_feasible,3,10,69,N10_K3_M18_I69,9,TIME_LIMIT,True,False,11.373353883355797,13.87386033936303,8.872847427348564,9.356458663508638,9.356458663508638,0.17733513267346415,10,3600.0009388923645,7152.605133241251,392084.0,51692884.0,0.447276872,time_limit_feasible,,time_limit_feasible,time_limit_feasible,raw_json,False,,,,1e-06,0.0,,"{""1"":[],""2"":[4,10],""3"":[8,1,2,3],""4"":[9,7,5,6],""5"":[],""6"":[4,10],""7"":[9,7,5,6],""8"":[],""9"":[8,1,2,3],""10"":[],""11"":[4,10,5],""12"":[],""13"":[8,1,2,3],""14"":[],""15"":[],""16"":[9,7,6],""17"":[],""18"":[]}","{""1"":{""start"":2.4588443053389337,""completion_by_type"":[3.2039837983731663,3.454634908398332,3.5779522893372544],""finish"":3.5779522893372544,""tardiness"":1.5697199791693563},""2"":{""start"":3.8874000933461885,""completion_by_type"":[4.430081016235865,4.7585430685201136,4.998966395938802],""finish"":4.998966395938802,""tardiness"":0.649484966076975},""3"":{""start"":5.340258826794834,""completion_by_type"":[5.968653072420151,6.088819015950563,6.447129385117053],""finish"":6.447129385117053,""tardiness"":3.028960248492848},""4"":{""start"":0.3094794420403685,""completion_by_type"":[1.0483859137070377,0.9904130712791855,1.1315843620606425],""finish"":1.1315843620606425,""tardiness"":0.47724130652953056},""5"":{""start"":2.9229383824255684,""completion_by_type"":[3.621803702865787,3.660016556525255,3.899039766331967],""finish"":3.899039766331967,""tardiness"":0.0749725992139667},""6"":{""start"":4.299297557416249,""completion_by_type"":[5.0728038955916634,5.201498416307066,5.237580318658287],""finish"":5.237580318658287,""tardiness"":0.07335236997434258},""7"":{""start"":1.9992430890445698,""completion_by_type"":[2.5738465930723624,2.903922030133239,3.109996609823417],""finish"":3.109996609823417,""tardiness"":1.7763351710628799},""8"":{""start"":1.2880529509479457,""completion_by_type"":[2.0128149226755276,2.08341086818724,2.272962968717718],""finish"":2.272962968717718,""tardiness"":1.2227808749467393},""9"":{""start"":0.9322033646879557,""completion_by_type"":[1.6261373787422828,1.7183832525606206,1.918022912252345],""finish"":1.918022912252345,""tardiness"":0.0},""10"":{""start"":1.563304982757407,""completion_by_type"":[2.3440263171115143,2.487936553943677,2.585539334372694],""finish"":2.585539334372694,""tardiness"":0.0}}","{""distance"":13.873860339363032,""tardiness"":8.872847515466638,""objective"":11.373353927414836,""task_times"":{""1"":{""start"":2.4588443053389337,""completion_by_type"":[3.2039837983731663,3.454634908398332,3.5779522893372544],""finish"":3.5779522893372544,""tardiness"":1.5697199791693563},""2"":{""start"":3.8874000933461885,""completion_by_type"":[4.430081016235865,4.7585430685201136,4.998966395938802],""finish"":4.998966395938802,""tardiness"":0.649484966076975},""3"":{""start"":5.340258826794834,""completion_by_type"":[5.968653072420151,6.088819015950563,6.447129385117053],""finish"":6.447129385117053,""tardiness"":3.028960248492848},""4"":{""start"":0.3094794420403685,""completion_by_type"":[1.0483859137070377,0.9904130712791855,1.1315843620606425],""finish"":1.1315843620606425,""tardiness"":0.47724130652953056},""5"":{""start"":2.9229383824255684,""completion_by_type"":[3.621803702865787,3.660016556525255,3.899039766331967],""finish"":3.899039766331967,""tardiness"":0.0749725992139667},""6"":{""start"":4.299297557416249,""completion_by_type"":[5.0728038955916634,5.201498416307066,5.237580318658287],""finish"":5.237580318658287,""tardiness"":0.07335236997434258},""7"":{""start"":1.9992430890445698,""completion_by_type"":[2.5738465930723624,2.903922030133239,3.109996609823417],""finish"":3.109996609823417,""tardiness"":1.7763351710628799},""8"":{""start"":1.2880529509479457,""completion_by_type"":[2.0128149226755276,2.08341086818724,2.272962968717718],""finish"":2.272962968717718,""tardiness"":1.2227808749467393},""9"":{""start"":0.9322033646879557,""completion_by_type"":[1.6261373787422828,1.7183832525606206,1.918022912252345],""finish"":1.918022912252345,""tardiness"":0.0},""10"":{""start"":1.563304982757407,""completion_by_type"":[2.3440263171115143,2.487936553943677,2.585539334372694],""finish"":2.585539334372694,""tardiness"":0.0}}}","{""objective"":4.405903908377695e-08,""distance"":1.7763568394002505e-15,""tardiness"":8.811807461484022e-08}",3600,1,0,100.0,manhattan,"[0.5,0.5]",True
k3_n10_i070,1,time_limit_feasible_postprocess_warning,3,10,70,N10_K3_M18_I70,9,TIME_LIMIT,True,False,10.98325371914,,,9.934253903683,9.934253903683,0.09550902148686206,10,3600.0,6227.59,1056794.0,55141300.0,,time_limit_feasible_postprocess_warning,"ValueError: MILP and independent evaluation differ: {'objective': 9.532470883755195e-07, 'distance': 3.552713678800501e-15, 'tardiness': 1.906494172310147e-06}",failed,time_limit_feasible_postprocess_warning,gurobi_log,True,9.532470883755195e-07,3.552713678800501e-15,1.906494172310147e-06,1e-06,,9.5509,,,,,3600,1,0,,,,
k3_n10_i071,1,time_limit_feasible,3,10,71,N10_K3_M18_I71,9,TIME_LIMIT,True,False,11.639856722239752,16.01893336596095,7.260780078518556,9.374118500062721,9.374118500062721,0.19465344602120288,10,3600.00088596344,6386.690030851566,838000.0,44688306.0,0.872255904,time_limit_feasible,,time_limit_feasible,time_limit_feasible,raw_json,False,,,,1e-06,0.0,,"{""1"":[3,2,1],""2"":[10,4,5],""3"":[9,8,6],""4"":[7],""5"":[9,8,6],""6"":[3,2,1],""7"":[],""8"":[],""9"":[10,4,5],""10"":[7],""11"":[],""12"":[],""13"":[],""14"":[],""15"":[7,4,5],""16"":[10],""17"":[3,2,1],""18"":[9,8,6]}","{""1"":{""start"":3.9025373672504946,""completion_by_type"":[4.333716132421556,4.69959686629967,4.856774249526224],""finish"":4.856774249526224,""tardiness"":0.044402197505977625},""2"":{""start"":2.8086418152009593,""completion_by_type"":[3.210808388386856,3.788728033595323,3.6914388158446654],""finish"":3.788728033595323,""tardiness"":2.1690443031840987},""3"":{""start"":1.674099116029759,""completion_by_type"":[2.0874705010189154,2.6141990058302538,2.6494941783083545],""finish"":2.6494941783083545,""tardiness"":1.781075608499103},""4"":{""start"":1.772854027735139,""completion_by_type"":[2.5510862270964663,2.7297638226802574,2.7574202182592575],""finish"":2.7574202182592575,""tardiness"":0.5863808914133735},""5"":{""start"":3.040033678011227,""completion_by_type"":[3.582046708928636,3.7164841783264597,3.9866771935837497],""finish"":3.9866771935837497,""tardiness"":0.5680166956573918},""6"":{""start"":3.528774275509256,""completion_by_type"":[4.044016863395392,4.415988980000341,4.4011818572221415],""finish"":4.415988980000341,""tardiness"":0.0},""7"":{""start"":0.09174051730993149,""completion_by_type"":[0.5256068926686379,0.8433904385447956,0.9157016760309997],""finish"":0.9157016760309997,""tardiness"":0.0},""8"":{""start"":2.504305317578745,""completion_by_type"":[3.029344549960864,3.279781832686899,3.338029132890535],""finish"":3.338029132890535,""tardiness"":0.833225870762758},""9"":{""start"":0.8111958965851571,""completion_by_type"":[1.4868902860487798,1.8059391428355545,1.620929793194968],""finish"":1.8059391428355545,""tardiness"":1.2786345114961142},""10"":{""start"":0.8334090612314307,""completion_by_type"":[1.252300995140954,1.4529361557144682,1.847531231541404],""finish"":1.847531231541404,""tardiness"":0.0}}","{""distance"":16.018933365960955,""tardiness"":7.260780078518818,""objective"":11.639856722239886,""task_times"":{""1"":{""start"":3.9025373672504946,""completion_by_type"":[4.333716132421556,4.69959686629967,4.856774249526224],""finish"":4.856774249526224,""tardiness"":0.044402197505977625},""2"":{""start"":2.8086418152009593,""completion_by_type"":[3.210808388386856,3.788728033595323,3.6914388158446654],""finish"":3.788728033595323,""tardiness"":2.1690443031840987},""3"":{""start"":1.674099116029759,""completion_by_type"":[2.0874705010189154,2.6141990058302538,2.6494941783083545],""finish"":2.6494941783083545,""tardiness"":1.781075608499103},""4"":{""start"":1.772854027735139,""completion_by_type"":[2.5510862270964663,2.7297638226802574,2.7574202182592575],""finish"":2.7574202182592575,""tardiness"":0.5863808914133735},""5"":{""start"":3.040033678011227,""completion_by_type"":[3.582046708928636,3.7164841783264597,3.9866771935837497],""finish"":3.9866771935837497,""tardiness"":0.5680166956573918},""6"":{""start"":3.528774275509256,""completion_by_type"":[4.044016863395392,4.415988980000341,4.4011818572221415],""finish"":4.415988980000341,""tardiness"":0.0},""7"":{""start"":0.09174051730993149,""completion_by_type"":[0.5256068926686379,0.8433904385447956,0.9157016760309997],""finish"":0.9157016760309997,""tardiness"":0.0},""8"":{""start"":2.504305317578745,""completion_by_type"":[3.029344549960864,3.279781832686899,3.338029132890535],""finish"":3.338029132890535,""tardiness"":0.833225870762758},""9"":{""start"":0.8111958965851571,""completion_by_type"":[1.4868902860487798,1.8059391428355545,1.620929793194968],""finish"":1.8059391428355545,""tardiness"":1.2786345114961142},""10"":{""start"":0.8334090612314307,""completion_by_type"":[1.252300995140954,1.4529361557144682,1.847531231541404],""finish"":1.847531231541404,""tardiness"":0.0}}}","{""objective"":1.3322676295501878e-13,""distance"":3.552713678800501e-15,""tardiness"":2.6201263381153694e-13}",3600,1,0,100.0,manhattan,"[0.5,0.5]",True
k3_n10_i072,1,optimal,3,10,72,N10_K3_M18_I72,2,OPTIMAL,True,True,8.54457047783852,13.230580290068195,3.8585606656088416,8.544570477837905,8.544570477837905,0.0,10,1690.0986649990082,3118.4034624538244,275615.0,25957810.0,0.126488576,optimal,,optimal,optimal,raw_json,False,,,,1e-06,0.0,,"{""1"":[6,5,9],""2"":[10,7],""3"":[3,2,8],""4"":[4,1],""5"":[4,1],""6"":[6,5,9],""7"":[],""8"":[10,2,7],""9"":[],""10"":[3,8],""11"":[],""12"":[],""13"":[4,1],""14"":[6,5,9],""15"":[],""16"":[10,2,7],""17"":[],""18"":[3,8]}","{""1"":{""start"":1.6193935454644217,""completion_by_type"":[2.131609460574963,2.4067386499781214,2.797681823555415],""finish"":2.797681823555415,""tardiness"":0.0},""2"":{""start"":1.864863054299191,""completion_by_type"":[2.35238572917706,2.760549693767671,3.0168758458147464],""finish"":3.0168758458147464,""tardiness"":2.6669889825448445},""3"":{""start"":0.9231615204221618,""completion_by_type"":[1.3409345925705856,1.8732293717094197,1.946705809425012],""finish"":1.946705809425012,""tardiness"":0.49742008162902196},""4"":{""start"":0.6233776976384869,""completion_by_type"":[1.336997587349598,1.471507333247716,1.4947353793753477],""finish"":1.4947353793753477,""tardiness"":0.6903438172578678},""5"":{""start"":1.7568797723475933,""completion_by_type"":[2.5494392626405022,2.603625181330977,2.6560032188033063],""finish"":2.6560032188033063,""tardiness"":0.0},""6"":{""start"":0.3978124741887098,""completion_by_type"":[0.9329165687400705,1.0184521559364983,1.56295846708581],""finish"":1.56295846708581,""tardiness"":0.0},""7"":{""start"":3.200108007259145,""completion_by_type"":[3.6802586126004293,4.11832536455909,4.026112409221636],""finish"":4.11832536455909,""tardiness"":0.0},""8"":{""start"":3.043966241975838,""completion_by_type"":[3.726205970274026,3.934716390170318,4.0157504873479875],""finish"":4.0157504873479875,""tardiness"":0.0038077841770958187},""9"":{""start"":2.950530409248287,""completion_by_type"":[3.3901380458923565,3.87048563430663,4.052540213882368],""finish"":4.052540213882368,""tardiness"":0.0},""10"":{""start"":0.672134575262982,""completion_by_type"":[1.3202973211720357,1.3451324246348444,1.5433861246684448],""finish"":1.5433861246684448,""tardiness"":0.0}}","{""distance"":13.230580290068199,""tardiness"":3.85856066560883,""objective"":8.544570477838514,""task_times"":{""1"":{""start"":1.6193935454644217,""completion_by_type"":[2.131609460574963,2.4067386499781214,2.797681823555415],""finish"":2.797681823555415,""tardiness"":0.0},""2"":{""start"":1.864863054299191,""completion_by_type"":[2.35238572917706,2.760549693767671,3.0168758458147464],""finish"":3.0168758458147464,""tardiness"":2.6669889825448445},""3"":{""start"":0.9231615204221618,""completion_by_type"":[1.3409345925705856,1.8732293717094197,1.946705809425012],""finish"":1.946705809425012,""tardiness"":0.49742008162902196},""4"":{""start"":0.6233776976384869,""completion_by_type"":[1.336997587349598,1.471507333247716,1.4947353793753477],""finish"":1.4947353793753477,""tardiness"":0.6903438172578678},""5"":{""start"":1.7568797723475933,""completion_by_type"":[2.5494392626405022,2.603625181330977,2.6560032188033063],""finish"":2.6560032188033063,""tardiness"":0.0},""6"":{""start"":0.3978124741887098,""completion_by_type"":[0.9329165687400705,1.0184521559364983,1.56295846708581],""finish"":1.56295846708581,""tardiness"":0.0},""7"":{""start"":3.200108007259145,""completion_by_type"":[3.6802586126004293,4.11832536455909,4.026112409221636],""finish"":4.11832536455909,""tardiness"":0.0},""8"":{""start"":3.043966241975838,""completion_by_type"":[3.726205970274026,3.934716390170318,4.0157504873479875],""finish"":4.0157504873479875,""tardiness"":0.0038077841770958187},""9"":{""start"":2.950530409248287,""completion_by_type"":[3.3901380458923565,3.87048563430663,4.052540213882368],""finish"":4.052540213882368,""tardiness"":0.0},""10"":{""start"":0.672134575262982,""completion_by_type"":[1.3202973211720357,1.3451324246348444,1.5433861246684448],""finish"":1.5433861246684448,""tardiness"":0.0}}}","{""objective"":5.329070518200751e-15,""distance"":3.552713678800501e-15,""tardiness"":1.1546319456101628e-14}",3600,1,0,100.0,manhattan,"[0.5,0.5]",True
k3_n10_i073,1,optimal_postprocess_warning,3,10,73,N10_K3_M18_I73,2,OPTIMAL,True,True,9.902726916809,,,9.902726916809,9.902726916809,0.0,10,3137.04,6081.18,706523.0,33904421.0,,optimal_postprocess_warning,"ValueError: MILP and independent evaluation differ: {'objective': 1.525346192465804e-06, 'distance': 1.7763568394002505e-15, 'tardiness': 3.0506923858197865e-06}",failed,optimal_postprocess_warning,gurobi_log,True,1.525346192465804e-06,1.7763568394002505e-15,3.0506923858197865e-06,1e-06,,0.0,,,,,3600,1,0,,,,
k3_n10_i074,1,time_limit_feasible_postprocess_warning,3,10,74,N10_K3_M18_I74,9,TIME_LIMIT,True,False,10.97403144855,,,9.83064752841,9.83064752841,0.10418996204818394,10,3600.01,6661.8,641645.0,55061365.0,,time_limit_feasible_postprocess_warning,"ValueError: MILP and independent evaluation differ: {'objective': 6.189113452848005e-07, 'distance': 0.0, 'tardiness': 1.2378226932341363e-06}",failed,time_limit_feasible_postprocess_warning,gurobi_log,True,6.189113452848005e-07,0.0,1.2378226932341363e-06,1e-06,,10.419,,,,,3600,1,0,,,,
k3_n10_i075,1,time_limit_feasible,3,10,75,N10_K3_M18_I75,9,TIME_LIMIT,True,False,11.87080040650622,15.406722933360703,8.334877879651735,10.674330306617351,10.674330306617351,0.10079102157535223,10,3600.009169816971,7058.026828130211,362106.0,48943648.0,0.374039832,time_limit_feasible,,time_limit_feasible,time_limit_feasible,raw_json,False,,,,1e-06,0.0,,"{""1"":[6,7],""2"":[5,4,8],""3"":[10,3,1],""4"":[2,9],""5"":[2,9],""6"":[5,4,8],""7"":[10,3,1],""8"":[],""9"":[6,7],""10"":[],""11"":[10,3,1],""12"":[],""13"":[2,9],""14"":[6,7],""15"":[],""16"":[5,4,8],""17"":[],""18"":[]}","{""1"":{""start"":3.5898346487056205,""completion_by_type"":[4.013214118994666,4.313301428702812,4.410137968708974],""finish"":4.410137968708974,""tardiness"":3.9792684370690554},""2"":{""start"":0.9265364459240364,""completion_by_type"":[1.6909064961611588,1.6382333149853416,1.90030103762426],""finish"":1.90030103762426,""tardiness"":0.0},""3"":{""start"":2.54171911853366,""completion_by_type"":[3.1224709853988797,3.5321549419485914,3.4941792088158126],""finish"":3.5321549419485914,""tardiness"":0.6736555441899164},""4"":{""start"":1.9802580967143943,""completion_by_type"":[2.442074669937783,2.592479965709664,2.8518282898931955],""finish"":2.8518282898931955,""tardiness"":1.3662282550805895},""5"":{""start"":0.7880949179976009,""completion_by_type"":[1.1932611152345407,1.7502635155827313,1.6018952665696473],""finish"":1.7502635155827313,""tardiness"":0.0},""6"":{""start"":0.7538444323056369,""completion_by_type"":[1.3934990092809378,1.4942664307358235,1.7321224985115014],""finish"":1.7321224985115014,""tardiness"":0.0},""7"":{""start"":2.2293082184721196,""completion_by_type"":[2.8754469048532414,3.06367154666375,3.4252524829308943],""finish"":3.4252524829308943,""tardiness"":0.0},""8"":{""start"":3.0232324697545137,""completion_by_type"":[3.4623531334913737,3.705417817199654,4.010763460030336],""finish"":4.010763460030336,""tardiness"":0.0},""9"":{""start"":2.231740592691327,""completion_by_type"":[2.9772951486027024,3.201538381331051,3.326142138771491],""finish"":3.326142138771491,""tardiness"":2.315725951478087},""10"":{""start"":1.1253363787749378,""completion_by_type"":[1.859026178481395,1.778214179405814,2.287660725193332],""finish"":2.287660725193332,""tardiness"":0.0}}","{""distance"":15.406722933360708,""tardiness"":8.334878187817647,""objective"":11.870800560589178,""task_times"":{""1"":{""start"":3.5898346487056205,""completion_by_type"":[4.013214118994666,4.313301428702812,4.410137968708974],""finish"":4.410137968708974,""tardiness"":3.9792684370690554},""2"":{""start"":0.9265364459240364,""completion_by_type"":[1.6909064961611588,1.6382333149853416,1.90030103762426],""finish"":1.90030103762426,""tardiness"":0.0},""3"":{""start"":2.54171911853366,""completion_by_type"":[3.1224709853988797,3.5321549419485914,3.4941792088158126],""finish"":3.5321549419485914,""tardiness"":0.6736555441899164},""4"":{""start"":1.9802580967143943,""completion_by_type"":[2.442074669937783,2.592479965709664,2.8518282898931955],""finish"":2.8518282898931955,""tardiness"":1.3662282550805895},""5"":{""start"":0.7880949179976009,""completion_by_type"":[1.1932611152345407,1.7502635155827313,1.6018952665696473],""finish"":1.7502635155827313,""tardiness"":0.0},""6"":{""start"":0.7538444323056369,""completion_by_type"":[1.3934990092809378,1.4942664307358235,1.7321224985115014],""finish"":1.7321224985115014,""tardiness"":0.0},""7"":{""start"":2.2293082184721196,""completion_by_type"":[2.8754469048532414,3.06367154666375,3.4252524829308943],""finish"":3.4252524829308943,""tardiness"":0.0},""8"":{""start"":3.0232324697545137,""completion_by_type"":[3.4623531334913737,3.705417817199654,4.010763460030336],""finish"":4.010763460030336,""tardiness"":0.0},""9"":{""start"":2.231740592691327,""completion_by_type"":[2.9772951486027024,3.201538381331051,3.326142138771491],""finish"":3.326142138771491,""tardiness"":2.315725951478087},""10"":{""start"":1.1253363787749378,""completion_by_type"":[1.859026178481395,1.778214179405814,2.287660725193332],""finish"":2.287660725193332,""tardiness"":0.0}}}","{""objective"":1.540829579482761e-07,""distance"":5.329070518200751e-15,""tardiness"":3.081659123438385e-07}",3600,1,0,100.0,manhattan,"[0.5,0.5]",True
k3_n10_i076,1,time_limit_feasible,3,10,76,N10_K3_M18_I76,9,TIME_LIMIT,True,False,11.62864757174026,15.7906692176137,7.46662592586682,10.46822769233639,10.46822769233639,0.09978975390258643,10,3600.0089199543,7225.86201015668,438217.0,58236610.0,0.449062328,time_limit_feasible,,time_limit_feasible,time_limit_feasible,raw_json,False,,,,1e-06,0.0,,"{""1"":[1,4,7],""2"":[5,8],""3"":[2,10,6],""4"":[3,9],""5"":[1,4,7],""6"":[2,10,6],""7"":[],""8"":[],""9"":[5,8],""10"":[3,9],""11"":[5,8],""12"":[3,9],""13"":[1,4,7],""14"":[],""15"":[2,10,6],""16"":[],""17"":[],""18"":[]}","{""1"":{""start"":0.7406322687817715,""completion_by_type"":[1.4966875166286158,1.6300132156920877,1.6524604398431029],""finish"":1.6524604398431029,""tardiness"":0.15640185725258493},""2"":{""start"":1.080202684055098,""completion_by_type"":[1.8072459190217185,1.9466812258810238,2.0796766321918083],""finish"":2.0796766321918083,""tardiness"":1.1720558562618502},""3"":{""start"":1.3864247626398298,""completion_by_type"":[2.1557919360795688,2.1878815768455375,2.347688117892091],""finish"":2.347688117892091,""tardiness"":0.0},""4"":{""start"":1.8870440447114247,""completion_by_type"":[2.4069496156375934,2.637317820839676,2.925579709728563],""finish"":2.925579709728563,""tardiness"":0.0},""5"":{""start"":0.2663125541641229,""completion_by_type"":[0.895010276304812,1.0254000352397434,1.1183678425496748],""finish"":1.1183678425496748,""tardiness"":0.0},""6"":{""start"":3.4545312298714554,""completion_by_type"":[4.210108526739381,4.253398431105398,4.378135789239883],""finish"":4.378135789239883,""tardiness"":1.0569858655987825},""7"":{""start"":3.1583987247391585,""completion_by_type"":[3.676493866740494,4.059119851608388,4.351996027123965],""finish"":4.351996027123965,""tardiness"":0.5439591364711243},""8"":{""start"":1.5885230922581544,""completion_by_type"":[2.3719008390091423,2.30693123923902,2.415854430570225],""finish"":2.415854430570225,""tardiness"":0.0},""9"":{""start"":2.6703089790701933,""completion_by_type"":[3.3822998408599654,3.61523274247022,3.8439205581553955],""finish"":3.8439205581553955,""tardiness"":3.4359986427322986},""10"":{""start"":2.321057881545828,""completion_by_type"":[2.9923943121720806,3.013556637763471,3.166107073760561],""finish"":3.166107073760561,""tardiness"":1.1012252905606479}}","{""distance"":15.790669217613706,""tardiness"":7.4666266488772886,""objective"":11.628647933245498,""task_times"":{""1"":{""start"":0.7406322687817715,""completion_by_type"":[1.4966875166286158,1.6300132156920877,1.6524604398431029],""finish"":1.6524604398431029,""tardiness"":0.15640185725258493},""2"":{""start"":1.080202684055098,""completion_by_type"":[1.8072459190217185,1.9466812258810238,2.0796766321918083],""finish"":2.0796766321918083,""tardiness"":1.1720558562618502},""3"":{""start"":1.3864247626398298,""completion_by_type"":[2.1557919360795688,2.1878815768455375,2.347688117892091],""finish"":2.347688117892091,""tardiness"":0.0},""4"":{""start"":1.8870440447114247,""completion_by_type"":[2.4069496156375934,2.637317820839676,2.925579709728563],""finish"":2.925579709728563,""tardiness"":0.0},""5"":{""start"":0.2663125541641229,""completion_by_type"":[0.895010276304812,1.0254000352397434,1.1183678425496748],""finish"":1.1183678425496748,""tardiness"":0.0},""6"":{""start"":3.4545312298714554,""completion_by_type"":[4.210108526739381,4.253398431105398,4.378135789239883],""finish"":4.378135789239883,""tardiness"":1.0569858655987825},""7"":{""start"":3.1583987247391585,""completion_by_type"":[3.676493866740494,4.059119851608388,4.351996027123965],""finish"":4.351996027123965,""tardiness"":0.5439591364711243},""8"":{""start"":1.5885230922581544,""completion_by_type"":[2.3719008390091423,2.30693123923902,2.415854430570225],""finish"":2.415854430570225,""tardiness"":0.0},""9"":{""start"":2.6703089790701933,""completion_by_type"":[3.3822998408599654,3.61523274247022,3.8439205581553955],""finish"":3.8439205581553955,""tardiness"":3.4359986427322986},""10"":{""start"":2.321057881545828,""completion_by_type"":[2.9923943121720806,3.013556637763471,3.166107073760561],""finish"":3.166107073760561,""tardiness"":1.1012252905606479}}}","{""objective"":3.6150523818889724e-07,""distance"":5.329070518200751e-15,""tardiness"":7.230104683841887e-07}",3600,1,0,100.0,manhattan,"[0.5,0.5]",True
k3_n10_i077,1,time_limit_feasible_postprocess_warning,3,10,77,N10_K3_M18_I77,9,TIME_LIMIT,True,False,10.95575964597,,,10.32937624881,10.32937624881,0.05717389002691479,10,3600.0,6362.64,1457090.0,62391496.0,,time_limit_feasible_postprocess_warning,"ValueError: MILP and independent evaluation differ: {'objective': 4.037619401486836e-06, 'distance': 1.3629428394779097e-06, 'tardiness': 6.712295962607584e-06}",failed,time_limit_feasible_postprocess_warning,gurobi_log,True,4.037619401486836e-06,1.3629428394779097e-06,6.712295962607584e-06,1e-06,,5.7174,,,,,3600,1,0,,,,
k3_n10_i078,1,time_limit_feasible,3,10,78,N10_K3_M18_I78,9,TIME_LIMIT,True,False,10.58589796204128,14.98762689424485,6.184169029837708,10.12218550402291,10.12218550402291,0.043804735288507486,10,3600.0008511543274,6978.5875512107805,573924.0,64257155.0,0.447247608,time_limit_feasible,,time_limit_feasible,time_limit_feasible,raw_json,False,,,,1e-06,0.0,,"{""1"":[4,6],""2"":[2,10],""3"":[9,8,1],""4"":[7,3,5],""5"":[7,3,5],""6"":[],""7"":[4,6],""8"":[],""9"":[9,8,1],""10"":[2,10],""11"":[9,8,1],""12"":[7,3,5],""13"":[4,6],""14"":[],""15"":[],""16"":[],""17"":[],""18"":[2,10]}","{""1"":{""start"":3.540508406715345,""completion_by_type"":[4.1751668484358655,4.294635202307528,4.582604262897775],""finish"":4.582604262897775,""tardiness"":2.2357893046683968},""2"":{""start"":0.2616457524910493,""completion_by_type"":[0.8062592224608307,0.9039514946248197,1.3823810343605967],""finish"":1.3823810343605967,""tardiness"":0.0},""3"":{""start"":1.8309981218761149,""completion_by_type"":[2.336942790079197,2.7985133520631686,2.7638085305240985],""finish"":2.7985133520631686,""tardiness"":1.3384674297455808},""4"":{""start"":0.6872078669496722,""completion_by_type"":[1.2641349712343364,1.452842656770041,1.7790691395412528],""finish"":1.7790691395412528,""tardiness"":0.9094411390232305},""5"":{""start"":2.949707237362588,""completion_by_type"":[3.747996471420029,3.813083147847447,4.148553702072824],""finish"":4.148553702072824,""tardiness"":0.0},""6"":{""start"":2.605453677168561,""completion_by_type"":[3.26172647367626,3.412846372576893,3.608957365596301],""finish"":3.608957365596301,""tardiness"":0.27391533948828695},""7"":{""start"":0.7287851655082562,""completion_by_type"":[1.5099213669140683,1.3938071597503052,1.645931571567064],""finish"":1.645931571567064,""tardiness"":1.1385357215605696},""8"":{""start"":2.376050498133131,""completion_by_type"":[2.9309884541631166,3.1578428361380855,3.3731402056530264],""finish"":3.3731402056530264,""tardiness"":0.2880200953519134},""9"":{""start"":1.0869344518300132,""completion_by_type"":[1.6738775655544251,1.851053361550005,2.0343690603665756],""finish"":2.0343690603665756,""tardiness"":0.0},""10"":{""start"":1.9419888169319042,""completion_by_type"":[2.669147565256717,2.6427760931983912,3.120411390372959],""finish"":3.120411390372959,""tardiness"":0.0}}","{""distance"":14.98762689424485,""tardiness"":6.184169029837978,""objective"":10.585897962041415,""task_times"":{""1"":{""start"":3.540508406715345,""completion_by_type"":[4.1751668484358655,4.294635202307528,4.582604262897775],""finish"":4.582604262897775,""tardiness"":2.2357893046683968},""2"":{""start"":0.2616457524910493,""completion_by_type"":[0.8062592224608307,0.9039514946248197,1.3823810343605967],""finish"":1.3823810343605967,""tardiness"":0.0},""3"":{""start"":1.8309981218761149,""completion_by_type"":[2.336942790079197,2.7985133520631686,2.7638085305240985],""finish"":2.7985133520631686,""tardiness"":1.3384674297455808},""4"":{""start"":0.6872078669496722,""completion_by_type"":[1.2641349712343364,1.452842656770041,1.7790691395412528],""finish"":1.7790691395412528,""tardiness"":0.9094411390232305},""5"":{""start"":2.949707237362588,""completion_by_type"":[3.747996471420029,3.813083147847447,4.148553702072824],""finish"":4.148553702072824,""tardiness"":0.0},""6"":{""start"":2.605453677168561,""completion_by_type"":[3.26172647367626,3.412846372576893,3.608957365596301],""finish"":3.608957365596301,""tardiness"":0.27391533948828695},""7"":{""start"":0.7287851655082562,""completion_by_type"":[1.5099213669140683,1.3938071597503052,1.645931571567064],""finish"":1.645931571567064,""tardiness"":1.1385357215605696},""8"":{""start"":2.376050498133131,""completion_by_type"":[2.9309884541631166,3.1578428361380855,3.3731402056530264],""finish"":3.3731402056530264,""tardiness"":0.2880200953519134},""9"":{""start"":1.0869344518300132,""completion_by_type"":[1.6738775655544251,1.851053361550005,2.0343690603665756],""finish"":2.0343690603665756,""tardiness"":0.0},""10"":{""start"":1.9419888169319042,""completion_by_type"":[2.669147565256717,2.6427760931983912,3.120411390372959],""finish"":3.120411390372959,""tardiness"":0.0}}}","{""objective"":1.3500311979441904e-13,""distance"":0.0,""tardiness"":2.7000623958883807e-13}",3600,1,0,100.0,manhattan,"[0.5,0.5]",True
k3_n10_i079,1,time_limit_feasible_postprocess_warning,3,10,79,N10_K3_M18_I79,9,TIME_LIMIT,True,False,10.72979360099,,,9.76936808209,9.76936808209,0.08951015784789973,10,3600.0,6585.11,882957.0,58521129.0,,time_limit_feasible_postprocess_warning,"ValueError: MILP and independent evaluation differ: {'objective': 6.61488257946985e-07, 'distance': 0.0, 'tardiness': 1.3229765167821483e-06}",failed,time_limit_feasible_postprocess_warning,gurobi_log,True,6.61488257946985e-07,0.0,1.3229765167821483e-06,1e-06,,8.951,,,,,3600,1,0,,,,
k3_n10_i080,1,time_limit_feasible_postprocess_warning,3,10,80,N10_K3_M18_I80,9,TIME_LIMIT,True,False,10.36351848047,,,10.20148164327,10.20148164327,0.015635311260877097,10,3600.0,6765.0,619644.0,64250960.0,,time_limit_feasible_postprocess_warning,"ValueError: MILP and independent evaluation differ: {'objective': 7.332055176334507e-07, 'distance': 0.0, 'tardiness': 1.4664110361550797e-06}",failed,time_limit_feasible_postprocess_warning,gurobi_log,True,7.332055176334507e-07,0.0,1.4664110361550797e-06,1e-06,,1.5635,,,,,3600,1,0,,,,
k3_n10_i081,1,time_limit_feasible_postprocess_warning,3,10,81,N10_K3_M18_I81,9,TIME_LIMIT,True,False,8.550807029533,,,8.358878132114,8.358878132114,0.02244570562241801,10,3600.0,6491.35,981650.0,57674424.0,,time_limit_feasible_postprocess_warning,"ValueError: MILP and independent evaluation differ: {'objective': 7.120610145960882e-07, 'distance': 1.7763568394002505e-15, 'tardiness': 1.4241220309685332e-06}",failed,time_limit_feasible_postprocess_warning,gurobi_log,True,7.120610145960882e-07,1.7763568394002505e-15,1.4241220309685332e-06,1e-06,,2.2446,,,,,3600,1,0,,,,
k3_n10_i082,1,time_limit_feasible,3,10,82,N10_K3_M18_I82,9,TIME_LIMIT,True,False,10.12728917645046,13.249884704342431,7.004693648558489,9.987052110836427,9.987052110836427,0.013847443592322324,10,3600.0009450912476,6179.617375109043,762349.0,63669537.0,0.257990368,time_limit_feasible,,time_limit_feasible,time_limit_feasible,raw_json,False,,,,1e-06,0.0,,"{""1"":[8,9,1],""2"":[10,2],""3"":[5,6,3],""4"":[4,7],""5"":[5,6,3],""6"":[10,2],""7"":[],""8"":[4,7],""9"":[8,9,1],""10"":[],""11"":[5,6,3],""12"":[4,7],""13"":[],""14"":[],""15"":[10,2],""16"":[],""17"":[8,9,1],""18"":[]}","{""1"":{""start"":3.7280891224821824,""completion_by_type"":[4.503060952288514,4.709758417685669,4.925514359113874],""finish"":4.925514359113874,""tardiness"":3.4802957832615093},""2"":{""start"":1.33694087416501,""completion_by_type"":[2.110530915068616,2.154593168370676,2.2722399167086134],""finish"":2.2722399167086134,""tardiness"":0.0},""3"":{""start"":3.5960724793115197,""completion_by_type"":[4.207188009254173,4.406461081566919,4.605651385521285],""finish"":4.605651385521285,""tardiness"":0.0},""4"":{""start"":0.2798491744318764,""completion_by_type"":[1.021081553973565,1.1378339623517695,1.440016029232242],""finish"":1.440016029232242,""tardiness"":0.80617371685316},""5"":{""start"":0.851767935935912,""completion_by_type"":[1.5018069199398025,1.6096916570579318,1.8900600419820774],""finish"":1.8900600419820774,""tardiness"":0.0},""6"":{""start"":2.338039011879886,""completion_by_type"":[2.9145161557615205,3.2240167835522184,3.4388008696045826],""finish"":3.4388008696045826,""tardiness"":1.2951936761455767},""7"":{""start"":2.0078547163913143,""completion_by_type"":[2.761184288207864,2.6378006716977773,2.9723809978180724],""finish"":2.9723809978180724,""tardiness"":0.0},""8"":{""start"":1.296309476148373,""completion_by_type"":[1.8527226834281514,1.9676541391766695,2.243166989779475],""finish"":2.243166989779475,""tardiness"":1.423030472298401},""9"":{""start"":2.556733339529787,""completion_by_type"":[3.170116371612137,3.3693591052358283,3.514221907572015],""finish"":3.514221907572015,""tardiness"":0.0},""10"":{""start"":0.11822266708533224,""completion_by_type"":[0.5764391100781117,0.8577556379025938,1.1669847244099905],""finish"":1.1669847244099905,""tardiness"":0.0}}","{""distance"":13.249884704342431,""tardiness"":7.004693648558647,""objective"":10.127289176450539,""task_times"":{""1"":{""start"":3.7280891224821824,""completion_by_type"":[4.503060952288514,4.709758417685669,4.925514359113874],""finish"":4.925514359113874,""tardiness"":3.4802957832615093},""2"":{""start"":1.33694087416501,""completion_by_type"":[2.110530915068616,2.154593168370676,2.2722399167086134],""finish"":2.2722399167086134,""tardiness"":0.0},""3"":{""start"":3.5960724793115197,""completion_by_type"":[4.207188009254173,4.406461081566919,4.605651385521285],""finish"":4.605651385521285,""tardiness"":0.0},""4"":{""start"":0.2798491744318764,""completion_by_type"":[1.021081553973565,1.1378339623517695,1.440016029232242],""finish"":1.440016029232242,""tardiness"":0.80617371685316},""5"":{""start"":0.851767935935912,""completion_by_type"":[1.5018069199398025,1.6096916570579318,1.8900600419820774],""finish"":1.8900600419820774,""tardiness"":0.0},""6"":{""start"":2.338039011879886,""completion_by_type"":[2.9145161557615205,3.2240167835522184,3.4388008696045826],""finish"":3.4388008696045826,""tardiness"":1.2951936761455767},""7"":{""start"":2.0078547163913143,""completion_by_type"":[2.761184288207864,2.6378006716977773,2.9723809978180724],""finish"":2.9723809978180724,""tardiness"":0.0},""8"":{""start"":1.296309476148373,""completion_by_type"":[1.8527226834281514,1.9676541391766695,2.243166989779475],""finish"":2.243166989779475,""tardiness"":1.423030472298401},""9"":{""start"":2.556733339529787,""completion_by_type"":[3.170116371612137,3.3693591052358283,3.514221907572015],""finish"":3.514221907572015,""tardiness"":0.0},""10"":{""start"":0.11822266708533224,""completion_by_type"":[0.5764391100781117,0.8577556379025938,1.1669847244099905],""finish"":1.1669847244099905,""tardiness"":0.0}}}","{""objective"":7.815970093361102e-14,""distance"":0.0,""tardiness"":1.580957587066223e-13}",3600,1,0,100.0,manhattan,"[0.5,0.5]",True
k3_n10_i083,1,time_limit_feasible,3,10,83,N10_K3_M18_I83,9,TIME_LIMIT,True,False,12.807891946219785,15.53195329624921,10.08383059619036,10.770256229395173,10.770256229395173,0.15909220076033,10,3600.000850200653,6160.5991016145745,1155509.0,53952929.0,1.270251608,time_limit_feasible,,time_limit_feasible,time_limit_feasible,raw_json,False,,,,1e-06,0.0,,"{""1"":[5,7,3,9],""2"":[],""3"":[1,6,4],""4"":[2,8,10],""5"":[5,7,3,9],""6"":[1,6,4],""7"":[],""8"":[],""9"":[],""10"":[2,8,10],""11"":[],""12"":[],""13"":[1,6,4],""14"":[],""15"":[],""16"":[2,8,10],""17"":[5,7,3,9],""18"":[]}","{""1"":{""start"":1.640428783858775,""completion_by_type"":[2.286569731696091,2.3997436580318077,2.643178239128437],""finish"":2.643178239128437,""tardiness"":0.7801419860134278},""2"":{""start"":0.7464696141521323,""completion_by_type"":[1.2750042917300661,1.3844933168886293,1.8273167096860496],""finish"":1.8273167096860496,""tardiness"":1.505817712397749},""3"":{""start"":3.4827199796704127,""completion_by_type"":[3.901865915011581,4.246352363145398,4.44318791604384],""finish"":4.44318791604384,""tardiness"":0.07191285255646118},""4"":{""start"":4.070708518692672,""completion_by_type"":[4.797088196728758,4.7793520206843,5.185427922573194],""finish"":5.185427922573194,""tardiness"":1.8114296013762377},""5"":{""start"":0.9969141519958066,""completion_by_type"":[1.5940908987266298,1.9691668672184206,1.9319464397871116],""finish"":1.9691668672184206,""tardiness"":0.3142487914986116},""6"":{""start"":2.8443285850061084,""completion_by_type"":[3.2492352023607713,3.4546021483270346,3.898216664466574],""finish"":3.898216664466574,""tardiness"":1.3414956424137028},""7"":{""start"":2.2416604062266625,""completion_by_type"":[2.8332022288961083,2.8536599418997795,3.1486085849405328],""finish"":3.1486085849405328,""tardiness"":0.04854150209529662},""8"":{""start"":2.3597347159354842,""completion_by_type"":[3.0400728730039592,2.9781343937354525,3.432120842396746],""finish"":3.432120842396746,""tardiness"":2.5323852234397797},""9"":{""start"":4.5485371473694745,""completion_by_type"":[5.3047423944535375,5.525464998678649,5.690779128761438],""finish"":5.690779128761438,""tardiness"":1.6778573544722297},""10"":{""start"":3.6076116863894763,""completion_by_type"":[4.272020986662315,4.298263659457506,4.5306694887751675],""finish"":4.5306694887751675,""tardiness"":0.0}}","{""distance"":15.531953296249213,""tardiness"":10.083830666263498,""objective"":12.807891981256356,""task_times"":{""1"":{""start"":1.640428783858775,""completion_by_type"":[2.286569731696091,2.3997436580318077,2.643178239128437],""finish"":2.643178239128437,""tardiness"":0.7801419860134278},""2"":{""start"":0.7464696141521323,""completion_by_type"":[1.2750042917300661,1.3844933168886293,1.8273167096860496],""finish"":1.8273167096860496,""tardiness"":1.505817712397749},""3"":{""start"":3.4827199796704127,""completion_by_type"":[3.901865915011581,4.246352363145398,4.44318791604384],""finish"":4.44318791604384,""tardiness"":0.07191285255646118},""4"":{""start"":4.070708518692672,""completion_by_type"":[4.797088196728758,4.7793520206843,5.185427922573194],""finish"":5.185427922573194,""tardiness"":1.8114296013762377},""5"":{""start"":0.9969141519958066,""completion_by_type"":[1.5940908987266298,1.9691668672184206,1.9319464397871116],""finish"":1.9691668672184206,""tardiness"":0.3142487914986116},""6"":{""start"":2.8443285850061084,""completion_by_type"":[3.2492352023607713,3.4546021483270346,3.898216664466574],""finish"":3.898216664466574,""tardiness"":1.3414956424137028},""7"":{""start"":2.2416604062266625,""completion_by_type"":[2.8332022288961083,2.8536599418997795,3.1486085849405328],""finish"":3.1486085849405328,""tardiness"":0.04854150209529662},""8"":{""start"":2.3597347159354842,""completion_by_type"":[3.0400728730039592,2.9781343937354525,3.432120842396746],""finish"":3.432120842396746,""tardiness"":2.5323852234397797},""9"":{""start"":4.5485371473694745,""completion_by_type"":[5.3047423944535375,5.525464998678649,5.690779128761438],""finish"":5.690779128761438,""tardiness"":1.6778573544722297},""10"":{""start"":3.6076116863894763,""completion_by_type"":[4.272020986662315,4.298263659457506,4.5306694887751675],""finish"":4.5306694887751675,""tardiness"":0.0}}}","{""objective"":3.503657097780888e-08,""distance"":3.552713678800501e-15,""tardiness"":7.007313840290408e-08}",3600,1,0,100.0,manhattan,"[0.5,0.5]",True
k3_n10_i084,1,time_limit_feasible,3,10,84,N10_K3_M18_I84,9,TIME_LIMIT,True,False,8.856055187901978,15.250079797834278,2.4620305779696787,8.328303265560825,8.328303265560825,0.05959221246295992,10,3600.0010979175568,5960.7293628040325,1218851.0,60011846.0,0.829175032,time_limit_feasible,,time_limit_feasible,time_limit_feasible,raw_json,False,,,,1e-06,0.0,,"{""1"":[1,4,10],""2"":[3,9,8],""3"":[2,7],""4"":[5,6],""5"":[2,7],""6"":[],""7"":[],""8"":[5,6],""9"":[1,4,10],""10"":[3,9,8],""11"":[5,6],""12"":[1,4],""13"":[],""14"":[3,9,8],""15"":[],""16"":[],""17"":[2,7,10],""18"":[]}","{""1"":{""start"":1.2719144470021768,""completion_by_type"":[1.9778402860937696,2.1307461551914795,2.283808961813426],""finish"":2.283808961813426,""tardiness"":0.0},""2"":{""start"":0.46340120639365134,""completion_by_type"":[1.0107274129654047,1.0821176080891688,1.3166109947325308],""finish"":1.3166109947325308,""tardiness"":0.18452270973417395},""3"":{""start"":0.1963312223750918,""completion_by_type"":[0.878734715701056,0.9473049990156484,1.0579477569616464],""finish"":1.0579477569616464,""tardiness"":0.6182698212890876},""4"":{""start"":2.4735176491967876,""completion_by_type"":[3.038827252936592,3.105257419164401,3.6477378371406104],""finish"":3.6477378371406104,""tardiness"":0.0694887229436465},""5"":{""start"":1.2127394767689967,""completion_by_type"":[1.9797442802745775,2.165125380404266,2.0169027596564715],""finish"":2.165125380404266,""tardiness"":0.702612335301225},""6"":{""start"":2.4790419945877105,""completion_by_type"":[3.070946916841529,3.405239116318752,3.5274849226961527],""finish"":3.5274849226961527,""tardiness"":0.3978904146468456},""7"":{""start"":1.483828284808871,""completion_by_type"":[2.0894481787048136,2.31848187135276,2.49511770477278],""finish"":2.49511770477278,""tardiness"":0.48924679871858734},""8"":{""start"":3.146107127990116,""completion_by_type"":[3.76651984116723,3.8101338847910604,3.9683151417108538],""finish"":3.9683151417108538,""tardiness"":0.0},""9"":{""start"":1.2530382056197353,""completion_by_type"":[1.8271538669704561,2.1111655563647087,2.4407442119464235],""finish"":2.4407442119464235,""tardiness"":0.0},""10"":{""start"":3.3772856524285992,""completion_by_type"":[3.839827335918157,4.36755971459838,4.342306901608046],""finish"":4.36755971459838,""tardiness"":0.0}}","{""distance"":15.25007979783428,""tardiness"":2.462030802633566,""objective"":8.856055300233923,""task_times"":{""1"":{""start"":1.2719144470021768,""completion_by_type"":[1.9778402860937696,2.1307461551914795,2.283808961813426],""finish"":2.283808961813426,""tardiness"":0.0},""2"":{""start"":0.46340120639365134,""completion_by_type"":[1.0107274129654047,1.0821176080891688,1.3166109947325308],""finish"":1.3166109947325308,""tardiness"":0.18452270973417395},""3"":{""start"":0.1963312223750918,""completion_by_type"":[0.878734715701056,0.9473049990156484,1.0579477569616464],""finish"":1.0579477569616464,""tardiness"":0.6182698212890876},""4"":{""start"":2.4735176491967876,""completion_by_type"":[3.038827252936592,3.105257419164401,3.6477378371406104],""finish"":3.6477378371406104,""tardiness"":0.0694887229436465},""5"":{""start"":1.2127394767689967,""completion_by_type"":[1.9797442802745775,2.165125380404266,2.0169027596564715],""finish"":2.165125380404266,""tardiness"":0.702612335301225},""6"":{""start"":2.4790419945877105,""completion_by_type"":[3.070946916841529,3.405239116318752,3.5274849226961527],""finish"":3.5274849226961527,""tardiness"":0.3978904146468456},""7"":{""start"":1.483828284808871,""completion_by_type"":[2.0894481787048136,2.31848187135276,2.49511770477278],""finish"":2.49511770477278,""tardiness"":0.48924679871858734},""8"":{""start"":3.146107127990116,""completion_by_type"":[3.76651984116723,3.8101338847910604,3.9683151417108538],""finish"":3.9683151417108538,""tardiness"":0.0},""9"":{""start"":1.2530382056197353,""completion_by_type"":[1.8271538669704561,2.1111655563647087,2.4407442119464235],""finish"":2.4407442119464235,""tardiness"":0.0},""10"":{""start"":3.3772856524285992,""completion_by_type"":[3.839827335918157,4.36755971459838,4.342306901608046],""finish"":4.36755971459838,""tardiness"":0.0}}}","{""objective"":1.123319446350024e-07,""distance"":1.7763568394002505e-15,""tardiness"":2.2466388749364796e-07}",3600,1,0,100.0,manhattan,"[0.5,0.5]",True
k3_n10_i085,1,time_limit_feasible_postprocess_warning,3,10,85,N10_K3_M18_I85,9,TIME_LIMIT,True,False,11.00809727752,,,10.40798063746,10.40798063746,0.05451592813278618,10,3600.0,6294.91,998864.0,57448934.0,,time_limit_feasible_postprocess_warning,"ValueError: MILP and independent evaluation differ: {'objective': 1.776643584250337e-06, 'distance': 3.552713678800501e-15, 'tardiness': 3.5532871631716034e-06}",failed,time_limit_feasible_postprocess_warning,gurobi_log,True,1.776643584250337e-06,3.552713678800501e-15,3.5532871631716034e-06,1e-06,,5.4516,,,,,3600,1,0,,,,
k3_n10_i086,1,time_limit_feasible,3,10,86,N10_K3_M18_I86,9,TIME_LIMIT,True,False,9.674107247963057,11.711002467696467,7.637212028229647,8.717614444254409,8.717614444254409,0.09887142856619088,10,3600.0007688999176,6582.874519284222,1004746.0,53746387.0,0.927712488,time_limit_feasible,,time_limit_feasible,time_limit_feasible,raw_json,False,,,,1e-06,0.0,,"{""1"":[],""2"":[9,7,3],""3"":[2,5,1],""4"":[4,10,6,8],""5"":[],""6"":[9,7,3],""7"":[4,10,6,8],""8"":[],""9"":[],""10"":[2,5,1],""11"":[],""12"":[],""13"":[],""14"":[9,7,3],""15"":[4,10,6,8],""16"":[2,5,1],""17"":[],""18"":[]}","{""1"":{""start"":3.5011740010373633,""completion_by_type"":[4.096616103968392,4.138722479809146,4.454911728336591],""finish"":4.454911728336591,""tardiness"":0.0},""2"":{""start"":0.979957670934242,""completion_by_type"":[1.5156337725051117,1.6851746683510762,2.069749701252747],""finish"":2.069749701252747,""tardiness"":0.8938776741122398},""3"":{""start"":2.9998491491195387,""completion_by_type"":[3.7039595744198857,3.7311825872096813,4.1598363277689545],""finish"":4.1598363277689545,""tardiness"":0.0},""4"":{""start"":0.6147828606081672,""completion_by_type"":[1.4052730574964616,1.4335056894092735,1.5154946672300917],""finish"":1.5154946672300917,""tardiness"":0.0},""5"":{""start"":2.3185329922305637,""completion_by_type"":[3.104573474927098,2.922410590125278,3.2812658197681523],""finish"":3.2812658197681523,""tardiness"":1.6309349171812324},""6"":{""start"":3.0582687435987346,""completion_by_type"":[3.7955009039406473,3.8698127998062684,4.073245041538851],""finish"":4.073245041538851,""tardiness"":0.5111601224170208},""7"":{""start"":1.8335685031335727,""completion_by_type"":[2.3811730640738147,2.580619816879576,2.8916210907454047],""finish"":2.8916210907454047,""tardiness"":0.0},""8"":{""start"":4.519547806707846,""completion_by_type"":[5.004111929002193,5.364763133255693,5.416280155713878],""finish"":5.416280155713878,""tardiness"":3.233005884467032},""9"":{""start"":0.4824128159525995,""completion_by_type"":[1.03251472652719,1.4250860070640472,1.587241058977804],""finish"":1.587241058977804,""tardiness"":1.0118428813987332},""10"":{""start"":1.8959230994621976,""completion_by_type"":[2.324130654578261,2.6475568720135865,2.8817327740396177],""finish"":2.8817327740396177,""tardiness"":0.3563913981757105}}","{""distance"":11.71100246769647,""tardiness"":7.637212877751969,""objective"":9.674107672724219,""task_times"":{""1"":{""start"":3.5011740010373633,""completion_by_type"":[4.096616103968392,4.138722479809146,4.454911728336591],""finish"":4.454911728336591,""tardiness"":0.0},""2"":{""start"":0.979957670934242,""completion_by_type"":[1.5156337725051117,1.6851746683510762,2.069749701252747],""finish"":2.069749701252747,""tardiness"":0.8938776741122398},""3"":{""start"":2.9998491491195387,""completion_by_type"":[3.7039595744198857,3.7311825872096813,4.1598363277689545],""finish"":4.1598363277689545,""tardiness"":0.0},""4"":{""start"":0.6147828606081672,""completion_by_type"":[1.4052730574964616,1.4335056894092735,1.5154946672300917],""finish"":1.5154946672300917,""tardiness"":0.0},""5"":{""start"":2.3185329922305637,""completion_by_type"":[3.104573474927098,2.922410590125278,3.2812658197681523],""finish"":3.2812658197681523,""tardiness"":1.6309349171812324},""6"":{""start"":3.0582687435987346,""completion_by_type"":[3.7955009039406473,3.8698127998062684,4.073245041538851],""finish"":4.073245041538851,""tardiness"":0.5111601224170208},""7"":{""start"":1.8335685031335727,""completion_by_type"":[2.3811730640738147,2.580619816879576,2.8916210907454047],""finish"":2.8916210907454047,""tardiness"":0.0},""8"":{""start"":4.519547806707846,""completion_by_type"":[5.004111929002193,5.364763133255693,5.416280155713878],""finish"":5.416280155713878,""tardiness"":3.233005884467032},""9"":{""start"":0.4824128159525995,""completion_by_type"":[1.03251472652719,1.4250860070640472,1.587241058977804],""finish"":1.587241058977804,""tardiness"":1.0118428813987332},""10"":{""start"":1.8959230994621976,""completion_by_type"":[2.324130654578261,2.6475568720135865,2.8817327740396177],""finish"":2.8817327740396177,""tardiness"":0.3563913981757105}}}","{""objective"":4.2476116135503617e-07,""distance"":3.552713678800501e-15,""tardiness"":8.495223218218939e-07}",3600,1,0,100.0,manhattan,"[0.5,0.5]",True
k3_n10_i087,1,time_limit_feasible_postprocess_warning,3,10,87,N10_K3_M18_I87,9,TIME_LIMIT,True,False,10.72476067013,,,9.673949878676,9.673949878676,0.09797988260760528,10,3600.0,7808.83,351744.0,42659062.0,,time_limit_feasible_postprocess_warning,"ValueError: MILP and independent evaluation differ: {'objective': 7.84594226033164e-07, 'distance': 1.7763568394002505e-15, 'tardiness': 1.5691884485136143e-06}",failed,time_limit_feasible_postprocess_warning,gurobi_log,True,7.84594226033164e-07,1.7763568394002505e-15,1.5691884485136143e-06,1e-06,,9.798,,,,,3600,1,0,,,,
k3_n10_i088,1,time_limit_feasible,3,10,88,N10_K3_M18_I88,9,TIME_LIMIT,True,False,10.196560608019867,12.711264426227679,7.681856789812056,8.341611282942749,8.341611282942749,0.181919119238908,10,3600.0008659362793,7766.386349947356,331259.0,40994861.0,0.364716912,time_limit_feasible,,time_limit_feasible,time_limit_feasible,raw_json,False,,,,1e-06,0.0,,"{""1"":[7,9,8,1],""2"":[],""3"":[5,2,3],""4"":[10,4,6],""5"":[10,4,6],""6"":[],""7"":[5,2,3],""8"":[7,9,8,1],""9"":[],""10"":[],""11"":[5,2,3],""12"":[],""13"":[],""14"":[],""15"":[],""16"":[10,4,6],""17"":[7,9,8,1],""18"":[]}","{""1"":{""start"":3.792526012954694,""completion_by_type"":[4.502007343815897,4.4915797734983895,4.896432168375858],""finish"":4.896432168375858,""tardiness"":1.0336102930479139},""2"":{""start"":2.2814947514930437,""completion_by_type"":[2.748417505078029,3.221343683262175,3.153193086220333],""finish"":3.221343683262175,""tardiness"":2.2831500688799977},""3"":{""start"":3.3892037220464992,""completion_by_type"":[3.815267262679176,4.309056343171712,4.552515554657232],""finish"":4.552515554657232,""tardiness"":1.5602612963749047},""4"":{""start"":2.353587639902525,""completion_by_type"":[2.8624375916641926,3.190985754959904,3.25244041368856],""finish"":3.25244041368856,""tardiness"":1.707022025681706},""5"":{""start"":1.2314154157907855,""completion_by_type"":[1.7383042633023997,2.072252874449291,2.1871673775704954],""finish"":2.1871673775704954,""tardiness"":0.11813357994004425},""6"":{""start"":3.5552885517598076,""completion_by_type"":[4.231109599770884,4.177538666311528,4.377076115467523],""finish"":4.377076115467523,""tardiness"":0.06681019455734649},""7"":{""start"":0.4409127697658658,""completion_by_type"":[1.1394939774757131,1.1140545627167184,1.3603030975798243],""finish"":1.3603030975798243,""tardiness"":0.8661374490569298},""8"":{""start"":2.8459456757314627,""completion_by_type"":[3.575218937765491,3.507802797771806,3.692428650966508],""finish"":3.692428650966508,""tardiness"":0.04673243272621885},""9"":{""start"":1.7588358855421737,""completion_by_type"":[2.3623499229825797,2.4418668848801035,2.5911194906294464],""finish"":2.5911194906294464,""tardiness"":0.0},""10"":{""start"":0.9875772703812938,""completion_by_type"":[1.534080407761464,1.9545274469883938,2.0948968395952496],""finish"":2.0948968395952496,""tardiness"":0.0}}","{""distance"":12.71126442622768,""tardiness"":7.681857340265061,""objective"":10.19656088324637,""task_times"":{""1"":{""start"":3.792526012954694,""completion_by_type"":[4.502007343815897,4.4915797734983895,4.896432168375858],""finish"":4.896432168375858,""tardiness"":1.0336102930479139},""2"":{""start"":2.2814947514930437,""completion_by_type"":[2.748417505078029,3.221343683262175,3.153193086220333],""finish"":3.221343683262175,""tardiness"":2.2831500688799977},""3"":{""start"":3.3892037220464992,""completion_by_type"":[3.815267262679176,4.309056343171712,4.552515554657232],""finish"":4.552515554657232,""tardiness"":1.5602612963749047},""4"":{""start"":2.353587639902525,""completion_by_type"":[2.8624375916641926,3.190985754959904,3.25244041368856],""finish"":3.25244041368856,""tardiness"":1.707022025681706},""5"":{""start"":1.2314154157907855,""completion_by_type"":[1.7383042633023997,2.072252874449291,2.1871673775704954],""finish"":2.1871673775704954,""tardiness"":0.11813357994004425},""6"":{""start"":3.5552885517598076,""completion_by_type"":[4.231109599770884,4.177538666311528,4.377076115467523],""finish"":4.377076115467523,""tardiness"":0.06681019455734649},""7"":{""start"":0.4409127697658658,""completion_by_type"":[1.1394939774757131,1.1140545627167184,1.3603030975798243],""finish"":1.3603030975798243,""tardiness"":0.8661374490569298},""8"":{""start"":2.8459456757314627,""completion_by_type"":[3.575218937765491,3.507802797771806,3.692428650966508],""finish"":3.692428650966508,""tardiness"":0.04673243272621885},""9"":{""start"":1.7588358855421737,""completion_by_type"":[2.3623499229825797,2.4418668848801035,2.5911194906294464],""finish"":2.5911194906294464,""tardiness"":0.0},""10"":{""start"":0.9875772703812938,""completion_by_type"":[1.534080407761464,1.9545274469883938,2.0948968395952496],""finish"":2.0948968395952496,""tardiness"":0.0}}}","{""objective"":2.7522650292155504e-07,""distance"":1.7763568394002505e-15,""tardiness"":5.504530049549317e-07}",3600,1,0,100.0,manhattan,"[0.5,0.5]",True
k3_n10_i089,1,time_limit_feasible,3,10,89,N10_K3_M18_I89,9,TIME_LIMIT,True,False,11.994949254954987,18.349313763197305,5.640584746712669,10.783118562376568,10.783118562376568,0.10102841344475251,10,3600.0009961128235,6984.216867833797,578664.0,46198627.0,0.566236152,time_limit_feasible,,time_limit_feasible,time_limit_feasible,raw_json,False,,,,1e-06,0.0,,"{""1"":[3,6],""2"":[8,4,5],""3"":[2,7,1],""4"":[9,10],""5"":[],""6"":[2,7,1],""7"":[9,10],""8"":[3,6],""9"":[],""10"":[8,4,5],""11"":[2,10,5],""12"":[],""13"":[],""14"":[],""15"":[],""16"":[9,7,1],""17"":[3,6],""18"":[8,4]}","{""1"":{""start"":3.5954867136268156,""completion_by_type"":[4.149699532384722,4.259945198385214,4.615373317343291],""finish"":4.615373317343291,""tardiness"":0.2619398961573971},""2"":{""start"":0.5214114362929105,""completion_by_type"":[0.9838389038735151,1.3737351876715722,1.3771211418794522],""finish"":1.3771211418794522,""tardiness"":0.9014297525124446},""3"":{""start"":1.0972430867048528,""completion_by_type"":[1.6741854754740597,1.8972672274308116,2.1748248985165364],""finish"":2.1748248985165364,""tardiness"":1.1913161592744763},""4"":{""start"":2.5120828278173337,""completion_by_type"":[2.978980921135472,3.238184760199827,3.4991266704170156],""finish"":3.4991266704170156,""tardiness"":1.5802017499671277},""5"":{""start"":3.6550786715018044,""completion_by_type"":[4.076825533011483,4.296218104434453,4.509051701145623],""finish"":4.509051701145623,""tardiness"":0.41581080501971623},""6"":{""start"":2.3299409191165816,""completion_by_type"":[3.033098306587654,3.055945137668744,3.518226059989391],""finish"":3.518226059989391,""tardiness"":0.0},""7"":{""start"":2.3211877252426985,""completion_by_type"":[2.9091157912221695,3.261184350886161,3.296168308539509],""finish"":3.296168308539509,""tardiness"":0.0},""8"":{""start"":1.1140549811575968,""completion_by_type"":[1.6223288193698067,2.1094176122856596,2.2177395299298945],""finish"":2.2177395299298945,""tardiness"":0.0},""9"":{""start"":1.0124052327310187,""completion_by_type"":[1.5699398522377814,1.8098893224909534,1.9191259056922432],""finish"":1.9191259056922432,""tardiness"":0.6025141862391652},""10"":{""start"":2.1390123151316374,""completion_by_type"":[2.8193745443729163,2.9813852505463103,3.0976564372221533],""finish"":3.0976564372221533,""tardiness"":0.6873721975428362}}","{""distance"":18.34931376319731,""tardiness"":5.640584746713164,""objective"":11.994949254955236,""task_times"":{""1"":{""start"":3.5954867136268156,""completion_by_type"":[4.149699532384722,4.259945198385214,4.615373317343291],""finish"":4.615373317343291,""tardiness"":0.2619398961573971},""2"":{""start"":0.5214114362929105,""completion_by_type"":[0.9838389038735151,1.3737351876715722,1.3771211418794522],""finish"":1.3771211418794522,""tardiness"":0.9014297525124446},""3"":{""start"":1.0972430867048528,""completion_by_type"":[1.6741854754740597,1.8972672274308116,2.1748248985165364],""finish"":2.1748248985165364,""tardiness"":1.1913161592744763},""4"":{""start"":2.5120828278173337,""completion_by_type"":[2.978980921135472,3.238184760199827,3.4991266704170156],""finish"":3.4991266704170156,""tardiness"":1.5802017499671277},""5"":{""start"":3.6550786715018044,""completion_by_type"":[4.076825533011483,4.296218104434453,4.509051701145623],""finish"":4.509051701145623,""tardiness"":0.41581080501971623},""6"":{""start"":2.3299409191165816,""completion_by_type"":[3.033098306587654,3.055945137668744,3.518226059989391],""finish"":3.518226059989391,""tardiness"":0.0},""7"":{""start"":2.3211877252426985,""completion_by_type"":[2.9091157912221695,3.261184350886161,3.296168308539509],""finish"":3.296168308539509,""tardiness"":0.0},""8"":{""start"":1.1140549811575968,""completion_by_type"":[1.6223288193698067,2.1094176122856596,2.2177395299298945],""finish"":2.2177395299298945,""tardiness"":0.0},""9"":{""start"":1.0124052327310187,""completion_by_type"":[1.5699398522377814,1.8098893224909534,1.9191259056922432],""finish"":1.9191259056922432,""tardiness"":0.6025141862391652},""10"":{""start"":2.1390123151316374,""completion_by_type"":[2.8193745443729163,2.9813852505463103,3.0976564372221533],""finish"":3.0976564372221533,""tardiness"":0.6873721975428362}}}","{""objective"":2.4868995751603507e-13,""distance"":3.552713678800501e-15,""tardiness"":4.947153797729698e-13}",3600,1,0,100.0,manhattan,"[0.5,0.5]",True
k3_n10_i090,1,time_limit_feasible,3,10,90,N10_K3_M18_I90,9,TIME_LIMIT,True,False,10.600962634790909,15.55104707602517,5.650878193556646,9.808880602446548,9.808880602446548,0.07471793455292974,10,3600.000832080841,7140.432653985096,648384.0,51803603.0,0.584248208,time_limit_feasible,,time_limit_feasible,time_limit_feasible,raw_json,False,,,,1e-06,0.0,,"{""1"":[9,6],""2"":[8,10,2,5],""3"":[1,7,3],""4"":[4],""5"":[],""6"":[1,7,3],""7"":[8,2],""8"":[9,6],""9"":[4,10,5],""10"":[],""11"":[],""12"":[],""13"":[],""14"":[1,7,3],""15"":[8,10,5],""16"":[9,6],""17"":[],""18"":[4,2]}","{""1"":{""start"":0.5393015223008095,""completion_by_type"":[1.3128858989714534,1.2912345747874776,1.445360440992872],""finish"":1.445360440992872,""tardiness"":0.0},""2"":{""start"":2.7977547636286966,""completion_by_type"":[3.287114129132837,3.6724025122918658,3.946536022130745],""finish"":3.946536022130745,""tardiness"":0.0},""3"":{""start"":3.384732439722203,""completion_by_type"":[3.930558706716054,4.33655017553952,4.197930615855746],""finish"":4.33655017553952,""tardiness"":0.0},""4"":{""start"":0.8441969825729639,""completion_by_type"":[1.3917179021857726,1.702168638849777,1.7837484082566155],""finish"":1.7837484082566155,""tardiness"":0.0},""5"":{""start"":3.9143847905920963,""completion_by_type"":[4.596755253539239,4.854893687940445,4.985750240266995],""finish"":4.985750240266995,""tardiness"":0.35844028283630003},""6"":{""start"":1.99670913783836,""completion_by_type"":[2.7850997865036677,2.6103211391987937,3.162980251890235],""finish"":3.162980251890235,""tardiness"":1.804895605190556},""7"":{""start"":2.008128848537075,""completion_by_type"":[2.51992953080555,2.8200949587445363,3.183931021048485],""finish"":3.183931021048485,""tardiness"":2.7456264099205754},""8"":{""start"":0.8527208673760797,""completion_by_type"":[1.3842422622456914,1.7293879851077034,1.6565508902326624],""finish"":1.7293879851077034,""tardiness"":0.0},""9"":{""start"":0.7069037721945026,""completion_by_type"":[1.2326637519901014,1.6888437830589242,1.8051831711879534],""finish"":1.8051831711879534,""tardiness"":0.7419160111761274},""10"":{""start"":2.061301768726158,""completion_by_type"":[2.617685382145063,2.8460913401665398,3.1989058304811557],""finish"":3.1989058304811557,""tardiness"":0.0}}","{""distance"":15.551047076025167,""tardiness"":5.650878309123558,""objective"":10.600962692574363,""task_times"":{""1"":{""start"":0.5393015223008095,""completion_by_type"":[1.3128858989714534,1.2912345747874776,1.445360440992872],""finish"":1.445360440992872,""tardiness"":0.0},""2"":{""start"":2.7977547636286966,""completion_by_type"":[3.287114129132837,3.6724025122918658,3.946536022130745],""finish"":3.946536022130745,""tardiness"":0.0},""3"":{""start"":3.384732439722203,""completion_by_type"":[3.930558706716054,4.33655017553952,4.197930615855746],""finish"":4.33655017553952,""tardiness"":0.0},""4"":{""start"":0.8441969825729639,""completion_by_type"":[1.3917179021857726,1.702168638849777,1.7837484082566155],""finish"":1.7837484082566155,""tardiness"":0.0},""5"":{""start"":3.9143847905920963,""completion_by_type"":[4.596755253539239,4.854893687940445,4.985750240266995],""finish"":4.985750240266995,""tardiness"":0.35844028283630003},""6"":{""start"":1.99670913783836,""completion_by_type"":[2.7850997865036677,2.6103211391987937,3.162980251890235],""finish"":3.162980251890235,""tardiness"":1.804895605190556},""7"":{""start"":2.008128848537075,""completion_by_type"":[2.51992953080555,2.8200949587445363,3.183931021048485],""finish"":3.183931021048485,""tardiness"":2.7456264099205754},""8"":{""start"":0.8527208673760797,""completion_by_type"":[1.3842422622456914,1.7293879851077034,1.6565508902326624],""finish"":1.7293879851077034,""tardiness"":0.0},""9"":{""start"":0.7069037721945026,""completion_by_type"":[1.2326637519901014,1.6888437830589242,1.8051831711879534],""finish"":1.8051831711879534,""tardiness"":0.7419160111761274},""10"":{""start"":2.061301768726158,""completion_by_type"":[2.617685382145063,2.8460913401665398,3.1989058304811557],""finish"":3.1989058304811557,""tardiness"":0.0}}}","{""objective"":5.778345446572075e-08,""distance"":3.552713678800501e-15,""tardiness"":1.1556691248415518e-07}",3600,1,0,100.0,manhattan,"[0.5,0.5]",True
k3_n10_i091,1,time_limit_feasible,3,10,91,N10_K3_M18_I91,9,TIME_LIMIT,True,False,11.05935815444697,15.869467511880739,6.249248797013203,10.377080347557301,10.377080347557301,0.0616923511619275,10,3600.001429080963,7279.395601415685,350423.0,51317529.0,0.324771512,time_limit_feasible,,time_limit_feasible,time_limit_feasible,raw_json,False,,,,1e-06,0.0,,"{""1"":[7,5,1],""2"":[4,2],""3"":[3,6,8],""4"":[9,10],""5"":[],""6"":[7,5,1],""7"":[9,10],""8"":[3,2],""9"":[],""10"":[4,6,8],""11"":[],""12"":[],""13"":[9,10],""14"":[],""15"":[7,5,1],""16"":[],""17"":[4,6,8],""18"":[3,2]}","{""1"":{""start"":3.670674041607607,""completion_by_type"":[4.3154229994619655,4.596104215579685,4.49338698017499],""finish"":4.596104215579685,""tardiness"":0.0},""2"":{""start"":2.352948510268136,""completion_by_type"":[2.88362704380455,3.1715865705575292,3.346110262526272],""finish"":3.346110262526272,""tardiness"":0.0},""3"":{""start"":0.9562186534297765,""completion_by_type"":[1.7042393386380055,1.9551115455282464,2.1283517335979516],""finish"":2.1283517335979516,""tardiness"":1.2762363082377057},""4"":{""start"":0.8867289086901443,""completion_by_type"":[1.51358864865496,1.7520770697899963,1.7234054837538308],""finish"":1.7520770697899963,""tardiness"":1.0832415418700958},""5"":{""start"":2.383600708918233,""completion_by_type"":[2.828016796663632,3.364192423835546,3.423379989061873],""finish"":3.423379989061873,""tardiness"":1.528826399950348},""6"":{""start"":2.235749879679846,""completion_by_type"":[2.9803574961796606,2.930074858273729,3.375682879566562],""finish"":3.375682879566562,""tardiness"":1.9915393660247531},""7"":{""start"":0.6962073837682752,""completion_by_type"":[1.2090467803642229,1.4633460947526908,1.7852722916914434],""finish"":1.7852722916914434,""tardiness"":0.0},""8"":{""start"":3.6637143018011917,""completion_by_type"":[4.314303999793834,4.622466628784339,4.795679573490919],""finish"":4.795679573490919,""tardiness"":0.0},""9"":{""start"":0.5824959287170952,""completion_by_type"":[1.2125001256408998,1.4460183518895036,1.4253068344586328],""finish"":1.4460183518895036,""tardiness"":0.0},""10"":{""start"":1.7781684159049296,""completion_by_type"":[2.532902564173864,2.5225192593342145,2.7587699515577966],""finish"":2.7587699515577966,""tardiness"":0.36940518093246055}}","{""distance"":15.86946751188074,""tardiness"":6.249248797015364,""objective"":11.059358154448052,""task_times"":{""1"":{""start"":3.670674041607607,""completion_by_type"":[4.3154229994619655,4.596104215579685,4.49338698017499],""finish"":4.596104215579685,""tardiness"":0.0},""2"":{""start"":2.352948510268136,""completion_by_type"":[2.88362704380455,3.1715865705575292,3.346110262526272],""finish"":3.346110262526272,""tardiness"":0.0},""3"":{""start"":0.9562186534297765,""completion_by_type"":[1.7042393386380055,1.9551115455282464,2.1283517335979516],""finish"":2.1283517335979516,""tardiness"":1.2762363082377057},""4"":{""start"":0.8867289086901443,""completion_by_type"":[1.51358864865496,1.7520770697899963,1.7234054837538308],""finish"":1.7520770697899963,""tardiness"":1.0832415418700958},""5"":{""start"":2.383600708918233,""completion_by_type"":[2.828016796663632,3.364192423835546,3.423379989061873],""finish"":3.423379989061873,""tardiness"":1.528826399950348},""6"":{""start"":2.235749879679846,""completion_by_type"":[2.9803574961796606,2.930074858273729,3.375682879566562],""finish"":3.375682879566562,""tardiness"":1.9915393660247531},""7"":{""start"":0.6962073837682752,""completion_by_type"":[1.2090467803642229,1.4633460947526908,1.7852722916914434],""finish"":1.7852722916914434,""tardiness"":0.0},""8"":{""start"":3.6637143018011917,""completion_by_type"":[4.314303999793834,4.622466628784339,4.795679573490919],""finish"":4.795679573490919,""tardiness"":0.0},""9"":{""start"":0.5824959287170952,""completion_by_type"":[1.2125001256408998,1.4460183518895036,1.4253068344586328],""finish"":1.4460183518895036,""tardiness"":0.0},""10"":{""start"":1.7781684159049296,""completion_by_type"":[2.532902564173864,2.5225192593342145,2.7587699515577966],""finish"":2.7587699515577966,""tardiness"":0.36940518093246055}}}","{""objective"":1.0818013151947525e-12,""distance"":1.7763568394002505e-15,""tardiness"":2.1609380951304047e-12}",3600,1,0,100.0,manhattan,"[0.5,0.5]",True
k3_n10_i092,1,time_limit_feasible,3,10,92,N10_K3_M18_I92,9,TIME_LIMIT,True,False,9.442515136414965,14.695558976489808,4.1894712963401215,8.915629883545517,8.915629883545517,0.055799248956193925,10,3600.0007898807526,6846.526910112113,1162112.0,60557931.0,1.004525664,time_limit_feasible,,time_limit_feasible,time_limit_feasible,raw_json,False,,,,1e-06,0.0,,"{""1"":[1,5,9],""2"":[4,7],""3"":[3,8],""4"":[2,10,6],""5"":[1,5],""6"":[3,8,9],""7"":[],""8"":[2,10,6],""9"":[4,7],""10"":[],""11"":[1,5],""12"":[2,10,6],""13"":[4,7],""14"":[3,8,9],""15"":[],""16"":[],""17"":[],""18"":[]}","{""1"":{""start"":0.906684411405691,""completion_by_type"":[1.3629610172957958,1.8676928784996163,1.8165566149829413],""finish"":1.8676928784996163,""tardiness"":0.0},""2"":{""start"":0.5381849918494561,""completion_by_type"":[1.010897308364768,1.210204828903886,1.3460913422858392],""finish"":1.3460913422858392,""tardiness"":0.6621713125724145},""3"":{""start"":1.2028193195847035,""completion_by_type"":[1.7916623166256835,2.071558859970672,2.1405627721141176],""finish"":2.1405627721141176,""tardiness"":0.12235233106987753},""4"":{""start"":0.5793991734515935,""completion_by_type"":[1.1309941018003553,1.3923375792809516,1.6586374632854357],""finish"":1.6586374632854357,""tardiness"":0.29106546008171663},""5"":{""start"":2.6300259819233123,""completion_by_type"":[3.215595757527934,3.4565121461378903,3.615145793716201],""finish"":3.615145793716201,""tardiness"":0.0},""6"":{""start"":2.727839240961938,""completion_by_type"":[3.3519177769935484,3.364462913860203,3.7704075827629717],""finish"":3.7704075827629717,""tardiness"":0.0},""7"":{""start"":1.7861420264488186,""completion_by_type"":[2.476635131394805,2.585152903785259,2.602681498082944],""finish"":2.602681498082944,""tardiness"":0.0},""8"":{""start"":2.259131263506033,""completion_by_type"":[2.979304352447985,3.1753423729178407,3.255533307584738],""finish"":3.255533307584738,""tardiness"":2.451517286821701},""9"":{""start"":3.535286944168215,""completion_by_type"":[4.292160066619946,4.180724981876809,4.510652268456658],""finish"":4.510652268456658,""tardiness"":0.6623656255602461},""10"":{""start"":1.5066322713385105,""completion_by_type"":[2.292298900353258,2.4996260698976545,2.3905293217975516],""finish"":2.4996260698976545,""tardiness"":0.0}}","{""distance"":14.695558976489808,""tardiness"":4.189472016105956,""objective"":9.442515496297883,""task_times"":{""1"":{""start"":0.906684411405691,""completion_by_type"":[1.3629610172957958,1.8676928784996163,1.8165566149829413],""finish"":1.8676928784996163,""tardiness"":0.0},""2"":{""start"":0.5381849918494561,""completion_by_type"":[1.010897308364768,1.210204828903886,1.3460913422858392],""finish"":1.3460913422858392,""tardiness"":0.6621713125724145},""3"":{""start"":1.2028193195847035,""completion_by_type"":[1.7916623166256835,2.071558859970672,2.1405627721141176],""finish"":2.1405627721141176,""tardiness"":0.12235233106987753},""4"":{""start"":0.5793991734515935,""completion_by_type"":[1.1309941018003553,1.3923375792809516,1.6586374632854357],""finish"":1.6586374632854357,""tardiness"":0.29106546008171663},""5"":{""start"":2.6300259819233123,""completion_by_type"":[3.215595757527934,3.4565121461378903,3.615145793716201],""finish"":3.615145793716201,""tardiness"":0.0},""6"":{""start"":2.727839240961938,""completion_by_type"":[3.3519177769935484,3.364462913860203,3.7704075827629717],""finish"":3.7704075827629717,""tardiness"":0.0},""7"":{""start"":1.7861420264488186,""completion_by_type"":[2.476635131394805,2.585152903785259,2.602681498082944],""finish"":2.602681498082944,""tardiness"":0.0},""8"":{""start"":2.259131263506033,""completion_by_type"":[2.979304352447985,3.1753423729178407,3.255533307584738],""finish"":3.255533307584738,""tardiness"":2.451517286821701},""9"":{""start"":3.535286944168215,""completion_by_type"":[4.292160066619946,4.180724981876809,4.510652268456658],""finish"":4.510652268456658,""tardiness"":0.6623656255602461},""10"":{""start"":1.5066322713385105,""completion_by_type"":[2.292298900353258,2.4996260698976545,2.3905293217975516],""finish"":2.4996260698976545,""tardiness"":0.0}}}","{""objective"":3.598829181328256e-07,""distance"":0.0,""tardiness"":7.197658344892943e-07}",3600,1,0,100.0,manhattan,"[0.5,0.5]",True
k3_n10_i093,1,time_limit_feasible,3,10,93,N10_K3_M18_I93,9,TIME_LIMIT,True,False,12.001131563484698,18.335339626746617,5.666923500222778,9.58187015929717,9.58187015929717,0.2015861080590522,10,3600.000921010971,6778.419983901152,749297.0,54521525.0,0.769263176,time_limit_feasible,,time_limit_feasible,time_limit_feasible,raw_json,False,,,,1e-06,0.0,,"{""1"":[4,5],""2"":[10,7,2],""3"":[6,9],""4"":[3,8,1],""5"":[4,5],""6"":[3,8,1],""7"":[6,9],""8"":[],""9"":[],""10"":[10,7,2],""11"":[4,5],""12"":[],""13"":[6,9],""14"":[10,7,2],""15"":[3,8,1],""16"":[],""17"":[],""18"":[]}","{""1"":{""start"":3.7785322152915137,""completion_by_type"":[4.413036583629556,4.621256779806702,4.882587279278512],""finish"":4.882587279278512,""tardiness"":0.0},""2"":{""start"":3.517593176269597,""completion_by_type"":[3.9606263924247886,4.485094276882867,4.534485779881117],""finish"":4.534485779881117,""tardiness"":0.0},""3"":{""start"":1.3244018890573064,""completion_by_type"":[1.8174085144610586,2.176061081637606,2.3109802512250655],""finish"":2.3109802512250655,""tardiness"":1.8195724888354428},""4"":{""start"":0.8400949300961946,""completion_by_type"":[1.3314435346009321,1.4771622312954467,1.7435677819948299],""finish"":1.7435677819948299,""tardiness"":0.7979023682038953},""5"":{""start"":1.935627286507525,""completion_by_type"":[2.357189551090001,2.6714140683395113,2.9233701331928934],""finish"":2.9233701331928934,""tardiness"":0.0},""6"":{""start"":1.7012390044420016,""completion_by_type"":[2.2713960251348384,2.315271551898332,2.776344155141645],""finish"":2.776344155141645,""tardiness"":0.8912931177472867},""7"":{""start"":2.2894051753299793,""completion_by_type"":[3.0080328508610203,3.0630683455786736,3.2584161670706653],""finish"":3.2584161670706653,""tardiness"":0.0},""8"":{""start"":2.5705919739994,""completion_by_type"":[3.1397773900311954,3.1967323540939354,3.5782300900013544],""finish"":3.5782300900013544,""tardiness"":0.0},""9"":{""start"":2.8668412400097254,""completion_by_type"":[3.3375433975750406,3.555476192748279,3.8574437634468954],""finish"":3.8574437634468954,""tardiness"":2.1581552366119334},""10"":{""start"":0.6963360711670817,""completion_by_type"":[1.102043680417851,1.4597166148199325,1.7413445113647725],""finish"":1.7413445113647725,""tardiness"":0.0}}","{""distance"":18.33534001611598,""tardiness"":5.666923211398558,""objective"":12.001131613757268,""task_times"":{""1"":{""start"":3.7785322152915137,""completion_by_type"":[4.413036583629556,4.621256779806702,4.882587279278512],""finish"":4.882587279278512,""tardiness"":0.0},""2"":{""start"":3.517593176269597,""completion_by_type"":[3.9606263924247886,4.485094276882867,4.534485779881117],""finish"":4.534485779881117,""tardiness"":0.0},""3"":{""start"":1.3244018890573064,""completion_by_type"":[1.8174085144610586,2.176061081637606,2.3109802512250655],""finish"":2.3109802512250655,""tardiness"":1.8195724888354428},""4"":{""start"":0.8400949300961946,""completion_by_type"":[1.3314435346009321,1.4771622312954467,1.7435677819948299],""finish"":1.7435677819948299,""tardiness"":0.7979023682038953},""5"":{""start"":1.935627286507525,""completion_by_type"":[2.357189551090001,2.6714140683395113,2.9233701331928934],""finish"":2.9233701331928934,""tardiness"":0.0},""6"":{""start"":1.7012390044420016,""completion_by_type"":[2.2713960251348384,2.315271551898332,2.776344155141645],""finish"":2.776344155141645,""tardiness"":0.8912931177472867},""7"":{""start"":2.2894051753299793,""completion_by_type"":[3.0080328508610203,3.0630683455786736,3.2584161670706653],""finish"":3.2584161670706653,""tardiness"":0.0},""8"":{""start"":2.5705919739994,""completion_by_type"":[3.1397773900311954,3.1967323540939354,3.5782300900013544],""finish"":3.5782300900013544,""tardiness"":0.0},""9"":{""start"":2.8668412400097254,""completion_by_type"":[3.3375433975750406,3.555476192748279,3.8574437634468954],""finish"":3.8574437634468954,""tardiness"":2.1581552366119334},""10"":{""start"":0.6963360711670817,""completion_by_type"":[1.102043680417851,1.4597166148199325,1.7413445113647725],""finish"":1.7413445113647725,""tardiness"":0.0}}}","{""objective"":5.0272570106812964e-08,""distance"":3.893693616419114e-07,""tardiness"":2.888242196519286e-07}",3600,1,0,100.0,manhattan,"[0.5,0.5]",True
k3_n10_i094,1,time_limit_feasible,3,10,94,N10_K3_M18_I94,9,TIME_LIMIT,True,False,9.075840850619464,12.114672645769199,6.0370090554697295,7.632223743469591,7.632223743469591,0.15906152729103218,10,3600.001035928726,6892.591814332381,750967.0,57112959.0,0.750731576,time_limit_feasible,,time_limit_feasible,time_limit_feasible,raw_json,False,,,,1e-06,0.0,,"{""1"":[6,10,5,2],""2"":[],""3"":[1,3,8,9],""4"":[4,7],""5"":[4,10,5,2],""6"":[1,3,8,9],""7"":[6,7],""8"":[],""9"":[],""10"":[],""11"":[6,7],""12"":[1,8,9],""13"":[4,5],""14"":[10],""15"":[],""16"":[3,2],""17"":[],""18"":[]}","{""1"":{""start"":0.7877776369447721,""completion_by_type"":[1.3186727673859626,1.4601319327585407,1.9175277371882284],""finish"":1.9175277371882284,""tardiness"":0.0},""2"":{""start"":3.1641084453567707,""completion_by_type"":[3.57355641675486,3.9329948793535645,4.338287950798146],""finish"":4.338287950798146,""tardiness"":0.0},""3"":{""start"":1.6354932799330177,""completion_by_type"":[2.052811007363144,2.3381363640164583,2.6823294062255822],""finish"":2.6823294062255822,""tardiness"":2.1978380511247786},""4"":{""start"":0.7194181917761064,""completion_by_type"":[1.305669558465075,1.3703418939156227,1.7690019886655473],""finish"":1.7690019886655473,""tardiness"":0.2751425027413492},""5"":{""start"":2.189044314155908,""completion_by_type"":[2.776694013421307,3.003280921114306,3.2490139861665446],""finish"":3.2490139861665446,""tardiness"":0.12689011820454255},""6"":{""start"":0.5580415108825865,""completion_by_type"":[1.0045093269554057,1.365114863461062,1.539098973950352],""finish"":1.539098973950352,""tardiness"":0.0},""7"":{""start"":1.9334178754882052,""completion_by_type"":[2.523153062491053,2.780935814222521,2.7765670876828885],""finish"":2.780935814222521,""tardiness"":0.8214296743058498},""8"":{""start"":2.548882587144148,""completion_by_type"":[3.2422957794266942,3.427435305299536,3.4418352564286128],""finish"":3.4418352564286128,""tardiness"":2.6157088759989},""9"":{""start"":3.6976009991042247,""completion_by_type"":[4.408080128184364,4.625497572069242,4.59432917968172],""finish"":4.625497572069242,""tardiness"":0.0},""10"":{""start"":1.4716935901628152,""completion_by_type"":[1.8990896387045086,2.0928832443564267,2.3057453185687473],""finish"":2.3057453185687473,""tardiness"":0.0}}","{""distance"":12.114672645769202,""tardiness"":6.03700922237542,""objective"":9.07584093407231,""task_times"":{""1"":{""start"":0.7877776369447721,""completion_by_type"":[1.3186727673859626,1.4601319327585407,1.9175277371882284],""finish"":1.9175277371882284,""tardiness"":0.0},""2"":{""start"":3.1641084453567707,""completion_by_type"":[3.57355641675486,3.9329948793535645,4.338287950798146],""finish"":4.338287950798146,""tardiness"":0.0},""3"":{""start"":1.6354932799330177,""completion_by_type"":[2.052811007363144,2.3381363640164583,2.6823294062255822],""finish"":2.6823294062255822,""tardiness"":2.1978380511247786},""4"":{""start"":0.7194181917761064,""completion_by_type"":[1.305669558465075,1.3703418939156227,1.7690019886655473],""finish"":1.7690019886655473,""tardiness"":0.2751425027413492},""5"":{""start"":2.189044314155908,""completion_by_type"":[2.776694013421307,3.003280921114306,3.2490139861665446],""finish"":3.2490139861665446,""tardiness"":0.12689011820454255},""6"":{""start"":0.5580415108825865,""completion_by_type"":[1.0045093269554057,1.365114863461062,1.539098973950352],""finish"":1.539098973950352,""tardiness"":0.0},""7"":{""start"":1.9334178754882052,""completion_by_type"":[2.523153062491053,2.780935814222521,2.7765670876828885],""finish"":2.780935814222521,""tardiness"":0.8214296743058498},""8"":{""start"":2.548882587144148,""completion_by_type"":[3.2422957794266942,3.427435305299536,3.4418352564286128],""finish"":3.4418352564286128,""tardiness"":2.6157088759989},""9"":{""start"":3.6976009991042247,""completion_by_type"":[4.408080128184364,4.625497572069242,4.59432917968172],""finish"":4.625497572069242,""tardiness"":0.0},""10"":{""start"":1.4716935901628152,""completion_by_type"":[1.8990896387045086,2.0928832443564267,2.3057453185687473],""finish"":2.3057453185687473,""tardiness"":0.0}}}","{""objective"":8.345284641109174e-08,""distance"":3.552713678800501e-15,""tardiness"":1.6690569015764822e-07}",3600,1,0,100.0,manhattan,"[0.5,0.5]",True
k3_n10_i095,1,time_limit_feasible,3,10,95,N10_K3_M18_I95,9,TIME_LIMIT,True,False,13.5861295649221,18.797020011953624,8.375239117890578,11.816318708343578,11.816318708343578,0.13026600755729428,10,3600.0010738372803,7819.587719479746,276182.0,44854147.0,0.342644936,time_limit_feasible,,time_limit_feasible,time_limit_feasible,raw_json,False,,,,1e-06,0.0,,"{""1"":[8,3,1],""2"":[4,6],""3"":[5,9],""4"":[10,7,2],""5"":[8,3,1],""6"":[],""7"":[4,6],""8"":[],""9"":[5,9],""10"":[10,7,2],""11"":[],""12"":[],""13"":[8,3,1],""14"":[],""15"":[10,7,2],""16"":[],""17"":[5,9],""18"":[4,6]}","{""1"":{""start"":3.828174593248639,""completion_by_type"":[4.445218722257003,4.657041541918111,4.686109610899209],""finish"":4.686109610899209,""tardiness"":0.8506064216673326},""2"":{""start"":3.5319465053037624,""completion_by_type"":[4.010949815831007,4.214102466217234,4.54269576939903],""finish"":4.54269576939903,""tardiness"":0.0},""3"":{""start"":2.698792503057692,""completion_by_type"":[3.478533318327036,3.3567138888334793,3.662744951639378],""finish"":3.662744951639378,""tardiness"":1.346604302146039},""4"":{""start"":1.0905794270160882,""completion_by_type"":[1.8013869381972978,1.8155595943324103,1.9083629913259017],""finish"":1.9083629913259017,""tardiness"":0.0},""5"":{""start"":0.9620091376985718,""completion_by_type"":[1.61563487422177,1.5660058860080839,1.9119791268735082],""finish"":1.9119791268735082,""tardiness"":0.0},""6"":{""start"":2.5649035185310343,""completion_by_type"":[3.312234403629545,3.4829075389797723,3.7260963437457213],""finish"":3.7260963437457213,""tardiness"":2.2242287349444063},""7"":{""start"":2.273653103814411,""completion_by_type"":[2.697115667278572,2.878993593668736,3.4384810671315287],""finish"":3.4384810671315287,""tardiness"":2.570289579412246},""8"":{""start"":1.1229850686785119,""completion_by_type"":[1.778001601473798,1.982207098204983,2.110296840922285],""finish"":2.110296840922285,""tardiness"":0.0},""9"":{""start"":2.1533328597878127,""completion_by_type"":[2.827684581000393,3.0201561516810145,3.1664153785127525],""finish"":3.1664153785127525,""tardiness"":0.0},""10"":{""start"":1.0633027070795606,""completion_by_type"":[1.8413159071965615,1.7594626129198225,1.9921411090055188],""finish"":1.9921411090055188,""tardiness"":1.3835100797225544}}","{""distance"":18.79702001195389,""tardiness"":8.375239117892578,""objective"":13.586129564923233,""task_times"":{""1"":{""start"":3.828174593248639,""completion_by_type"":[4.445218722257003,4.657041541918111,4.686109610899209],""finish"":4.686109610899209,""tardiness"":0.8506064216673326},""2"":{""start"":3.5319465053037624,""completion_by_type"":[4.010949815831007,4.214102466217234,4.54269576939903],""finish"":4.54269576939903,""tardiness"":0.0},""3"":{""start"":2.698792503057692,""completion_by_type"":[3.478533318327036,3.3567138888334793,3.662744951639378],""finish"":3.662744951639378,""tardiness"":1.346604302146039},""4"":{""start"":1.0905794270160882,""completion_by_type"":[1.8013869381972978,1.8155595943324103,1.9083629913259017],""finish"":1.9083629913259017,""tardiness"":0.0},""5"":{""start"":0.9620091376985718,""completion_by_type"":[1.61563487422177,1.5660058860080839,1.9119791268735082],""finish"":1.9119791268735082,""tardiness"":0.0},""6"":{""start"":2.5649035185310343,""completion_by_type"":[3.312234403629545,3.4829075389797723,3.7260963437457213],""finish"":3.7260963437457213,""tardiness"":2.2242287349444063},""7"":{""start"":2.273653103814411,""completion_by_type"":[2.697115667278572,2.878993593668736,3.4384810671315287],""finish"":3.4384810671315287,""tardiness"":2.570289579412246},""8"":{""start"":1.1229850686785119,""completion_by_type"":[1.778001601473798,1.982207098204983,2.110296840922285],""finish"":2.110296840922285,""tardiness"":0.0},""9"":{""start"":2.1533328597878127,""completion_by_type"":[2.827684581000393,3.0201561516810145,3.1664153785127525],""finish"":3.1664153785127525,""tardiness"":0.0},""10"":{""start"":1.0633027070795606,""completion_by_type"":[1.8413159071965615,1.7594626129198225,1.9921411090055188],""finish"":1.9921411090055188,""tardiness"":1.3835100797225544}}}","{""objective"":1.1333156635373598e-12,""distance"":2.6645352591003757e-13,""tardiness"":2.000177801164682e-12}",3600,1,0,100.0,manhattan,"[0.5,0.5]",True
k3_n10_i096,1,optimal,3,10,96,N10_K3_M18_I96,2,OPTIMAL,True,True,9.5645806769615,13.317138436707161,5.812022917215839,9.564580008204459,9.564580008204459,6.992016309368897e-08,10,3071.9549129009247,6091.17786127048,713330.0,42594217.0,0.24178552,optimal,,optimal,optimal,raw_json,False,,,,1e-06,0.0,,"{""1"":[10,3],""2"":[6,1,7],""3"":[9,8],""4"":[5,4,2],""5"":[9,8],""6"":[6,1,7],""7"":[5,4,2],""8"":[],""9"":[],""10"":[10,3],""11"":[],""12"":[10,3],""13"":[5,4,2],""14"":[],""15"":[6,1,7],""16"":[9,8],""17"":[],""18"":[]}","{""1"":{""start"":1.567170223596555,""completion_by_type"":[1.9774194292002258,2.459632857884201,2.616234592747238],""finish"":2.616234592747238,""tardiness"":0.0},""2"":{""start"":3.4335418136220444,""completion_by_type"":[4.117916493387764,4.208683023053717,4.625985719118728],""finish"":4.625985719118728,""tardiness"":2.791602345890054},""3"":{""start"":1.4337524827570092,""completion_by_type"":[1.8726738893985366,2.141792653967896,2.4070994370391885],""finish"":2.4070994370391885,""tardiness"":0.0},""4"":{""start"":2.2040326359767417,""completion_by_type"":[2.684241978850575,2.8942037869477817,3.309614274354714],""finish"":3.309614274354714,""tardiness"":0.6386069117214008},""5"":{""start"":0.783657570799031,""completion_by_type"":[1.4756673079232328,1.51230665622551,1.733169047860964],""finish"":1.733169047860964,""tardiness"":0.6268068699929461},""6"":{""start"":0.07916511612388366,""completion_by_type"":[0.5369303657658198,0.7197659229455293,1.2693638378930427],""finish"":1.2693638378930427,""tardiness"":0.0},""7"":{""start"":3.084159345956433,""completion_by_type"":[3.882807224544541,4.048873456047924,4.057213552003536],""finish"":4.057213552003536,""tardiness"":0.0},""8"":{""start"":2.4489392209338545,""completion_by_type"":[2.914885069239427,3.4225365784118242,3.5095711051112044],""finish"":3.5095711051112044,""tardiness"":0.4731186221604564},""9"":{""start"":0.9585817359041813,""completion_by_type"":[1.4162190137773056,1.6226698199204705,1.8212935380755642],""finish"":1.8212935380755642,""tardiness"":1.2818881674509863},""10"":{""start"":0.34653592068210914,""completion_by_type"":[0.9761521368262842,1.1134271665514681,1.1508146298512685],""finish"":1.1508146298512685,""tardiness"":0.0}}","{""distance"":13.31713843670716,""tardiness"":5.8120229172158435,""objective"":9.564580676961501,""task_times"":{""1"":{""start"":1.567170223596555,""completion_by_type"":[1.9774194292002258,2.459632857884201,2.616234592747238],""finish"":2.616234592747238,""tardiness"":0.0},""2"":{""start"":3.4335418136220444,""completion_by_type"":[4.117916493387764,4.208683023053717,4.625985719118728],""finish"":4.625985719118728,""tardiness"":2.791602345890054},""3"":{""start"":1.4337524827570092,""completion_by_type"":[1.8726738893985366,2.141792653967896,2.4070994370391885],""finish"":2.4070994370391885,""tardiness"":0.0},""4"":{""start"":2.2040326359767417,""completion_by_type"":[2.684241978850575,2.8942037869477817,3.309614274354714],""finish"":3.309614274354714,""tardiness"":0.6386069117214008},""5"":{""start"":0.783657570799031,""completion_by_type"":[1.4756673079232328,1.51230665622551,1.733169047860964],""finish"":1.733169047860964,""tardiness"":0.6268068699929461},""6"":{""start"":0.07916511612388366,""completion_by_type"":[0.5369303657658198,0.7197659229455293,1.2693638378930427],""finish"":1.2693638378930427,""tardiness"":0.0},""7"":{""start"":3.084159345956433,""completion_by_type"":[3.882807224544541,4.048873456047924,4.057213552003536],""finish"":4.057213552003536,""tardiness"":0.0},""8"":{""start"":2.4489392209338545,""completion_by_type"":[2.914885069239427,3.4225365784118242,3.5095711051112044],""finish"":3.5095711051112044,""tardiness"":0.4731186221604564},""9"":{""start"":0.9585817359041813,""completion_by_type"":[1.4162190137773056,1.6226698199204705,1.8212935380755642],""finish"":1.8212935380755642,""tardiness"":1.2818881674509863},""10"":{""start"":0.34653592068210914,""completion_by_type"":[0.9761521368262842,1.1134271665514681,1.1508146298512685],""finish"":1.1508146298512685,""tardiness"":0.0}}}","{""objective"":1.7763568394002505e-15,""distance"":1.7763568394002505e-15,""tardiness"":4.440892098500626e-15}",3600,1,0,100.0,manhattan,"[0.5,0.5]",True
k3_n10_i097,1,time_limit_feasible_postprocess_warning,3,10,97,N10_K3_M18_I97,9,TIME_LIMIT,True,False,11.10357760025,,,9.78706294396,9.78706294396,0.11856670918932995,10,3600.0,6956.67,640127.0,57196893.0,,time_limit_feasible_postprocess_warning,"ValueError: MILP and independent evaluation differ: {'objective': 5.053701475077332e-07, 'distance': 1.7763568394002505e-15, 'tardiness': 1.0107402959036449e-06}",failed,time_limit_feasible_postprocess_warning,gurobi_log,True,5.053701475077332e-07,1.7763568394002505e-15,1.0107402959036449e-06,1e-06,,11.8567,,,,,3600,1,0,,,,
k3_n10_i098,1,time_limit_feasible_postprocess_warning,3,10,98,N10_K3_M18_I98,9,TIME_LIMIT,True,False,9.82400803238,,,8.624470417722,8.624470417722,0.12210267038710838,10,3600.0,6760.88,796812.0,58902979.0,,time_limit_feasible_postprocess_warning,"ValueError: MILP and independent evaluation differ: {'objective': 5.316544591238426e-07, 'distance': 1.7763568394002505e-15, 'tardiness': 1.0633089155831499e-06}",failed,time_limit_feasible_postprocess_warning,gurobi_log,True,5.316544591238426e-07,1.7763568394002505e-15,1.0633089155831499e-06,1e-06,,12.2103,,,,,3600,1,0,,,,
k3_n10_i099,1,optimal,3,10,99,N10_K3_M18_I99,2,OPTIMAL,True,True,9.121732719267037,13.20049125002698,5.0429741885070944,9.121731957392525,9.121731957392525,8.352300329013916e-08,10,3128.7479882240295,5485.150149668564,1244405.0,53492284.0,0.362780544,optimal,,optimal,optimal,raw_json,False,,,,1e-06,0.0,,"{""1"":[8,4,6],""2"":[3,7],""3"":[9,5],""4"":[1,10,2],""5"":[],""6"":[9,5,2],""7"":[1,10,6],""8"":[3,7],""9"":[8,4],""10"":[],""11"":[9,5,7],""12"":[1,4],""13"":[],""14"":[3,10,2],""15"":[],""16"":[8,6],""17"":[],""18"":[]}","{""1"":{""start"":0.6025421499876404,""completion_by_type"":[1.208445854350371,1.4043700434481374,1.5578408678671485],""finish"":1.5578408678671485,""tardiness"":0.4152108025343364},""2"":{""start"":3.528871042093324,""completion_by_type"":[3.952131190144737,4.362474302701352,4.689409607872418],""finish"":4.689409607872418,""tardiness"":0.0013673636754676366},""3"":{""start"":0.322984033013751,""completion_by_type"":[0.8595163751100536,1.187134135875748,1.301867735623019],""finish"":1.301867735623019,""tardiness"":0.0},""4"":{""start"":2.115843013806452,""completion_by_type"":[2.607738468873122,2.8081009632369907,3.2330085759887375],""finish"":3.2330085759887375,""tardiness"":0.6490671053319637},""5"":{""start"":1.6998661354036904,""completion_by_type"":[2.3767091873736588,2.438427700505204,2.5085712544737726],""finish"":2.5085712544737726,""tardiness"":0.0},""6"":{""start"":3.06120662315419,""completion_by_type"":[3.6560510779157074,3.7942904553107226,4.204379714883495],""finish"":4.204379714883495,""tardiness"":2.382133475670052},""7"":{""start"":2.7130468538748427,""completion_by_type"":[3.3775381770869366,3.36468154371264,3.6476711942981517],""finish"":3.6476711942981517,""tardiness"":0.0},""8"":{""start"":0.8185802606233996,""completion_by_type"":[1.4208759360839256,1.6960123441255814,1.9494789154001064],""finish"":1.9494789154001064,""tardiness"":1.5098940596417376},""9"":{""start"":0.33393761591488236,""completion_by_type"":[0.9658670923283892,1.24086508163479,1.520924652576117],""finish"":1.520924652576117,""tardiness"":0.0853013816535162},""10"":{""start"":1.7749278838110507,""completion_by_type"":[2.2845966695574162,2.4080755994328067,2.8249303955840097],""finish"":2.8249303955840097,""tardiness"":0.0}}","{""distance"":13.200491250026978,""tardiness"":5.042974188507073,""objective"":9.121732719267026,""task_times"":{""1"":{""start"":0.6025421499876404,""completion_by_type"":[1.208445854350371,1.4043700434481374,1.5578408678671485],""finish"":1.5578408678671485,""tardiness"":0.4152108025343364},""2"":{""start"":3.528871042093324,""completion_by_type"":[3.952131190144737,4.362474302701352,4.689409607872418],""finish"":4.689409607872418,""tardiness"":0.0013673636754676366},""3"":{""start"":0.322984033013751,""completion_by_type"":[0.8595163751100536,1.187134135875748,1.301867735623019],""finish"":1.301867735623019,""tardiness"":0.0},""4"":{""start"":2.115843013806452,""completion_by_type"":[2.607738468873122,2.8081009632369907,3.2330085759887375],""finish"":3.2330085759887375,""tardiness"":0.6490671053319637},""5"":{""start"":1.6998661354036904,""completion_by_type"":[2.3767091873736588,2.438427700505204,2.5085712544737726],""finish"":2.5085712544737726,""tardiness"":0.0},""6"":{""start"":3.06120662315419,""completion_by_type"":[3.6560510779157074,3.7942904553107226,4.204379714883495],""finish"":4.204379714883495,""tardiness"":2.382133475670052},""7"":{""start"":2.7130468538748427,""completion_by_type"":[3.3775381770869366,3.36468154371264,3.6476711942981517],""finish"":3.6476711942981517,""tardiness"":0.0},""8"":{""start"":0.8185802606233996,""completion_by_type"":[1.4208759360839256,1.6960123441255814,1.9494789154001064],""finish"":1.9494789154001064,""tardiness"":1.5098940596417376},""9"":{""start"":0.33393761591488236,""completion_by_type"":[0.9658670923283892,1.24086508163479,1.520924652576117],""finish"":1.520924652576117,""tardiness"":0.0853013816535162},""10"":{""start"":1.7749278838110507,""completion_by_type"":[2.2845966695574162,2.4080755994328067,2.8249303955840097],""finish"":2.8249303955840097,""tardiness"":0.0}}}","{""objective"":1.0658141036401503e-14,""distance"":1.7763568394002505e-15,""tardiness"":2.1316282072803006e-14}",3600,1,0,100.0,manhattan,"[0.5,0.5]",True
k3_n10_i100,1,time_limit_feasible,3,10,100,N10_K3_M18_I100,9,TIME_LIMIT,True,False,9.897713086252676,14.814877926766787,4.980548245738564,9.689741580623606,9.689741580623606,0.021012076609689737,10,3600.0007190704346,7732.646854235217,276394.0,57208919.0,0.160803576,time_limit_feasible,,time_limit_feasible,time_limit_feasible,raw_json,False,,,,1e-06,0.0,,"{""1"":[9,8],""2"":[7,5,10],""3"":[2,3],""4"":[1,4,6],""5"":[9,8],""6"":[2,3],""7"":[1,4,6],""8"":[7,5,10],""9"":[],""10"":[],""11"":[1,4,6],""12"":[],""13"":[],""14"":[],""15"":[9,8],""16"":[7,5,10],""17"":[],""18"":[2,3]}","{""1"":{""start"":0.6602660005784311,""completion_by_type"":[1.228077055535269,1.4875253235899468,1.5656025850634192],""finish"":1.5656025850634192,""tardiness"":0.8965734375308547},""2"":{""start"":1.0620545919065971,""completion_by_type"":[1.5899139609477628,1.709677528184757,2.233528395022046],""finish"":2.233528395022046,""tardiness"":1.3146282036755452},""3"":{""start"":2.734745707058254,""completion_by_type"":[3.283749632198921,3.702588184463084,3.84565483967652],""finish"":3.84565483967652,""tardiness"":0.3892879789494299},""4"":{""start"":1.7226382788916583,""completion_by_type"":[2.1376508603117848,2.4460147325748336,2.7874107031862603],""finish"":2.7874107031862603,""tardiness"":0.0},""5"":{""start"":2.3476727795655927,""completion_by_type"":[2.822852148298135,3.213329051339289,3.386145311097386],""finish"":3.386145311097386,""tardiness"":1.971247896636188},""6"":{""start"":3.1133199969414056,""completion_by_type"":[3.5591141581847783,3.758653502384955,3.9613758973820596],""finish"":3.9613758973820596,""tardiness"":0.0},""7"":{""start"":1.0011240602199925,""completion_by_type"":[1.7436998094041063,1.878788570870656,1.9841958204701555],""finish"":1.9841958204701555,""tardiness"":0.13645730429462555},""8"":{""start"":1.7990487684838194,""completion_by_type"":[2.201584494501382,2.685191289185641,2.658271470662565],""finish"":2.685191289185641,""tardiness"":0.27235356415383505},""9"":{""start"":0.33119351557347454,""completion_by_type"":[0.8039633334464726,1.0600310890417284,1.5152819700022482],""finish"":1.5152819700022482,""tardiness"":0.0},""10"":{""start"":3.6383937278778857,""completion_by_type"":[4.0505499352036285,4.505535671260194,4.81762802293959],""finish"":4.81762802293959,""tardiness"":0.0}}","{""distance"":14.814877926766787,""tardiness"":4.980548385240478,""objective"":9.897713156003633,""task_times"":{""1"":{""start"":0.6602660005784311,""completion_by_type"":[1.228077055535269,1.4875253235899468,1.5656025850634192],""finish"":1.5656025850634192,""tardiness"":0.8965734375308547},""2"":{""start"":1.0620545919065971,""completion_by_type"":[1.5899139609477628,1.709677528184757,2.233528395022046],""finish"":2.233528395022046,""tardiness"":1.3146282036755452},""3"":{""start"":2.734745707058254,""completion_by_type"":[3.283749632198921,3.702588184463084,3.84565483967652],""finish"":3.84565483967652,""tardiness"":0.3892879789494299},""4"":{""start"":1.7226382788916583,""completion_by_type"":[2.1376508603117848,2.4460147325748336,2.7874107031862603],""finish"":2.7874107031862603,""tardiness"":0.0},""5"":{""start"":2.3476727795655927,""completion_by_type"":[2.822852148298135,3.213329051339289,3.386145311097386],""finish"":3.386145311097386,""tardiness"":1.971247896636188},""6"":{""start"":3.1133199969414056,""completion_by_type"":[3.5591141581847783,3.758653502384955,3.9613758973820596],""finish"":3.9613758973820596,""tardiness"":0.0},""7"":{""start"":1.0011240602199925,""completion_by_type"":[1.7436998094041063,1.878788570870656,1.9841958204701555],""finish"":1.9841958204701555,""tardiness"":0.13645730429462555},""8"":{""start"":1.7990487684838194,""completion_by_type"":[2.201584494501382,2.685191289185641,2.658271470662565],""finish"":2.685191289185641,""tardiness"":0.27235356415383505},""9"":{""start"":0.33119351557347454,""completion_by_type"":[0.8039633334464726,1.0600310890417284,1.5152819700022482],""finish"":1.5152819700022482,""tardiness"":0.0},""10"":{""start"":3.6383937278778857,""completion_by_type"":[4.0505499352036285,4.505535671260194,4.81762802293959],""finish"":4.81762802293959,""tardiness"":0.0}}}","{""objective"":6.975095701022838e-08,""distance"":0.0,""tardiness"":1.3950191402045675e-07}",3600,1,0,100.0,manhattan,"[0.5,0.5]",True
