dataset_id,method,size,instance,instance_index,training_seed,eval_seed,decode,objective,travel_time,tardiness,travel_distance,runtime_s,objective_replay_error,peak_gpu_memory_bytes,status
real_world_test100_seed20260906,cohet,10,RW_N10_K3_M16_I1.xlsx,1,1234,20260825,sample-1280,1541.25,2353.3333333333335,729.1666666666667,2575.0,0.08475776202976704,0.0,160244224,ok
real_world_test100_seed20260906,cohet,10,RW_N10_K3_M16_I2.xlsx,2,1234,20260825,sample-1280,1601.3333333333335,2436.666666666667,766.0000000000001,2665.0,0.0723356589442119,0.0,160244224,ok
real_world_test100_seed20260906,cohet,10,RW_N10_K3_M16_I3.xlsx,3,1234,20260825,sample-1280,1904.6666666666667,2707.5,1101.8333333333335,3005.0,0.07527709205169231,0.0,160244224,ok
real_world_test100_seed20260906,cohet,10,RW_N10_K3_M16_I4.xlsx,4,1234,20260825,sample-1280,1710.8333333333335,2710.0000000000005,711.6666666666667,3005.0,0.07208772096782923,0.0,160244224,ok
real_world_test100_seed20260906,cohet,10,RW_N10_K3_M16_I5.xlsx,5,1234,20260825,sample-1280,1868.416666666667,2582.5000000000005,1154.3333333333335,2855.0,0.07154674699995667,0.0,160244224,ok
real_world_test100_seed20260906,cohet,10,RW_N10_K3_M16_I6.xlsx,6,1234,20260825,sample-1280,1355.1666666666667,2145.0,565.3333333333335,2375.0,0.07267785596195608,0.0,160244224,ok
real_world_test100_seed20260906,cohet,10,RW_N10_K3_M16_I7.xlsx,7,1234,20260825,sample-1280,1698.5,2585.8333333333335,811.1666666666666,2855.0,0.07218590099364519,0.0,160244224,ok
real_world_test100_seed20260906,cohet,10,RW_N10_K3_M16_I8.xlsx,8,1234,20260825,sample-1280,1415.2500000000005,2459.1666666666674,371.3333333333336,2715.0,0.07228212000336498,2.2737367544323206e-13,160244224,ok
real_world_test100_seed20260906,cohet,10,RW_N10_K3_M16_I9.xlsx,9,1234,20260825,sample-1280,1537.5833333333335,2347.5000000000005,727.6666666666665,2605.0,0.07184124400373548,2.2737367544323206e-13,160244224,ok
real_world_test100_seed20260906,cohet,10,RW_N10_K3_M16_I10.xlsx,10,1234,20260825,sample-1280,1391.0,2390.8333333333335,391.1666666666667,2650.0,0.07173684402368963,0.0,160244224,ok
real_world_test100_seed20260906,cohet,10,RW_N10_K3_M16_I11.xlsx,11,1234,20260825,sample-1280,1468.8333333333335,2479.1666666666665,458.5000000000002,2765.0,0.0717794249067083,0.0,160244224,ok
real_world_test100_seed20260906,cohet,10,RW_N10_K3_M16_I12.xlsx,12,1234,20260825,sample-1280,1140.5833333333335,2072.5,208.66666666666674,2265.0,0.07289191393647343,0.0,160244224,ok
real_world_test100_seed20260906,cohet,10,RW_N10_K3_M16_I13.xlsx,13,1234,20260825,sample-1280,1411.0833333333335,2395.8333333333335,426.33333333333337,2640.0,0.07363471703138202,0.0,160244224,ok
real_world_test100_seed20260906,cohet,10,RW_N10_K3_M16_I14.xlsx,14,1234,20260825,sample-1280,1390.0833333333335,2394.166666666667,386.0,2630.0,0.07468728697858751,0.0,160244224,ok
real_world_test100_seed20260906,cohet,10,RW_N10_K3_M16_I15.xlsx,15,1234,20260825,sample-1280,1381.416666666667,2220.0000000000005,542.8333333333335,2445.0,0.07179075398016721,2.2737367544323206e-13,160244224,ok
real_world_test100_seed20260906,cohet,10,RW_N10_K3_M16_I16.xlsx,16,1234,20260825,sample-1280,1412.25,2340.0,484.50000000000006,2600.0,0.07200679194647819,0.0,160244224,ok
real_world_test100_seed20260906,cohet,10,RW_N10_K3_M16_I17.xlsx,17,1234,20260825,sample-1280,1866.416666666667,2764.166666666667,968.6666666666669,3075.0,0.07208326098043472,0.0,160244224,ok
real_world_test100_seed20260906,cohet,10,RW_N10_K3_M16_I18.xlsx,18,1234,20260825,sample-1280,1260.75,2281.6666666666665,239.83333333333337,2475.0,0.07220952003262937,0.0,160244224,ok
real_world_test100_seed20260906,cohet,10,RW_N10_K3_M16_I19.xlsx,19,1234,20260825,sample-1280,1634.8333333333333,2479.1666666666665,790.5,2745.0,0.07351248792838305,0.0,160244224,ok
real_world_test100_seed20260906,cohet,10,RW_N10_K3_M16_I20.xlsx,20,1234,20260825,sample-1280,1339.5833333333335,2280.8333333333335,398.33333333333337,2515.0,0.07162607600912452,2.2737367544323206e-13,160244224,ok
real_world_test100_seed20260906,cohet,10,RW_N10_K3_M16_I21.xlsx,21,1234,20260825,sample-1280,1488.8333333333335,2257.5,720.166666666667,2495.0,0.07159186596982181,0.0,160244224,ok
real_world_test100_seed20260906,cohet,10,RW_N10_K3_M16_I22.xlsx,22,1234,20260825,sample-1280,1634.25,2403.3333333333335,865.1666666666667,2625.0,0.0715983760310337,4.547473508864641e-13,160244224,ok
real_world_test100_seed20260906,cohet,10,RW_N10_K3_M16_I23.xlsx,23,1234,20260825,sample-1280,1586.166666666667,2488.333333333334,684.0000000000002,2740.0,0.07167991599999368,0.0,160244224,ok
real_world_test100_seed20260906,cohet,10,RW_N10_K3_M16_I24.xlsx,24,1234,20260825,sample-1280,1272.2500000000002,2319.166666666667,225.3333333333336,2550.0,0.07190051290672272,2.2737367544323206e-13,160244224,ok
real_world_test100_seed20260906,cohet,10,RW_N10_K3_M16_I25.xlsx,25,1234,20260825,sample-1280,1576.9166666666665,2382.5,771.3333333333333,2650.0,0.07156238600146025,0.0,160244224,ok
real_world_test100_seed20260906,cohet,10,RW_N10_K3_M16_I26.xlsx,26,1234,20260825,sample-1280,1362.3333333333335,2320.8333333333335,403.83333333333337,2520.0,0.07137086801230907,0.0,160244224,ok
real_world_test100_seed20260906,cohet,10,RW_N10_K3_M16_I27.xlsx,27,1234,20260825,sample-1280,1501.666666666667,2314.166666666667,689.1666666666667,2555.0,0.07177201402373612,0.0,160244224,ok
real_world_test100_seed20260906,cohet,10,RW_N10_K3_M16_I28.xlsx,28,1234,20260825,sample-1280,1419.2500000000002,2427.5000000000005,411.0000000000001,2675.0,0.07183754304423928,2.2737367544323206e-13,160244224,ok
real_world_test100_seed20260906,cohet,10,RW_N10_K3_M16_I29.xlsx,29,1234,20260825,sample-1280,1881.2500000000002,2852.5000000000005,910.0000000000001,3130.0,0.07184561295434833,2.2737367544323206e-13,160244224,ok
real_world_test100_seed20260906,cohet,10,RW_N10_K3_M16_I30.xlsx,30,1234,20260825,sample-1280,1083.0833333333333,1962.5,203.66666666666663,2180.0,0.07172192400321364,2.2737367544323206e-13,160244224,ok
real_world_test100_seed20260906,cohet,10,RW_N10_K3_M16_I31.xlsx,31,1234,20260825,sample-1280,1332.25,2239.1666666666665,425.3333333333334,2450.0,0.0718747730134055,0.0,160244224,ok
real_world_test100_seed20260906,cohet,10,RW_N10_K3_M16_I32.xlsx,32,1234,20260825,sample-1280,1831.0000000000005,2677.5000000000005,984.5000000000003,2945.0,0.07166876492556185,0.0,160244224,ok
real_world_test100_seed20260906,cohet,10,RW_N10_K3_M16_I33.xlsx,33,1234,20260825,sample-1280,1729.916666666667,2678.333333333334,781.5,2930.0,0.07186234300024807,2.2737367544323206e-13,160244224,ok
real_world_test100_seed20260906,cohet,10,RW_N10_K3_M16_I34.xlsx,34,1234,20260825,sample-1280,1186.4166666666667,2295.0,77.83333333333348,2545.0,0.07172940496820956,0.0,160244224,ok
real_world_test100_seed20260906,cohet,10,RW_N10_K3_M16_I35.xlsx,35,1234,20260825,sample-1280,1384.5833333333333,2235.0,534.1666666666666,2415.0,0.07191690208856016,0.0,160244224,ok
real_world_test100_seed20260906,cohet,10,RW_N10_K3_M16_I36.xlsx,36,1234,20260825,sample-1280,1485.3333333333335,2490.8333333333335,479.83333333333354,2765.0,0.07174373499583453,0.0,160244224,ok
real_world_test100_seed20260906,cohet,10,RW_N10_K3_M16_I37.xlsx,37,1234,20260825,sample-1280,1386.6666666666667,2419.166666666667,354.16666666666663,2695.0,0.07170181500259787,2.2737367544323206e-13,160244224,ok
real_world_test100_seed20260906,cohet,10,RW_N10_K3_M16_I38.xlsx,38,1234,20260825,sample-1280,1465.166666666667,2246.666666666667,683.6666666666669,2500.0,0.07185232290066779,0.0,160244224,ok
real_world_test100_seed20260906,cohet,10,RW_N10_K3_M16_I39.xlsx,39,1234,20260825,sample-1280,1635.5000000000002,2483.3333333333335,787.6666666666671,2770.0,0.07168150506913662,0.0,160244224,ok
real_world_test100_seed20260906,cohet,10,RW_N10_K3_M16_I40.xlsx,40,1234,20260825,sample-1280,1460.0000000000002,2530.8333333333335,389.16666666666686,2785.0,0.0723333889618516,0.0,160244224,ok
real_world_test100_seed20260906,cohet,10,RW_N10_K3_M16_I41.xlsx,41,1234,20260825,sample-1280,1396.5833333333335,2354.166666666667,439.0000000000001,2615.0,0.0719697120366618,0.0,160244224,ok
real_world_test100_seed20260906,cohet,10,RW_N10_K3_M16_I42.xlsx,42,1234,20260825,sample-1280,1614.8333333333335,2590.0,639.6666666666667,2820.0,0.07180396397598088,0.0,160244224,ok
real_world_test100_seed20260906,cohet,10,RW_N10_K3_M16_I43.xlsx,43,1234,20260825,sample-1280,1228.75,1974.1666666666667,483.3333333333335,2195.0,0.0717781939310953,2.2737367544323206e-13,160244224,ok
real_world_test100_seed20260906,cohet,10,RW_N10_K3_M16_I44.xlsx,44,1234,20260825,sample-1280,1748.3333333333335,2454.166666666667,1042.5,2705.0,0.07226288900710642,0.0,160244224,ok
real_world_test100_seed20260906,cohet,10,RW_N10_K3_M16_I45.xlsx,45,1234,20260825,sample-1280,1734.5833333333337,2737.5000000000005,731.666666666667,3025.0,0.07177190401125699,0.0,160244224,ok
real_world_test100_seed20260906,cohet,10,RW_N10_K3_M16_I46.xlsx,46,1234,20260825,sample-1280,1660.2500000000005,2542.5000000000005,778.0000000000003,2805.0,0.07173192396294326,0.0,160244224,ok
real_world_test100_seed20260906,cohet,10,RW_N10_K3_M16_I47.xlsx,47,1234,20260825,sample-1280,1455.416666666667,2295.8333333333335,615.0000000000002,2530.0,0.07206414092797786,0.0,160244224,ok
real_world_test100_seed20260906,cohet,10,RW_N10_K3_M16_I48.xlsx,48,1234,20260825,sample-1280,1655.0833333333335,2545.8333333333335,764.3333333333333,2790.0,0.07136865810025483,0.0,160244224,ok
real_world_test100_seed20260906,cohet,10,RW_N10_K3_M16_I49.xlsx,49,1234,20260825,sample-1280,1335.8333333333335,2224.166666666667,447.5000000000001,2445.0,0.0716106949839741,0.0,160244224,ok
real_world_test100_seed20260906,cohet,10,RW_N10_K3_M16_I50.xlsx,50,1234,20260825,sample-1280,1704.083333333333,2570.833333333333,837.3333333333333,2840.0,0.07166633603628725,0.0,160244224,ok
real_world_test100_seed20260906,cohet,10,RW_N10_K3_M16_I51.xlsx,51,1234,20260825,sample-1280,1274.5,2161.666666666667,387.33333333333314,2385.0,0.07188850292004645,0.0,160244224,ok
real_world_test100_seed20260906,cohet,10,RW_N10_K3_M16_I52.xlsx,52,1234,20260825,sample-1280,1588.3333333333335,2644.166666666667,532.5,2920.0,0.07186058396473527,2.2737367544323206e-13,160244224,ok
real_world_test100_seed20260906,cohet,10,RW_N10_K3_M16_I53.xlsx,53,1234,20260825,sample-1280,1905.0000000000002,2790.0,1020.0000000000003,3070.0,0.07158703601453453,0.0,160244224,ok
real_world_test100_seed20260906,cohet,10,RW_N10_K3_M16_I54.xlsx,54,1234,20260825,sample-1280,1518.0000000000002,2444.166666666667,591.8333333333335,2680.0,0.0723644089885056,2.2737367544323206e-13,160244224,ok
real_world_test100_seed20260906,cohet,10,RW_N10_K3_M16_I55.xlsx,55,1234,20260825,sample-1280,1731.5833333333335,2598.3333333333335,864.8333333333336,2880.0,0.07171006500720978,2.2737367544323206e-13,160244224,ok
real_world_test100_seed20260906,cohet,10,RW_N10_K3_M16_I56.xlsx,56,1234,20260825,sample-1280,1407.9166666666667,2412.5,403.3333333333335,2650.0,0.07160662591923028,0.0,160244224,ok
real_world_test100_seed20260906,cohet,10,RW_N10_K3_M16_I57.xlsx,57,1234,20260825,sample-1280,1444.5833333333335,2390.0,499.16666666666686,2645.0,0.0716756550827995,0.0,160244224,ok
real_world_test100_seed20260906,cohet,10,RW_N10_K3_M16_I58.xlsx,58,1234,20260825,sample-1280,1466.5000000000002,2455.0000000000005,478.0000000000001,2730.0,0.0714841770241037,2.2737367544323206e-13,160244224,ok
real_world_test100_seed20260906,cohet,10,RW_N10_K3_M16_I59.xlsx,59,1234,20260825,sample-1280,1343.5833333333335,2342.5,344.66666666666674,2595.0,0.07220639009028673,0.0,160244224,ok
real_world_test100_seed20260906,cohet,10,RW_N10_K3_M16_I60.xlsx,60,1234,20260825,sample-1280,1714.416666666667,2659.166666666667,769.6666666666669,2915.0,0.07167144503910094,0.0,160244224,ok
real_world_test100_seed20260906,cohet,10,RW_N10_K3_M16_I61.xlsx,61,1234,20260825,sample-1280,1807.4166666666667,2776.666666666667,838.1666666666666,3055.0,0.07219483004882932,2.2737367544323206e-13,160244224,ok
real_world_test100_seed20260906,cohet,10,RW_N10_K3_M16_I62.xlsx,62,1234,20260825,sample-1280,1719.1666666666667,2502.5,935.8333333333335,2755.0,0.07153273595031351,0.0,160244224,ok
real_world_test100_seed20260906,cohet,10,RW_N10_K3_M16_I63.xlsx,63,1234,20260825,sample-1280,1552.25,2411.666666666667,692.8333333333333,2665.0,0.07175182399805635,0.0,160244224,ok
real_world_test100_seed20260906,cohet,10,RW_N10_K3_M16_I64.xlsx,64,1234,20260825,sample-1280,1465.333333333333,2351.6666666666665,578.9999999999998,2610.0,0.07158344506751746,4.547473508864641e-13,160244224,ok
real_world_test100_seed20260906,cohet,10,RW_N10_K3_M16_I65.xlsx,65,1234,20260825,sample-1280,1228.3333333333333,2364.1666666666665,92.49999999999989,2600.0,0.07174293394200504,2.2737367544323206e-13,160244224,ok
real_world_test100_seed20260906,cohet,10,RW_N10_K3_M16_I66.xlsx,66,1234,20260825,sample-1280,1462.0833333333335,2523.3333333333335,400.83333333333337,2830.0,0.07181086391210556,0.0,160244224,ok
real_world_test100_seed20260906,cohet,10,RW_N10_K3_M16_I67.xlsx,67,1234,20260825,sample-1280,1604.3333333333335,2420.0,788.6666666666667,2700.0,0.07170068507548422,0.0,160244224,ok
real_world_test100_seed20260906,cohet,10,RW_N10_K3_M16_I68.xlsx,68,1234,20260825,sample-1280,1831.4166666666665,2373.333333333333,1289.5000000000002,2620.0,0.07151402591262013,0.0,160244224,ok
real_world_test100_seed20260906,cohet,10,RW_N10_K3_M16_I69.xlsx,69,1234,20260825,sample-1280,1512.6666666666665,2497.5,527.8333333333333,2750.0,0.07129845907911658,0.0,160244224,ok
real_world_test100_seed20260906,cohet,10,RW_N10_K3_M16_I70.xlsx,70,1234,20260825,sample-1280,1421.1666666666672,2500.000000000001,342.3333333333333,2785.0,0.0723303189733997,2.2737367544323206e-13,160244224,ok
real_world_test100_seed20260906,cohet,10,RW_N10_K3_M16_I71.xlsx,71,1234,20260825,sample-1280,1525.75,2419.1666666666665,632.3333333333336,2675.0,0.07165302499197423,2.2737367544323206e-13,160244224,ok
real_world_test100_seed20260906,cohet,10,RW_N10_K3_M16_I72.xlsx,72,1234,20260825,sample-1280,1782.75,2580.8333333333335,984.6666666666667,2860.0,0.071667673997581,0.0,160244224,ok
real_world_test100_seed20260906,cohet,10,RW_N10_K3_M16_I73.xlsx,73,1234,20260825,sample-1280,1459.416666666667,2185.8333333333335,733.0000000000002,2390.0,0.07167610502801836,0.0,160244224,ok
real_world_test100_seed20260906,cohet,10,RW_N10_K3_M16_I74.xlsx,74,1234,20260825,sample-1280,1932.9999999999998,2818.333333333333,1047.6666666666665,3095.0,0.0717821130529046,0.0,160244224,ok
real_world_test100_seed20260906,cohet,10,RW_N10_K3_M16_I75.xlsx,75,1234,20260825,sample-1280,1283.25,2310.8333333333335,255.66666666666652,2550.0,0.07186901289969683,2.2737367544323206e-13,160244224,ok
real_world_test100_seed20260906,cohet,10,RW_N10_K3_M16_I76.xlsx,76,1234,20260825,sample-1280,1531.7500000000002,2545.0000000000005,518.5000000000001,2795.0,0.07188850292004645,0.0,160244224,ok
real_world_test100_seed20260906,cohet,10,RW_N10_K3_M16_I77.xlsx,77,1234,20260825,sample-1280,1347.0,2295.8333333333335,398.16666666666674,2560.0,0.07190554297994822,0.0,160244224,ok
real_world_test100_seed20260906,cohet,10,RW_N10_K3_M16_I78.xlsx,78,1234,20260825,sample-1280,1722.3333333333333,2642.4999999999995,802.166666666667,2930.0,0.07177193404641002,0.0,160244224,ok
real_world_test100_seed20260906,cohet,10,RW_N10_K3_M16_I79.xlsx,79,1234,20260825,sample-1280,1187.0833333333335,2255.0000000000005,119.16666666666674,2505.0,0.07162790501024574,0.0,160244224,ok
real_world_test100_seed20260906,cohet,10,RW_N10_K3_M16_I80.xlsx,80,1234,20260825,sample-1280,1390.3333333333337,2300.0000000000005,480.66666666666686,2550.0,0.07174643408507109,2.2737367544323206e-13,160244224,ok
real_world_test100_seed20260906,cohet,10,RW_N10_K3_M16_I81.xlsx,81,1234,20260825,sample-1280,1661.3333333333333,2493.333333333333,829.3333333333335,2750.0,0.07164185494184494,0.0,160244224,ok
real_world_test100_seed20260906,cohet,10,RW_N10_K3_M16_I82.xlsx,82,1234,20260825,sample-1280,1664.9166666666667,2544.166666666667,785.6666666666666,2830.0,0.07201765198260546,2.2737367544323206e-13,160244224,ok
real_world_test100_seed20260906,cohet,10,RW_N10_K3_M16_I83.xlsx,83,1234,20260825,sample-1280,1540.5833333333335,2460.0,621.1666666666667,2695.0,0.07182493293657899,0.0,160244224,ok
real_world_test100_seed20260906,cohet,10,RW_N10_K3_M16_I84.xlsx,84,1234,20260825,sample-1280,1672.75,2689.1666666666665,656.3333333333336,2940.0,0.0721599500393495,0.0,160244224,ok
real_world_test100_seed20260906,cohet,10,RW_N10_K3_M16_I85.xlsx,85,1234,20260825,sample-1280,1613.4999999999998,2547.4999999999995,679.5,2805.0,0.07880819705314934,2.2737367544323206e-13,160244224,ok
real_world_test100_seed20260906,cohet,10,RW_N10_K3_M16_I86.xlsx,86,1234,20260825,sample-1280,1679.5833333333335,2600.8333333333335,758.3333333333335,2875.0,0.0719471019692719,0.0,160244224,ok
real_world_test100_seed20260906,cohet,10,RW_N10_K3_M16_I87.xlsx,87,1234,20260825,sample-1280,1747.0833333333335,2499.166666666667,995.0000000000002,2755.0,0.07187040196731687,0.0,160244224,ok
real_world_test100_seed20260906,cohet,10,RW_N10_K3_M16_I88.xlsx,88,1234,20260825,sample-1280,1358.25,2385.0,331.49999999999983,2615.0,0.07159432594198734,0.0,160244224,ok
real_world_test100_seed20260906,cohet,10,RW_N10_K3_M16_I89.xlsx,89,1234,20260825,sample-1280,1480.7500000000005,2610.0000000000005,351.5000000000002,2880.0,0.0716683539794758,0.0,160244224,ok
real_world_test100_seed20260906,cohet,10,RW_N10_K3_M16_I90.xlsx,90,1234,20260825,sample-1280,1373.666666666667,2422.5000000000005,324.8333333333334,2685.0,0.0717254439368844,2.2737367544323206e-13,160244224,ok
real_world_test100_seed20260906,cohet,10,RW_N10_K3_M16_I91.xlsx,91,1234,20260825,sample-1280,1720.3333333333333,2605.0,835.6666666666666,2850.0,0.0716351040173322,0.0,160244224,ok
real_world_test100_seed20260906,cohet,10,RW_N10_K3_M16_I92.xlsx,92,1234,20260825,sample-1280,1703.4166666666667,2451.6666666666665,955.1666666666669,2705.0,0.07162362500093877,0.0,160244224,ok
real_world_test100_seed20260906,cohet,10,RW_N10_K3_M16_I93.xlsx,93,1234,20260825,sample-1280,1843.0833333333333,2798.333333333333,887.8333333333334,3050.0,0.07200102100614458,2.2737367544323206e-13,160244224,ok
real_world_test100_seed20260906,cohet,10,RW_N10_K3_M16_I94.xlsx,94,1234,20260825,sample-1280,1592.8333333333335,2661.666666666667,523.9999999999999,2935.0,0.07175847294274718,2.2737367544323206e-13,160244224,ok
real_world_test100_seed20260906,cohet,10,RW_N10_K3_M16_I95.xlsx,95,1234,20260825,sample-1280,1442.5,2240.8333333333335,644.1666666666665,2465.0,0.07168903492856771,0.0,160244224,ok
real_world_test100_seed20260906,cohet,10,RW_N10_K3_M16_I96.xlsx,96,1234,20260825,sample-1280,1712.3333333333335,2535.8333333333335,888.8333333333333,2800.0,0.07152187591418624,0.0,160244224,ok
real_world_test100_seed20260906,cohet,10,RW_N10_K3_M16_I97.xlsx,97,1234,20260825,sample-1280,1555.6666666666667,2542.5,568.8333333333335,2815.0,0.0714875659905374,2.2737367544323206e-13,160244224,ok
real_world_test100_seed20260906,cohet,10,RW_N10_K3_M16_I98.xlsx,98,1234,20260825,sample-1280,1824.4166666666665,2625.833333333333,1023.0000000000001,2900.0,0.07146597700193524,2.2737367544323206e-13,160244224,ok
real_world_test100_seed20260906,cohet,10,RW_N10_K3_M16_I99.xlsx,99,1234,20260825,sample-1280,1340.8333333333335,2290.0,391.6666666666669,2560.0,0.07145195605698973,0.0,160244224,ok
real_world_test100_seed20260906,cohet,10,RW_N10_K3_M16_I100.xlsx,100,1234,20260825,sample-1280,1519.666666666667,2337.5000000000005,701.8333333333335,2575.0,0.07202901097480208,2.2737367544323206e-13,160244224,ok
real_world_test100_seed20260906,cohet,20,RW_N20_K3_M16_I1.xlsx,1,1234,20260825,sample-1280,2926.583333333334,4373.333333333333,1479.8333333333344,4860.0,0.14168316300492734,0.0,189149184,ok
real_world_test100_seed20260906,cohet,20,RW_N20_K3_M16_I2.xlsx,2,1234,20260825,sample-1280,2697.333333333333,4702.5,692.1666666666665,5220.0,0.14161268307361752,0.0,189149184,ok
real_world_test100_seed20260906,cohet,20,RW_N20_K3_M16_I3.xlsx,3,1234,20260825,sample-1280,3244.833333333334,4930.000000000001,1559.666666666667,5515.0,0.1416943030199036,0.0,189149184,ok
real_world_test100_seed20260906,cohet,20,RW_N20_K3_M16_I4.xlsx,4,1234,20260825,sample-1280,3007.0000000000005,4559.166666666667,1454.833333333334,5100.0,0.14138853491749614,0.0,189149184,ok
real_world_test100_seed20260906,cohet,20,RW_N20_K3_M16_I5.xlsx,5,1234,20260825,sample-1280,2546.666666666667,4390.0,703.333333333334,4870.0,0.1418604109203443,0.0,189149184,ok
real_world_test100_seed20260906,cohet,20,RW_N20_K3_M16_I6.xlsx,6,1234,20260825,sample-1280,2915.5,4683.333333333334,1147.6666666666665,5185.0,0.14141601498704404,0.0,189149184,ok
real_world_test100_seed20260906,cohet,20,RW_N20_K3_M16_I7.xlsx,7,1234,20260825,sample-1280,3033.1666666666665,4852.499999999999,1213.8333333333342,5420.0,0.14173371193464845,0.0,189149184,ok
real_world_test100_seed20260906,cohet,20,RW_N20_K3_M16_I8.xlsx,8,1234,20260825,sample-1280,3414.75,5060.0,1769.5000000000002,5605.0,0.14174197206739336,0.0,189149184,ok
real_world_test100_seed20260906,cohet,20,RW_N20_K3_M16_I9.xlsx,9,1234,20260825,sample-1280,3502.833333333334,5010.000000000001,1995.666666666667,5545.0,0.14197936898563057,0.0,189149184,ok
real_world_test100_seed20260906,cohet,20,RW_N20_K3_M16_I10.xlsx,10,1234,20260825,sample-1280,3254.416666666668,4845.833333333335,1663.0000000000007,5385.0,0.14250112499576062,0.0,189149184,ok
real_world_test100_seed20260906,cohet,20,RW_N20_K3_M16_I11.xlsx,11,1234,20260825,sample-1280,3095.416666666667,4774.166666666667,1416.6666666666674,5315.0,0.15480792906600982,9.094947017729282e-13,189149184,ok
real_world_test100_seed20260906,cohet,20,RW_N20_K3_M16_I12.xlsx,12,1234,20260825,sample-1280,2892.5,4699.999999999999,1085.0000000000005,5225.0,0.141162876971066,0.0,189149184,ok
real_world_test100_seed20260906,cohet,20,RW_N20_K3_M16_I13.xlsx,13,1234,20260825,sample-1280,2876.25,4667.5,1085.0,5165.0,0.14150195405818522,4.547473508864641e-13,189149184,ok
real_world_test100_seed20260906,cohet,20,RW_N20_K3_M16_I14.xlsx,14,1234,20260825,sample-1280,3368.7500000000005,4989.166666666667,1748.3333333333337,5580.0,0.14131660596467555,0.0,189149184,ok
real_world_test100_seed20260906,cohet,20,RW_N20_K3_M16_I15.xlsx,15,1234,20260825,sample-1280,2685.3333333333335,4426.666666666667,944.0,4890.0,0.14141143497545272,4.547473508864641e-13,189149184,ok
real_world_test100_seed20260906,cohet,20,RW_N20_K3_M16_I16.xlsx,16,1234,20260825,sample-1280,3480.416666666667,5045.0,1915.833333333334,5595.0,0.1416856220457703,4.547473508864641e-13,189149184,ok
real_world_test100_seed20260906,cohet,20,RW_N20_K3_M16_I17.xlsx,17,1234,20260825,sample-1280,3513.75,5080.833333333334,1946.6666666666665,5685.0,0.14147099503315985,0.0,189149184,ok
real_world_test100_seed20260906,cohet,20,RW_N20_K3_M16_I18.xlsx,18,1234,20260825,sample-1280,3185.916666666667,4850.833333333334,1521.0,5375.0,0.14157689292915165,0.0,189149184,ok
real_world_test100_seed20260906,cohet,20,RW_N20_K3_M16_I19.xlsx,19,1234,20260825,sample-1280,2234.8333333333335,4048.333333333333,421.33333333333366,4475.0,0.1422443159390241,0.0,189149184,ok
real_world_test100_seed20260906,cohet,20,RW_N20_K3_M16_I20.xlsx,20,1234,20260825,sample-1280,2883.5,4717.5,1049.4999999999995,5240.0,0.14220150699838996,0.0,189149184,ok
real_world_test100_seed20260906,cohet,20,RW_N20_K3_M16_I21.xlsx,21,1234,20260825,sample-1280,2894.25,4438.333333333333,1350.1666666666674,4945.0,0.14210880803875625,9.094947017729282e-13,189149184,ok
real_world_test100_seed20260906,cohet,20,RW_N20_K3_M16_I22.xlsx,22,1234,20260825,sample-1280,3803.333333333334,4960.000000000002,2646.6666666666665,5520.0,0.1423885360127315,0.0,189149184,ok
real_world_test100_seed20260906,cohet,20,RW_N20_K3_M16_I23.xlsx,23,1234,20260825,sample-1280,3458.1666666666665,4926.666666666666,1989.6666666666672,5495.0,0.14224448695313185,4.547473508864641e-13,189149184,ok
real_world_test100_seed20260906,cohet,20,RW_N20_K3_M16_I24.xlsx,24,1234,20260825,sample-1280,2567.4166666666674,4544.166666666667,590.6666666666675,5040.0,0.14226928597781807,0.0,189149184,ok
real_world_test100_seed20260906,cohet,20,RW_N20_K3_M16_I25.xlsx,25,1234,20260825,sample-1280,2894.916666666668,4598.333333333335,1191.500000000001,5125.0,0.1421361380489543,4.547473508864641e-13,189149184,ok
real_world_test100_seed20260906,cohet,20,RW_N20_K3_M16_I26.xlsx,26,1234,20260825,sample-1280,3206.4999999999995,4664.999999999998,1748.000000000001,5155.0,0.14198132895398885,4.547473508864641e-13,189149184,ok
real_world_test100_seed20260906,cohet,20,RW_N20_K3_M16_I27.xlsx,27,1234,20260825,sample-1280,2977.0,4519.166666666667,1434.833333333333,5020.0,0.14183835091535002,0.0,189149184,ok
real_world_test100_seed20260906,cohet,20,RW_N20_K3_M16_I28.xlsx,28,1234,20260825,sample-1280,3456.3333333333335,4975.0,1937.6666666666667,5550.0,0.1421726270345971,0.0,189149184,ok
real_world_test100_seed20260906,cohet,20,RW_N20_K3_M16_I29.xlsx,29,1234,20260825,sample-1280,2910.583333333333,4693.333333333333,1127.8333333333335,5230.0,0.14243254507891834,0.0,189149184,ok
real_world_test100_seed20260906,cohet,20,RW_N20_K3_M16_I30.xlsx,30,1234,20260825,sample-1280,3190.333333333333,4687.5,1693.1666666666665,5235.0,0.14215424691792578,0.0,189149184,ok
real_world_test100_seed20260906,cohet,20,RW_N20_K3_M16_I31.xlsx,31,1234,20260825,sample-1280,3531.6666666666674,5080.833333333335,1982.5000000000002,5635.0,0.14277323195710778,4.547473508864641e-13,189149184,ok
real_world_test100_seed20260906,cohet,20,RW_N20_K3_M16_I32.xlsx,32,1234,20260825,sample-1280,3296.7500000000005,4514.166666666667,2079.333333333334,4990.0,0.14221292699221522,0.0,189149184,ok
real_world_test100_seed20260906,cohet,20,RW_N20_K3_M16_I33.xlsx,33,1234,20260825,sample-1280,2981.4999999999995,4813.333333333333,1149.6666666666663,5340.0,0.14207430800888687,0.0,189149184,ok
real_world_test100_seed20260906,cohet,20,RW_N20_K3_M16_I34.xlsx,34,1234,20260825,sample-1280,3269.083333333334,4933.333333333333,1604.8333333333344,5500.0,0.1424955140100792,0.0,189149184,ok
real_world_test100_seed20260906,cohet,20,RW_N20_K3_M16_I35.xlsx,35,1234,20260825,sample-1280,3076.916666666667,4735.0,1418.8333333333335,5235.0,0.14231893606483936,0.0,189149184,ok
real_world_test100_seed20260906,cohet,20,RW_N20_K3_M16_I36.xlsx,36,1234,20260825,sample-1280,3294.583333333334,4820.0,1769.1666666666674,5375.0,0.14219070703256875,0.0,189149184,ok
real_world_test100_seed20260906,cohet,20,RW_N20_K3_M16_I37.xlsx,37,1234,20260825,sample-1280,3103.0,4785.833333333332,1420.1666666666677,5315.0,0.14206938806455582,0.0,189149184,ok
real_world_test100_seed20260906,cohet,20,RW_N20_K3_M16_I38.xlsx,38,1234,20260825,sample-1280,2760.75,4346.666666666666,1174.8333333333335,4805.0,0.14220556698273867,0.0,189149184,ok
real_world_test100_seed20260906,cohet,20,RW_N20_K3_M16_I39.xlsx,39,1234,20260825,sample-1280,3096.5000000000005,4855.000000000001,1338.0000000000002,5400.0,0.1419806289486587,0.0,189149184,ok
real_world_test100_seed20260906,cohet,20,RW_N20_K3_M16_I40.xlsx,40,1234,20260825,sample-1280,3155.583333333334,5071.666666666667,1239.500000000001,5630.0,0.1422432370018214,0.0,189149184,ok
real_world_test100_seed20260906,cohet,20,RW_N20_K3_M16_I41.xlsx,41,1234,20260825,sample-1280,3248.166666666666,4916.666666666666,1579.6666666666665,5430.0,0.1421045670285821,0.0,189149184,ok
real_world_test100_seed20260906,cohet,20,RW_N20_K3_M16_I42.xlsx,42,1234,20260825,sample-1280,3046.583333333333,4772.5,1320.6666666666663,5300.0,0.14365432306658477,0.0,189149184,ok
real_world_test100_seed20260906,cohet,20,RW_N20_K3_M16_I43.xlsx,43,1234,20260825,sample-1280,3121.666666666667,4777.5,1465.8333333333337,5315.0,0.14182095997966826,0.0,189149184,ok
real_world_test100_seed20260906,cohet,20,RW_N20_K3_M16_I44.xlsx,44,1234,20260825,sample-1280,3017.4166666666674,4901.666666666668,1133.166666666667,5445.0,0.14140509406570345,4.547473508864641e-13,189149184,ok
real_world_test100_seed20260906,cohet,20,RW_N20_K3_M16_I45.xlsx,45,1234,20260825,sample-1280,2614.6666666666665,4346.666666666667,882.6666666666663,4820.0,0.14144740405026823,0.0,189149184,ok
real_world_test100_seed20260906,cohet,20,RW_N20_K3_M16_I46.xlsx,46,1234,20260825,sample-1280,2727.916666666667,4449.166666666667,1006.6666666666666,4935.0,0.14204273791983724,0.0,189149184,ok
real_world_test100_seed20260906,cohet,20,RW_N20_K3_M16_I47.xlsx,47,1234,20260825,sample-1280,3626.916666666666,5006.666666666666,2247.166666666666,5545.0,0.14168439200147986,0.0,189149184,ok
real_world_test100_seed20260906,cohet,20,RW_N20_K3_M16_I48.xlsx,48,1234,20260825,sample-1280,3311.4166666666674,4912.500000000001,1710.3333333333337,5430.0,0.1420935579808429,0.0,189149184,ok
real_world_test100_seed20260906,cohet,20,RW_N20_K3_M16_I49.xlsx,49,1234,20260825,sample-1280,3385.333333333333,4702.499999999999,2068.1666666666674,5245.0,0.14145091304089874,0.0,189149184,ok
real_world_test100_seed20260906,cohet,20,RW_N20_K3_M16_I50.xlsx,50,1234,20260825,sample-1280,3086.166666666667,4625.833333333334,1546.5000000000005,5145.0,0.1413234849460423,9.094947017729282e-13,189149184,ok
real_world_test100_seed20260906,cohet,20,RW_N20_K3_M16_I51.xlsx,51,1234,20260825,sample-1280,2892.5,4924.166666666667,860.8333333333333,5465.0,0.1415943920146674,0.0,189149184,ok
real_world_test100_seed20260906,cohet,20,RW_N20_K3_M16_I52.xlsx,52,1234,20260825,sample-1280,2710.833333333333,4425.0,996.6666666666664,4920.0,0.14139548409730196,0.0,189149184,ok
real_world_test100_seed20260906,cohet,20,RW_N20_K3_M16_I53.xlsx,53,1234,20260825,sample-1280,3080.25,4736.666666666667,1423.8333333333333,5245.0,0.14132321497891098,0.0,189149184,ok
real_world_test100_seed20260906,cohet,20,RW_N20_K3_M16_I54.xlsx,54,1234,20260825,sample-1280,3018.7500000000005,4611.666666666667,1425.8333333333337,5130.0,0.14148555300198495,4.547473508864641e-13,189149184,ok
real_world_test100_seed20260906,cohet,20,RW_N20_K3_M16_I55.xlsx,55,1234,20260825,sample-1280,3278.4166666666665,4572.499999999999,1984.333333333334,5090.0,0.1419624889967963,4.547473508864641e-13,189149184,ok
real_world_test100_seed20260906,cohet,20,RW_N20_K3_M16_I56.xlsx,56,1234,20260825,sample-1280,2416.2500000000005,4193.333333333334,639.1666666666667,4650.0,0.14121704595163465,0.0,189149184,ok
real_world_test100_seed20260906,cohet,20,RW_N20_K3_M16_I57.xlsx,57,1234,20260825,sample-1280,2918.8333333333335,4795.833333333333,1041.8333333333337,5345.0,0.14126945508178324,4.547473508864641e-13,189149184,ok
real_world_test100_seed20260906,cohet,20,RW_N20_K3_M16_I58.xlsx,58,1234,20260825,sample-1280,3716.4999999999995,5058.333333333333,2374.666666666666,5610.0,0.141440873965621,4.547473508864641e-13,189149184,ok
real_world_test100_seed20260906,cohet,20,RW_N20_K3_M16_I59.xlsx,59,1234,20260825,sample-1280,3205.7500000000005,5146.666666666668,1264.8333333333333,5705.0,0.1420193980447948,4.547473508864641e-13,189149184,ok
real_world_test100_seed20260906,cohet,20,RW_N20_K3_M16_I60.xlsx,60,1234,20260825,sample-1280,3134.5,4808.333333333333,1460.6666666666665,5325.0,0.1414231329690665,0.0,189149184,ok
real_world_test100_seed20260906,cohet,20,RW_N20_K3_M16_I61.xlsx,61,1234,20260825,sample-1280,3254.0,4877.5,1630.5000000000005,5395.0,0.1416371820960194,0.0,189149184,ok
real_world_test100_seed20260906,cohet,20,RW_N20_K3_M16_I62.xlsx,62,1234,20260825,sample-1280,3617.4166666666674,5116.666666666667,2118.166666666668,5685.0,0.14129788393620402,4.547473508864641e-13,189149184,ok
real_world_test100_seed20260906,cohet,20,RW_N20_K3_M16_I63.xlsx,63,1234,20260825,sample-1280,2993.5,4637.5,1349.5000000000005,5130.0,0.14131385402288288,0.0,189149184,ok
real_world_test100_seed20260906,cohet,20,RW_N20_K3_M16_I64.xlsx,64,1234,20260825,sample-1280,3391.2500000000005,4903.333333333334,1879.1666666666672,5455.0,0.14201320696156472,4.547473508864641e-13,189149184,ok
real_world_test100_seed20260906,cohet,20,RW_N20_K3_M16_I65.xlsx,65,1234,20260825,sample-1280,3251.2500000000005,5087.5,1415.0000000000007,5675.0,0.14225315500516444,0.0,189149184,ok
real_world_test100_seed20260906,cohet,20,RW_N20_K3_M16_I66.xlsx,66,1234,20260825,sample-1280,3390.75,4830.833333333333,1950.6666666666665,5380.0,0.14205612801015377,0.0,189149184,ok
real_world_test100_seed20260906,cohet,20,RW_N20_K3_M16_I67.xlsx,67,1234,20260825,sample-1280,2782.8333333333335,4573.333333333334,992.3333333333333,5090.0,0.1420055980561301,0.0,189149184,ok
real_world_test100_seed20260906,cohet,20,RW_N20_K3_M16_I68.xlsx,68,1234,20260825,sample-1280,3378.916666666666,4619.999999999999,2137.8333333333335,5170.0,0.14229211502242833,0.0,189149184,ok
real_world_test100_seed20260906,cohet,20,RW_N20_K3_M16_I69.xlsx,69,1234,20260825,sample-1280,3609.250000000001,5255.833333333335,1962.666666666667,5880.0,0.1420406970428303,0.0,189149184,ok
real_world_test100_seed20260906,cohet,20,RW_N20_K3_M16_I70.xlsx,70,1234,20260825,sample-1280,2845.2500000000005,4651.666666666667,1038.8333333333337,5170.0,0.14212451700586826,0.0,189149184,ok
real_world_test100_seed20260906,cohet,20,RW_N20_K3_M16_I71.xlsx,71,1234,20260825,sample-1280,2946.7499999999995,4721.666666666666,1171.833333333333,5295.0,0.1420589970657602,0.0,189149184,ok
real_world_test100_seed20260906,cohet,20,RW_N20_K3_M16_I72.xlsx,72,1234,20260825,sample-1280,3460.5000000000005,5096.666666666667,1824.333333333334,5665.0,0.1420321570476517,0.0,189149184,ok
real_world_test100_seed20260906,cohet,20,RW_N20_K3_M16_I73.xlsx,73,1234,20260825,sample-1280,3562.083333333333,5092.5,2031.6666666666665,5635.0,0.14220092503819615,9.094947017729282e-13,189149184,ok
real_world_test100_seed20260906,cohet,20,RW_N20_K3_M16_I74.xlsx,74,1234,20260825,sample-1280,2589.2500000000005,3980.0000000000005,1198.5000000000002,4415.0,0.14222846494521946,0.0,189149184,ok
real_world_test100_seed20260906,cohet,20,RW_N20_K3_M16_I75.xlsx,75,1234,20260825,sample-1280,3297.25,4895.833333333333,1698.6666666666674,5450.0,0.1417859400389716,4.547473508864641e-13,189149184,ok
real_world_test100_seed20260906,cohet,20,RW_N20_K3_M16_I76.xlsx,76,1234,20260825,sample-1280,2830.000000000001,4785.000000000001,875.0000000000005,5325.0,0.14228854491375387,0.0,189149184,ok
real_world_test100_seed20260906,cohet,20,RW_N20_K3_M16_I77.xlsx,77,1234,20260825,sample-1280,3013.7500000000005,4568.333333333334,1459.166666666667,5075.0,0.1421252159634605,4.547473508864641e-13,189149184,ok
real_world_test100_seed20260906,cohet,20,RW_N20_K3_M16_I78.xlsx,78,1234,20260825,sample-1280,2966.166666666667,4779.166666666668,1153.1666666666665,5305.0,0.14216084592044353,0.0,189149184,ok
real_world_test100_seed20260906,cohet,20,RW_N20_K3_M16_I79.xlsx,79,1234,20260825,sample-1280,2790.833333333334,4906.666666666668,675.0000000000005,5410.0,0.14232704392634332,0.0,189149184,ok
real_world_test100_seed20260906,cohet,20,RW_N20_K3_M16_I80.xlsx,80,1234,20260825,sample-1280,2569.833333333333,4498.333333333333,641.333333333333,5025.0,0.14228836493566632,4.547473508864641e-13,189149184,ok
real_world_test100_seed20260906,cohet,20,RW_N20_K3_M16_I81.xlsx,81,1234,20260825,sample-1280,2737.083333333333,4277.499999999999,1196.6666666666665,4750.0,0.14207056595478207,0.0,189149184,ok
real_world_test100_seed20260906,cohet,20,RW_N20_K3_M16_I82.xlsx,82,1234,20260825,sample-1280,3477.0833333333326,4914.999999999999,2039.1666666666663,5470.0,0.14220889599528164,4.547473508864641e-13,189149184,ok
real_world_test100_seed20260906,cohet,20,RW_N20_K3_M16_I83.xlsx,83,1234,20260825,sample-1280,3349.166666666667,5245.0,1453.3333333333335,5820.0,0.14234419399872422,0.0,189149184,ok
real_world_test100_seed20260906,cohet,20,RW_N20_K3_M16_I84.xlsx,84,1234,20260825,sample-1280,3274.0,4966.666666666666,1581.333333333334,5490.0,0.14158914191648364,0.0,189149184,ok
real_world_test100_seed20260906,cohet,20,RW_N20_K3_M16_I85.xlsx,85,1234,20260825,sample-1280,3695.166666666668,5172.500000000001,2217.833333333335,5775.0,0.14162187092006207,0.0,189149184,ok
real_world_test100_seed20260906,cohet,20,RW_N20_K3_M16_I86.xlsx,86,1234,20260825,sample-1280,2936.916666666667,4830.0,1043.8333333333337,5340.0,0.14177421003114432,0.0,189149184,ok
real_world_test100_seed20260906,cohet,20,RW_N20_K3_M16_I87.xlsx,87,1234,20260825,sample-1280,3237.8333333333335,4634.166666666667,1841.5000000000002,5155.0,0.14136035297997296,0.0,189149184,ok
real_world_test100_seed20260906,cohet,20,RW_N20_K3_M16_I88.xlsx,88,1234,20260825,sample-1280,2645.916666666667,4780.000000000001,511.83333333333337,5300.0,0.14152446191292256,0.0,189149184,ok
real_world_test100_seed20260906,cohet,20,RW_N20_K3_M16_I89.xlsx,89,1234,20260825,sample-1280,3217.666666666667,4708.333333333333,1727.0000000000005,5235.0,0.14148945198394358,0.0,189149184,ok
real_world_test100_seed20260906,cohet,20,RW_N20_K3_M16_I90.xlsx,90,1234,20260825,sample-1280,2763.0833333333335,4712.5,813.666666666667,5230.0,0.1416004109196365,0.0,189149184,ok
real_world_test100_seed20260906,cohet,20,RW_N20_K3_M16_I91.xlsx,91,1234,20260825,sample-1280,2894.166666666667,4486.666666666667,1301.6666666666672,4985.0,0.1416066699894145,0.0,189149184,ok
real_world_test100_seed20260906,cohet,20,RW_N20_K3_M16_I92.xlsx,92,1234,20260825,sample-1280,3205.833333333334,4985.833333333334,1425.8333333333335,5530.0,0.14164506108500063,4.547473508864641e-13,189149184,ok
real_world_test100_seed20260906,cohet,20,RW_N20_K3_M16_I93.xlsx,93,1234,20260825,sample-1280,2906.083333333334,4680.833333333334,1131.333333333334,5220.0,0.14135311299469322,0.0,189149184,ok
real_world_test100_seed20260906,cohet,20,RW_N20_K3_M16_I94.xlsx,94,1234,20260825,sample-1280,2570.5833333333344,4375.833333333335,765.333333333334,4855.0,0.14164183009415865,4.547473508864641e-13,189149184,ok
real_world_test100_seed20260906,cohet,20,RW_N20_K3_M16_I95.xlsx,95,1234,20260825,sample-1280,3374.750000000001,5176.666666666667,1572.8333333333348,5750.0,0.14184183801990002,0.0,189149184,ok
real_world_test100_seed20260906,cohet,20,RW_N20_K3_M16_I96.xlsx,96,1234,20260825,sample-1280,3005.583333333333,4742.5,1268.6666666666665,5290.0,0.14140859199687839,0.0,189149184,ok
real_world_test100_seed20260906,cohet,20,RW_N20_K3_M16_I97.xlsx,97,1234,20260825,sample-1280,3181.500000000001,4680.000000000001,1683.0000000000007,5215.0,0.14154896198306233,0.0,189149184,ok
real_world_test100_seed20260906,cohet,20,RW_N20_K3_M16_I98.xlsx,98,1234,20260825,sample-1280,3074.2500000000005,4549.166666666667,1599.3333333333342,5055.0,0.142179926042445,0.0,189149184,ok
real_world_test100_seed20260906,cohet,20,RW_N20_K3_M16_I99.xlsx,99,1234,20260825,sample-1280,2944.666666666667,4742.5,1146.8333333333335,5245.0,0.14598988904617727,0.0,189149184,ok
real_world_test100_seed20260906,cohet,20,RW_N20_K3_M16_I100.xlsx,100,1234,20260825,sample-1280,2762.0833333333335,4740.0,784.1666666666667,5260.0,0.14722330693621188,0.0,189149184,ok
real_world_test100_seed20260906,cohet,30,RW_N30_K3_M16_I1.xlsx,1,1234,20260825,sample-1280,4826.333333333334,6967.500000000001,2685.1666666666674,7740.0,0.2170277750119567,0.0,267350016,ok
real_world_test100_seed20260906,cohet,30,RW_N30_K3_M16_I2.xlsx,2,1234,20260825,sample-1280,5291.833333333334,6999.999999999999,3583.6666666666692,7815.0,0.21675766701810062,0.0,267350016,ok
real_world_test100_seed20260906,cohet,30,RW_N30_K3_M16_I3.xlsx,3,1234,20260825,sample-1280,4627.5,6873.333333333333,2381.666666666668,7595.0,0.21676437696442008,0.0,267350016,ok
real_world_test100_seed20260906,cohet,30,RW_N30_K3_M16_I4.xlsx,4,1234,20260825,sample-1280,5067.75,7027.5,3108.0,7805.0,0.21725051198154688,0.0,267350016,ok
real_world_test100_seed20260906,cohet,30,RW_N30_K3_M16_I5.xlsx,5,1234,20260825,sample-1280,4744.916666666668,7124.166666666669,2365.666666666667,7900.0,0.21692997496575117,0.0,267350016,ok
real_world_test100_seed20260906,cohet,30,RW_N30_K3_M16_I6.xlsx,6,1234,20260825,sample-1280,4656.0,7034.166666666668,2277.833333333332,7815.0,0.21657522802706808,0.0,267350016,ok
real_world_test100_seed20260906,cohet,30,RW_N30_K3_M16_I7.xlsx,7,1234,20260825,sample-1280,5623.500000000001,7450.833333333335,3796.1666666666674,8340.0,0.21695622405968606,0.0,267350016,ok
real_world_test100_seed20260906,cohet,30,RW_N30_K3_M16_I8.xlsx,8,1234,20260825,sample-1280,5056.166666666668,7490.0,2622.333333333335,8360.0,0.21676323597785085,0.0,267350016,ok
real_world_test100_seed20260906,cohet,30,RW_N30_K3_M16_I9.xlsx,9,1234,20260825,sample-1280,4993.083333333334,7095.833333333335,2890.333333333333,7910.0,0.21646623907145113,0.0,267350016,ok
real_world_test100_seed20260906,cohet,30,RW_N30_K3_M16_I10.xlsx,10,1234,20260825,sample-1280,3766.0,6316.666666666666,1215.3333333333337,7055.0,0.21803738398011774,4.547473508864641e-13,267350016,ok
real_world_test100_seed20260906,cohet,30,RW_N30_K3_M16_I11.xlsx,11,1234,20260825,sample-1280,4808.5,6862.499999999999,2754.5,7675.0,0.21942056203261018,0.0,267350016,ok
real_world_test100_seed20260906,cohet,30,RW_N30_K3_M16_I12.xlsx,12,1234,20260825,sample-1280,5344.0,7036.666666666667,3651.333333333332,7845.0,0.2167656059609726,0.0,267350016,ok
real_world_test100_seed20260906,cohet,30,RW_N30_K3_M16_I13.xlsx,13,1234,20260825,sample-1280,4618.333333333334,6768.333333333335,2468.333333333334,7530.0,0.21698569401632994,0.0,267350016,ok
real_world_test100_seed20260906,cohet,30,RW_N30_K3_M16_I14.xlsx,14,1234,20260825,sample-1280,5016.000000000002,7434.166666666668,2597.833333333335,8250.0,0.21694917394779623,0.0,267350016,ok
real_world_test100_seed20260906,cohet,30,RW_N30_K3_M16_I15.xlsx,15,1234,20260825,sample-1280,4607.583333333334,7021.666666666667,2193.5000000000005,7800.0,0.21688764507416636,0.0,267350016,ok
real_world_test100_seed20260906,cohet,30,RW_N30_K3_M16_I16.xlsx,16,1234,20260825,sample-1280,4089.2500000000005,6555.833333333335,1622.6666666666663,7340.0,0.21710131305735558,4.547473508864641e-13,267350016,ok
real_world_test100_seed20260906,cohet,30,RW_N30_K3_M16_I17.xlsx,17,1234,20260825,sample-1280,5110.666666666667,7435.833333333334,2785.5,8255.0,0.21672699705231935,0.0,267350016,ok
real_world_test100_seed20260906,cohet,30,RW_N30_K3_M16_I18.xlsx,18,1234,20260825,sample-1280,4874.75,6970.833333333333,2778.666666666666,7760.0,0.21681455604266375,0.0,267350016,ok
real_world_test100_seed20260906,cohet,30,RW_N30_K3_M16_I19.xlsx,19,1234,20260825,sample-1280,4955.416666666667,6817.5,3093.333333333334,7600.0,0.21688055410049856,0.0,267350016,ok
real_world_test100_seed20260906,cohet,30,RW_N30_K3_M16_I20.xlsx,20,1234,20260825,sample-1280,5162.5,7132.500000000001,3192.5,7960.0,0.21676184597890824,0.0,267350016,ok
real_world_test100_seed20260906,cohet,30,RW_N30_K3_M16_I21.xlsx,21,1234,20260825,sample-1280,4676.75,7020.0,2333.499999999999,7835.0,0.21696213399991393,0.0,267350016,ok
real_world_test100_seed20260906,cohet,30,RW_N30_K3_M16_I22.xlsx,22,1234,20260825,sample-1280,4689.333333333335,6761.666666666668,2617.000000000002,7550.0,0.2167786950012669,9.094947017729282e-13,267350016,ok
real_world_test100_seed20260906,cohet,30,RW_N30_K3_M16_I23.xlsx,23,1234,20260825,sample-1280,4821.083333333335,7196.666666666668,2445.500000000002,8035.0,0.21704089303966612,0.0,267350016,ok
real_world_test100_seed20260906,cohet,30,RW_N30_K3_M16_I24.xlsx,24,1234,20260825,sample-1280,4584.916666666668,6500.833333333335,2669.0000000000005,7200.0,0.21767083695158362,0.0,267350016,ok
real_world_test100_seed20260906,cohet,30,RW_N30_K3_M16_I25.xlsx,25,1234,20260825,sample-1280,4896.833333333334,6921.666666666668,2871.999999999999,7700.0,0.21777717606164515,0.0,267350016,ok
real_world_test100_seed20260906,cohet,30,RW_N30_K3_M16_I26.xlsx,26,1234,20260825,sample-1280,5038.083333333334,7104.166666666668,2972.000000000001,7900.0,0.21882875601295382,0.0,267350016,ok
real_world_test100_seed20260906,cohet,30,RW_N30_K3_M16_I27.xlsx,27,1234,20260825,sample-1280,5367.250000000001,7167.499999999999,3567.0000000000027,7970.0,0.21721426106523722,9.094947017729282e-13,267350016,ok
real_world_test100_seed20260906,cohet,30,RW_N30_K3_M16_I28.xlsx,28,1234,20260825,sample-1280,5069.416666666668,6875.000000000001,3263.8333333333344,7665.0,0.21710551192518324,0.0,267350016,ok
real_world_test100_seed20260906,cohet,30,RW_N30_K3_M16_I29.xlsx,29,1234,20260825,sample-1280,5386.583333333334,7264.999999999999,3508.1666666666683,8060.0,0.2174263590713963,9.094947017729282e-13,267350016,ok
real_world_test100_seed20260906,cohet,30,RW_N30_K3_M16_I30.xlsx,30,1234,20260825,sample-1280,4793.583333333334,6830.000000000001,2757.166666666666,7625.0,0.21680372499395162,0.0,267350016,ok
real_world_test100_seed20260906,cohet,30,RW_N30_K3_M16_I31.xlsx,31,1234,20260825,sample-1280,4782.916666666667,7024.166666666667,2541.666666666667,7785.0,0.21722901100292802,0.0,267350016,ok
real_world_test100_seed20260906,cohet,30,RW_N30_K3_M16_I32.xlsx,32,1234,20260825,sample-1280,4527.583333333334,6855.000000000001,2200.166666666667,7675.0,0.21731745009310544,0.0,267350016,ok
real_world_test100_seed20260906,cohet,30,RW_N30_K3_M16_I33.xlsx,33,1234,20260825,sample-1280,4579.083333333334,6924.166666666667,2234.000000000001,7720.0,0.21720871096476912,0.0,267350016,ok
real_world_test100_seed20260906,cohet,30,RW_N30_K3_M16_I34.xlsx,34,1234,20260825,sample-1280,4391.166666666668,6880.000000000002,1902.333333333334,7630.0,0.21690128394402564,0.0,267350016,ok
real_world_test100_seed20260906,cohet,30,RW_N30_K3_M16_I35.xlsx,35,1234,20260825,sample-1280,5453.166666666668,7051.666666666667,3854.666666666668,7885.0,0.21715754200704396,0.0,267350016,ok
real_world_test100_seed20260906,cohet,30,RW_N30_K3_M16_I36.xlsx,36,1234,20260825,sample-1280,4692.583333333332,6730.833333333332,2654.333333333333,7485.0,0.21813358191866428,0.0,267350016,ok
real_world_test100_seed20260906,cohet,30,RW_N30_K3_M16_I37.xlsx,37,1234,20260825,sample-1280,5481.083333333334,7390.0,3572.166666666667,8225.0,0.21703857195097953,9.094947017729282e-13,267350016,ok
real_world_test100_seed20260906,cohet,30,RW_N30_K3_M16_I38.xlsx,38,1234,20260825,sample-1280,4829.916666666666,6692.5,2967.333333333332,7490.0,0.21657323697581887,0.0,267350016,ok
real_world_test100_seed20260906,cohet,30,RW_N30_K3_M16_I39.xlsx,39,1234,20260825,sample-1280,5179.166666666666,7090.0,3268.333333333333,7890.0,0.21762599609792233,0.0,267350016,ok
real_world_test100_seed20260906,cohet,30,RW_N30_K3_M16_I40.xlsx,40,1234,20260825,sample-1280,3531.666666666668,6149.166666666668,914.1666666666675,6845.0,0.22400825598742813,4.547473508864641e-13,267350016,ok
real_world_test100_seed20260906,cohet,30,RW_N30_K3_M16_I41.xlsx,41,1234,20260825,sample-1280,4830.5,6814.166666666666,2846.833333333334,7585.0,0.217646096018143,0.0,267350016,ok
real_world_test100_seed20260906,cohet,30,RW_N30_K3_M16_I42.xlsx,42,1234,20260825,sample-1280,4608.75,6745.000000000001,2472.5,7470.0,0.2173829689854756,0.0,267350016,ok
real_world_test100_seed20260906,cohet,30,RW_N30_K3_M16_I43.xlsx,43,1234,20260825,sample-1280,4774.333333333334,6993.333333333334,2555.333333333334,7785.0,0.21815461199730635,0.0,267350016,ok
real_world_test100_seed20260906,cohet,30,RW_N30_K3_M16_I44.xlsx,44,1234,20260825,sample-1280,4761.833333333334,6914.166666666668,2609.5,7685.0,0.21833181893453002,0.0,267350016,ok
real_world_test100_seed20260906,cohet,30,RW_N30_K3_M16_I45.xlsx,45,1234,20260825,sample-1280,4672.999999999998,6983.333333333331,2362.666666666666,7775.0,0.2178861330030486,0.0,267350016,ok
real_world_test100_seed20260906,cohet,30,RW_N30_K3_M16_I46.xlsx,46,1234,20260825,sample-1280,4342.666666666667,6925.833333333333,1759.5000000000014,7700.0,0.21745662798639387,0.0,267350016,ok
real_world_test100_seed20260906,cohet,30,RW_N30_K3_M16_I47.xlsx,47,1234,20260825,sample-1280,4470.5,6977.499999999999,1963.5,7780.0,0.2181829899782315,0.0,267350016,ok
real_world_test100_seed20260906,cohet,30,RW_N30_K3_M16_I48.xlsx,48,1234,20260825,sample-1280,4313.916666666666,6709.166666666665,1918.6666666666663,7445.0,0.2176609260495752,0.0,267350016,ok
real_world_test100_seed20260906,cohet,30,RW_N30_K3_M16_I49.xlsx,49,1234,20260825,sample-1280,4585.166666666667,7043.333333333334,2127.0000000000005,7835.0,0.21795894298702478,0.0,267350016,ok
real_world_test100_seed20260906,cohet,30,RW_N30_K3_M16_I50.xlsx,50,1234,20260825,sample-1280,5601.5,7081.666666666667,4121.333333333334,7865.0,0.2182969789719209,0.0,267350016,ok
real_world_test100_seed20260906,cohet,30,RW_N30_K3_M16_I51.xlsx,51,1234,20260825,sample-1280,3857.9166666666665,6316.666666666667,1399.166666666666,7000.0,0.21785275405272841,4.547473508864641e-13,267350016,ok
real_world_test100_seed20260906,cohet,30,RW_N30_K3_M16_I52.xlsx,52,1234,20260825,sample-1280,4763.416666666666,7049.166666666666,2477.666666666667,7825.0,0.21797759307082742,0.0,267350016,ok
real_world_test100_seed20260906,cohet,30,RW_N30_K3_M16_I53.xlsx,53,1234,20260825,sample-1280,4763.250000000001,7205.833333333335,2320.666666666667,7975.0,0.22387035703286529,0.0,267350016,ok
real_world_test100_seed20260906,cohet,30,RW_N30_K3_M16_I54.xlsx,54,1234,20260825,sample-1280,4481.25,6672.500000000001,2289.999999999999,7415.0,0.21784177399240434,0.0,267350016,ok
real_world_test100_seed20260906,cohet,30,RW_N30_K3_M16_I55.xlsx,55,1234,20260825,sample-1280,4673.749999999999,7107.499999999999,2239.9999999999995,7935.0,0.21801050193607807,0.0,267350016,ok
real_world_test100_seed20260906,cohet,30,RW_N30_K3_M16_I56.xlsx,56,1234,20260825,sample-1280,4389.0,6684.999999999998,2093.000000000002,7440.0,0.22346303099766374,0.0,267350016,ok
real_world_test100_seed20260906,cohet,30,RW_N30_K3_M16_I57.xlsx,57,1234,20260825,sample-1280,4843.166666666668,6805.833333333333,2880.500000000002,7575.0,0.21838592807762325,0.0,267350016,ok
real_world_test100_seed20260906,cohet,30,RW_N30_K3_M16_I58.xlsx,58,1234,20260825,sample-1280,4543.833333333332,6852.499999999999,2235.166666666666,7680.0,0.21775219403207302,9.094947017729282e-13,267350016,ok
real_world_test100_seed20260906,cohet,30,RW_N30_K3_M16_I59.xlsx,59,1234,20260825,sample-1280,4526.75,6955.833333333333,2097.666666666668,7730.0,0.2183680379530415,0.0,267350016,ok
real_world_test100_seed20260906,cohet,30,RW_N30_K3_M16_I60.xlsx,60,1234,20260825,sample-1280,4654.416666666667,6858.333333333334,2450.5,7670.0,0.21779180399607867,0.0,267350016,ok
real_world_test100_seed20260906,cohet,30,RW_N30_K3_M16_I61.xlsx,61,1234,20260825,sample-1280,4435.249999999999,6601.666666666666,2268.833333333332,7335.0,0.21802091202698648,9.094947017729282e-13,267350016,ok
real_world_test100_seed20260906,cohet,30,RW_N30_K3_M16_I62.xlsx,62,1234,20260825,sample-1280,4551.0,6807.500000000001,2294.4999999999986,7570.0,0.22037372004706413,9.094947017729282e-13,267350016,ok
real_world_test100_seed20260906,cohet,30,RW_N30_K3_M16_I63.xlsx,63,1234,20260825,sample-1280,4536.750000000002,7190.833333333335,1882.666666666669,7995.0,0.21769642492290586,0.0,267350016,ok
real_world_test100_seed20260906,cohet,30,RW_N30_K3_M16_I64.xlsx,64,1234,20260825,sample-1280,5823.416666666667,7414.166666666668,4232.666666666666,8290.0,0.21804791106842458,0.0,267350016,ok
real_world_test100_seed20260906,cohet,30,RW_N30_K3_M16_I65.xlsx,65,1234,20260825,sample-1280,5113.5,7111.666666666666,3115.3333333333335,7945.0,0.21775350405368954,9.094947017729282e-13,267350016,ok
real_world_test100_seed20260906,cohet,30,RW_N30_K3_M16_I66.xlsx,66,1234,20260825,sample-1280,4748.666666666667,7058.333333333332,2439.0000000000014,7895.0,0.2178576630540192,9.094947017729282e-13,267350016,ok
real_world_test100_seed20260906,cohet,30,RW_N30_K3_M16_I67.xlsx,67,1234,20260825,sample-1280,4099.666666666666,6846.666666666665,1352.6666666666679,7615.0,0.21814603998791426,0.0,267350016,ok
real_world_test100_seed20260906,cohet,30,RW_N30_K3_M16_I68.xlsx,68,1234,20260825,sample-1280,4820.25,6755.0,2885.500000000001,7515.0,0.23640385596081614,0.0,267350016,ok
real_world_test100_seed20260906,cohet,30,RW_N30_K3_M16_I69.xlsx,69,1234,20260825,sample-1280,4891.583333333334,7250.0,2533.166666666667,8055.0,0.23772010498214513,0.0,267350016,ok
real_world_test100_seed20260906,cohet,30,RW_N30_K3_M16_I70.xlsx,70,1234,20260825,sample-1280,4610.916666666666,6789.166666666667,2432.666666666666,7585.0,0.2379150630440563,0.0,267350016,ok
real_world_test100_seed20260906,cohet,30,RW_N30_K3_M16_I71.xlsx,71,1234,20260825,sample-1280,4115.583333333334,6591.666666666667,1639.5000000000002,7365.0,0.22884144796989858,0.0,267350016,ok
real_world_test100_seed20260906,cohet,30,RW_N30_K3_M16_I72.xlsx,72,1234,20260825,sample-1280,4466.0,6954.166666666667,1977.8333333333333,7750.0,0.216175819048658,9.094947017729282e-13,267350016,ok
real_world_test100_seed20260906,cohet,30,RW_N30_K3_M16_I73.xlsx,73,1234,20260825,sample-1280,4424.500000000001,6854.166666666667,1994.8333333333344,7600.0,0.21692137198988348,0.0,267350016,ok
real_world_test100_seed20260906,cohet,30,RW_N30_K3_M16_I74.xlsx,74,1234,20260825,sample-1280,3909.6666666666674,6621.666666666667,1197.6666666666679,7365.0,0.21617289795540273,0.0,267350016,ok
real_world_test100_seed20260906,cohet,30,RW_N30_K3_M16_I75.xlsx,75,1234,20260825,sample-1280,5368.75,7077.5,3660.0,7875.0,0.22455318795982748,9.094947017729282e-13,267350016,ok
real_world_test100_seed20260906,cohet,30,RW_N30_K3_M16_I76.xlsx,76,1234,20260825,sample-1280,4844.0,6769.999999999999,2918.000000000001,7550.0,0.217555345967412,0.0,267350016,ok
real_world_test100_seed20260906,cohet,30,RW_N30_K3_M16_I77.xlsx,77,1234,20260825,sample-1280,4462.083333333333,6882.500000000001,2041.6666666666656,7685.0,0.21639780595432967,0.0,267350016,ok
real_world_test100_seed20260906,cohet,30,RW_N30_K3_M16_I78.xlsx,78,1234,20260825,sample-1280,4428.25,6939.166666666667,1917.3333333333323,7695.0,0.21693958097603172,0.0,267350016,ok
real_world_test100_seed20260906,cohet,30,RW_N30_K3_M16_I79.xlsx,79,1234,20260825,sample-1280,4867.5,7040.000000000001,2695.0,7840.0,0.21698927006218582,0.0,267350016,ok
real_world_test100_seed20260906,cohet,30,RW_N30_K3_M16_I80.xlsx,80,1234,20260825,sample-1280,4938.916666666667,6780.833333333334,3097.0000000000005,7530.0,0.2167061830405146,0.0,267350016,ok
real_world_test100_seed20260906,cohet,30,RW_N30_K3_M16_I81.xlsx,81,1234,20260825,sample-1280,5432.833333333333,7167.5,3698.166666666666,7960.0,0.21676872193347663,0.0,267350016,ok
real_world_test100_seed20260906,cohet,30,RW_N30_K3_M16_I82.xlsx,82,1234,20260825,sample-1280,4593.666666666667,6945.0,2242.333333333334,7735.0,0.21925444900989532,9.094947017729282e-13,267350016,ok
real_world_test100_seed20260906,cohet,30,RW_N30_K3_M16_I83.xlsx,83,1234,20260825,sample-1280,5368.916666666666,7009.166666666667,3728.666666666666,7835.0,0.21889395196922123,1.8189894035458565e-12,267350016,ok
real_world_test100_seed20260906,cohet,30,RW_N30_K3_M16_I84.xlsx,84,1234,20260825,sample-1280,4530.833333333334,7098.333333333334,1963.3333333333335,7910.0,0.2184168869862333,0.0,267350016,ok
real_world_test100_seed20260906,cohet,30,RW_N30_K3_M16_I85.xlsx,85,1234,20260825,sample-1280,4759.916666666666,7083.333333333334,2436.499999999999,7900.0,0.21925759897567332,0.0,267350016,ok
real_world_test100_seed20260906,cohet,30,RW_N30_K3_M16_I86.xlsx,86,1234,20260825,sample-1280,4453.916666666666,6883.333333333333,2024.4999999999989,7650.0,0.21918161993380636,0.0,267350016,ok
real_world_test100_seed20260906,cohet,30,RW_N30_K3_M16_I87.xlsx,87,1234,20260825,sample-1280,4783.333333333334,7086.666666666668,2480.000000000001,7890.0,0.2173221269622445,0.0,267350016,ok
real_world_test100_seed20260906,cohet,30,RW_N30_K3_M16_I88.xlsx,88,1234,20260825,sample-1280,4887.500000000002,7193.333333333334,2581.666666666669,8015.0,0.2173087359406054,0.0,267350016,ok
real_world_test100_seed20260906,cohet,30,RW_N30_K3_M16_I89.xlsx,89,1234,20260825,sample-1280,4760.75,7169.166666666667,2352.3333333333326,7950.0,0.21663140296004713,0.0,267350016,ok
real_world_test100_seed20260906,cohet,30,RW_N30_K3_M16_I90.xlsx,90,1234,20260825,sample-1280,5145.166666666668,7445.833333333335,2844.5000000000005,8245.0,0.21615534799639136,0.0,267350016,ok
real_world_test100_seed20260906,cohet,30,RW_N30_K3_M16_I91.xlsx,91,1234,20260825,sample-1280,4357.250000000001,6684.166666666668,2030.3333333333333,7465.0,0.2167810919927433,0.0,267350016,ok
real_world_test100_seed20260906,cohet,30,RW_N30_K3_M16_I92.xlsx,92,1234,20260825,sample-1280,3876.25,6405.833333333332,1346.6666666666674,7090.0,0.21657996310386807,0.0,267350016,ok
real_world_test100_seed20260906,cohet,30,RW_N30_K3_M16_I93.xlsx,93,1234,20260825,sample-1280,4328.083333333333,6839.166666666666,1816.9999999999995,7600.0,0.21853222406934947,0.0,267350016,ok
real_world_test100_seed20260906,cohet,30,RW_N30_K3_M16_I94.xlsx,94,1234,20260825,sample-1280,4160.25,6260.833333333333,2059.6666666666674,6950.0,0.215756720979698,0.0,267350016,ok
real_world_test100_seed20260906,cohet,30,RW_N30_K3_M16_I95.xlsx,95,1234,20260825,sample-1280,4735.749999999998,7032.499999999999,2438.999999999998,7810.0,0.216357326018624,9.094947017729282e-13,267350016,ok
real_world_test100_seed20260906,cohet,30,RW_N30_K3_M16_I96.xlsx,96,1234,20260825,sample-1280,6108.0,7375.000000000001,4841.0,8230.0,0.21592240897007287,9.094947017729282e-13,267350016,ok
real_world_test100_seed20260906,cohet,30,RW_N30_K3_M16_I97.xlsx,97,1234,20260825,sample-1280,4007.500000000001,6810.833333333334,1204.1666666666674,7555.0,0.2164119139779359,9.094947017729282e-13,267350016,ok
real_world_test100_seed20260906,cohet,30,RW_N30_K3_M16_I98.xlsx,98,1234,20260825,sample-1280,4044.6666666666674,6628.333333333335,1461.0,7335.0,0.2158359899185598,0.0,267350016,ok
real_world_test100_seed20260906,cohet,30,RW_N30_K3_M16_I99.xlsx,99,1234,20260825,sample-1280,4408.916666666667,6879.166666666667,1938.6666666666665,7645.0,0.21843812498264015,0.0,267350016,ok
real_world_test100_seed20260906,cohet,30,RW_N30_K3_M16_I100.xlsx,100,1234,20260825,sample-1280,4586.666666666667,6930.000000000001,2243.3333333333335,7705.0,0.22053516504820436,0.0,267350016,ok
real_world_test100_seed20260906,cohet,40,RW_N40_K3_M16_I1.xlsx,1,1234,20260825,sample-1280,6020.499999999999,8842.5,3198.499999999998,9870.0,0.30424841691274196,0.0,343193088,ok
real_world_test100_seed20260906,cohet,40,RW_N40_K3_M16_I2.xlsx,2,1234,20260825,sample-1280,5827.750000000002,8740.000000000002,2915.500000000001,9800.0,0.30442599509842694,0.0,343193088,ok
real_world_test100_seed20260906,cohet,40,RW_N40_K3_M16_I3.xlsx,3,1234,20260825,sample-1280,5699.833333333332,8900.0,2499.666666666665,9915.0,0.30484273098409176,1.8189894035458565e-12,343193088,ok
real_world_test100_seed20260906,cohet,40,RW_N40_K3_M16_I4.xlsx,4,1234,20260825,sample-1280,7054.333333333335,9499.166666666666,4609.500000000004,10585.0,0.3036952019901946,0.0,343193088,ok
real_world_test100_seed20260906,cohet,40,RW_N40_K3_M16_I5.xlsx,5,1234,20260825,sample-1280,6230.333333333334,9304.16666666667,3156.499999999999,10375.0,0.3035540540004149,0.0,343193088,ok
real_world_test100_seed20260906,cohet,40,RW_N40_K3_M16_I6.xlsx,6,1234,20260825,sample-1280,7193.583333333332,9602.499999999996,4784.666666666669,10700.0,0.3031976360362023,0.0,343193088,ok
real_world_test100_seed20260906,cohet,40,RW_N40_K3_M16_I7.xlsx,7,1234,20260825,sample-1280,6839.083333333333,9355.833333333336,4322.33333333333,10375.0,0.30370220192708075,9.094947017729282e-13,343193088,ok
real_world_test100_seed20260906,cohet,40,RW_N40_K3_M16_I8.xlsx,8,1234,20260825,sample-1280,6262.916666666668,9033.33333333333,3492.5000000000055,10055.0,0.30290737899485976,9.094947017729282e-13,343193088,ok
real_world_test100_seed20260906,cohet,40,RW_N40_K3_M16_I9.xlsx,9,1234,20260825,sample-1280,5356.333333333333,8538.333333333334,2174.3333333333317,9500.0,0.30417534697335213,0.0,343193088,ok
real_world_test100_seed20260906,cohet,40,RW_N40_K3_M16_I10.xlsx,10,1234,20260825,sample-1280,6823.416666666666,9401.666666666666,4245.166666666667,10500.0,0.30362756096292287,0.0,343193088,ok
real_world_test100_seed20260906,cohet,40,RW_N40_K3_M16_I11.xlsx,11,1234,20260825,sample-1280,5502.333333333334,8854.166666666668,2150.5,9840.0,0.30381174001377076,0.0,343193088,ok
real_world_test100_seed20260906,cohet,40,RW_N40_K3_M16_I12.xlsx,12,1234,20260825,sample-1280,5132.749999999998,8619.999999999998,1645.499999999999,9605.0,0.3036527610383928,0.0,343193088,ok
real_world_test100_seed20260906,cohet,40,RW_N40_K3_M16_I13.xlsx,13,1234,20260825,sample-1280,5212.416666666667,8748.333333333334,1676.5000000000007,9780.0,0.3037466499954462,0.0,343193088,ok
real_world_test100_seed20260906,cohet,40,RW_N40_K3_M16_I14.xlsx,14,1234,20260825,sample-1280,6719.750000000003,9069.166666666668,4370.333333333338,10125.0,0.3040696079842746,9.094947017729282e-13,343193088,ok
real_world_test100_seed20260906,cohet,40,RW_N40_K3_M16_I15.xlsx,15,1234,20260825,sample-1280,6419.583333333335,9174.166666666668,3665.000000000002,10235.0,0.3034249539487064,0.0,343193088,ok
real_world_test100_seed20260906,cohet,40,RW_N40_K3_M16_I16.xlsx,16,1234,20260825,sample-1280,5444.0,8981.666666666668,1906.3333333333321,10030.0,0.30356065195519477,0.0,343193088,ok
real_world_test100_seed20260906,cohet,40,RW_N40_K3_M16_I17.xlsx,17,1234,20260825,sample-1280,6427.833333333331,9110.83333333333,3744.8333333333326,10135.0,0.3037354400148615,9.094947017729282e-13,343193088,ok
real_world_test100_seed20260906,cohet,40,RW_N40_K3_M16_I18.xlsx,18,1234,20260825,sample-1280,6342.749999999999,8879.999999999996,3805.500000000002,9875.0,0.3032108750194311,9.094947017729282e-13,343193088,ok
real_world_test100_seed20260906,cohet,40,RW_N40_K3_M16_I19.xlsx,19,1234,20260825,sample-1280,6606.583333333335,9243.333333333336,3969.833333333334,10310.0,0.3040945769753307,0.0,343193088,ok
real_world_test100_seed20260906,cohet,40,RW_N40_K3_M16_I20.xlsx,20,1234,20260825,sample-1280,6485.416666666667,9505.0,3465.8333333333344,10570.0,0.3038277489831671,0.0,343193088,ok
real_world_test100_seed20260906,cohet,40,RW_N40_K3_M16_I21.xlsx,21,1234,20260825,sample-1280,6462.5,9290.833333333334,3634.166666666667,10340.0,0.30371030105743557,0.0,343193088,ok
real_world_test100_seed20260906,cohet,40,RW_N40_K3_M16_I22.xlsx,22,1234,20260825,sample-1280,6589.166666666668,9130.0,4048.333333333335,10155.0,0.30359568097628653,9.094947017729282e-13,343193088,ok
real_world_test100_seed20260906,cohet,40,RW_N40_K3_M16_I23.xlsx,23,1234,20260825,sample-1280,5225.999999999999,8462.499999999998,1989.5000000000002,9450.0,0.3038056190125644,0.0,343193088,ok
real_world_test100_seed20260906,cohet,40,RW_N40_K3_M16_I24.xlsx,24,1234,20260825,sample-1280,7290.250000000001,9285.833333333334,5294.666666666668,10375.0,0.30375094001647085,9.094947017729282e-13,343193088,ok
real_world_test100_seed20260906,cohet,40,RW_N40_K3_M16_I25.xlsx,25,1234,20260825,sample-1280,7395.000000000002,9471.666666666668,5318.333333333336,10605.0,0.3035503920400515,9.094947017729282e-13,343193088,ok
real_world_test100_seed20260906,cohet,40,RW_N40_K3_M16_I26.xlsx,26,1234,20260825,sample-1280,7309.916666666669,9340.833333333334,5279.000000000004,10450.0,0.3037102100206539,9.094947017729282e-13,343193088,ok
real_world_test100_seed20260906,cohet,40,RW_N40_K3_M16_I27.xlsx,27,1234,20260825,sample-1280,5669.583333333333,8771.666666666668,2567.4999999999986,9760.0,0.304175085038878,0.0,343193088,ok
real_world_test100_seed20260906,cohet,40,RW_N40_K3_M16_I28.xlsx,28,1234,20260825,sample-1280,6529.083333333334,8930.000000000002,4128.166666666665,9970.0,0.3035533409565687,9.094947017729282e-13,343193088,ok
real_world_test100_seed20260906,cohet,40,RW_N40_K3_M16_I29.xlsx,29,1234,20260825,sample-1280,6239.416666666668,9105.0,3373.833333333335,10140.0,0.3034100519726053,9.094947017729282e-13,343193088,ok
real_world_test100_seed20260906,cohet,40,RW_N40_K3_M16_I30.xlsx,30,1234,20260825,sample-1280,7018.333333333332,9405.833333333334,4630.833333333331,10495.0,0.3035523700527847,0.0,343193088,ok
real_world_test100_seed20260906,cohet,40,RW_N40_K3_M16_I31.xlsx,31,1234,20260825,sample-1280,6493.833333333334,9087.5,3900.166666666667,10130.0,0.3034486119868234,9.094947017729282e-13,343193088,ok
real_world_test100_seed20260906,cohet,40,RW_N40_K3_M16_I32.xlsx,32,1234,20260825,sample-1280,6736.666666666666,9752.5,3720.833333333331,10780.0,0.3044078430393711,1.8189894035458565e-12,343193088,ok
real_world_test100_seed20260906,cohet,40,RW_N40_K3_M16_I33.xlsx,33,1234,20260825,sample-1280,6647.583333333332,9648.333333333332,3646.833333333332,10755.0,0.30340205202810466,0.0,343193088,ok
real_world_test100_seed20260906,cohet,40,RW_N40_K3_M16_I34.xlsx,34,1234,20260825,sample-1280,5925.083333333334,8862.500000000002,2987.666666666665,9890.0,0.3034510719589889,0.0,343193088,ok
real_world_test100_seed20260906,cohet,40,RW_N40_K3_M16_I35.xlsx,35,1234,20260825,sample-1280,5952.916666666667,9152.5,2753.333333333334,10185.0,0.30392470699734986,0.0,343193088,ok
real_world_test100_seed20260906,cohet,40,RW_N40_K3_M16_I36.xlsx,36,1234,20260825,sample-1280,6341.416666666667,9336.666666666668,3346.166666666666,10375.0,0.30457755096722394,0.0,343193088,ok
real_world_test100_seed20260906,cohet,40,RW_N40_K3_M16_I37.xlsx,37,1234,20260825,sample-1280,5812.416666666668,8927.500000000002,2697.3333333333344,9935.0,0.30406506499275565,0.0,343193088,ok
real_world_test100_seed20260906,cohet,40,RW_N40_K3_M16_I38.xlsx,38,1234,20260825,sample-1280,6783.333333333332,9340.833333333332,4225.833333333331,10375.0,0.30340855207759887,0.0,343193088,ok
real_world_test100_seed20260906,cohet,40,RW_N40_K3_M16_I39.xlsx,39,1234,20260825,sample-1280,5147.666666666667,8545.833333333334,1749.4999999999998,9515.0,0.30387048691045493,0.0,343193088,ok
real_world_test100_seed20260906,cohet,40,RW_N40_K3_M16_I40.xlsx,40,1234,20260825,sample-1280,5803.916666666667,9138.333333333334,2469.5,10185.0,0.30371789797209203,0.0,343193088,ok
real_world_test100_seed20260906,cohet,40,RW_N40_K3_M16_I41.xlsx,41,1234,20260825,sample-1280,6510.25,9061.666666666666,3958.833333333333,10120.0,0.3032977619441226,9.094947017729282e-13,343193088,ok
real_world_test100_seed20260906,cohet,40,RW_N40_K3_M16_I42.xlsx,42,1234,20260825,sample-1280,6621.333333333335,9540.0,3702.66666666667,10620.0,0.30332359194289893,0.0,343193088,ok
real_world_test100_seed20260906,cohet,40,RW_N40_K3_M16_I43.xlsx,43,1234,20260825,sample-1280,6198.25,9081.666666666666,3314.833333333334,10090.0,0.3031316639389843,9.094947017729282e-13,343193088,ok
real_world_test100_seed20260906,cohet,40,RW_N40_K3_M16_I44.xlsx,44,1234,20260825,sample-1280,5842.75,9062.5,2623.000000000001,10065.0,0.30416930303908885,0.0,343193088,ok
real_world_test100_seed20260906,cohet,40,RW_N40_K3_M16_I45.xlsx,45,1234,20260825,sample-1280,5684.75,8920.833333333332,2448.666666666667,9915.0,0.30384157598018646,9.094947017729282e-13,343193088,ok
real_world_test100_seed20260906,cohet,40,RW_N40_K3_M16_I46.xlsx,46,1234,20260825,sample-1280,7054.000000000003,9121.66666666667,4986.333333333336,10180.0,0.3037283580051735,0.0,343193088,ok
real_world_test100_seed20260906,cohet,40,RW_N40_K3_M16_I47.xlsx,47,1234,20260825,sample-1280,6316.666666666668,9287.499999999998,3345.8333333333376,10340.0,0.3040223040152341,9.094947017729282e-13,343193088,ok
real_world_test100_seed20260906,cohet,40,RW_N40_K3_M16_I48.xlsx,48,1234,20260825,sample-1280,6033.583333333332,9148.333333333332,2918.833333333332,10230.0,0.30378132697660476,0.0,343193088,ok
real_world_test100_seed20260906,cohet,40,RW_N40_K3_M16_I49.xlsx,49,1234,20260825,sample-1280,7284.5,9316.666666666666,5252.333333333334,10415.0,0.30336795991752297,0.0,343193088,ok
real_world_test100_seed20260906,cohet,40,RW_N40_K3_M16_I50.xlsx,50,1234,20260825,sample-1280,6194.916666666667,9175.0,3214.833333333334,10175.0,0.3044939989922568,0.0,343193088,ok
real_world_test100_seed20260906,cohet,40,RW_N40_K3_M16_I51.xlsx,51,1234,20260825,sample-1280,5745.166666666668,8855.833333333334,2634.500000000001,9880.0,0.3034973789472133,0.0,343193088,ok
real_world_test100_seed20260906,cohet,40,RW_N40_K3_M16_I52.xlsx,52,1234,20260825,sample-1280,6019.833333333335,9125.0,2914.6666666666697,10225.0,0.3038855349877849,9.094947017729282e-13,343193088,ok
real_world_test100_seed20260906,cohet,40,RW_N40_K3_M16_I53.xlsx,53,1234,20260825,sample-1280,7059.083333333333,9192.5,4925.666666666666,10320.0,0.3040789240039885,9.094947017729282e-13,343193088,ok
real_world_test100_seed20260906,cohet,40,RW_N40_K3_M16_I54.xlsx,54,1234,20260825,sample-1280,6416.749999999999,9033.333333333332,3800.166666666666,10085.0,0.30423968203831464,9.094947017729282e-13,343193088,ok
real_world_test100_seed20260906,cohet,40,RW_N40_K3_M16_I55.xlsx,55,1234,20260825,sample-1280,6003.416666666667,9159.166666666668,2847.666666666666,10230.0,0.30338618997484446,0.0,343193088,ok
real_world_test100_seed20260906,cohet,40,RW_N40_K3_M16_I56.xlsx,56,1234,20260825,sample-1280,6324.250000000002,9188.333333333334,3460.166666666669,10220.0,0.3046428670641035,0.0,343193088,ok
real_world_test100_seed20260906,cohet,40,RW_N40_K3_M16_I57.xlsx,57,1234,20260825,sample-1280,7550.25,9576.666666666668,5523.833333333332,10685.0,0.3037043160293251,0.0,343193088,ok
real_world_test100_seed20260906,cohet,40,RW_N40_K3_M16_I58.xlsx,58,1234,20260825,sample-1280,7233.75,9409.166666666666,5058.333333333335,10495.0,0.30414625199045986,0.0,343193088,ok
real_world_test100_seed20260906,cohet,40,RW_N40_K3_M16_I59.xlsx,59,1234,20260825,sample-1280,6340.000000000002,9330.000000000002,3350.0000000000014,10395.0,0.3040101529331878,0.0,343193088,ok
real_world_test100_seed20260906,cohet,40,RW_N40_K3_M16_I60.xlsx,60,1234,20260825,sample-1280,6233.25,9020.833333333334,3445.666666666667,10095.0,0.3044828480342403,0.0,343193088,ok
real_world_test100_seed20260906,cohet,40,RW_N40_K3_M16_I61.xlsx,61,1234,20260825,sample-1280,7449.333333333336,9422.500000000002,5476.16666666667,10535.0,0.3054345400305465,0.0,343193088,ok
real_world_test100_seed20260906,cohet,40,RW_N40_K3_M16_I62.xlsx,62,1234,20260825,sample-1280,5312.416666666667,8548.333333333334,2076.4999999999995,9560.0,0.3040879530599341,0.0,343193088,ok
real_world_test100_seed20260906,cohet,40,RW_N40_K3_M16_I63.xlsx,63,1234,20260825,sample-1280,7214.25,9492.5,4936.0,10605.0,0.3046611660392955,0.0,343193088,ok
real_world_test100_seed20260906,cohet,40,RW_N40_K3_M16_I64.xlsx,64,1234,20260825,sample-1280,6344.083333333332,9454.166666666664,3233.9999999999995,10585.0,0.30361669696867466,1.8189894035458565e-12,343193088,ok
real_world_test100_seed20260906,cohet,40,RW_N40_K3_M16_I65.xlsx,65,1234,20260825,sample-1280,6745.749999999998,9474.999999999998,4016.4999999999973,10585.0,0.3037836051080376,0.0,343193088,ok
real_world_test100_seed20260906,cohet,40,RW_N40_K3_M16_I66.xlsx,66,1234,20260825,sample-1280,6223.083333333333,9004.166666666666,3442.0,10040.0,0.30436291999649256,0.0,343193088,ok
real_world_test100_seed20260906,cohet,40,RW_N40_K3_M16_I67.xlsx,67,1234,20260825,sample-1280,7481.583333333337,9883.333333333338,5079.833333333336,11035.0,0.3043483990477398,0.0,343193088,ok
real_world_test100_seed20260906,cohet,40,RW_N40_K3_M16_I68.xlsx,68,1234,20260825,sample-1280,5817.000000000001,8882.5,2751.500000000002,9915.0,0.30349915800616145,0.0,343193088,ok
real_world_test100_seed20260906,cohet,40,RW_N40_K3_M16_I69.xlsx,69,1234,20260825,sample-1280,6218.916666666667,8820.0,3617.833333333334,9885.0,0.3038512939820066,0.0,343193088,ok
real_world_test100_seed20260906,cohet,40,RW_N40_K3_M16_I70.xlsx,70,1234,20260825,sample-1280,6328.499999999998,9182.5,3474.4999999999964,10220.0,0.3038180550793186,9.094947017729282e-13,343193088,ok
real_world_test100_seed20260906,cohet,40,RW_N40_K3_M16_I71.xlsx,71,1234,20260825,sample-1280,6491.916666666668,9523.333333333338,3460.499999999999,10655.0,0.3042689000722021,0.0,343193088,ok
real_world_test100_seed20260906,cohet,40,RW_N40_K3_M16_I72.xlsx,72,1234,20260825,sample-1280,6041.5,8804.999999999998,3278.000000000001,9815.0,0.3038236539578065,1.8189894035458565e-12,343193088,ok
real_world_test100_seed20260906,cohet,40,RW_N40_K3_M16_I73.xlsx,73,1234,20260825,sample-1280,6240.916666666668,8825.0,3656.8333333333358,9875.0,0.3045816570520401,0.0,343193088,ok
real_world_test100_seed20260906,cohet,40,RW_N40_K3_M16_I74.xlsx,74,1234,20260825,sample-1280,6913.249999999999,9409.166666666666,4417.333333333332,10505.0,0.3041059810202569,9.094947017729282e-13,343193088,ok
real_world_test100_seed20260906,cohet,40,RW_N40_K3_M16_I75.xlsx,75,1234,20260825,sample-1280,6642.833333333334,9068.333333333332,4217.333333333335,10105.0,0.3040009120013565,0.0,343193088,ok
real_world_test100_seed20260906,cohet,40,RW_N40_K3_M16_I76.xlsx,76,1234,20260825,sample-1280,6857.333333333333,9628.333333333334,4086.3333333333326,10730.0,0.30342454789206386,9.094947017729282e-13,343193088,ok
real_world_test100_seed20260906,cohet,40,RW_N40_K3_M16_I77.xlsx,77,1234,20260825,sample-1280,5763.833333333333,8590.83333333333,2936.8333333333353,9580.0,0.30336187791544944,9.094947017729282e-13,343193088,ok
real_world_test100_seed20260906,cohet,40,RW_N40_K3_M16_I78.xlsx,78,1234,20260825,sample-1280,6934.416666666667,9766.666666666666,4102.166666666668,10875.0,0.30453626706730574,0.0,343193088,ok
real_world_test100_seed20260906,cohet,40,RW_N40_K3_M16_I79.xlsx,79,1234,20260825,sample-1280,7705.666666666668,9695.0,5716.333333333337,10850.0,0.3035090659977868,0.0,343193088,ok
real_world_test100_seed20260906,cohet,40,RW_N40_K3_M16_I80.xlsx,80,1234,20260825,sample-1280,6409.666666666666,9301.666666666668,3517.6666666666642,10350.0,0.3035182369640097,0.0,343193088,ok
real_world_test100_seed20260906,cohet,40,RW_N40_K3_M16_I81.xlsx,81,1234,20260825,sample-1280,7633.083333333336,9894.16666666667,5372.000000000002,11080.0,0.30360064492560923,1.8189894035458565e-12,343193088,ok
real_world_test100_seed20260906,cohet,40,RW_N40_K3_M16_I82.xlsx,82,1234,20260825,sample-1280,6231.083333333336,9249.166666666668,3213.0000000000036,10300.0,0.30449544603470713,0.0,343193088,ok
real_world_test100_seed20260906,cohet,40,RW_N40_K3_M16_I83.xlsx,83,1234,20260825,sample-1280,6515.166666666666,9295.833333333332,3734.4999999999995,10345.0,0.30451074603479356,0.0,343193088,ok
real_world_test100_seed20260906,cohet,40,RW_N40_K3_M16_I84.xlsx,84,1234,20260825,sample-1280,6790.666666666667,9051.666666666664,4529.66666666667,10080.0,0.303465886041522,0.0,343193088,ok
real_world_test100_seed20260906,cohet,40,RW_N40_K3_M16_I85.xlsx,85,1234,20260825,sample-1280,5823.166666666664,9094.166666666666,2552.1666666666615,10145.0,0.30313653009943664,9.094947017729282e-13,343193088,ok
real_world_test100_seed20260906,cohet,40,RW_N40_K3_M16_I86.xlsx,86,1234,20260825,sample-1280,6122.166666666664,9282.499999999998,2961.833333333331,10330.0,0.3038439729716629,1.8189894035458565e-12,343193088,ok
real_world_test100_seed20260906,cohet,40,RW_N40_K3_M16_I87.xlsx,87,1234,20260825,sample-1280,6982.916666666665,9614.166666666664,4351.666666666666,10675.0,0.30365647398866713,9.094947017729282e-13,343193088,ok
real_world_test100_seed20260906,cohet,40,RW_N40_K3_M16_I88.xlsx,88,1234,20260825,sample-1280,6343.5,9268.333333333334,3418.666666666667,10240.0,0.3038536220556125,0.0,343193088,ok
real_world_test100_seed20260906,cohet,40,RW_N40_K3_M16_I89.xlsx,89,1234,20260825,sample-1280,6511.833333333333,9248.333333333334,3775.333333333332,10295.0,0.3094535879790783,9.094947017729282e-13,343193088,ok
real_world_test100_seed20260906,cohet,40,RW_N40_K3_M16_I90.xlsx,90,1234,20260825,sample-1280,6277.916666666668,9099.166666666668,3456.666666666669,10135.0,0.3038244830677286,0.0,343193088,ok
real_world_test100_seed20260906,cohet,40,RW_N40_K3_M16_I91.xlsx,91,1234,20260825,sample-1280,6913.000000000001,9553.333333333334,4272.666666666668,10655.0,0.30399210995528847,0.0,343193088,ok
real_world_test100_seed20260906,cohet,40,RW_N40_K3_M16_I92.xlsx,92,1234,20260825,sample-1280,5584.250000000002,8930.833333333336,2237.666666666667,9985.0,0.30395907105412334,1.8189894035458565e-12,343193088,ok
real_world_test100_seed20260906,cohet,40,RW_N40_K3_M16_I93.xlsx,93,1234,20260825,sample-1280,5757.25,8995.833333333334,2518.666666666665,10025.0,0.303812992060557,0.0,343193088,ok
real_world_test100_seed20260906,cohet,40,RW_N40_K3_M16_I94.xlsx,94,1234,20260825,sample-1280,7129.166666666666,9559.166666666666,4699.166666666665,10690.0,0.3039907099446282,0.0,343193088,ok
real_world_test100_seed20260906,cohet,40,RW_N40_K3_M16_I95.xlsx,95,1234,20260825,sample-1280,7364.583333333336,9720.000000000004,5009.166666666669,10875.0,0.3032391869928688,0.0,343193088,ok
real_world_test100_seed20260906,cohet,40,RW_N40_K3_M16_I96.xlsx,96,1234,20260825,sample-1280,5799.916666666668,8713.333333333336,2886.5000000000005,9715.0,0.30450445495080203,0.0,343193088,ok
real_world_test100_seed20260906,cohet,40,RW_N40_K3_M16_I97.xlsx,97,1234,20260825,sample-1280,7417.000000000001,9521.666666666668,5312.333333333334,10620.0,0.30343645496759564,9.094947017729282e-13,343193088,ok
real_world_test100_seed20260906,cohet,40,RW_N40_K3_M16_I98.xlsx,98,1234,20260825,sample-1280,7921.250000000001,9435.833333333336,6406.666666666666,10560.0,0.3039565399521962,9.094947017729282e-13,343193088,ok
real_world_test100_seed20260906,cohet,40,RW_N40_K3_M16_I99.xlsx,99,1234,20260825,sample-1280,7871.083333333333,9660.833333333336,6081.33333333333,10790.0,0.3042798270471394,9.094947017729282e-13,343193088,ok
real_world_test100_seed20260906,cohet,40,RW_N40_K3_M16_I100.xlsx,100,1234,20260825,sample-1280,6900.333333333336,9483.333333333336,4317.333333333335,10555.0,0.3031191979534924,0.0,343193088,ok
real_world_test100_seed20260906,am,10,RW_N10_K3_M16_I1.xlsx,1,1234,20260825,sample-1280,1576.5833333333333,2420.0,733.1666666666665,2635.0,0.06315562699455768,0.0,153600000,ok
real_world_test100_seed20260906,am,10,RW_N10_K3_M16_I2.xlsx,2,1234,20260825,sample-1280,1622.7500000000002,2459.166666666667,786.3333333333334,2695.0,0.06309881701599807,0.0,153600000,ok
real_world_test100_seed20260906,am,10,RW_N10_K3_M16_I3.xlsx,3,1234,20260825,sample-1280,1904.6666666666667,2707.5,1101.8333333333335,3005.0,0.06287323997821659,0.0,153600000,ok
real_world_test100_seed20260906,am,10,RW_N10_K3_M16_I4.xlsx,4,1234,20260825,sample-1280,1694.5833333333335,2535.0,854.1666666666669,2805.0,0.06278959999326617,0.0,153600000,ok
real_world_test100_seed20260906,am,10,RW_N10_K3_M16_I5.xlsx,5,1234,20260825,sample-1280,1840.3333333333333,2404.1666666666665,1276.5,2650.0,0.06290582893416286,0.0,153600000,ok
real_world_test100_seed20260906,am,10,RW_N10_K3_M16_I6.xlsx,6,1234,20260825,sample-1280,1374.3333333333335,2185.0,563.6666666666669,2415.0,0.06305925792548805,0.0,153600000,ok
real_world_test100_seed20260906,am,10,RW_N10_K3_M16_I7.xlsx,7,1234,20260825,sample-1280,1779.8333333333337,2495.833333333334,1063.8333333333335,2760.0,0.06327369599603117,0.0,153600000,ok
real_world_test100_seed20260906,am,10,RW_N10_K3_M16_I8.xlsx,8,1234,20260825,sample-1280,1459.8333333333335,2462.5,457.16666666666697,2715.0,0.0633023560512811,2.2737367544323206e-13,153600000,ok
real_world_test100_seed20260906,am,10,RW_N10_K3_M16_I9.xlsx,9,1234,20260825,sample-1280,1538.0833333333335,2333.3333333333335,742.8333333333335,2585.0,0.06704209896270186,0.0,153600000,ok
real_world_test100_seed20260906,am,10,RW_N10_K3_M16_I10.xlsx,10,1234,20260825,sample-1280,1408.0833333333337,2432.5000000000005,383.6666666666669,2700.0,0.06609338894486427,2.2737367544323206e-13,153600000,ok
real_world_test100_seed20260906,am,10,RW_N10_K3_M16_I11.xlsx,11,1234,20260825,sample-1280,1503.5833333333333,2374.1666666666665,633.0000000000001,2630.0,0.0631393069634214,0.0,153600000,ok
real_world_test100_seed20260906,am,10,RW_N10_K3_M16_I12.xlsx,12,1234,20260825,sample-1280,1145.8333333333333,2049.1666666666665,242.5000000000001,2235.0,0.06292500894051045,0.0,153600000,ok
real_world_test100_seed20260906,am,10,RW_N10_K3_M16_I13.xlsx,13,1234,20260825,sample-1280,1415.0833333333333,2344.1666666666665,485.9999999999999,2575.0,0.06283909000921994,0.0,153600000,ok
real_world_test100_seed20260906,am,10,RW_N10_K3_M16_I14.xlsx,14,1234,20260825,sample-1280,1378.8333333333335,2296.666666666667,461.0000000000001,2500.0,0.06284453999251127,2.2737367544323206e-13,153600000,ok
real_world_test100_seed20260906,am,10,RW_N10_K3_M16_I15.xlsx,15,1234,20260825,sample-1280,1435.583333333333,2218.333333333333,652.8333333333333,2445.0,0.06284719007089734,4.547473508864641e-13,153600000,ok
real_world_test100_seed20260906,am,10,RW_N10_K3_M16_I16.xlsx,16,1234,20260825,sample-1280,1501.2500000000002,2278.3333333333335,724.166666666667,2520.0,0.06290792895015329,0.0,153600000,ok
real_world_test100_seed20260906,am,10,RW_N10_K3_M16_I17.xlsx,17,1234,20260825,sample-1280,1871.75,2719.1666666666665,1024.3333333333335,3010.0,0.06261871196329594,0.0,153600000,ok
real_world_test100_seed20260906,am,10,RW_N10_K3_M16_I18.xlsx,18,1234,20260825,sample-1280,1269.1666666666665,2198.333333333333,340.0000000000001,2375.0,0.06274523097090423,0.0,153600000,ok
real_world_test100_seed20260906,am,10,RW_N10_K3_M16_I19.xlsx,19,1234,20260825,sample-1280,1668.1666666666667,2520.8333333333335,815.5000000000001,2790.0,0.06251146295107901,0.0,153600000,ok
real_world_test100_seed20260906,am,10,RW_N10_K3_M16_I20.xlsx,20,1234,20260825,sample-1280,1375.0,2249.1666666666665,500.8333333333335,2475.0,0.06265857198741287,0.0,153600000,ok
real_world_test100_seed20260906,am,10,RW_N10_K3_M16_I21.xlsx,21,1234,20260825,sample-1280,1512.9166666666667,2390.0,635.8333333333335,2635.0,0.06304142798762769,0.0,153600000,ok
real_world_test100_seed20260906,am,10,RW_N10_K3_M16_I22.xlsx,22,1234,20260825,sample-1280,1689.3333333333335,2438.3333333333335,940.3333333333334,2665.0,0.0629106491105631,0.0,153600000,ok
real_world_test100_seed20260906,am,10,RW_N10_K3_M16_I23.xlsx,23,1234,20260825,sample-1280,1567.8333333333337,2492.5000000000005,643.1666666666669,2745.0,0.0626318920403719,2.2737367544323206e-13,153600000,ok
real_world_test100_seed20260906,am,10,RW_N10_K3_M16_I24.xlsx,24,1234,20260825,sample-1280,1324.1666666666667,2268.3333333333335,380.0000000000001,2500.0,0.0705918149324134,0.0,153600000,ok
real_world_test100_seed20260906,am,10,RW_N10_K3_M16_I25.xlsx,25,1234,20260825,sample-1280,1614.9166666666667,2364.166666666667,865.6666666666666,2625.0,0.06304174789693207,0.0,153600000,ok
real_world_test100_seed20260906,am,10,RW_N10_K3_M16_I26.xlsx,26,1234,20260825,sample-1280,1339.0,2315.833333333333,362.16666666666674,2515.0,0.062380903982557356,0.0,153600000,ok
real_world_test100_seed20260906,am,10,RW_N10_K3_M16_I27.xlsx,27,1234,20260825,sample-1280,1474.3333333333335,2284.166666666667,664.5000000000002,2500.0,0.06281063996721059,0.0,153600000,ok
real_world_test100_seed20260906,am,10,RW_N10_K3_M16_I28.xlsx,28,1234,20260825,sample-1280,1421.916666666667,2447.5000000000005,396.3333333333336,2695.0,0.06294302898459136,0.0,153600000,ok
real_world_test100_seed20260906,am,10,RW_N10_K3_M16_I29.xlsx,29,1234,20260825,sample-1280,1893.3333333333335,2610.8333333333335,1175.8333333333335,2860.0,0.06258754199370742,0.0,153600000,ok
real_world_test100_seed20260906,am,10,RW_N10_K3_M16_I30.xlsx,30,1234,20260825,sample-1280,1081.9166666666667,1922.5,241.33333333333337,2130.0,0.0626030620187521,0.0,153600000,ok
real_world_test100_seed20260906,am,10,RW_N10_K3_M16_I31.xlsx,31,1234,20260825,sample-1280,1310.0,2157.5,462.50000000000017,2360.0,0.06276364007499069,0.0,153600000,ok
real_world_test100_seed20260906,am,10,RW_N10_K3_M16_I32.xlsx,32,1234,20260825,sample-1280,1836.5833333333335,2651.666666666667,1021.5000000000002,2925.0,0.06286440999247134,0.0,153600000,ok
real_world_test100_seed20260906,am,10,RW_N10_K3_M16_I33.xlsx,33,1234,20260825,sample-1280,1765.75,2651.666666666667,879.8333333333331,2905.0,0.06253542192280293,0.0,153600000,ok
real_world_test100_seed20260906,am,10,RW_N10_K3_M16_I34.xlsx,34,1234,20260825,sample-1280,1276.916666666667,2356.666666666667,197.16666666666674,2595.0,0.0628186899702996,0.0,153600000,ok
real_world_test100_seed20260906,am,10,RW_N10_K3_M16_I35.xlsx,35,1234,20260825,sample-1280,1399.8333333333335,2308.3333333333335,491.33333333333326,2520.0,0.06267114100046456,0.0,153600000,ok
real_world_test100_seed20260906,am,10,RW_N10_K3_M16_I36.xlsx,36,1234,20260825,sample-1280,1511.5833333333337,2482.5000000000005,540.6666666666669,2740.0,0.06260190194007009,0.0,153600000,ok
real_world_test100_seed20260906,am,10,RW_N10_K3_M16_I37.xlsx,37,1234,20260825,sample-1280,1441.7500000000005,2449.1666666666674,434.3333333333335,2710.0,0.06257295201066881,2.2737367544323206e-13,153600000,ok
real_world_test100_seed20260906,am,10,RW_N10_K3_M16_I38.xlsx,38,1234,20260825,sample-1280,1465.166666666667,2246.666666666667,683.6666666666669,2500.0,0.06293712905608118,0.0,153600000,ok
real_world_test100_seed20260906,am,10,RW_N10_K3_M16_I39.xlsx,39,1234,20260825,sample-1280,1589.3333333333337,2313.3333333333335,865.3333333333338,2550.0,0.06231956405099481,0.0,153600000,ok
real_world_test100_seed20260906,am,10,RW_N10_K3_M16_I40.xlsx,40,1234,20260825,sample-1280,1438.3333333333335,2464.166666666667,412.5000000000002,2705.0,0.06250739307142794,0.0,153600000,ok
real_world_test100_seed20260906,am,10,RW_N10_K3_M16_I41.xlsx,41,1234,20260825,sample-1280,1382.1666666666667,2337.5,426.8333333333335,2595.0,0.06289118889253587,0.0,153600000,ok
real_world_test100_seed20260906,am,10,RW_N10_K3_M16_I42.xlsx,42,1234,20260825,sample-1280,1614.8333333333335,2590.0,639.6666666666667,2820.0,0.0626128010917455,0.0,153600000,ok
real_world_test100_seed20260906,am,10,RW_N10_K3_M16_I43.xlsx,43,1234,20260825,sample-1280,1273.1666666666667,1993.3333333333335,553.0000000000001,2205.0,0.06244681298267096,0.0,153600000,ok
real_world_test100_seed20260906,am,10,RW_N10_K3_M16_I44.xlsx,44,1234,20260825,sample-1280,1751.3333333333335,2515.8333333333335,986.8333333333334,2770.0,0.06241349410265684,0.0,153600000,ok
real_world_test100_seed20260906,am,10,RW_N10_K3_M16_I45.xlsx,45,1234,20260825,sample-1280,1746.5833333333337,2617.5000000000005,875.6666666666669,2865.0,0.06255653302650899,0.0,153600000,ok
real_world_test100_seed20260906,am,10,RW_N10_K3_M16_I46.xlsx,46,1234,20260825,sample-1280,1716.2500000000005,2505.0000000000005,927.5000000000002,2760.0,0.06284170900471509,0.0,153600000,ok
real_world_test100_seed20260906,am,10,RW_N10_K3_M16_I47.xlsx,47,1234,20260825,sample-1280,1414.7500000000002,2120.8333333333335,708.6666666666669,2325.0,0.06238828401546925,2.2737367544323206e-13,153600000,ok
real_world_test100_seed20260906,am,10,RW_N10_K3_M16_I48.xlsx,48,1234,20260825,sample-1280,1604.9166666666667,2417.5,792.3333333333334,2645.0,0.06250040302984416,2.2737367544323206e-13,153600000,ok
real_world_test100_seed20260906,am,10,RW_N10_K3_M16_I49.xlsx,49,1234,20260825,sample-1280,1326.3333333333335,2214.166666666667,438.5,2435.0,0.06263319100253284,2.2737367544323206e-13,153600000,ok
real_world_test100_seed20260906,am,10,RW_N10_K3_M16_I50.xlsx,50,1234,20260825,sample-1280,1753.5833333333335,2562.5,944.666666666667,2820.0,0.06502398895099759,0.0,153600000,ok
real_world_test100_seed20260906,am,10,RW_N10_K3_M16_I51.xlsx,51,1234,20260825,sample-1280,1260.25,2165.0,355.5,2390.0,0.062204875983297825,0.0,153600000,ok
real_world_test100_seed20260906,am,10,RW_N10_K3_M16_I52.xlsx,52,1234,20260825,sample-1280,1574.8333333333335,2552.5000000000005,597.1666666666667,2810.0,0.06231963401660323,0.0,153600000,ok
real_world_test100_seed20260906,am,10,RW_N10_K3_M16_I53.xlsx,53,1234,20260825,sample-1280,1980.4166666666665,2774.1666666666665,1186.6666666666665,3045.0,0.06287351902574301,2.2737367544323206e-13,153600000,ok
real_world_test100_seed20260906,am,10,RW_N10_K3_M16_I54.xlsx,54,1234,20260825,sample-1280,1475.916666666667,2324.166666666667,627.6666666666667,2560.0,0.06250437197741121,0.0,153600000,ok
real_world_test100_seed20260906,am,10,RW_N10_K3_M16_I55.xlsx,55,1234,20260825,sample-1280,1768.0833333333335,2636.666666666667,899.5,2920.0,0.06362128199543804,0.0,153600000,ok
real_world_test100_seed20260906,am,10,RW_N10_K3_M16_I56.xlsx,56,1234,20260825,sample-1280,1407.9166666666667,2412.5,403.3333333333335,2650.0,0.06257223198190331,0.0,153600000,ok
real_world_test100_seed20260906,am,10,RW_N10_K3_M16_I57.xlsx,57,1234,20260825,sample-1280,1450.9166666666665,2372.5,529.3333333333333,2600.0,0.06276146997697651,0.0,153600000,ok
real_world_test100_seed20260906,am,10,RW_N10_K3_M16_I58.xlsx,58,1234,20260825,sample-1280,1487.9166666666667,2405.0,570.8333333333335,2670.0,0.06285615894012153,0.0,153600000,ok
real_world_test100_seed20260906,am,10,RW_N10_K3_M16_I59.xlsx,59,1234,20260825,sample-1280,1389.0833333333335,2318.3333333333335,459.8333333333336,2545.0,0.06294936907943338,0.0,153600000,ok
real_world_test100_seed20260906,am,10,RW_N10_K3_M16_I60.xlsx,60,1234,20260825,sample-1280,1694.2500000000002,2625.0000000000005,763.5000000000001,2895.0,0.06253798305988312,0.0,153600000,ok
real_world_test100_seed20260906,am,10,RW_N10_K3_M16_I61.xlsx,61,1234,20260825,sample-1280,1862.916666666667,2694.166666666667,1031.666666666667,2955.0,0.06263320101425052,0.0,153600000,ok
real_world_test100_seed20260906,am,10,RW_N10_K3_M16_I62.xlsx,62,1234,20260825,sample-1280,1722.6666666666667,2435.8333333333335,1009.5000000000001,2675.0,0.06278586003463715,2.2737367544323206e-13,153600000,ok
real_world_test100_seed20260906,am,10,RW_N10_K3_M16_I63.xlsx,63,1234,20260825,sample-1280,1634.666666666667,2546.666666666667,722.6666666666667,2805.0,0.06275370006915182,0.0,153600000,ok
real_world_test100_seed20260906,am,10,RW_N10_K3_M16_I64.xlsx,64,1234,20260825,sample-1280,1436.916666666667,2285.0000000000005,588.8333333333333,2530.0,0.06271708104759455,2.2737367544323206e-13,153600000,ok
real_world_test100_seed20260906,am,10,RW_N10_K3_M16_I65.xlsx,65,1234,20260825,sample-1280,1278.4166666666667,2303.3333333333335,253.5000000000001,2535.0,0.0627204409101978,0.0,153600000,ok
real_world_test100_seed20260906,am,10,RW_N10_K3_M16_I66.xlsx,66,1234,20260825,sample-1280,1433.1666666666665,2431.6666666666665,434.66666666666674,2710.0,0.06255324196536094,0.0,153600000,ok
real_world_test100_seed20260906,am,10,RW_N10_K3_M16_I67.xlsx,67,1234,20260825,sample-1280,1596.3333333333335,2414.166666666667,778.5,2685.0,0.06278267002198845,0.0,153600000,ok
real_world_test100_seed20260906,am,10,RW_N10_K3_M16_I68.xlsx,68,1234,20260825,sample-1280,1854.083333333333,2590.833333333333,1117.3333333333333,2855.0,0.06257866194937378,4.547473508864641e-13,153600000,ok
real_world_test100_seed20260906,am,10,RW_N10_K3_M16_I69.xlsx,69,1234,20260825,sample-1280,1601.5,2527.5,675.5,2775.0,0.06266277108807117,0.0,153600000,ok
real_world_test100_seed20260906,am,10,RW_N10_K3_M16_I70.xlsx,70,1234,20260825,sample-1280,1399.416666666667,2336.666666666667,462.1666666666668,2590.0,0.06238748389296234,0.0,153600000,ok
real_world_test100_seed20260906,am,10,RW_N10_K3_M16_I71.xlsx,71,1234,20260825,sample-1280,1504.9166666666667,2377.5,632.3333333333336,2625.0,0.0626009110128507,2.2737367544323206e-13,153600000,ok
real_world_test100_seed20260906,am,10,RW_N10_K3_M16_I72.xlsx,72,1234,20260825,sample-1280,1766.4166666666665,2565.8333333333335,966.9999999999998,2850.0,0.0626507910201326,0.0,153600000,ok
real_world_test100_seed20260906,am,10,RW_N10_K3_M16_I73.xlsx,73,1234,20260825,sample-1280,1522.4166666666667,2360.0,684.8333333333336,2575.0,0.06267437094356865,2.2737367544323206e-13,153600000,ok
real_world_test100_seed20260906,am,10,RW_N10_K3_M16_I74.xlsx,74,1234,20260825,sample-1280,2021.083333333333,2744.166666666666,1298.0,3015.0,0.06276195996906608,2.2737367544323206e-13,153600000,ok
real_world_test100_seed20260906,am,10,RW_N10_K3_M16_I75.xlsx,75,1234,20260825,sample-1280,1272.25,2260.8333333333335,283.6666666666665,2490.0,0.062730020028539,0.0,153600000,ok
real_world_test100_seed20260906,am,10,RW_N10_K3_M16_I76.xlsx,76,1234,20260825,sample-1280,1564.0833333333335,2494.166666666667,634.0,2730.0,0.06292473792564124,0.0,153600000,ok
real_world_test100_seed20260906,am,10,RW_N10_K3_M16_I77.xlsx,77,1234,20260825,sample-1280,1389.0000000000002,2237.5000000000005,540.5000000000001,2465.0,0.06231513398233801,2.2737367544323206e-13,153600000,ok
real_world_test100_seed20260906,am,10,RW_N10_K3_M16_I78.xlsx,78,1234,20260825,sample-1280,1741.5000000000002,2784.166666666667,698.8333333333336,3100.0,0.0626749109942466,2.2737367544323206e-13,153600000,ok
real_world_test100_seed20260906,am,10,RW_N10_K3_M16_I79.xlsx,79,1234,20260825,sample-1280,1214.25,2180.0,248.50000000000023,2415.0,0.0624869919847697,0.0,153600000,ok
real_world_test100_seed20260906,am,10,RW_N10_K3_M16_I80.xlsx,80,1234,20260825,sample-1280,1410.083333333334,2266.6666666666674,553.5000000000002,2510.0,0.06252144207246602,4.547473508864641e-13,153600000,ok
real_world_test100_seed20260906,am,10,RW_N10_K3_M16_I81.xlsx,81,1234,20260825,sample-1280,1698.0,2485.0,911.0000000000002,2740.0,0.0627377110067755,0.0,153600000,ok
real_world_test100_seed20260906,am,10,RW_N10_K3_M16_I82.xlsx,82,1234,20260825,sample-1280,1734.5,2578.3333333333335,890.6666666666667,2865.0,0.06282609899062663,0.0,153600000,ok
real_world_test100_seed20260906,am,10,RW_N10_K3_M16_I83.xlsx,83,1234,20260825,sample-1280,1536.1666666666667,2447.5,624.8333333333334,2665.0,0.06295048794709146,2.2737367544323206e-13,153600000,ok
real_world_test100_seed20260906,am,10,RW_N10_K3_M16_I84.xlsx,84,1234,20260825,sample-1280,1676.5833333333335,2664.166666666667,689.0000000000002,2910.0,0.0629432579735294,0.0,153600000,ok
real_world_test100_seed20260906,am,10,RW_N10_K3_M16_I85.xlsx,85,1234,20260825,sample-1280,1603.5,2474.166666666667,732.8333333333333,2725.0,0.06259446195326746,0.0,153600000,ok
real_world_test100_seed20260906,am,10,RW_N10_K3_M16_I86.xlsx,86,1234,20260825,sample-1280,1725.8333333333337,2412.5000000000005,1039.166666666667,2645.0,0.06284346897155046,0.0,153600000,ok
real_world_test100_seed20260906,am,10,RW_N10_K3_M16_I87.xlsx,87,1234,20260825,sample-1280,1768.4166666666665,2555.0,981.8333333333333,2800.0,0.06275280995760113,0.0,153600000,ok
real_world_test100_seed20260906,am,10,RW_N10_K3_M16_I88.xlsx,88,1234,20260825,sample-1280,1349.5833333333333,2375.0,324.16666666666646,2605.0,0.062747250078246,0.0,153600000,ok
real_world_test100_seed20260906,am,10,RW_N10_K3_M16_I89.xlsx,89,1234,20260825,sample-1280,1514.0833333333335,2583.3333333333335,444.83333333333337,2830.0,0.06272136105690151,0.0,153600000,ok
real_world_test100_seed20260906,am,10,RW_N10_K3_M16_I90.xlsx,90,1234,20260825,sample-1280,1432.166666666667,2274.166666666667,590.1666666666667,2500.0,0.06267199106514454,0.0,153600000,ok
real_world_test100_seed20260906,am,10,RW_N10_K3_M16_I91.xlsx,91,1234,20260825,sample-1280,1753.416666666667,2596.666666666667,910.1666666666667,2840.0,0.06217370601370931,4.547473508864641e-13,153600000,ok
real_world_test100_seed20260906,am,10,RW_N10_K3_M16_I92.xlsx,92,1234,20260825,sample-1280,1715.25,2558.3333333333335,872.1666666666667,2815.0,0.06258725095540285,0.0,153600000,ok
real_world_test100_seed20260906,am,10,RW_N10_K3_M16_I93.xlsx,93,1234,20260825,sample-1280,1890.3333333333333,2647.5,1133.1666666666665,2875.0,0.06266416108701378,0.0,153600000,ok
real_world_test100_seed20260906,am,10,RW_N10_K3_M16_I94.xlsx,94,1234,20260825,sample-1280,1649.0,2560.0,738.0000000000001,2830.0,0.06279959005769342,0.0,153600000,ok
real_world_test100_seed20260906,am,10,RW_N10_K3_M16_I95.xlsx,95,1234,20260825,sample-1280,1442.5,2240.8333333333335,644.1666666666665,2465.0,0.06274627090897411,2.2737367544323206e-13,153600000,ok
real_world_test100_seed20260906,am,10,RW_N10_K3_M16_I96.xlsx,96,1234,20260825,sample-1280,1750.5,2592.5,908.5,2845.0,0.0626637510722503,0.0,153600000,ok
real_world_test100_seed20260906,am,10,RW_N10_K3_M16_I97.xlsx,97,1234,20260825,sample-1280,1606.0000000000002,2623.3333333333335,588.666666666667,2885.0,0.06286648893728852,0.0,153600000,ok
real_world_test100_seed20260906,am,10,RW_N10_K3_M16_I98.xlsx,98,1234,20260825,sample-1280,1899.6666666666667,2660.8333333333335,1138.5,2945.0,0.06261461204849184,2.2737367544323206e-13,153600000,ok
real_world_test100_seed20260906,am,10,RW_N10_K3_M16_I99.xlsx,99,1234,20260825,sample-1280,1403.2500000000002,2365.0,441.5000000000003,2630.0,0.06290165905375034,0.0,153600000,ok
real_world_test100_seed20260906,am,10,RW_N10_K3_M16_I100.xlsx,100,1234,20260825,sample-1280,1531.5833333333335,2327.5000000000005,735.6666666666667,2555.0,0.06290129898115993,0.0,153600000,ok
real_world_test100_seed20260906,am,20,RW_N20_K3_M16_I1.xlsx,1,1234,20260825,sample-1280,2974.416666666666,4576.666666666666,1372.1666666666665,5080.0,0.12365219695493579,0.0,169364480,ok
real_world_test100_seed20260906,am,20,RW_N20_K3_M16_I2.xlsx,2,1234,20260825,sample-1280,2746.8333333333335,4655.833333333333,837.8333333333337,5160.0,0.12378727598115802,0.0,169364480,ok
real_world_test100_seed20260906,am,20,RW_N20_K3_M16_I3.xlsx,3,1234,20260825,sample-1280,3380.25,5013.333333333333,1747.1666666666672,5610.0,0.12345199903938919,0.0,169364480,ok
real_world_test100_seed20260906,am,20,RW_N20_K3_M16_I4.xlsx,4,1234,20260825,sample-1280,2971.0,4537.5,1404.5000000000002,5075.0,0.12379055505152792,0.0,169364480,ok
real_world_test100_seed20260906,am,20,RW_N20_K3_M16_I5.xlsx,5,1234,20260825,sample-1280,2673.916666666667,4540.833333333334,807.0000000000002,5025.0,0.1239749239757657,0.0,169364480,ok
real_world_test100_seed20260906,am,20,RW_N20_K3_M16_I6.xlsx,6,1234,20260825,sample-1280,3038.666666666667,4739.166666666667,1338.1666666666672,5260.0,0.12374933599494398,0.0,169364480,ok
real_world_test100_seed20260906,am,20,RW_N20_K3_M16_I7.xlsx,7,1234,20260825,sample-1280,3047.75,4770.0,1325.4999999999998,5315.0,0.12354622699785978,0.0,169364480,ok
real_world_test100_seed20260906,am,20,RW_N20_K3_M16_I8.xlsx,8,1234,20260825,sample-1280,3523.4166666666665,5071.666666666666,1975.166666666667,5605.0,0.12342800898477435,0.0,169364480,ok
real_world_test100_seed20260906,am,20,RW_N20_K3_M16_I9.xlsx,9,1234,20260825,sample-1280,3681.250000000001,5006.666666666668,2355.833333333334,5540.0,0.1236748859519139,4.547473508864641e-13,169364480,ok
real_world_test100_seed20260906,am,20,RW_N20_K3_M16_I10.xlsx,10,1234,20260825,sample-1280,3265.416666666667,5040.833333333333,1490.0000000000005,5610.0,0.12426669092383236,0.0,169364480,ok
real_world_test100_seed20260906,am,20,RW_N20_K3_M16_I11.xlsx,11,1234,20260825,sample-1280,3229.416666666667,4751.666666666667,1707.1666666666667,5280.0,0.12384871498215944,0.0,169364480,ok
real_world_test100_seed20260906,am,20,RW_N20_K3_M16_I12.xlsx,12,1234,20260825,sample-1280,2999.6666666666665,4788.333333333333,1211.0000000000002,5345.0,0.1236665160395205,0.0,169364480,ok
real_world_test100_seed20260906,am,20,RW_N20_K3_M16_I13.xlsx,13,1234,20260825,sample-1280,2887.0833333333335,4819.166666666667,954.9999999999998,5335.0,0.12389872397761792,0.0,169364480,ok
real_world_test100_seed20260906,am,20,RW_N20_K3_M16_I14.xlsx,14,1234,20260825,sample-1280,3402.000000000001,4980.833333333334,1823.1666666666674,5570.0,0.12364621693268418,0.0,169364480,ok
real_world_test100_seed20260906,am,20,RW_N20_K3_M16_I15.xlsx,15,1234,20260825,sample-1280,2854.916666666667,4571.666666666667,1138.1666666666665,5050.0,0.12375796597916633,9.094947017729282e-13,169364480,ok
real_world_test100_seed20260906,am,20,RW_N20_K3_M16_I16.xlsx,16,1234,20260825,sample-1280,3633.166666666667,5277.5,1988.8333333333335,5870.0,0.12419823091477156,0.0,169364480,ok
real_world_test100_seed20260906,am,20,RW_N20_K3_M16_I17.xlsx,17,1234,20260825,sample-1280,3362.9999999999995,4806.666666666666,1919.3333333333328,5380.0,0.12403252301737666,0.0,169364480,ok
real_world_test100_seed20260906,am,20,RW_N20_K3_M16_I18.xlsx,18,1234,20260825,sample-1280,3261.0,4890.833333333333,1631.166666666667,5445.0,0.12366464594379067,0.0,169364480,ok
real_world_test100_seed20260906,am,20,RW_N20_K3_M16_I19.xlsx,19,1234,20260825,sample-1280,2184.916666666667,4102.5,267.33333333333366,4550.0,0.12366801605094224,0.0,169364480,ok
real_world_test100_seed20260906,am,20,RW_N20_K3_M16_I20.xlsx,20,1234,20260825,sample-1280,2928.083333333333,4755.0,1101.166666666666,5290.0,0.12479845597408712,0.0,169364480,ok
real_world_test100_seed20260906,am,20,RW_N20_K3_M16_I21.xlsx,21,1234,20260825,sample-1280,2933.2500000000005,4463.333333333334,1403.166666666667,4965.0,0.12423951108939946,4.547473508864641e-13,169364480,ok
real_world_test100_seed20260906,am,20,RW_N20_K3_M16_I22.xlsx,22,1234,20260825,sample-1280,3876.666666666667,5145.000000000001,2608.333333333333,5725.0,0.12424486107192934,9.094947017729282e-13,169364480,ok
real_world_test100_seed20260906,am,20,RW_N20_K3_M16_I23.xlsx,23,1234,20260825,sample-1280,3436.083333333334,4736.666666666667,2135.500000000001,5265.0,0.12418648193124682,0.0,169364480,ok
real_world_test100_seed20260906,am,20,RW_N20_K3_M16_I24.xlsx,24,1234,20260825,sample-1280,2640.333333333334,4448.333333333334,832.333333333334,4935.0,0.12427511101122946,0.0,169364480,ok
real_world_test100_seed20260906,am,20,RW_N20_K3_M16_I25.xlsx,25,1234,20260825,sample-1280,2938.6666666666674,4648.333333333334,1229.0000000000007,5185.0,0.1240171529352665,0.0,169364480,ok
real_world_test100_seed20260906,am,20,RW_N20_K3_M16_I26.xlsx,26,1234,20260825,sample-1280,3204.416666666667,4915.833333333334,1493.0000000000005,5430.0,0.12414711096789688,0.0,169364480,ok
real_world_test100_seed20260906,am,20,RW_N20_K3_M16_I27.xlsx,27,1234,20260825,sample-1280,2985.1666666666665,4684.999999999999,1285.3333333333342,5225.0,0.12410713196732104,4.547473508864641e-13,169364480,ok
real_world_test100_seed20260906,am,20,RW_N20_K3_M16_I28.xlsx,28,1234,20260825,sample-1280,3512.333333333333,4995.833333333333,2028.8333333333333,5585.0,0.12446248799096793,0.0,169364480,ok
real_world_test100_seed20260906,am,20,RW_N20_K3_M16_I29.xlsx,29,1234,20260825,sample-1280,3063.166666666667,4648.333333333334,1478.0000000000005,5150.0,0.1240956720430404,0.0,169364480,ok
real_world_test100_seed20260906,am,20,RW_N20_K3_M16_I30.xlsx,30,1234,20260825,sample-1280,3280.083333333333,4704.999999999999,1855.166666666667,5250.0,0.12424312101211399,4.547473508864641e-13,169364480,ok
real_world_test100_seed20260906,am,20,RW_N20_K3_M16_I31.xlsx,31,1234,20260825,sample-1280,3705.3333333333335,5354.166666666667,2056.5,5940.0,0.12441374908667058,0.0,169364480,ok
real_world_test100_seed20260906,am,20,RW_N20_K3_M16_I32.xlsx,32,1234,20260825,sample-1280,3387.5833333333335,4745.833333333333,2029.3333333333337,5260.0,0.12390787398908287,0.0,169364480,ok
real_world_test100_seed20260906,am,20,RW_N20_K3_M16_I33.xlsx,33,1234,20260825,sample-1280,3024.8333333333335,4785.0,1264.6666666666672,5305.0,0.12367794592864811,0.0,169364480,ok
real_world_test100_seed20260906,am,20,RW_N20_K3_M16_I34.xlsx,34,1234,20260825,sample-1280,3312.8333333333335,4947.5,1678.1666666666672,5515.0,0.1239853430306539,4.547473508864641e-13,169364480,ok
real_world_test100_seed20260906,am,20,RW_N20_K3_M16_I35.xlsx,35,1234,20260825,sample-1280,3040.0833333333335,4793.333333333333,1286.8333333333337,5305.0,0.1237850149627775,4.547473508864641e-13,169364480,ok
real_world_test100_seed20260906,am,20,RW_N20_K3_M16_I36.xlsx,36,1234,20260825,sample-1280,3391.5,5082.5,1700.5000000000005,5675.0,0.12402776291128248,0.0,169364480,ok
real_world_test100_seed20260906,am,20,RW_N20_K3_M16_I37.xlsx,37,1234,20260825,sample-1280,3245.25,4702.5,1788.0000000000005,5230.0,0.1283809409942478,9.094947017729282e-13,169364480,ok
real_world_test100_seed20260906,am,20,RW_N20_K3_M16_I38.xlsx,38,1234,20260825,sample-1280,2784.75,4485.833333333334,1083.6666666666665,4955.0,0.12409675202798098,0.0,169364480,ok
real_world_test100_seed20260906,am,20,RW_N20_K3_M16_I39.xlsx,39,1234,20260825,sample-1280,3038.8333333333335,4782.5,1295.1666666666672,5315.0,0.12360571697354317,0.0,169364480,ok
real_world_test100_seed20260906,am,20,RW_N20_K3_M16_I40.xlsx,40,1234,20260825,sample-1280,3096.916666666667,5016.666666666667,1177.1666666666674,5550.0,0.12387136393226683,0.0,169364480,ok
real_world_test100_seed20260906,am,20,RW_N20_K3_M16_I41.xlsx,41,1234,20260825,sample-1280,3255.416666666667,4966.666666666667,1544.1666666666674,5490.0,0.12379912496544421,0.0,169364480,ok
real_world_test100_seed20260906,am,20,RW_N20_K3_M16_I42.xlsx,42,1234,20260825,sample-1280,3172.3333333333326,4843.333333333332,1501.3333333333333,5370.0,0.1240947920596227,0.0,169364480,ok
real_world_test100_seed20260906,am,20,RW_N20_K3_M16_I43.xlsx,43,1234,20260825,sample-1280,3339.166666666667,4795.833333333333,1882.500000000001,5320.0,0.12426239100750536,0.0,169364480,ok
real_world_test100_seed20260906,am,20,RW_N20_K3_M16_I44.xlsx,44,1234,20260825,sample-1280,3179.9166666666665,5007.5,1352.3333333333333,5540.0,0.12357534701004624,4.547473508864641e-13,169364480,ok
real_world_test100_seed20260906,am,20,RW_N20_K3_M16_I45.xlsx,45,1234,20260825,sample-1280,2740.333333333333,4423.333333333333,1057.3333333333333,4905.0,0.12321803998202085,0.0,169364480,ok
real_world_test100_seed20260906,am,20,RW_N20_K3_M16_I46.xlsx,46,1234,20260825,sample-1280,2892.2499999999995,4534.166666666666,1250.3333333333328,5015.0,0.12331500998698175,4.547473508864641e-13,169364480,ok
real_world_test100_seed20260906,am,20,RW_N20_K3_M16_I47.xlsx,47,1234,20260825,sample-1280,3537.8333333333335,5253.333333333333,1822.3333333333337,5820.0,0.12320587004069239,4.547473508864641e-13,169364480,ok
real_world_test100_seed20260906,am,20,RW_N20_K3_M16_I48.xlsx,48,1234,20260825,sample-1280,3401.0000000000005,5007.5,1794.5000000000007,5535.0,0.12322909000795335,0.0,169364480,ok
real_world_test100_seed20260906,am,20,RW_N20_K3_M16_I49.xlsx,49,1234,20260825,sample-1280,3423.7500000000005,4959.166666666667,1888.333333333334,5540.0,0.12336916802451015,4.547473508864641e-13,169364480,ok
real_world_test100_seed20260906,am,20,RW_N20_K3_M16_I50.xlsx,50,1234,20260825,sample-1280,3108.2500000000005,4631.666666666667,1584.8333333333342,5160.0,0.12349754699971527,0.0,169364480,ok
real_world_test100_seed20260906,am,20,RW_N20_K3_M16_I51.xlsx,51,1234,20260825,sample-1280,2906.7499999999995,4904.166666666666,909.3333333333331,5435.0,0.12324124004226178,0.0,169364480,ok
real_world_test100_seed20260906,am,20,RW_N20_K3_M16_I52.xlsx,52,1234,20260825,sample-1280,2817.916666666667,4551.666666666667,1084.166666666667,5050.0,0.12344497803132981,4.547473508864641e-13,169364480,ok
real_world_test100_seed20260906,am,20,RW_N20_K3_M16_I53.xlsx,53,1234,20260825,sample-1280,3148.8333333333335,4625.0,1672.6666666666667,5135.0,0.12336070905439556,4.547473508864641e-13,169364480,ok
real_world_test100_seed20260906,am,20,RW_N20_K3_M16_I54.xlsx,54,1234,20260825,sample-1280,3121.8333333333335,4757.5,1486.1666666666667,5295.0,0.12378638400696218,4.547473508864641e-13,169364480,ok
real_world_test100_seed20260906,am,20,RW_N20_K3_M16_I55.xlsx,55,1234,20260825,sample-1280,3377.416666666667,4725.0,2029.8333333333342,5230.0,0.12337365804705769,0.0,169364480,ok
real_world_test100_seed20260906,am,20,RW_N20_K3_M16_I56.xlsx,56,1234,20260825,sample-1280,2468.166666666667,4340.0,596.3333333333337,4825.0,0.12337579904124141,4.547473508864641e-13,169364480,ok
real_world_test100_seed20260906,am,20,RW_N20_K3_M16_I57.xlsx,57,1234,20260825,sample-1280,2881.583333333333,4538.333333333332,1224.833333333334,5060.0,0.12324775999877602,4.547473508864641e-13,169364480,ok
real_world_test100_seed20260906,am,20,RW_N20_K3_M16_I58.xlsx,58,1234,20260825,sample-1280,3838.166666666667,5230.833333333334,2445.5,5825.0,0.12344057799782604,0.0,169364480,ok
real_world_test100_seed20260906,am,20,RW_N20_K3_M16_I59.xlsx,59,1234,20260825,sample-1280,3272.250000000001,4982.500000000001,1562.0000000000005,5505.0,0.12376199499703944,0.0,169364480,ok
real_world_test100_seed20260906,am,20,RW_N20_K3_M16_I60.xlsx,60,1234,20260825,sample-1280,3106.0833333333335,4809.166666666667,1403.0000000000002,5325.0,0.12355122703593224,0.0,169364480,ok
real_world_test100_seed20260906,am,20,RW_N20_K3_M16_I61.xlsx,61,1234,20260825,sample-1280,3258.916666666667,4947.500000000001,1570.333333333333,5460.0,0.12355042598210275,4.547473508864641e-13,169364480,ok
real_world_test100_seed20260906,am,20,RW_N20_K3_M16_I62.xlsx,62,1234,20260825,sample-1280,3829.6666666666674,4886.666666666668,2772.666666666667,5440.0,0.12382244493346661,0.0,169364480,ok
real_world_test100_seed20260906,am,20,RW_N20_K3_M16_I63.xlsx,63,1234,20260825,sample-1280,3000.0,4670.833333333333,1329.1666666666672,5160.0,0.12363069609273225,0.0,169364480,ok
real_world_test100_seed20260906,am,20,RW_N20_K3_M16_I64.xlsx,64,1234,20260825,sample-1280,3310.8333333333335,4800.833333333334,1820.8333333333333,5330.0,0.12389262404758483,0.0,169364480,ok
real_world_test100_seed20260906,am,20,RW_N20_K3_M16_I65.xlsx,65,1234,20260825,sample-1280,3210.833333333334,4971.666666666667,1450.0000000000005,5540.0,0.12408716196659952,4.547473508864641e-13,169364480,ok
real_world_test100_seed20260906,am,20,RW_N20_K3_M16_I66.xlsx,66,1234,20260825,sample-1280,3495.416666666667,4980.0,2010.833333333334,5530.0,0.12428461003582925,0.0,169364480,ok
real_world_test100_seed20260906,am,20,RW_N20_K3_M16_I67.xlsx,67,1234,20260825,sample-1280,2898.4166666666665,4501.666666666666,1295.166666666667,4995.0,0.12356507603544742,0.0,169364480,ok
real_world_test100_seed20260906,am,20,RW_N20_K3_M16_I68.xlsx,68,1234,20260825,sample-1280,3408.916666666667,4599.166666666667,2218.666666666667,5145.0,0.12394199310801923,0.0,169364480,ok
real_world_test100_seed20260906,am,20,RW_N20_K3_M16_I69.xlsx,69,1234,20260825,sample-1280,3708.5,5076.666666666666,2340.3333333333335,5670.0,0.1238223840482533,0.0,169364480,ok
real_world_test100_seed20260906,am,20,RW_N20_K3_M16_I70.xlsx,70,1234,20260825,sample-1280,2854.4999999999995,4776.666666666666,932.3333333333328,5330.0,0.1237480939598754,0.0,169364480,ok
real_world_test100_seed20260906,am,20,RW_N20_K3_M16_I71.xlsx,71,1234,20260825,sample-1280,3098.6666666666674,4796.666666666667,1400.6666666666677,5395.0,0.12350840703584254,0.0,169364480,ok
real_world_test100_seed20260906,am,20,RW_N20_K3_M16_I72.xlsx,72,1234,20260825,sample-1280,3585.8333333333335,4983.333333333333,2188.333333333334,5535.0,0.12347232806496322,0.0,169364480,ok
real_world_test100_seed20260906,am,20,RW_N20_K3_M16_I73.xlsx,73,1234,20260825,sample-1280,3566.666666666668,4970.833333333335,2162.5000000000005,5505.0,0.12387965305242687,0.0,169364480,ok
real_world_test100_seed20260906,am,20,RW_N20_K3_M16_I74.xlsx,74,1234,20260825,sample-1280,2676.6666666666665,4123.333333333333,1230.0000000000002,4550.0,0.12349504698067904,0.0,169364480,ok
real_world_test100_seed20260906,am,20,RW_N20_K3_M16_I75.xlsx,75,1234,20260825,sample-1280,3464.5000000000005,4845.000000000001,2084.0,5390.0,0.1235669469460845,4.547473508864641e-13,169364480,ok
real_world_test100_seed20260906,am,20,RW_N20_K3_M16_I76.xlsx,76,1234,20260825,sample-1280,2906.583333333334,4758.333333333334,1054.8333333333342,5290.0,0.12338458793237805,0.0,169364480,ok
real_world_test100_seed20260906,am,20,RW_N20_K3_M16_I77.xlsx,77,1234,20260825,sample-1280,3062.75,4585.833333333333,1539.666666666667,5075.0,0.12354581605177373,0.0,169364480,ok
real_world_test100_seed20260906,am,20,RW_N20_K3_M16_I78.xlsx,78,1234,20260825,sample-1280,2919.4166666666665,4806.666666666666,1032.1666666666672,5340.0,0.12342241802252829,0.0,169364480,ok
real_world_test100_seed20260906,am,20,RW_N20_K3_M16_I79.xlsx,79,1234,20260825,sample-1280,2855.25,4886.666666666666,823.8333333333336,5390.0,0.12360908603295684,0.0,169364480,ok
real_world_test100_seed20260906,am,20,RW_N20_K3_M16_I80.xlsx,80,1234,20260825,sample-1280,2615.7499999999995,4570.0,661.4999999999993,5105.0,0.1241477110888809,0.0,169364480,ok
real_world_test100_seed20260906,am,20,RW_N20_K3_M16_I81.xlsx,81,1234,20260825,sample-1280,2895.166666666667,4450.833333333333,1339.5000000000007,4940.0,0.12460139708127826,0.0,169364480,ok
real_world_test100_seed20260906,am,20,RW_N20_K3_M16_I82.xlsx,82,1234,20260825,sample-1280,3470.0833333333335,5090.0,1850.1666666666667,5655.0,0.12403568089939654,4.547473508864641e-13,169364480,ok
real_world_test100_seed20260906,am,20,RW_N20_K3_M16_I83.xlsx,83,1234,20260825,sample-1280,3494.750000000001,5397.500000000001,1592.0000000000011,5985.0,0.1241825899342075,0.0,169364480,ok
real_world_test100_seed20260906,am,20,RW_N20_K3_M16_I84.xlsx,84,1234,20260825,sample-1280,3316.9999999999995,4915.833333333333,1718.166666666666,5430.0,0.12421560008078814,4.547473508864641e-13,169364480,ok
real_world_test100_seed20260906,am,20,RW_N20_K3_M16_I85.xlsx,85,1234,20260825,sample-1280,3680.3333333333344,5009.166666666668,2351.500000000001,5580.0,0.12437367800157517,4.547473508864641e-13,169364480,ok
real_world_test100_seed20260906,am,20,RW_N20_K3_M16_I86.xlsx,86,1234,20260825,sample-1280,2917.75,4746.666666666667,1088.8333333333335,5245.0,0.12416847108397633,0.0,169364480,ok
real_world_test100_seed20260906,am,20,RW_N20_K3_M16_I87.xlsx,87,1234,20260825,sample-1280,3310.3333333333335,4814.166666666667,1806.5,5375.0,0.12453338701743633,0.0,169364480,ok
real_world_test100_seed20260906,am,20,RW_N20_K3_M16_I88.xlsx,88,1234,20260825,sample-1280,2712.3333333333335,4688.333333333334,736.3333333333333,5185.0,0.12421148002613336,0.0,169364480,ok
real_world_test100_seed20260906,am,20,RW_N20_K3_M16_I89.xlsx,89,1234,20260825,sample-1280,3292.166666666667,4995.833333333334,1588.5,5540.0,0.12418520997744054,0.0,169364480,ok
real_world_test100_seed20260906,am,20,RW_N20_K3_M16_I90.xlsx,90,1234,20260825,sample-1280,2726.5,4685.833333333332,767.1666666666677,5190.0,0.12405171105638146,9.094947017729282e-13,169364480,ok
real_world_test100_seed20260906,am,20,RW_N20_K3_M16_I91.xlsx,91,1234,20260825,sample-1280,2916.75,4555.0,1278.5,5065.0,0.1240156419808045,0.0,169364480,ok
real_world_test100_seed20260906,am,20,RW_N20_K3_M16_I92.xlsx,92,1234,20260825,sample-1280,3254.333333333334,4940.833333333334,1567.8333333333335,5470.0,0.12417137098964304,9.094947017729282e-13,169364480,ok
real_world_test100_seed20260906,am,20,RW_N20_K3_M16_I93.xlsx,93,1234,20260825,sample-1280,3112.916666666667,4813.333333333333,1412.5000000000005,5350.0,0.12391800293698907,0.0,169364480,ok
real_world_test100_seed20260906,am,20,RW_N20_K3_M16_I94.xlsx,94,1234,20260825,sample-1280,2578.750000000001,4517.500000000001,640.0000000000006,4990.0,0.12434669793583453,4.547473508864641e-13,169364480,ok
real_world_test100_seed20260906,am,20,RW_N20_K3_M16_I95.xlsx,95,1234,20260825,sample-1280,3499.1666666666674,5085.000000000001,1913.3333333333337,5650.0,0.1240572320530191,0.0,169364480,ok
real_world_test100_seed20260906,am,20,RW_N20_K3_M16_I96.xlsx,96,1234,20260825,sample-1280,3063.4166666666665,4718.333333333332,1408.5000000000007,5260.0,0.12494024203624576,4.547473508864641e-13,169364480,ok
real_world_test100_seed20260906,am,20,RW_N20_K3_M16_I97.xlsx,97,1234,20260825,sample-1280,3252.166666666667,4865.0,1639.3333333333344,5405.0,0.12428285891655833,0.0,169364480,ok
real_world_test100_seed20260906,am,20,RW_N20_K3_M16_I98.xlsx,98,1234,20260825,sample-1280,3237.5,4890.0,1585.0000000000005,5445.0,0.12424826005008072,0.0,169364480,ok
real_world_test100_seed20260906,am,20,RW_N20_K3_M16_I99.xlsx,99,1234,20260825,sample-1280,2999.083333333334,4710.833333333334,1287.3333333333335,5205.0,0.12421653000637889,0.0,169364480,ok
real_world_test100_seed20260906,am,20,RW_N20_K3_M16_I100.xlsx,100,1234,20260825,sample-1280,2879.25,4753.333333333334,1005.1666666666665,5280.0,0.124218838987872,0.0,169364480,ok
real_world_test100_seed20260906,am,30,RW_N30_K3_M16_I1.xlsx,1,1234,20260825,sample-1280,4995.666666666668,7090.000000000001,2901.333333333335,7895.0,0.18413867405615747,0.0,205726208,ok
real_world_test100_seed20260906,am,30,RW_N30_K3_M16_I2.xlsx,2,1234,20260825,sample-1280,5130.416666666668,7224.166666666668,3036.666666666668,8070.0,0.18901618698146194,0.0,205726208,ok
real_world_test100_seed20260906,am,30,RW_N30_K3_M16_I3.xlsx,3,1234,20260825,sample-1280,4930.833333333333,6891.666666666667,2969.9999999999995,7635.0,0.18480987707152963,0.0,205726208,ok
real_world_test100_seed20260906,am,30,RW_N30_K3_M16_I4.xlsx,4,1234,20260825,sample-1280,5309.333333333332,7277.5,3341.166666666665,8100.0,0.18474811792839319,0.0,205726208,ok
real_world_test100_seed20260906,am,30,RW_N30_K3_M16_I5.xlsx,5,1234,20260825,sample-1280,4851.916666666666,7439.999999999999,2263.833333333334,8265.0,0.18501699506305158,0.0,205726208,ok
real_world_test100_seed20260906,am,30,RW_N30_K3_M16_I6.xlsx,6,1234,20260825,sample-1280,4936.750000000002,7129.166666666668,2744.333333333335,7920.0,0.18467860796954483,0.0,205726208,ok
real_world_test100_seed20260906,am,30,RW_N30_K3_M16_I7.xlsx,7,1234,20260825,sample-1280,5683.166666666666,7467.499999999999,3898.833333333334,8365.0,0.1848042570054531,0.0,205726208,ok
real_world_test100_seed20260906,am,30,RW_N30_K3_M16_I8.xlsx,8,1234,20260825,sample-1280,5427.000000000001,7815.000000000001,3039.000000000001,8710.0,0.18648764095269144,0.0,205726208,ok
real_world_test100_seed20260906,am,30,RW_N30_K3_M16_I9.xlsx,9,1234,20260825,sample-1280,5234.166666666667,7192.499999999999,3275.8333333333353,8020.0,0.1866939190076664,9.094947017729282e-13,205726208,ok
real_world_test100_seed20260906,am,30,RW_N30_K3_M16_I10.xlsx,10,1234,20260825,sample-1280,3904.1666666666674,6555.833333333334,1252.5000000000007,7325.0,0.18889099801890552,0.0,205726208,ok
real_world_test100_seed20260906,am,30,RW_N30_K3_M16_I11.xlsx,11,1234,20260825,sample-1280,4863.583333333332,7059.999999999999,2667.166666666666,7915.0,0.18554853997193277,0.0,205726208,ok
real_world_test100_seed20260906,am,30,RW_N30_K3_M16_I12.xlsx,12,1234,20260825,sample-1280,5392.083333333334,7275.833333333334,3508.333333333334,8125.0,0.18536058091558516,0.0,205726208,ok
real_world_test100_seed20260906,am,30,RW_N30_K3_M16_I13.xlsx,13,1234,20260825,sample-1280,4990.666666666666,6952.5,3028.833333333333,7760.0,0.1854802209418267,0.0,205726208,ok
real_world_test100_seed20260906,am,30,RW_N30_K3_M16_I14.xlsx,14,1234,20260825,sample-1280,5199.916666666668,7530.833333333334,2869.0000000000014,8380.0,0.18544585106428713,0.0,205726208,ok
real_world_test100_seed20260906,am,30,RW_N30_K3_M16_I15.xlsx,15,1234,20260825,sample-1280,4855.083333333334,7152.5,2557.666666666667,7945.0,0.18543388100806624,0.0,205726208,ok
real_world_test100_seed20260906,am,30,RW_N30_K3_M16_I16.xlsx,16,1234,20260825,sample-1280,4411.833333333333,6730.833333333333,2092.8333333333326,7520.0,0.18843934196047485,0.0,205726208,ok
real_world_test100_seed20260906,am,30,RW_N30_K3_M16_I17.xlsx,17,1234,20260825,sample-1280,5359.333333333332,7359.999999999999,3358.666666666665,8150.0,0.18604475492611527,0.0,205726208,ok
real_world_test100_seed20260906,am,30,RW_N30_K3_M16_I18.xlsx,18,1234,20260825,sample-1280,5059.916666666668,7047.5,3072.3333333333353,7870.0,0.18575991794932634,0.0,205726208,ok
real_world_test100_seed20260906,am,30,RW_N30_K3_M16_I19.xlsx,19,1234,20260825,sample-1280,5091.333333333332,6905.833333333332,3276.833333333332,7720.0,0.18543292093090713,0.0,205726208,ok
real_world_test100_seed20260906,am,30,RW_N30_K3_M16_I20.xlsx,20,1234,20260825,sample-1280,5296.666666666666,7349.999999999999,3243.333333333333,8220.0,0.18568354798480868,0.0,205726208,ok
real_world_test100_seed20260906,am,30,RW_N30_K3_M16_I21.xlsx,21,1234,20260825,sample-1280,4929.333333333333,7074.166666666666,2784.5,7880.0,0.18530333205126226,9.094947017729282e-13,205726208,ok
real_world_test100_seed20260906,am,30,RW_N30_K3_M16_I22.xlsx,22,1234,20260825,sample-1280,4905.916666666669,7085.000000000001,2726.833333333336,7925.0,0.18894628703128546,0.0,205726208,ok
real_world_test100_seed20260906,am,30,RW_N30_K3_M16_I23.xlsx,23,1234,20260825,sample-1280,4821.166666666666,7005.833333333333,2636.5,7790.0,0.18506384396459907,0.0,205726208,ok
real_world_test100_seed20260906,am,30,RW_N30_K3_M16_I24.xlsx,24,1234,20260825,sample-1280,4752.999999999999,6839.999999999999,2665.999999999999,7615.0,0.18494199600536376,0.0,205726208,ok
real_world_test100_seed20260906,am,30,RW_N30_K3_M16_I25.xlsx,25,1234,20260825,sample-1280,5039.833333333335,7268.333333333335,2811.3333333333344,8105.0,0.1847220880445093,9.094947017729282e-13,205726208,ok
real_world_test100_seed20260906,am,30,RW_N30_K3_M16_I26.xlsx,26,1234,20260825,sample-1280,5224.916666666666,7085.833333333332,3364.0000000000005,7895.0,0.1857192280003801,0.0,205726208,ok
real_world_test100_seed20260906,am,30,RW_N30_K3_M16_I27.xlsx,27,1234,20260825,sample-1280,5557.583333333334,7344.166666666667,3771.000000000002,8155.0,0.18571395799517632,9.094947017729282e-13,205726208,ok
real_world_test100_seed20260906,am,30,RW_N30_K3_M16_I28.xlsx,28,1234,20260825,sample-1280,5320.416666666668,7171.666666666668,3469.166666666667,7990.0,0.18509376398287714,0.0,205726208,ok
real_world_test100_seed20260906,am,30,RW_N30_K3_M16_I29.xlsx,29,1234,20260825,sample-1280,5465.500000000001,7305.0,3626.0000000000014,8130.0,0.18502593506127596,9.094947017729282e-13,205726208,ok
real_world_test100_seed20260906,am,30,RW_N30_K3_M16_I30.xlsx,30,1234,20260825,sample-1280,4961.75,6864.166666666667,3059.333333333333,7675.0,0.1853082220768556,0.0,205726208,ok
real_world_test100_seed20260906,am,30,RW_N30_K3_M16_I31.xlsx,31,1234,20260825,sample-1280,5093.5,7360.000000000001,2826.9999999999995,8165.0,0.1852373619331047,0.0,205726208,ok
real_world_test100_seed20260906,am,30,RW_N30_K3_M16_I32.xlsx,32,1234,20260825,sample-1280,4658.583333333333,6979.166666666666,2338.0,7800.0,0.18549755995627493,9.094947017729282e-13,205726208,ok
real_world_test100_seed20260906,am,30,RW_N30_K3_M16_I33.xlsx,33,1234,20260825,sample-1280,5001.500000000001,6870.833333333333,3132.1666666666692,7660.0,0.1856967769563198,9.094947017729282e-13,205726208,ok
real_world_test100_seed20260906,am,30,RW_N30_K3_M16_I34.xlsx,34,1234,20260825,sample-1280,4463.083333333334,6846.666666666669,2079.5,7545.0,0.185006145038642,0.0,205726208,ok
real_world_test100_seed20260906,am,30,RW_N30_K3_M16_I35.xlsx,35,1234,20260825,sample-1280,5815.833333333334,7380.833333333333,4250.833333333335,8235.0,0.18495330505538732,0.0,205726208,ok
real_world_test100_seed20260906,am,30,RW_N30_K3_M16_I36.xlsx,36,1234,20260825,sample-1280,4991.000000000001,7025.833333333334,2956.1666666666683,7810.0,0.1850395550718531,0.0,205726208,ok
real_world_test100_seed20260906,am,30,RW_N30_K3_M16_I37.xlsx,37,1234,20260825,sample-1280,5672.833333333335,7590.833333333335,3754.8333333333344,8460.0,0.18513857305515558,9.094947017729282e-13,205726208,ok
real_world_test100_seed20260906,am,30,RW_N30_K3_M16_I38.xlsx,38,1234,20260825,sample-1280,5067.166666666667,7008.333333333333,3126.000000000001,7820.0,0.18495256395544857,9.094947017729282e-13,205726208,ok
real_world_test100_seed20260906,am,30,RW_N30_K3_M16_I39.xlsx,39,1234,20260825,sample-1280,5386.250000000002,7146.666666666668,3625.833333333335,7930.0,0.18489432497881353,0.0,205726208,ok
real_world_test100_seed20260906,am,30,RW_N30_K3_M16_I40.xlsx,40,1234,20260825,sample-1280,3728.25,6432.5,1024.0000000000005,7140.0,0.18508330406621099,9.094947017729282e-13,205726208,ok
real_world_test100_seed20260906,am,30,RW_N30_K3_M16_I41.xlsx,41,1234,20260825,sample-1280,4995.083333333335,6934.166666666668,3056.0000000000014,7715.0,0.185141792986542,9.094947017729282e-13,205726208,ok
real_world_test100_seed20260906,am,30,RW_N30_K3_M16_I42.xlsx,42,1234,20260825,sample-1280,4707.25,7235.0,2179.4999999999995,8045.0,0.1852356920717284,0.0,205726208,ok
real_world_test100_seed20260906,am,30,RW_N30_K3_M16_I43.xlsx,43,1234,20260825,sample-1280,4950.750000000001,7015.0,2886.500000000002,7825.0,0.1854198999935761,0.0,205726208,ok
real_world_test100_seed20260906,am,30,RW_N30_K3_M16_I44.xlsx,44,1234,20260825,sample-1280,4931.833333333333,7185.833333333333,2677.833333333333,7980.0,0.1853527509374544,9.094947017729282e-13,205726208,ok
real_world_test100_seed20260906,am,30,RW_N30_K3_M16_I45.xlsx,45,1234,20260825,sample-1280,4941.416666666666,7194.166666666665,2688.6666666666674,8010.0,0.185328001040034,0.0,205726208,ok
real_world_test100_seed20260906,am,30,RW_N30_K3_M16_I46.xlsx,46,1234,20260825,sample-1280,4594.666666666667,7059.166666666666,2130.166666666668,7810.0,0.18496396497357637,0.0,205726208,ok
real_world_test100_seed20260906,am,30,RW_N30_K3_M16_I47.xlsx,47,1234,20260825,sample-1280,4721.833333333334,6902.499999999999,2541.1666666666683,7680.0,0.18537091102916747,0.0,205726208,ok
real_world_test100_seed20260906,am,30,RW_N30_K3_M16_I48.xlsx,48,1234,20260825,sample-1280,4592.916666666666,7060.833333333332,2125.0,7860.0,0.1919366279616952,0.0,205726208,ok
real_world_test100_seed20260906,am,30,RW_N30_K3_M16_I49.xlsx,49,1234,20260825,sample-1280,4817.166666666667,7155.833333333333,2478.500000000001,7975.0,0.1854970989516005,0.0,205726208,ok
real_world_test100_seed20260906,am,30,RW_N30_K3_M16_I50.xlsx,50,1234,20260825,sample-1280,5581.333333333334,7101.666666666666,4061.0000000000014,7870.0,0.18604405398946255,9.094947017729282e-13,205726208,ok
real_world_test100_seed20260906,am,30,RW_N30_K3_M16_I51.xlsx,51,1234,20260825,sample-1280,4024.916666666667,6530.833333333333,1519.000000000001,7245.0,0.18558490893337876,0.0,205726208,ok
real_world_test100_seed20260906,am,30,RW_N30_K3_M16_I52.xlsx,52,1234,20260825,sample-1280,4650.333333333333,7121.666666666666,2178.9999999999995,7910.0,0.1863005409250036,0.0,205726208,ok
real_world_test100_seed20260906,am,30,RW_N30_K3_M16_I53.xlsx,53,1234,20260825,sample-1280,5071.833333333334,7370.833333333334,2772.833333333334,8180.0,0.18606829410418868,0.0,205726208,ok
real_world_test100_seed20260906,am,30,RW_N30_K3_M16_I54.xlsx,54,1234,20260825,sample-1280,4571.416666666667,6938.333333333334,2204.5,7735.0,0.1854631289606914,0.0,205726208,ok
real_world_test100_seed20260906,am,30,RW_N30_K3_M16_I55.xlsx,55,1234,20260825,sample-1280,4711.916666666667,7162.5,2261.333333333334,7990.0,0.1857504459330812,0.0,205726208,ok
real_world_test100_seed20260906,am,30,RW_N30_K3_M16_I56.xlsx,56,1234,20260825,sample-1280,4529.416666666668,7016.666666666668,2042.1666666666677,7820.0,0.1857088670367375,0.0,205726208,ok
real_world_test100_seed20260906,am,30,RW_N30_K3_M16_I57.xlsx,57,1234,20260825,sample-1280,4763.166666666668,6900.000000000002,2626.3333333333344,7690.0,0.18575117690488696,0.0,205726208,ok
real_world_test100_seed20260906,am,30,RW_N30_K3_M16_I58.xlsx,58,1234,20260825,sample-1280,4649.166666666668,6900.833333333334,2397.500000000001,7700.0,0.18511608301196247,0.0,205726208,ok
real_world_test100_seed20260906,am,30,RW_N30_K3_M16_I59.xlsx,59,1234,20260825,sample-1280,4708.75,7093.333333333332,2324.166666666668,7885.0,0.1856705070240423,0.0,205726208,ok
real_world_test100_seed20260906,am,30,RW_N30_K3_M16_I60.xlsx,60,1234,20260825,sample-1280,4608.916666666668,6885.000000000001,2332.833333333334,7670.0,0.1854574589524418,0.0,205726208,ok
real_world_test100_seed20260906,am,30,RW_N30_K3_M16_I61.xlsx,61,1234,20260825,sample-1280,4669.666666666666,7032.499999999999,2306.833333333333,7825.0,0.18540143896825612,0.0,205726208,ok
real_world_test100_seed20260906,am,30,RW_N30_K3_M16_I62.xlsx,62,1234,20260825,sample-1280,4713.333333333334,7018.333333333334,2408.333333333333,7815.0,0.18550332798622549,0.0,205726208,ok
real_world_test100_seed20260906,am,30,RW_N30_K3_M16_I63.xlsx,63,1234,20260825,sample-1280,4745.750000000001,7262.500000000001,2229.0000000000005,8080.0,0.1856945869512856,0.0,205726208,ok
real_world_test100_seed20260906,am,30,RW_N30_K3_M16_I64.xlsx,64,1234,20260825,sample-1280,6028.333333333332,7560.833333333333,4495.833333333332,8450.0,0.18544195999857038,9.094947017729282e-13,205726208,ok
real_world_test100_seed20260906,am,30,RW_N30_K3_M16_I65.xlsx,65,1234,20260825,sample-1280,5100.5,7258.333333333334,2942.666666666665,8095.0,0.18543782993219793,9.094947017729282e-13,205726208,ok
real_world_test100_seed20260906,am,30,RW_N30_K3_M16_I66.xlsx,66,1234,20260825,sample-1280,4992.500000000001,7203.333333333334,2781.6666666666683,8065.0,0.18552194896619767,0.0,205726208,ok
real_world_test100_seed20260906,am,30,RW_N30_K3_M16_I67.xlsx,67,1234,20260825,sample-1280,4458.666666666666,6906.666666666666,2010.6666666666665,7705.0,0.18574261607136577,0.0,205726208,ok
real_world_test100_seed20260906,am,30,RW_N30_K3_M16_I68.xlsx,68,1234,20260825,sample-1280,4913.416666666667,7019.166666666667,2807.666666666667,7810.0,0.18558103707619011,0.0,205726208,ok
real_world_test100_seed20260906,am,30,RW_N30_K3_M16_I69.xlsx,69,1234,20260825,sample-1280,5134.916666666668,7378.333333333333,2891.5000000000023,8170.0,0.1853949900250882,0.0,205726208,ok
real_world_test100_seed20260906,am,30,RW_N30_K3_M16_I70.xlsx,70,1234,20260825,sample-1280,4912.999999999999,7124.999999999998,2701.0,7975.0,0.18572347704321146,9.094947017729282e-13,205726208,ok
real_world_test100_seed20260906,am,30,RW_N30_K3_M16_I71.xlsx,71,1234,20260825,sample-1280,4332.000000000001,6739.166666666667,1924.8333333333346,7530.0,0.185405429918319,0.0,205726208,ok
real_world_test100_seed20260906,am,30,RW_N30_K3_M16_I72.xlsx,72,1234,20260825,sample-1280,4706.833333333334,6974.166666666666,2439.500000000001,7765.0,0.18552217807155102,9.094947017729282e-13,205726208,ok
real_world_test100_seed20260906,am,30,RW_N30_K3_M16_I73.xlsx,73,1234,20260825,sample-1280,4565.833333333334,6917.500000000001,2214.166666666666,7675.0,0.18604757299181074,0.0,205726208,ok
real_world_test100_seed20260906,am,30,RW_N30_K3_M16_I74.xlsx,74,1234,20260825,sample-1280,4196.833333333334,6937.5,1456.1666666666677,7710.0,0.18560398695990443,0.0,205726208,ok
real_world_test100_seed20260906,am,30,RW_N30_K3_M16_I75.xlsx,75,1234,20260825,sample-1280,5424.750000000002,7262.5,3587.0000000000027,8120.0,0.18604893295560032,9.094947017729282e-13,205726208,ok
real_world_test100_seed20260906,am,30,RW_N30_K3_M16_I76.xlsx,76,1234,20260825,sample-1280,5020.833333333334,7070.000000000001,2971.666666666666,7885.0,0.18591028405353427,0.0,205726208,ok
real_world_test100_seed20260906,am,30,RW_N30_K3_M16_I77.xlsx,77,1234,20260825,sample-1280,4540.416666666667,7047.5,2033.3333333333333,7825.0,0.18605311308056116,0.0,205726208,ok
real_world_test100_seed20260906,am,30,RW_N30_K3_M16_I78.xlsx,78,1234,20260825,sample-1280,4765.416666666669,6987.500000000001,2543.3333333333367,7755.0,0.18536891997791827,0.0,205726208,ok
real_world_test100_seed20260906,am,30,RW_N30_K3_M16_I79.xlsx,79,1234,20260825,sample-1280,5152.500000000001,7395.833333333335,2909.166666666667,8240.0,0.1850175429135561,0.0,205726208,ok
real_world_test100_seed20260906,am,30,RW_N30_K3_M16_I80.xlsx,80,1234,20260825,sample-1280,4955.833333333334,7190.833333333333,2720.833333333335,8000.0,0.18506242299918085,0.0,205726208,ok
real_world_test100_seed20260906,am,30,RW_N30_K3_M16_I81.xlsx,81,1234,20260825,sample-1280,5473.666666666668,7326.666666666669,3620.666666666666,8125.0,0.18496683391276747,0.0,205726208,ok
real_world_test100_seed20260906,am,30,RW_N30_K3_M16_I82.xlsx,82,1234,20260825,sample-1280,4760.0,6987.5,2532.500000000001,7790.0,0.18514561105985194,0.0,205726208,ok
real_world_test100_seed20260906,am,30,RW_N30_K3_M16_I83.xlsx,83,1234,20260825,sample-1280,5216.166666666666,6902.5,3529.833333333333,7715.0,0.18515534198377281,0.0,205726208,ok
real_world_test100_seed20260906,am,30,RW_N30_K3_M16_I84.xlsx,84,1234,20260825,sample-1280,4707.000000000001,7130.000000000001,2284.000000000001,7960.0,0.18530216009821743,0.0,205726208,ok
real_world_test100_seed20260906,am,30,RW_N30_K3_M16_I85.xlsx,85,1234,20260825,sample-1280,4767.583333333333,7024.166666666666,2511.0,7820.0,0.18521042098291218,0.0,205726208,ok
real_world_test100_seed20260906,am,30,RW_N30_K3_M16_I86.xlsx,86,1234,20260825,sample-1280,4838.333333333334,7141.666666666668,2534.999999999999,7925.0,0.18496940401382744,0.0,205726208,ok
real_world_test100_seed20260906,am,30,RW_N30_K3_M16_I87.xlsx,87,1234,20260825,sample-1280,4965.166666666667,7108.333333333334,2822.0,7910.0,0.18510695197619498,9.094947017729282e-13,205726208,ok
real_world_test100_seed20260906,am,30,RW_N30_K3_M16_I88.xlsx,88,1234,20260825,sample-1280,5017.500000000002,7340.833333333334,2694.1666666666697,8170.0,0.19207523402292281,0.0,205726208,ok
real_world_test100_seed20260906,am,30,RW_N30_K3_M16_I89.xlsx,89,1234,20260825,sample-1280,4799.833333333334,6931.666666666669,2667.9999999999995,7670.0,0.18569238600321114,0.0,205726208,ok
real_world_test100_seed20260906,am,30,RW_N30_K3_M16_I90.xlsx,90,1234,20260825,sample-1280,5507.083333333333,7669.166666666666,3344.9999999999995,8495.0,0.18516674102284014,0.0,205726208,ok
real_world_test100_seed20260906,am,30,RW_N30_K3_M16_I91.xlsx,91,1234,20260825,sample-1280,4654.583333333334,6829.166666666668,2480.000000000001,7610.0,0.18484775396063924,9.094947017729282e-13,205726208,ok
real_world_test100_seed20260906,am,30,RW_N30_K3_M16_I92.xlsx,92,1234,20260825,sample-1280,3898.416666666667,6539.166666666667,1257.6666666666665,7250.0,0.18517065106425434,0.0,205726208,ok
real_world_test100_seed20260906,am,30,RW_N30_K3_M16_I93.xlsx,93,1234,20260825,sample-1280,4495.750000000001,7015.000000000002,1976.5000000000002,7775.0,0.1851299210684374,0.0,205726208,ok
real_world_test100_seed20260906,am,30,RW_N30_K3_M16_I94.xlsx,94,1234,20260825,sample-1280,4302.5,6470.833333333333,2134.166666666667,7180.0,0.1850280819926411,0.0,205726208,ok
real_world_test100_seed20260906,am,30,RW_N30_K3_M16_I95.xlsx,95,1234,20260825,sample-1280,4972.083333333334,7172.499999999999,2771.666666666668,7955.0,0.18509277189150453,0.0,205726208,ok
real_world_test100_seed20260906,am,30,RW_N30_K3_M16_I96.xlsx,96,1234,20260825,sample-1280,6293.583333333335,7697.500000000001,4889.666666666669,8590.0,0.18489810300525278,9.094947017729282e-13,205726208,ok
real_world_test100_seed20260906,am,30,RW_N30_K3_M16_I97.xlsx,97,1234,20260825,sample-1280,4233.666666666668,7101.666666666667,1365.6666666666683,7890.0,0.18531597894616425,0.0,205726208,ok
real_world_test100_seed20260906,am,30,RW_N30_K3_M16_I98.xlsx,98,1234,20260825,sample-1280,4230.5,6805.000000000001,1655.9999999999995,7545.0,0.18505777197424322,0.0,205726208,ok
real_world_test100_seed20260906,am,30,RW_N30_K3_M16_I99.xlsx,99,1234,20260825,sample-1280,4711.166666666668,6856.666666666669,2565.666666666667,7660.0,0.18524906993843615,0.0,205726208,ok
real_world_test100_seed20260906,am,30,RW_N30_K3_M16_I100.xlsx,100,1234,20260825,sample-1280,4748.083333333334,6977.500000000001,2518.666666666668,7765.0,0.1849371229764074,0.0,205726208,ok
real_world_test100_seed20260906,am,40,RW_N40_K3_M16_I1.xlsx,1,1234,20260825,sample-1280,6519.000000000001,9263.333333333336,3774.666666666666,10350.0,0.24205096194054931,9.094947017729282e-13,265571840,ok
real_world_test100_seed20260906,am,40,RW_N40_K3_M16_I2.xlsx,2,1234,20260825,sample-1280,5753.916666666668,8855.000000000002,2652.8333333333344,9875.0,0.24445687897969037,9.094947017729282e-13,265571840,ok
real_world_test100_seed20260906,am,40,RW_N40_K3_M16_I3.xlsx,3,1234,20260825,sample-1280,6008.833333333336,9125.000000000002,2892.666666666669,10180.0,0.24237034900579602,9.094947017729282e-13,265571840,ok
real_world_test100_seed20260906,am,40,RW_N40_K3_M16_I4.xlsx,4,1234,20260825,sample-1280,7355.16666666667,9615.833333333336,5094.500000000004,10725.0,0.2420392920030281,0.0,265571840,ok
real_world_test100_seed20260906,am,40,RW_N40_K3_M16_I5.xlsx,5,1234,20260825,sample-1280,6377.833333333334,9315.000000000002,3440.666666666666,10370.0,0.2420960220042616,0.0,265571840,ok
real_world_test100_seed20260906,am,40,RW_N40_K3_M16_I6.xlsx,6,1234,20260825,sample-1280,7522.0,9640.833333333334,5403.166666666666,10740.0,0.25527123489882797,0.0,265571840,ok
real_world_test100_seed20260906,am,40,RW_N40_K3_M16_I7.xlsx,7,1234,20260825,sample-1280,6733.750000000002,9424.166666666672,4043.333333333331,10490.0,0.2422007299028337,0.0,265571840,ok
real_world_test100_seed20260906,am,40,RW_N40_K3_M16_I8.xlsx,8,1234,20260825,sample-1280,6647.583333333332,9329.999999999998,3965.166666666666,10395.0,0.24220257007982582,0.0,265571840,ok
real_world_test100_seed20260906,am,40,RW_N40_K3_M16_I9.xlsx,9,1234,20260825,sample-1280,6068.999999999998,8813.333333333334,3324.6666666666633,9830.0,0.24218288098927587,9.094947017729282e-13,265571840,ok
real_world_test100_seed20260906,am,40,RW_N40_K3_M16_I10.xlsx,10,1234,20260825,sample-1280,7134.833333333334,9785.000000000002,4484.666666666666,10940.0,0.24215598101727664,0.0,265571840,ok
real_world_test100_seed20260906,am,40,RW_N40_K3_M16_I11.xlsx,11,1234,20260825,sample-1280,5783.916666666666,9004.166666666666,2563.666666666666,9980.0,0.24248947703745216,0.0,265571840,ok
real_world_test100_seed20260906,am,40,RW_N40_K3_M16_I12.xlsx,12,1234,20260825,sample-1280,5197.833333333332,8562.499999999998,1833.1666666666652,9510.0,0.2433165799593553,0.0,265571840,ok
real_world_test100_seed20260906,am,40,RW_N40_K3_M16_I13.xlsx,13,1234,20260825,sample-1280,5751.333333333335,8880.833333333336,2621.833333333334,9895.0,0.24340435897465795,9.094947017729282e-13,265571840,ok
real_world_test100_seed20260906,am,40,RW_N40_K3_M16_I14.xlsx,14,1234,20260825,sample-1280,6816.916666666666,9292.499999999998,4341.333333333333,10390.0,0.2487849669996649,1.8189894035458565e-12,265571840,ok
real_world_test100_seed20260906,am,40,RW_N40_K3_M16_I15.xlsx,15,1234,20260825,sample-1280,7066.666666666666,9369.999999999998,4763.333333333334,10450.0,0.24363802699372172,0.0,265571840,ok
real_world_test100_seed20260906,am,40,RW_N40_K3_M16_I16.xlsx,16,1234,20260825,sample-1280,5450.833333333333,8860.0,2041.6666666666656,9860.0,0.2434624379966408,0.0,265571840,ok
real_world_test100_seed20260906,am,40,RW_N40_K3_M16_I17.xlsx,17,1234,20260825,sample-1280,7138.250000000001,9440.0,4836.500000000002,10500.0,0.2422909690067172,9.094947017729282e-13,265571840,ok
real_world_test100_seed20260906,am,40,RW_N40_K3_M16_I18.xlsx,18,1234,20260825,sample-1280,6378.999999999998,8818.333333333332,3939.666666666664,9810.0,0.24227506993338466,0.0,265571840,ok
real_world_test100_seed20260906,am,40,RW_N40_K3_M16_I19.xlsx,19,1234,20260825,sample-1280,7304.583333333332,9425.0,5184.166666666665,10505.0,0.24270115501713008,0.0,265571840,ok
real_world_test100_seed20260906,am,40,RW_N40_K3_M16_I20.xlsx,20,1234,20260825,sample-1280,6860.833333333332,9238.333333333332,4483.333333333332,10265.0,0.24268959602341056,0.0,265571840,ok
real_world_test100_seed20260906,am,40,RW_N40_K3_M16_I21.xlsx,21,1234,20260825,sample-1280,6764.5,9616.666666666664,3912.333333333335,10705.0,0.2424289770424366,0.0,265571840,ok
real_world_test100_seed20260906,am,40,RW_N40_K3_M16_I22.xlsx,22,1234,20260825,sample-1280,6869.250000000001,9491.666666666668,4246.833333333334,10545.0,0.24233285803347826,0.0,265571840,ok
real_world_test100_seed20260906,am,40,RW_N40_K3_M16_I23.xlsx,23,1234,20260825,sample-1280,5495.333333333334,8910.0,2080.666666666667,9925.0,0.2423523780889809,0.0,265571840,ok
real_world_test100_seed20260906,am,40,RW_N40_K3_M16_I24.xlsx,24,1234,20260825,sample-1280,7610.749999999999,9631.666666666666,5589.833333333332,10725.0,0.242756413994357,9.094947017729282e-13,265571840,ok
real_world_test100_seed20260906,am,40,RW_N40_K3_M16_I25.xlsx,25,1234,20260825,sample-1280,7832.250000000002,9300.833333333338,6363.666666666666,10440.0,0.25230294198263437,0.0,265571840,ok
real_world_test100_seed20260906,am,40,RW_N40_K3_M16_I26.xlsx,26,1234,20260825,sample-1280,7408.916666666668,9551.666666666668,5266.166666666668,10685.0,0.24226568907033652,0.0,265571840,ok
real_world_test100_seed20260906,am,40,RW_N40_K3_M16_I27.xlsx,27,1234,20260825,sample-1280,5951.583333333334,8824.166666666666,3079.000000000002,9835.0,0.2424461670452729,0.0,265571840,ok
real_world_test100_seed20260906,am,40,RW_N40_K3_M16_I28.xlsx,28,1234,20260825,sample-1280,6699.333333333333,8902.499999999998,4496.166666666668,9930.0,0.2420302419923246,0.0,265571840,ok
real_world_test100_seed20260906,am,40,RW_N40_K3_M16_I29.xlsx,29,1234,20260825,sample-1280,6486.166666666665,9438.333333333332,3533.9999999999986,10475.0,0.24326453893445432,0.0,265571840,ok
real_world_test100_seed20260906,am,40,RW_N40_K3_M16_I30.xlsx,30,1234,20260825,sample-1280,7177.749999999998,9608.333333333332,4747.166666666665,10745.0,0.24238042801152915,0.0,265571840,ok
real_world_test100_seed20260906,am,40,RW_N40_K3_M16_I31.xlsx,31,1234,20260825,sample-1280,6847.583333333336,9369.166666666668,4326.000000000003,10415.0,0.2428034140029922,9.094947017729282e-13,265571840,ok
real_world_test100_seed20260906,am,40,RW_N40_K3_M16_I32.xlsx,32,1234,20260825,sample-1280,7144.416666666667,9744.166666666666,4544.666666666668,10790.0,0.24920004094019532,0.0,265571840,ok
real_world_test100_seed20260906,am,40,RW_N40_K3_M16_I33.xlsx,33,1234,20260825,sample-1280,7121.750000000001,9780.000000000002,4463.5,10875.0,0.24256193602923304,0.0,265571840,ok
real_world_test100_seed20260906,am,40,RW_N40_K3_M16_I34.xlsx,34,1234,20260825,sample-1280,6145.666666666668,8854.999999999998,3436.3333333333367,9875.0,0.24269997503142804,1.8189894035458565e-12,265571840,ok
real_world_test100_seed20260906,am,40,RW_N40_K3_M16_I35.xlsx,35,1234,20260825,sample-1280,6377.083333333334,9420.000000000002,3334.166666666666,10425.0,0.24257337604649365,9.094947017729282e-13,265571840,ok
real_world_test100_seed20260906,am,40,RW_N40_K3_M16_I36.xlsx,36,1234,20260825,sample-1280,6530.0,9590.833333333332,3469.1666666666674,10635.0,0.25492743705399334,0.0,265571840,ok
real_world_test100_seed20260906,am,40,RW_N40_K3_M16_I37.xlsx,37,1234,20260825,sample-1280,5834.333333333333,8588.333333333332,3080.3333333333344,9585.0,0.24244514608290046,9.094947017729282e-13,265571840,ok
real_world_test100_seed20260906,am,40,RW_N40_K3_M16_I38.xlsx,38,1234,20260825,sample-1280,6953.666666666667,9521.666666666666,4385.666666666668,10575.0,0.2429749919101596,9.094947017729282e-13,265571840,ok
real_world_test100_seed20260906,am,40,RW_N40_K3_M16_I39.xlsx,39,1234,20260825,sample-1280,5692.5,8847.5,2537.4999999999995,9820.0,0.24277528305538,9.094947017729282e-13,265571840,ok
real_world_test100_seed20260906,am,40,RW_N40_K3_M16_I40.xlsx,40,1234,20260825,sample-1280,6114.583333333334,9120.000000000002,3109.166666666667,10140.0,0.2430758000118658,0.0,265571840,ok
real_world_test100_seed20260906,am,40,RW_N40_K3_M16_I41.xlsx,41,1234,20260825,sample-1280,6593.666666666667,9092.5,4094.833333333334,10150.0,0.2478732850868255,9.094947017729282e-13,265571840,ok
real_world_test100_seed20260906,am,40,RW_N40_K3_M16_I42.xlsx,42,1234,20260825,sample-1280,7202.083333333334,9907.5,4496.666666666669,11025.0,0.24187859205994755,0.0,265571840,ok
real_world_test100_seed20260906,am,40,RW_N40_K3_M16_I43.xlsx,43,1234,20260825,sample-1280,6534.333333333334,8994.166666666668,4074.499999999999,9995.0,0.24249947594944388,0.0,265571840,ok
real_world_test100_seed20260906,am,40,RW_N40_K3_M16_I44.xlsx,44,1234,20260825,sample-1280,6099.749999999998,8974.999999999996,3224.5000000000005,9965.0,0.24645602807868272,1.8189894035458565e-12,265571840,ok
real_world_test100_seed20260906,am,40,RW_N40_K3_M16_I45.xlsx,45,1234,20260825,sample-1280,5845.083333333333,8762.500000000002,2927.6666666666642,9730.0,0.24221547902561724,9.094947017729282e-13,265571840,ok
real_world_test100_seed20260906,am,40,RW_N40_K3_M16_I46.xlsx,46,1234,20260825,sample-1280,7384.583333333333,9552.499999999998,5216.666666666668,10655.0,0.24176005308981985,9.094947017729282e-13,265571840,ok
real_world_test100_seed20260906,am,40,RW_N40_K3_M16_I47.xlsx,47,1234,20260825,sample-1280,6757.0,9014.166666666666,4499.833333333334,10020.0,0.24193095101509243,9.094947017729282e-13,265571840,ok
real_world_test100_seed20260906,am,40,RW_N40_K3_M16_I48.xlsx,48,1234,20260825,sample-1280,6426.166666666667,9243.333333333332,3609.000000000002,10330.0,0.24234162701759487,0.0,265571840,ok
real_world_test100_seed20260906,am,40,RW_N40_K3_M16_I49.xlsx,49,1234,20260825,sample-1280,7471.25,9656.666666666668,5285.833333333331,10780.0,0.24319665902294219,0.0,265571840,ok
real_world_test100_seed20260906,am,40,RW_N40_K3_M16_I50.xlsx,50,1234,20260825,sample-1280,6494.416666666667,9299.166666666666,3689.6666666666683,10305.0,0.24363294406794012,0.0,265571840,ok
real_world_test100_seed20260906,am,40,RW_N40_K3_M16_I51.xlsx,51,1234,20260825,sample-1280,5994.75,9167.499999999998,2822.0000000000014,10220.0,0.24242907599546015,0.0,265571840,ok
real_world_test100_seed20260906,am,40,RW_N40_K3_M16_I52.xlsx,52,1234,20260825,sample-1280,6044.166666666668,9405.833333333334,2682.500000000002,10505.0,0.24493282195180655,0.0,265571840,ok
real_world_test100_seed20260906,am,40,RW_N40_K3_M16_I53.xlsx,53,1234,20260825,sample-1280,7259.833333333334,9505.833333333336,5013.833333333333,10630.0,0.2420969089725986,0.0,265571840,ok
real_world_test100_seed20260906,am,40,RW_N40_K3_M16_I54.xlsx,54,1234,20260825,sample-1280,6651.333333333332,9107.499999999998,4195.166666666666,10175.0,0.24213290796615183,0.0,265571840,ok
real_world_test100_seed20260906,am,40,RW_N40_K3_M16_I55.xlsx,55,1234,20260825,sample-1280,6194.333333333331,9360.83333333333,3027.8333333333317,10460.0,0.2487603360787034,0.0,265571840,ok
real_world_test100_seed20260906,am,40,RW_N40_K3_M16_I56.xlsx,56,1234,20260825,sample-1280,6470.333333333334,9250.000000000002,3690.666666666666,10290.0,0.24470424407627434,9.094947017729282e-13,265571840,ok
real_world_test100_seed20260906,am,40,RW_N40_K3_M16_I57.xlsx,57,1234,20260825,sample-1280,7793.249999999998,9406.666666666668,6179.8333333333285,10510.0,0.24850390804931521,0.0,265571840,ok
real_world_test100_seed20260906,am,40,RW_N40_K3_M16_I58.xlsx,58,1234,20260825,sample-1280,7741.083333333335,9651.666666666668,5830.500000000002,10765.0,0.2418489120900631,0.0,265571840,ok
real_world_test100_seed20260906,am,40,RW_N40_K3_M16_I59.xlsx,59,1234,20260825,sample-1280,6571.833333333334,9440.0,3703.666666666667,10490.0,0.2562156830681488,0.0,265571840,ok
real_world_test100_seed20260906,am,40,RW_N40_K3_M16_I60.xlsx,60,1234,20260825,sample-1280,6609.833333333333,9312.5,3907.1666666666656,10370.0,0.2501729109790176,9.094947017729282e-13,265571840,ok
real_world_test100_seed20260906,am,40,RW_N40_K3_M16_I61.xlsx,61,1234,20260825,sample-1280,7756.25,9722.5,5790.0,10840.0,0.2534906290238723,1.8189894035458565e-12,265571840,ok
real_world_test100_seed20260906,am,40,RW_N40_K3_M16_I62.xlsx,62,1234,20260825,sample-1280,5416.999999999998,8506.666666666664,2327.333333333332,9505.0,0.2535769890528172,0.0,265571840,ok
real_world_test100_seed20260906,am,40,RW_N40_K3_M16_I63.xlsx,63,1234,20260825,sample-1280,7848.583333333336,9500.000000000004,6197.166666666668,10630.0,0.2455732049420476,1.8189894035458565e-12,265571840,ok
real_world_test100_seed20260906,am,40,RW_N40_K3_M16_I64.xlsx,64,1234,20260825,sample-1280,6674.416666666668,9653.333333333336,3695.499999999999,10760.0,0.24412471905816346,9.094947017729282e-13,265571840,ok
real_world_test100_seed20260906,am,40,RW_N40_K3_M16_I65.xlsx,65,1234,20260825,sample-1280,7090.25,9626.666666666668,4553.833333333331,10765.0,0.24270835192874074,0.0,265571840,ok
real_world_test100_seed20260906,am,40,RW_N40_K3_M16_I66.xlsx,66,1234,20260825,sample-1280,6358.500000000001,9018.333333333334,3698.6666666666674,10050.0,0.24240316497161984,0.0,265571840,ok
real_world_test100_seed20260906,am,40,RW_N40_K3_M16_I67.xlsx,67,1234,20260825,sample-1280,7895.916666666667,9952.499999999998,5839.333333333336,11140.0,0.242487434996292,0.0,265571840,ok
real_world_test100_seed20260906,am,40,RW_N40_K3_M16_I68.xlsx,68,1234,20260825,sample-1280,5819.75,8948.333333333334,2691.166666666667,9955.0,0.2452261180151254,1.8189894035458565e-12,265571840,ok
real_world_test100_seed20260906,am,40,RW_N40_K3_M16_I69.xlsx,69,1234,20260825,sample-1280,6605.083333333334,9203.333333333336,4006.833333333333,10290.0,0.24249121500179172,0.0,265571840,ok
real_world_test100_seed20260906,am,40,RW_N40_K3_M16_I70.xlsx,70,1234,20260825,sample-1280,6814.083333333332,9522.499999999998,4105.666666666665,10580.0,0.2533398000523448,0.0,265571840,ok
real_world_test100_seed20260906,am,40,RW_N40_K3_M16_I71.xlsx,71,1234,20260825,sample-1280,7021.666666666667,9418.333333333332,4625.000000000002,10520.0,0.24569179397076368,9.094947017729282e-13,265571840,ok
real_world_test100_seed20260906,am,40,RW_N40_K3_M16_I72.xlsx,72,1234,20260825,sample-1280,6093.833333333332,9039.166666666666,3148.499999999998,10080.0,0.24953356594778597,1.8189894035458565e-12,265571840,ok
real_world_test100_seed20260906,am,40,RW_N40_K3_M16_I73.xlsx,73,1234,20260825,sample-1280,6637.166666666667,8976.666666666666,4297.666666666668,10020.0,0.2438628120580688,0.0,265571840,ok
real_world_test100_seed20260906,am,40,RW_N40_K3_M16_I74.xlsx,74,1234,20260825,sample-1280,7280.833333333334,9484.166666666668,5077.5,10565.0,0.2488031629472971,0.0,265571840,ok
real_world_test100_seed20260906,am,40,RW_N40_K3_M16_I75.xlsx,75,1234,20260825,sample-1280,6864.250000000001,9366.666666666668,4361.833333333334,10400.0,0.242895141011104,0.0,265571840,ok
real_world_test100_seed20260906,am,40,RW_N40_K3_M16_I76.xlsx,76,1234,20260825,sample-1280,6925.166666666666,9554.166666666664,4296.166666666668,10710.0,0.242644052952528,9.094947017729282e-13,265571840,ok
real_world_test100_seed20260906,am,40,RW_N40_K3_M16_I77.xlsx,77,1234,20260825,sample-1280,5913.75,8781.666666666666,3045.833333333333,9745.0,0.24178645107895136,0.0,265571840,ok
real_world_test100_seed20260906,am,40,RW_N40_K3_M16_I78.xlsx,78,1234,20260825,sample-1280,7094.666666666667,9661.666666666666,4527.666666666668,10745.0,0.2425078139640391,9.094947017729282e-13,265571840,ok
real_world_test100_seed20260906,am,40,RW_N40_K3_M16_I79.xlsx,79,1234,20260825,sample-1280,8192.666666666668,10008.333333333336,6376.999999999998,11170.0,0.24265351193025708,1.8189894035458565e-12,265571840,ok
real_world_test100_seed20260906,am,40,RW_N40_K3_M16_I80.xlsx,80,1234,20260825,sample-1280,6918.750000000002,9234.166666666666,4603.333333333337,10260.0,0.24242247501388192,0.0,265571840,ok
real_world_test100_seed20260906,am,40,RW_N40_K3_M16_I81.xlsx,81,1234,20260825,sample-1280,7856.416666666668,10329.16666666667,5383.666666666667,11530.0,0.24247354397084564,0.0,265571840,ok
real_world_test100_seed20260906,am,40,RW_N40_K3_M16_I82.xlsx,82,1234,20260825,sample-1280,6584.666666666668,9250.833333333334,3918.5000000000023,10315.0,0.24816696997731924,0.0,265571840,ok
real_world_test100_seed20260906,am,40,RW_N40_K3_M16_I83.xlsx,83,1234,20260825,sample-1280,6677.25,9722.499999999998,3632.0000000000027,10800.0,0.24969935393892229,9.094947017729282e-13,265571840,ok
real_world_test100_seed20260906,am,40,RW_N40_K3_M16_I84.xlsx,84,1234,20260825,sample-1280,7217.66666666667,9442.500000000002,4992.8333333333385,10515.0,0.2538150349864736,0.0,265571840,ok
real_world_test100_seed20260906,am,40,RW_N40_K3_M16_I85.xlsx,85,1234,20260825,sample-1280,5890.249999999998,8860.833333333332,2919.666666666665,9895.0,0.25635981000959873,9.094947017729282e-13,265571840,ok
real_world_test100_seed20260906,am,40,RW_N40_K3_M16_I86.xlsx,86,1234,20260825,sample-1280,6343.91666666667,9371.66666666667,3316.166666666669,10455.0,0.24310903693549335,9.094947017729282e-13,265571840,ok
real_world_test100_seed20260906,am,40,RW_N40_K3_M16_I87.xlsx,87,1234,20260825,sample-1280,7380.416666666666,9612.5,5148.333333333332,10695.0,0.2424401140306145,9.094947017729282e-13,265571840,ok
real_world_test100_seed20260906,am,40,RW_N40_K3_M16_I88.xlsx,88,1234,20260825,sample-1280,6808.833333333332,9514.166666666664,4103.499999999999,10515.0,0.24226024595554918,0.0,265571840,ok
real_world_test100_seed20260906,am,40,RW_N40_K3_M16_I89.xlsx,89,1234,20260825,sample-1280,6849.083333333332,9449.166666666666,4248.999999999998,10560.0,0.24239426502026618,9.094947017729282e-13,265571840,ok
real_world_test100_seed20260906,am,40,RW_N40_K3_M16_I90.xlsx,90,1234,20260825,sample-1280,6422.083333333334,9193.333333333336,3650.833333333331,10230.0,0.243240165989846,1.8189894035458565e-12,265571840,ok
real_world_test100_seed20260906,am,40,RW_N40_K3_M16_I91.xlsx,91,1234,20260825,sample-1280,7200.416666666669,9574.166666666668,4826.66666666667,10660.0,0.2423939750296995,0.0,265571840,ok
real_world_test100_seed20260906,am,40,RW_N40_K3_M16_I92.xlsx,92,1234,20260825,sample-1280,6001.250000000001,9036.666666666666,2965.8333333333353,10100.0,0.24234274495393038,0.0,265571840,ok
real_world_test100_seed20260906,am,40,RW_N40_K3_M16_I93.xlsx,93,1234,20260825,sample-1280,6314.416666666665,9134.166666666664,3494.6666666666656,10155.0,0.2475127950310707,9.094947017729282e-13,265571840,ok
real_world_test100_seed20260906,am,40,RW_N40_K3_M16_I94.xlsx,94,1234,20260825,sample-1280,7343.416666666666,9687.499999999998,4999.333333333333,10835.0,0.2446521919919178,9.094947017729282e-13,265571840,ok
real_world_test100_seed20260906,am,40,RW_N40_K3_M16_I95.xlsx,95,1234,20260825,sample-1280,7819.249999999998,9774.999999999998,5863.499999999998,10910.0,0.2424379240255803,0.0,265571840,ok
real_world_test100_seed20260906,am,40,RW_N40_K3_M16_I96.xlsx,96,1234,20260825,sample-1280,5959.583333333333,8774.999999999998,3144.1666666666683,9795.0,0.24241709406487644,0.0,265571840,ok
real_world_test100_seed20260906,am,40,RW_N40_K3_M16_I97.xlsx,97,1234,20260825,sample-1280,7948.833333333332,9659.166666666668,6238.499999999997,10790.0,0.242219325969927,0.0,265571840,ok
real_world_test100_seed20260906,am,40,RW_N40_K3_M16_I98.xlsx,98,1234,20260825,sample-1280,8326.833333333332,9652.5,7001.166666666666,10815.0,0.24317573697771877,1.8189894035458565e-12,265571840,ok
real_world_test100_seed20260906,am,40,RW_N40_K3_M16_I99.xlsx,99,1234,20260825,sample-1280,8445.25,9991.66666666667,6898.833333333332,11170.0,0.24256267200689763,0.0,265571840,ok
real_world_test100_seed20260906,am,40,RW_N40_K3_M16_I100.xlsx,100,1234,20260825,sample-1280,7237.916666666667,9132.5,5343.333333333334,10175.0,0.24716109794098884,9.094947017729282e-13,265571840,ok
real_world_test100_seed20260906,mvmoe,10,RW_N10_K3_M16_I1.xlsx,1,1234,20260825,sample-1280,1604.916666666667,2429.166666666667,780.6666666666669,2655.0,0.08507858007214963,0.0,158219776,ok
real_world_test100_seed20260906,mvmoe,10,RW_N10_K3_M16_I2.xlsx,2,1234,20260825,sample-1280,1642.5,2587.5,697.5,2850.0,0.0853274769615382,2.2737367544323206e-13,158219776,ok
real_world_test100_seed20260906,mvmoe,10,RW_N10_K3_M16_I3.xlsx,3,1234,20260825,sample-1280,1997.1666666666665,2779.1666666666665,1215.1666666666667,3085.0,0.08509016898460686,0.0,158219776,ok
real_world_test100_seed20260906,mvmoe,10,RW_N10_K3_M16_I4.xlsx,4,1234,20260825,sample-1280,1758.5000000000002,2702.5000000000005,814.5,2975.0,0.08521261811256409,0.0,158219776,ok
real_world_test100_seed20260906,mvmoe,10,RW_N10_K3_M16_I5.xlsx,5,1234,20260825,sample-1280,1840.3333333333333,2639.1666666666665,1041.5,2930.0,0.08484343206509948,0.0,158219776,ok
real_world_test100_seed20260906,mvmoe,10,RW_N10_K3_M16_I6.xlsx,6,1234,20260825,sample-1280,1371.0833333333335,2205.0,537.1666666666669,2435.0,0.08504116896074265,2.2737367544323206e-13,158219776,ok
real_world_test100_seed20260906,mvmoe,10,RW_N10_K3_M16_I7.xlsx,7,1234,20260825,sample-1280,1714.1666666666667,2649.166666666667,779.1666666666666,2925.0,0.08513396803755313,0.0,158219776,ok
real_world_test100_seed20260906,mvmoe,10,RW_N10_K3_M16_I8.xlsx,8,1234,20260825,sample-1280,1478.0000000000002,2569.166666666667,386.8333333333336,2825.0,0.08555493503808975,0.0,158219776,ok
real_world_test100_seed20260906,mvmoe,10,RW_N10_K3_M16_I9.xlsx,9,1234,20260825,sample-1280,1512.0833333333335,2433.3333333333335,590.8333333333333,2695.0,0.08555951504968107,0.0,158219776,ok
real_world_test100_seed20260906,mvmoe,10,RW_N10_K3_M16_I10.xlsx,10,1234,20260825,sample-1280,1419.2500000000002,2490.8333333333335,347.6666666666668,2750.0,0.0848142720060423,0.0,158219776,ok
real_world_test100_seed20260906,mvmoe,10,RW_N10_K3_M16_I11.xlsx,11,1234,20260825,sample-1280,1485.5833333333335,2439.166666666667,532.0000000000002,2710.0,0.08533889707177877,0.0,158219776,ok
real_world_test100_seed20260906,mvmoe,10,RW_N10_K3_M16_I12.xlsx,12,1234,20260825,sample-1280,1170.8333333333333,2099.1666666666665,242.5000000000001,2285.0,0.08527000795584172,0.0,158219776,ok
real_world_test100_seed20260906,mvmoe,10,RW_N10_K3_M16_I13.xlsx,13,1234,20260825,sample-1280,1471.8333333333335,2385.8333333333335,557.8333333333334,2625.0,0.0852445469936356,0.0,158219776,ok
real_world_test100_seed20260906,mvmoe,10,RW_N10_K3_M16_I14.xlsx,14,1234,20260825,sample-1280,1390.0833333333333,2394.1666666666665,386.0,2630.0,0.08608147001359612,2.2737367544323206e-13,158219776,ok
real_world_test100_seed20260906,mvmoe,10,RW_N10_K3_M16_I15.xlsx,15,1234,20260825,sample-1280,1411.75,2215.8333333333335,607.6666666666666,2440.0,0.08510310901328921,0.0,158219776,ok
real_world_test100_seed20260906,mvmoe,10,RW_N10_K3_M16_I16.xlsx,16,1234,20260825,sample-1280,1510.4166666666667,2388.3333333333335,632.5,2625.0,0.08493844093754888,0.0,158219776,ok
real_world_test100_seed20260906,mvmoe,10,RW_N10_K3_M16_I17.xlsx,17,1234,20260825,sample-1280,1857.083333333333,2752.4999999999995,961.6666666666666,3050.0,0.0855335050728172,2.2737367544323206e-13,158219776,ok
real_world_test100_seed20260906,mvmoe,10,RW_N10_K3_M16_I18.xlsx,18,1234,20260825,sample-1280,1269.1666666666665,2198.333333333333,340.0000000000001,2375.0,0.09956697002053261,0.0,158219776,ok
real_world_test100_seed20260906,mvmoe,10,RW_N10_K3_M16_I19.xlsx,19,1234,20260825,sample-1280,1668.1666666666667,2495.8333333333335,840.5,2760.0,0.08540290605742484,2.2737367544323206e-13,158219776,ok
real_world_test100_seed20260906,mvmoe,10,RW_N10_K3_M16_I20.xlsx,20,1234,20260825,sample-1280,1374.0833333333335,2257.5,490.66666666666674,2485.0,0.08535777707584202,4.547473508864641e-13,158219776,ok
real_world_test100_seed20260906,mvmoe,10,RW_N10_K3_M16_I21.xlsx,21,1234,20260825,sample-1280,1511.5000000000002,2393.3333333333335,629.666666666667,2635.0,0.08520484797190875,0.0,158219776,ok
real_world_test100_seed20260906,mvmoe,10,RW_N10_K3_M16_I22.xlsx,22,1234,20260825,sample-1280,1625.5,2393.3333333333335,857.6666666666667,2615.0,0.08552004501689225,0.0,158219776,ok
real_world_test100_seed20260906,mvmoe,10,RW_N10_K3_M16_I23.xlsx,23,1234,20260825,sample-1280,1593.666666666667,2503.3333333333335,684.0000000000002,2755.0,0.085232348064892,0.0,158219776,ok
real_world_test100_seed20260906,mvmoe,10,RW_N10_K3_M16_I24.xlsx,24,1234,20260825,sample-1280,1324.1666666666667,2268.3333333333335,380.0000000000001,2500.0,0.08482259197626263,0.0,158219776,ok
real_world_test100_seed20260906,mvmoe,10,RW_N10_K3_M16_I25.xlsx,25,1234,20260825,sample-1280,1664.1666666666665,2534.1666666666665,794.1666666666667,2810.0,0.08697617100551724,4.547473508864641e-13,158219776,ok
real_world_test100_seed20260906,mvmoe,10,RW_N10_K3_M16_I26.xlsx,26,1234,20260825,sample-1280,1362.3333333333335,2320.8333333333335,403.83333333333337,2520.0,0.08592044096440077,0.0,158219776,ok
real_world_test100_seed20260906,mvmoe,10,RW_N10_K3_M16_I27.xlsx,27,1234,20260825,sample-1280,1592.3333333333335,2387.5,797.1666666666667,2620.0,0.08620063797570765,0.0,158219776,ok
real_world_test100_seed20260906,mvmoe,10,RW_N10_K3_M16_I28.xlsx,28,1234,20260825,sample-1280,1449.8333333333335,2389.166666666667,510.5000000000002,2625.0,0.08536602696403861,0.0,158219776,ok
real_world_test100_seed20260906,mvmoe,10,RW_N10_K3_M16_I29.xlsx,29,1234,20260825,sample-1280,1917.0833333333337,2815.833333333334,1018.3333333333336,3080.0,0.0858332320349291,0.0,158219776,ok
real_world_test100_seed20260906,mvmoe,10,RW_N10_K3_M16_I30.xlsx,30,1234,20260825,sample-1280,1087.75,1953.3333333333333,222.16666666666686,2150.0,0.08551975502632558,2.2737367544323206e-13,158219776,ok
real_world_test100_seed20260906,mvmoe,10,RW_N10_K3_M16_I31.xlsx,31,1234,20260825,sample-1280,1300.8333333333335,2195.8333333333335,405.83333333333354,2405.0,0.08559326489921659,0.0,158219776,ok
real_world_test100_seed20260906,mvmoe,10,RW_N10_K3_M16_I32.xlsx,32,1234,20260825,sample-1280,1817.5000000000002,2651.666666666667,983.3333333333335,2925.0,0.08585780207067728,2.2737367544323206e-13,158219776,ok
real_world_test100_seed20260906,mvmoe,10,RW_N10_K3_M16_I33.xlsx,33,1234,20260825,sample-1280,1742.333333333334,2705.000000000001,779.6666666666667,2965.0,0.08539363706950098,4.547473508864641e-13,158219776,ok
real_world_test100_seed20260906,mvmoe,10,RW_N10_K3_M16_I34.xlsx,34,1234,20260825,sample-1280,1185.0000000000002,2230.8333333333335,139.1666666666668,2465.0,0.08504859008826315,0.0,158219776,ok
real_world_test100_seed20260906,mvmoe,10,RW_N10_K3_M16_I35.xlsx,35,1234,20260825,sample-1280,1460.0833333333335,2324.166666666667,596.0000000000001,2520.0,0.08565350400749594,2.2737367544323206e-13,158219776,ok
real_world_test100_seed20260906,mvmoe,10,RW_N10_K3_M16_I36.xlsx,36,1234,20260825,sample-1280,1506.4166666666667,2585.8333333333335,427.0000000000001,2860.0,0.08530596806667745,0.0,158219776,ok
real_world_test100_seed20260906,mvmoe,10,RW_N10_K3_M16_I37.xlsx,37,1234,20260825,sample-1280,1461.5833333333335,2382.5,540.6666666666669,2630.0,0.08523908804636449,0.0,158219776,ok
real_world_test100_seed20260906,mvmoe,10,RW_N10_K3_M16_I38.xlsx,38,1234,20260825,sample-1280,1459.9166666666667,2222.5,697.3333333333334,2465.0,0.0851023190189153,0.0,158219776,ok
real_world_test100_seed20260906,mvmoe,10,RW_N10_K3_M16_I39.xlsx,39,1234,20260825,sample-1280,1559.0000000000005,2426.666666666667,691.3333333333337,2685.0,0.08566076296847314,0.0,158219776,ok
real_world_test100_seed20260906,mvmoe,10,RW_N10_K3_M16_I40.xlsx,40,1234,20260825,sample-1280,1438.3333333333335,2464.166666666667,412.5000000000002,2705.0,0.08579827204812318,0.0,158219776,ok
real_world_test100_seed20260906,mvmoe,10,RW_N10_K3_M16_I41.xlsx,41,1234,20260825,sample-1280,1383.8333333333333,2354.1666666666665,413.5000000000001,2615.0,0.08541693608276546,0.0,158219776,ok
real_world_test100_seed20260906,mvmoe,10,RW_N10_K3_M16_I42.xlsx,42,1234,20260825,sample-1280,1614.8333333333335,2590.0,639.6666666666667,2820.0,0.0853628870099783,0.0,158219776,ok
real_world_test100_seed20260906,mvmoe,10,RW_N10_K3_M16_I43.xlsx,43,1234,20260825,sample-1280,1287.5833333333335,1962.5000000000002,612.6666666666667,2150.0,0.08531984698493034,0.0,158219776,ok
real_world_test100_seed20260906,mvmoe,10,RW_N10_K3_M16_I44.xlsx,44,1234,20260825,sample-1280,1793.0833333333335,2772.5,813.6666666666667,3025.0,0.0850818989565596,0.0,158219776,ok
real_world_test100_seed20260906,mvmoe,10,RW_N10_K3_M16_I45.xlsx,45,1234,20260825,sample-1280,1735.5,2762.5,708.5000000000001,3035.0,0.08529116702266037,0.0,158219776,ok
real_world_test100_seed20260906,mvmoe,10,RW_N10_K3_M16_I46.xlsx,46,1234,20260825,sample-1280,1773.8333333333335,2648.3333333333335,899.3333333333336,2900.0,0.08558565506245941,2.2737367544323206e-13,158219776,ok
real_world_test100_seed20260906,mvmoe,10,RW_N10_K3_M16_I47.xlsx,47,1234,20260825,sample-1280,1494.3333333333335,2313.3333333333335,675.3333333333334,2525.0,0.08512598800007254,0.0,158219776,ok
real_world_test100_seed20260906,mvmoe,10,RW_N10_K3_M16_I48.xlsx,48,1234,20260825,sample-1280,1637.5,2509.166666666667,765.8333333333331,2755.0,0.08571964304428548,0.0,158219776,ok
real_world_test100_seed20260906,mvmoe,10,RW_N10_K3_M16_I49.xlsx,49,1234,20260825,sample-1280,1326.3333333333333,2214.1666666666665,438.5,2435.0,0.08509092894382775,0.0,158219776,ok
real_world_test100_seed20260906,mvmoe,10,RW_N10_K3_M16_I50.xlsx,50,1234,20260825,sample-1280,1712.4166666666667,2538.3333333333335,886.5000000000001,2790.0,0.08587160205934197,2.2737367544323206e-13,158219776,ok
real_world_test100_seed20260906,mvmoe,10,RW_N10_K3_M16_I51.xlsx,51,1234,20260825,sample-1280,1279.7499999999998,2208.333333333333,351.1666666666665,2440.0,0.08491672098170966,2.2737367544323206e-13,158219776,ok
real_world_test100_seed20260906,mvmoe,10,RW_N10_K3_M16_I52.xlsx,52,1234,20260825,sample-1280,1574.8333333333335,2552.5,597.1666666666667,2810.0,0.08568568306509405,0.0,158219776,ok
real_world_test100_seed20260906,mvmoe,10,RW_N10_K3_M16_I53.xlsx,53,1234,20260825,sample-1280,1873.75,2865.0,882.5000000000001,3170.0,0.08592441095970571,0.0,158219776,ok
real_world_test100_seed20260906,mvmoe,10,RW_N10_K3_M16_I54.xlsx,54,1234,20260825,sample-1280,1494.0833333333335,2309.166666666667,679.0000000000001,2545.0,0.0856688329949975,0.0,158219776,ok
real_world_test100_seed20260906,mvmoe,10,RW_N10_K3_M16_I55.xlsx,55,1234,20260825,sample-1280,1750.5000000000002,2742.5000000000005,758.5,3025.0,0.08537423599045724,2.2737367544323206e-13,158219776,ok
real_world_test100_seed20260906,mvmoe,10,RW_N10_K3_M16_I56.xlsx,56,1234,20260825,sample-1280,1400.0,2401.6666666666665,398.3333333333335,2640.0,0.08546569594182074,0.0,158219776,ok
real_world_test100_seed20260906,mvmoe,10,RW_N10_K3_M16_I57.xlsx,57,1234,20260825,sample-1280,1496.9999999999998,2463.333333333333,530.6666666666666,2715.0,0.08502121898345649,2.2737367544323206e-13,158219776,ok
real_world_test100_seed20260906,mvmoe,10,RW_N10_K3_M16_I58.xlsx,58,1234,20260825,sample-1280,1487.9166666666667,2405.0,570.8333333333335,2670.0,0.08587150205858052,0.0,158219776,ok
real_world_test100_seed20260906,mvmoe,10,RW_N10_K3_M16_I59.xlsx,59,1234,20260825,sample-1280,1408.6666666666667,2379.166666666667,438.1666666666667,2615.0,0.08507608901709318,0.0,158219776,ok
real_world_test100_seed20260906,mvmoe,10,RW_N10_K3_M16_I60.xlsx,60,1234,20260825,sample-1280,1678.166666666667,2825.0000000000005,531.3333333333335,3105.0,0.085548534989357,2.2737367544323206e-13,158219776,ok
real_world_test100_seed20260906,mvmoe,10,RW_N10_K3_M16_I61.xlsx,61,1234,20260825,sample-1280,1859.9166666666667,2855.0,864.8333333333335,3140.0,0.08536241599358618,2.2737367544323206e-13,158219776,ok
real_world_test100_seed20260906,mvmoe,10,RW_N10_K3_M16_I62.xlsx,62,1234,20260825,sample-1280,1722.6666666666667,2435.8333333333335,1009.5000000000001,2675.0,0.08568743290379643,2.2737367544323206e-13,158219776,ok
real_world_test100_seed20260906,mvmoe,10,RW_N10_K3_M16_I63.xlsx,63,1234,20260825,sample-1280,1561.0833333333333,2499.1666666666665,623.0,2760.0,0.08504774991888553,0.0,158219776,ok
real_world_test100_seed20260906,mvmoe,10,RW_N10_K3_M16_I64.xlsx,64,1234,20260825,sample-1280,1456.5833333333335,2255.0000000000005,658.1666666666666,2490.0,0.08554441493470222,0.0,158219776,ok
real_world_test100_seed20260906,mvmoe,10,RW_N10_K3_M16_I65.xlsx,65,1234,20260825,sample-1280,1267.5,2385.8333333333335,149.16666666666663,2620.0,0.0856551940087229,0.0,158219776,ok
real_world_test100_seed20260906,mvmoe,10,RW_N10_K3_M16_I66.xlsx,66,1234,20260825,sample-1280,1444.3333333333335,2493.3333333333335,395.3333333333335,2800.0,0.08542559493798763,0.0,158219776,ok
real_world_test100_seed20260906,mvmoe,10,RW_N10_K3_M16_I67.xlsx,67,1234,20260825,sample-1280,1650.1666666666667,2490.8333333333335,809.5,2750.0,0.08561769407242537,2.2737367544323206e-13,158219776,ok
real_world_test100_seed20260906,mvmoe,10,RW_N10_K3_M16_I68.xlsx,68,1234,20260825,sample-1280,1868.6666666666667,2627.5,1109.8333333333335,2910.0,0.08513124810997397,0.0,158219776,ok
real_world_test100_seed20260906,mvmoe,10,RW_N10_K3_M16_I69.xlsx,69,1234,20260825,sample-1280,1564.75,2577.5,551.9999999999999,2830.0,0.08521568810101599,0.0,158219776,ok
real_world_test100_seed20260906,mvmoe,10,RW_N10_K3_M16_I70.xlsx,70,1234,20260825,sample-1280,1466.0833333333337,2546.6666666666674,385.50000000000006,2815.0,0.08589091093745083,2.2737367544323206e-13,158219776,ok
real_world_test100_seed20260906,mvmoe,10,RW_N10_K3_M16_I71.xlsx,71,1234,20260825,sample-1280,1504.9166666666667,2377.5,632.3333333333336,2625.0,0.08614393905736506,2.2737367544323206e-13,158219776,ok
real_world_test100_seed20260906,mvmoe,10,RW_N10_K3_M16_I72.xlsx,72,1234,20260825,sample-1280,1760.6666666666667,2650.8333333333335,870.5,2940.0,0.08515420800540596,2.2737367544323206e-13,158219776,ok
real_world_test100_seed20260906,mvmoe,10,RW_N10_K3_M16_I73.xlsx,73,1234,20260825,sample-1280,1529.666666666667,2346.666666666667,712.6666666666669,2555.0,0.0853714159457013,0.0,158219776,ok
real_world_test100_seed20260906,mvmoe,10,RW_N10_K3_M16_I74.xlsx,74,1234,20260825,sample-1280,1999.9166666666667,2793.3333333333335,1206.5,3090.0,0.0863980760332197,2.2737367544323206e-13,158219776,ok
real_world_test100_seed20260906,mvmoe,10,RW_N10_K3_M16_I75.xlsx,75,1234,20260825,sample-1280,1297.666666666667,2320.0000000000005,275.33333333333326,2565.0,0.08533867599908262,4.547473508864641e-13,158219776,ok
real_world_test100_seed20260906,mvmoe,10,RW_N10_K3_M16_I76.xlsx,76,1234,20260825,sample-1280,1564.0833333333335,2494.166666666667,634.0,2730.0,0.08621081802994013,0.0,158219776,ok
real_world_test100_seed20260906,mvmoe,10,RW_N10_K3_M16_I77.xlsx,77,1234,20260825,sample-1280,1378.5833333333335,2283.3333333333335,473.8333333333335,2535.0,0.0858128919498995,0.0,158219776,ok
real_world_test100_seed20260906,mvmoe,10,RW_N10_K3_M16_I78.xlsx,78,1234,20260825,sample-1280,1762.0833333333335,2715.8333333333335,808.3333333333336,3010.0,0.08552955405320972,2.2737367544323206e-13,158219776,ok
real_world_test100_seed20260906,mvmoe,10,RW_N10_K3_M16_I79.xlsx,79,1234,20260825,sample-1280,1187.4166666666667,2305.0,69.83333333333337,2565.0,0.08619742805603892,0.0,158219776,ok
real_world_test100_seed20260906,mvmoe,10,RW_N10_K3_M16_I80.xlsx,80,1234,20260825,sample-1280,1482.666666666667,2305.8333333333335,659.5000000000002,2550.0,0.08597870997618884,0.0,158219776,ok
real_world_test100_seed20260906,mvmoe,10,RW_N10_K3_M16_I81.xlsx,81,1234,20260825,sample-1280,1661.3333333333333,2493.333333333333,829.3333333333335,2750.0,0.08573047304525971,0.0,158219776,ok
real_world_test100_seed20260906,mvmoe,10,RW_N10_K3_M16_I82.xlsx,82,1234,20260825,sample-1280,1666.7500000000005,2670.833333333334,662.6666666666667,2965.0,0.0850755589781329,0.0,158219776,ok
real_world_test100_seed20260906,mvmoe,10,RW_N10_K3_M16_I83.xlsx,83,1234,20260825,sample-1280,1558.166666666667,2515.0000000000005,601.3333333333335,2750.0,0.08543311594985425,2.2737367544323206e-13,158219776,ok
real_world_test100_seed20260906,mvmoe,10,RW_N10_K3_M16_I84.xlsx,84,1234,20260825,sample-1280,1684.9166666666667,2672.5,697.3333333333336,2920.0,0.08533263602294028,0.0,158219776,ok
real_world_test100_seed20260906,mvmoe,10,RW_N10_K3_M16_I85.xlsx,85,1234,20260825,sample-1280,1603.5,2474.1666666666665,732.8333333333333,2725.0,0.08567629393655807,0.0,158219776,ok
real_world_test100_seed20260906,mvmoe,10,RW_N10_K3_M16_I86.xlsx,86,1234,20260825,sample-1280,1672.3333333333335,2675.0,669.6666666666669,2940.0,0.08662054396700114,0.0,158219776,ok
real_world_test100_seed20260906,mvmoe,10,RW_N10_K3_M16_I87.xlsx,87,1234,20260825,sample-1280,1747.0833333333335,2499.1666666666665,995.0000000000002,2755.0,0.08755880501121283,0.0,158219776,ok
real_world_test100_seed20260906,mvmoe,10,RW_N10_K3_M16_I88.xlsx,88,1234,20260825,sample-1280,1358.75,2410.0,307.50000000000006,2645.0,0.08666493301279843,2.2737367544323206e-13,158219776,ok
real_world_test100_seed20260906,mvmoe,10,RW_N10_K3_M16_I89.xlsx,89,1234,20260825,sample-1280,1507.6666666666665,2590.0,425.33333333333326,2850.0,0.0859804900828749,0.0,158219776,ok
real_world_test100_seed20260906,mvmoe,10,RW_N10_K3_M16_I90.xlsx,90,1234,20260825,sample-1280,1491.1666666666667,2405.8333333333335,576.5,2655.0,0.09224083996377885,0.0,158219776,ok
real_world_test100_seed20260906,mvmoe,10,RW_N10_K3_M16_I91.xlsx,91,1234,20260825,sample-1280,1731.7500000000002,2581.666666666667,881.8333333333335,2820.0,0.08525974699296057,0.0,158219776,ok
real_world_test100_seed20260906,mvmoe,10,RW_N10_K3_M16_I92.xlsx,92,1234,20260825,sample-1280,1707.916666666667,2635.8333333333335,780.0000000000003,2905.0,0.08527888706885278,2.2737367544323206e-13,158219776,ok
real_world_test100_seed20260906,mvmoe,10,RW_N10_K3_M16_I93.xlsx,93,1234,20260825,sample-1280,1846.0,2748.3333333333335,943.6666666666667,2990.0,0.08543725602794439,0.0,158219776,ok
real_world_test100_seed20260906,mvmoe,10,RW_N10_K3_M16_I94.xlsx,94,1234,20260825,sample-1280,1673.0833333333335,2671.6666666666665,674.5000000000002,2950.0,0.0853830249980092,0.0,158219776,ok
real_world_test100_seed20260906,mvmoe,10,RW_N10_K3_M16_I95.xlsx,95,1234,20260825,sample-1280,1442.4999999999998,2240.833333333333,644.1666666666665,2465.0,0.08563947305083275,2.2737367544323206e-13,158219776,ok
real_world_test100_seed20260906,mvmoe,10,RW_N10_K3_M16_I96.xlsx,96,1234,20260825,sample-1280,1750.5000000000002,2592.5000000000005,908.5,2845.0,0.08647731598466635,2.2737367544323206e-13,158219776,ok
real_world_test100_seed20260906,mvmoe,10,RW_N10_K3_M16_I97.xlsx,97,1234,20260825,sample-1280,1619.2500000000002,2661.666666666667,576.8333333333335,2925.0,0.08607637998647988,2.2737367544323206e-13,158219776,ok
real_world_test100_seed20260906,mvmoe,10,RW_N10_K3_M16_I98.xlsx,98,1234,20260825,sample-1280,1846.916666666667,2755.8333333333335,938.0000000000002,3055.0,0.08630502701271325,0.0,158219776,ok
real_world_test100_seed20260906,mvmoe,10,RW_N10_K3_M16_I99.xlsx,99,1234,20260825,sample-1280,1304.5833333333335,2231.666666666667,377.50000000000017,2490.0,0.08611108898185194,0.0,158219776,ok
real_world_test100_seed20260906,mvmoe,10,RW_N10_K3_M16_I100.xlsx,100,1234,20260825,sample-1280,1521.5833333333335,2344.1666666666665,699.0000000000003,2585.0,0.08574948203749955,0.0,158219776,ok
real_world_test100_seed20260906,mvmoe,20,RW_N20_K3_M16_I1.xlsx,1,1234,20260825,sample-1280,3019.916666666666,4539.999999999999,1499.8333333333333,5070.0,0.16657215100713074,4.547473508864641e-13,173984256,ok
real_world_test100_seed20260906,mvmoe,20,RW_N20_K3_M16_I2.xlsx,2,1234,20260825,sample-1280,2774.1666666666665,4648.333333333333,900.0000000000002,5150.0,0.1659958870150149,4.547473508864641e-13,173984256,ok
real_world_test100_seed20260906,mvmoe,20,RW_N20_K3_M16_I3.xlsx,3,1234,20260825,sample-1280,3398.0,4944.166666666667,1851.8333333333335,5520.0,0.16615941503550857,0.0,173984256,ok
real_world_test100_seed20260906,mvmoe,20,RW_N20_K3_M16_I4.xlsx,4,1234,20260825,sample-1280,2966.083333333333,4522.499999999999,1409.6666666666667,5055.0,0.16636700392700732,0.0,173984256,ok
real_world_test100_seed20260906,mvmoe,20,RW_N20_K3_M16_I5.xlsx,5,1234,20260825,sample-1280,2733.000000000001,4640.833333333334,825.1666666666677,5135.0,0.16670161008369178,4.547473508864641e-13,173984256,ok
real_world_test100_seed20260906,mvmoe,20,RW_N20_K3_M16_I6.xlsx,6,1234,20260825,sample-1280,3059.666666666666,4772.499999999999,1346.833333333333,5290.0,0.16640333295799792,0.0,173984256,ok
real_world_test100_seed20260906,mvmoe,20,RW_N20_K3_M16_I7.xlsx,7,1234,20260825,sample-1280,3057.416666666667,4779.166666666667,1335.6666666666665,5315.0,0.1668672279920429,0.0,173984256,ok
real_world_test100_seed20260906,mvmoe,20,RW_N20_K3_M16_I8.xlsx,8,1234,20260825,sample-1280,3559.916666666667,5150.0,1969.8333333333335,5685.0,0.16603049694094807,0.0,173984256,ok
real_world_test100_seed20260906,mvmoe,20,RW_N20_K3_M16_I9.xlsx,9,1234,20260825,sample-1280,3624.083333333333,5245.833333333333,2002.333333333333,5840.0,0.16616941499523818,0.0,173984256,ok
real_world_test100_seed20260906,mvmoe,20,RW_N20_K3_M16_I10.xlsx,10,1234,20260825,sample-1280,3387.75,5102.499999999999,1673.0000000000005,5665.0,0.1660671760328114,0.0,173984256,ok
real_world_test100_seed20260906,mvmoe,20,RW_N20_K3_M16_I11.xlsx,11,1234,20260825,sample-1280,3140.000000000001,4725.833333333334,1554.1666666666679,5245.0,0.166629220941104,0.0,173984256,ok
real_world_test100_seed20260906,mvmoe,20,RW_N20_K3_M16_I12.xlsx,12,1234,20260825,sample-1280,2985.4166666666674,4727.500000000001,1243.3333333333337,5235.0,0.16598650603555143,0.0,173984256,ok
real_world_test100_seed20260906,mvmoe,20,RW_N20_K3_M16_I13.xlsx,13,1234,20260825,sample-1280,2927.7500000000005,4615.000000000001,1240.5000000000002,5110.0,0.1661021059844643,0.0,173984256,ok
real_world_test100_seed20260906,mvmoe,20,RW_N20_K3_M16_I14.xlsx,14,1234,20260825,sample-1280,3473.9166666666674,5198.333333333334,1749.5000000000007,5805.0,0.16592524794396013,4.547473508864641e-13,173984256,ok
real_world_test100_seed20260906,mvmoe,20,RW_N20_K3_M16_I15.xlsx,15,1234,20260825,sample-1280,2862.8333333333335,4465.0,1260.6666666666667,4935.0,0.16938607394695282,4.547473508864641e-13,173984256,ok
real_world_test100_seed20260906,mvmoe,20,RW_N20_K3_M16_I16.xlsx,16,1234,20260825,sample-1280,3636.5833333333335,5170.833333333333,2102.333333333334,5755.0,0.1663043029839173,4.547473508864641e-13,173984256,ok
real_world_test100_seed20260906,mvmoe,20,RW_N20_K3_M16_I17.xlsx,17,1234,20260825,sample-1280,3473.833333333334,4942.5,2005.1666666666674,5525.0,0.1659987160237506,9.094947017729282e-13,173984256,ok
real_world_test100_seed20260906,mvmoe,20,RW_N20_K3_M16_I18.xlsx,18,1234,20260825,sample-1280,3175.083333333333,4690.833333333333,1659.3333333333328,5195.0,0.1659681259188801,4.547473508864641e-13,173984256,ok
real_world_test100_seed20260906,mvmoe,20,RW_N20_K3_M16_I19.xlsx,19,1234,20260825,sample-1280,2191.3333333333335,4130.833333333333,251.83333333333354,4585.0,0.16644654201809317,4.547473508864641e-13,173984256,ok
real_world_test100_seed20260906,mvmoe,20,RW_N20_K3_M16_I20.xlsx,20,1234,20260825,sample-1280,2968.166666666667,4878.333333333334,1057.9999999999995,5410.0,0.1660316560883075,0.0,173984256,ok
real_world_test100_seed20260906,mvmoe,20,RW_N20_K3_M16_I21.xlsx,21,1234,20260825,sample-1280,2807.1666666666665,4309.166666666667,1305.1666666666663,4805.0,0.16609272500500083,0.0,173984256,ok
real_world_test100_seed20260906,mvmoe,20,RW_N20_K3_M16_I22.xlsx,22,1234,20260825,sample-1280,3821.083333333333,5153.333333333333,2488.8333333333335,5755.0,0.1663064940366894,4.547473508864641e-13,173984256,ok
real_world_test100_seed20260906,mvmoe,20,RW_N20_K3_M16_I23.xlsx,23,1234,20260825,sample-1280,3434.416666666667,4728.333333333334,2140.5000000000005,5255.0,0.16629731305874884,0.0,173984256,ok
real_world_test100_seed20260906,mvmoe,20,RW_N20_K3_M16_I24.xlsx,24,1234,20260825,sample-1280,2679.9166666666674,4605.833333333334,754.0000000000006,5110.0,0.16635806299746037,0.0,173984256,ok
real_world_test100_seed20260906,mvmoe,20,RW_N20_K3_M16_I25.xlsx,25,1234,20260825,sample-1280,2944.083333333334,4755.833333333334,1132.333333333334,5290.0,0.16630704305134714,0.0,173984256,ok
real_world_test100_seed20260906,mvmoe,20,RW_N20_K3_M16_I26.xlsx,26,1234,20260825,sample-1280,3111.583333333333,4880.0,1343.1666666666665,5395.0,0.1660438849357888,0.0,173984256,ok
real_world_test100_seed20260906,mvmoe,20,RW_N20_K3_M16_I27.xlsx,27,1234,20260825,sample-1280,3018.416666666666,4749.999999999999,1286.8333333333335,5295.0,0.16605591494590044,9.094947017729282e-13,173984256,ok
real_world_test100_seed20260906,mvmoe,20,RW_N20_K3_M16_I28.xlsx,28,1234,20260825,sample-1280,3494.3333333333335,5000.0,1988.6666666666667,5590.0,0.1664906209334731,0.0,173984256,ok
real_world_test100_seed20260906,mvmoe,20,RW_N20_K3_M16_I29.xlsx,29,1234,20260825,sample-1280,3030.500000000001,4673.333333333335,1387.6666666666674,5180.0,0.16652624099515378,0.0,173984256,ok
real_world_test100_seed20260906,mvmoe,20,RW_N20_K3_M16_I30.xlsx,30,1234,20260825,sample-1280,3378.333333333334,4833.333333333334,1923.3333333333337,5395.0,0.16639460204169154,0.0,173984256,ok
real_world_test100_seed20260906,mvmoe,20,RW_N20_K3_M16_I31.xlsx,31,1234,20260825,sample-1280,3692.25,5254.999999999999,2129.5000000000005,5820.0,0.16603132605087012,0.0,173984256,ok
real_world_test100_seed20260906,mvmoe,20,RW_N20_K3_M16_I32.xlsx,32,1234,20260825,sample-1280,3362.0,4715.833333333333,2008.1666666666674,5220.0,0.1662668240023777,9.094947017729282e-13,173984256,ok
real_world_test100_seed20260906,mvmoe,20,RW_N20_K3_M16_I33.xlsx,33,1234,20260825,sample-1280,2990.833333333333,4723.333333333333,1258.3333333333333,5250.0,0.16628483298700303,0.0,173984256,ok
real_world_test100_seed20260906,mvmoe,20,RW_N20_K3_M16_I34.xlsx,34,1234,20260825,sample-1280,3443.666666666666,4975.833333333333,1911.4999999999995,5535.0,0.16621151403523982,9.094947017729282e-13,173984256,ok
real_world_test100_seed20260906,mvmoe,20,RW_N20_K3_M16_I35.xlsx,35,1234,20260825,sample-1280,3092.9166666666665,4818.333333333333,1367.5,5335.0,0.1663323730463162,4.547473508864641e-13,173984256,ok
real_world_test100_seed20260906,mvmoe,20,RW_N20_K3_M16_I36.xlsx,36,1234,20260825,sample-1280,3370.666666666666,5034.166666666666,1707.1666666666665,5625.0,0.1664193719625473,0.0,173984256,ok
real_world_test100_seed20260906,mvmoe,20,RW_N20_K3_M16_I37.xlsx,37,1234,20260825,sample-1280,3103.0000000000005,4785.833333333333,1420.1666666666677,5315.0,0.16638546297326684,4.547473508864641e-13,173984256,ok
real_world_test100_seed20260906,mvmoe,20,RW_N20_K3_M16_I38.xlsx,38,1234,20260825,sample-1280,2891.333333333334,4688.333333333334,1094.333333333334,5180.0,0.1658478369936347,0.0,173984256,ok
real_world_test100_seed20260906,mvmoe,20,RW_N20_K3_M16_I39.xlsx,39,1234,20260825,sample-1280,3181.0,4885.0,1477.0000000000005,5450.0,0.1662094839848578,0.0,173984256,ok
real_world_test100_seed20260906,mvmoe,20,RW_N20_K3_M16_I40.xlsx,40,1234,20260825,sample-1280,3259.583333333334,5108.333333333334,1410.8333333333342,5670.0,0.1666265099775046,0.0,173984256,ok
real_world_test100_seed20260906,mvmoe,20,RW_N20_K3_M16_I41.xlsx,41,1234,20260825,sample-1280,3359.666666666667,5065.0,1654.3333333333335,5590.0,0.16603235597722232,0.0,173984256,ok
real_world_test100_seed20260906,mvmoe,20,RW_N20_K3_M16_I42.xlsx,42,1234,20260825,sample-1280,3211.3333333333335,4828.333333333333,1594.3333333333337,5355.0,0.16643996199127287,4.547473508864641e-13,173984256,ok
real_world_test100_seed20260906,mvmoe,20,RW_N20_K3_M16_I43.xlsx,43,1234,20260825,sample-1280,3271.0833333333335,4769.166666666667,1773.0000000000002,5310.0,0.16636537306476384,0.0,173984256,ok
real_world_test100_seed20260906,mvmoe,20,RW_N20_K3_M16_I44.xlsx,44,1234,20260825,sample-1280,3115.5,4979.166666666667,1251.8333333333333,5520.0,0.16648635105229914,4.547473508864641e-13,173984256,ok
real_world_test100_seed20260906,mvmoe,20,RW_N20_K3_M16_I45.xlsx,45,1234,20260825,sample-1280,2723.7500000000005,4450.000000000001,997.4999999999999,4915.0,0.16594290710054338,0.0,173984256,ok
real_world_test100_seed20260906,mvmoe,20,RW_N20_K3_M16_I46.xlsx,46,1234,20260825,sample-1280,2869.5833333333335,4600.833333333334,1138.333333333333,5115.0,0.16613460495136678,0.0,173984256,ok
real_world_test100_seed20260906,mvmoe,20,RW_N20_K3_M16_I47.xlsx,47,1234,20260825,sample-1280,3532.6666666666665,5092.5,1972.8333333333333,5640.0,0.1662014339817688,0.0,173984256,ok
real_world_test100_seed20260906,mvmoe,20,RW_N20_K3_M16_I48.xlsx,48,1234,20260825,sample-1280,3424.3333333333335,5078.333333333333,1770.3333333333342,5615.0,0.1662519439123571,0.0,173984256,ok
real_world_test100_seed20260906,mvmoe,20,RW_N20_K3_M16_I49.xlsx,49,1234,20260825,sample-1280,3486.083333333334,5096.666666666667,1875.5000000000007,5670.0,0.1659619160927832,0.0,173984256,ok
real_world_test100_seed20260906,mvmoe,20,RW_N20_K3_M16_I50.xlsx,50,1234,20260825,sample-1280,3096.916666666667,4664.166666666667,1529.6666666666674,5185.0,0.16615273396018893,0.0,173984256,ok
real_world_test100_seed20260906,mvmoe,20,RW_N20_K3_M16_I51.xlsx,51,1234,20260825,sample-1280,2939.0,4909.166666666667,968.8333333333329,5455.0,0.16852742107585073,0.0,173984256,ok
real_world_test100_seed20260906,mvmoe,20,RW_N20_K3_M16_I52.xlsx,52,1234,20260825,sample-1280,2786.416666666667,4521.666666666667,1051.1666666666665,5030.0,0.1688519980525598,0.0,173984256,ok
real_world_test100_seed20260906,mvmoe,20,RW_N20_K3_M16_I53.xlsx,53,1234,20260825,sample-1280,3217.500000000001,4613.333333333334,1821.6666666666674,5095.0,0.17668854200746864,0.0,173984256,ok
real_world_test100_seed20260906,mvmoe,20,RW_N20_K3_M16_I54.xlsx,54,1234,20260825,sample-1280,3059.6666666666665,4724.166666666666,1395.1666666666672,5235.0,0.16837884299457073,0.0,173984256,ok
real_world_test100_seed20260906,mvmoe,20,RW_N20_K3_M16_I55.xlsx,55,1234,20260825,sample-1280,3464.5833333333335,4639.166666666667,2290.0,5130.0,0.16634906199760735,0.0,173984256,ok
real_world_test100_seed20260906,mvmoe,20,RW_N20_K3_M16_I56.xlsx,56,1234,20260825,sample-1280,2547.9999999999995,4406.666666666666,689.333333333333,4885.0,0.16641238192096353,4.547473508864641e-13,173984256,ok
real_world_test100_seed20260906,mvmoe,20,RW_N20_K3_M16_I57.xlsx,57,1234,20260825,sample-1280,3055.7499999999995,4597.499999999999,1513.9999999999998,5125.0,0.16642605105880648,0.0,173984256,ok
real_world_test100_seed20260906,mvmoe,20,RW_N20_K3_M16_I58.xlsx,58,1234,20260825,sample-1280,3940.3333333333335,5340.833333333334,2539.833333333333,5930.0,0.16617797303479165,0.0,173984256,ok
real_world_test100_seed20260906,mvmoe,20,RW_N20_K3_M16_I59.xlsx,59,1234,20260825,sample-1280,3248.5000000000005,5069.166666666667,1427.8333333333342,5610.0,0.16652682004496455,0.0,173984256,ok
real_world_test100_seed20260906,mvmoe,20,RW_N20_K3_M16_I60.xlsx,60,1234,20260825,sample-1280,3154.7500000000005,4956.666666666667,1352.8333333333337,5495.0,0.166308572050184,0.0,173984256,ok
real_world_test100_seed20260906,mvmoe,20,RW_N20_K3_M16_I61.xlsx,61,1234,20260825,sample-1280,3375.833333333334,4955.833333333335,1795.8333333333335,5480.0,0.16669389908201993,4.547473508864641e-13,173984256,ok
real_world_test100_seed20260906,mvmoe,20,RW_N20_K3_M16_I62.xlsx,62,1234,20260825,sample-1280,3660.416666666667,5019.166666666667,2301.6666666666674,5585.0,0.16630927193909883,0.0,173984256,ok
real_world_test100_seed20260906,mvmoe,20,RW_N20_K3_M16_I63.xlsx,63,1234,20260825,sample-1280,3026.5,4582.5,1470.5000000000005,5060.0,0.16630810301285237,0.0,173984256,ok
real_world_test100_seed20260906,mvmoe,20,RW_N20_K3_M16_I64.xlsx,64,1234,20260825,sample-1280,3382.916666666667,4895.833333333334,1870.0000000000005,5440.0,0.16628889297135174,0.0,173984256,ok
real_world_test100_seed20260906,mvmoe,20,RW_N20_K3_M16_I65.xlsx,65,1234,20260825,sample-1280,3323.666666666667,5113.333333333334,1534.0000000000002,5675.0,0.1660800640238449,0.0,173984256,ok
real_world_test100_seed20260906,mvmoe,20,RW_N20_K3_M16_I66.xlsx,66,1234,20260825,sample-1280,3531.5833333333335,5035.0,2028.166666666667,5590.0,0.1662602430442348,4.547473508864641e-13,173984256,ok
real_world_test100_seed20260906,mvmoe,20,RW_N20_K3_M16_I67.xlsx,67,1234,20260825,sample-1280,2930.3333333333335,4528.333333333334,1332.3333333333333,5025.0,0.1660542549798265,0.0,173984256,ok
real_world_test100_seed20260906,mvmoe,20,RW_N20_K3_M16_I68.xlsx,68,1234,20260825,sample-1280,3452.333333333333,4864.999999999999,2039.6666666666667,5425.0,0.16679101798217744,0.0,173984256,ok
real_world_test100_seed20260906,mvmoe,20,RW_N20_K3_M16_I69.xlsx,69,1234,20260825,sample-1280,3683.5833333333335,5209.166666666666,2158.000000000001,5810.0,0.16604067489970475,0.0,173984256,ok
real_world_test100_seed20260906,mvmoe,20,RW_N20_K3_M16_I70.xlsx,70,1234,20260825,sample-1280,2799.833333333333,4739.166666666666,860.5000000000002,5285.0,0.16634459199849516,0.0,173984256,ok
real_world_test100_seed20260906,mvmoe,20,RW_N20_K3_M16_I71.xlsx,71,1234,20260825,sample-1280,2970.333333333334,4733.333333333334,1207.3333333333335,5305.0,0.16612936404999346,0.0,173984256,ok
real_world_test100_seed20260906,mvmoe,20,RW_N20_K3_M16_I72.xlsx,72,1234,20260825,sample-1280,3428.3333333333335,5202.499999999999,1654.1666666666677,5770.0,0.1660961239831522,4.547473508864641e-13,173984256,ok
real_world_test100_seed20260906,mvmoe,20,RW_N20_K3_M16_I73.xlsx,73,1234,20260825,sample-1280,3564.5833333333335,4954.166666666667,2175.0,5465.0,0.16607761499471962,0.0,173984256,ok
real_world_test100_seed20260906,mvmoe,20,RW_N20_K3_M16_I74.xlsx,74,1234,20260825,sample-1280,2641.5833333333335,3821.6666666666665,1461.5000000000005,4230.0,0.16631796199362725,0.0,173984256,ok
real_world_test100_seed20260906,mvmoe,20,RW_N20_K3_M16_I75.xlsx,75,1234,20260825,sample-1280,3421.2500000000005,5013.333333333334,1829.1666666666667,5570.0,0.16623606299981475,0.0,173984256,ok
real_world_test100_seed20260906,mvmoe,20,RW_N20_K3_M16_I76.xlsx,76,1234,20260825,sample-1280,2891.333333333334,4811.666666666667,971.0000000000009,5355.0,0.16621445294003934,4.547473508864641e-13,173984256,ok
real_world_test100_seed20260906,mvmoe,20,RW_N20_K3_M16_I77.xlsx,77,1234,20260825,sample-1280,3086.5833333333335,4748.333333333333,1424.8333333333337,5265.0,0.16632589197251946,0.0,173984256,ok
real_world_test100_seed20260906,mvmoe,20,RW_N20_K3_M16_I78.xlsx,78,1234,20260825,sample-1280,2941.083333333333,4889.166666666666,993.0000000000003,5435.0,0.16604040504898876,0.0,173984256,ok
real_world_test100_seed20260906,mvmoe,20,RW_N20_K3_M16_I79.xlsx,79,1234,20260825,sample-1280,2878.7500000000005,4928.333333333334,829.1666666666669,5440.0,0.16596456500701606,0.0,173984256,ok
real_world_test100_seed20260906,mvmoe,20,RW_N20_K3_M16_I80.xlsx,80,1234,20260825,sample-1280,2705.0833333333335,4636.666666666667,773.4999999999998,5140.0,0.16646832006517798,0.0,173984256,ok
real_world_test100_seed20260906,mvmoe,20,RW_N20_K3_M16_I81.xlsx,81,1234,20260825,sample-1280,2868.083333333334,4400.833333333334,1335.333333333334,4870.0,0.1661885839421302,4.547473508864641e-13,173984256,ok
real_world_test100_seed20260906,mvmoe,20,RW_N20_K3_M16_I82.xlsx,82,1234,20260825,sample-1280,3612.0833333333335,4978.333333333333,2245.833333333334,5535.0,0.1661599330836907,4.547473508864641e-13,173984256,ok
real_world_test100_seed20260906,mvmoe,20,RW_N20_K3_M16_I83.xlsx,83,1234,20260825,sample-1280,3447.583333333334,5289.166666666667,1606.0000000000007,5855.0,0.1661101640202105,0.0,173984256,ok
real_world_test100_seed20260906,mvmoe,20,RW_N20_K3_M16_I84.xlsx,84,1234,20260825,sample-1280,3361.416666666667,4971.666666666668,1751.1666666666663,5515.0,0.1662898319773376,0.0,173984256,ok
real_world_test100_seed20260906,mvmoe,20,RW_N20_K3_M16_I85.xlsx,85,1234,20260825,sample-1280,3661.3333333333335,5168.333333333333,2154.333333333334,5745.0,0.1663077319972217,4.547473508864641e-13,173984256,ok
real_world_test100_seed20260906,mvmoe,20,RW_N20_K3_M16_I86.xlsx,86,1234,20260825,sample-1280,2993.5,5026.666666666666,960.333333333334,5580.0,0.1661679029930383,0.0,173984256,ok
real_world_test100_seed20260906,mvmoe,20,RW_N20_K3_M16_I87.xlsx,87,1234,20260825,sample-1280,3302.083333333333,4789.166666666667,1814.9999999999995,5330.0,0.16597949503920972,9.094947017729282e-13,173984256,ok
real_world_test100_seed20260906,mvmoe,20,RW_N20_K3_M16_I88.xlsx,88,1234,20260825,sample-1280,2806.3333333333335,4853.333333333333,759.3333333333342,5350.0,0.16629634203854948,0.0,173984256,ok
real_world_test100_seed20260906,mvmoe,20,RW_N20_K3_M16_I89.xlsx,89,1234,20260825,sample-1280,3338.083333333334,4809.166666666668,1866.9999999999995,5330.0,0.16640152095351368,0.0,173984256,ok
real_world_test100_seed20260906,mvmoe,20,RW_N20_K3_M16_I90.xlsx,90,1234,20260825,sample-1280,2823.0000000000005,4722.5,923.5000000000008,5240.0,0.16616151295602322,4.547473508864641e-13,173984256,ok
real_world_test100_seed20260906,mvmoe,20,RW_N20_K3_M16_I91.xlsx,91,1234,20260825,sample-1280,3015.8333333333335,4668.333333333334,1363.3333333333328,5185.0,0.16662211797665805,0.0,173984256,ok
real_world_test100_seed20260906,mvmoe,20,RW_N20_K3_M16_I92.xlsx,92,1234,20260825,sample-1280,3228.1666666666665,4873.333333333333,1583.0,5405.0,0.16623483202420175,0.0,173984256,ok
real_world_test100_seed20260906,mvmoe,20,RW_N20_K3_M16_I93.xlsx,93,1234,20260825,sample-1280,3021.75,4714.166666666666,1329.333333333334,5255.0,0.166401801048778,4.547473508864641e-13,173984256,ok
real_world_test100_seed20260906,mvmoe,20,RW_N20_K3_M16_I94.xlsx,94,1234,20260825,sample-1280,2690.416666666668,4557.500000000001,823.3333333333344,5040.0,0.1740723759867251,9.094947017729282e-13,173984256,ok
real_world_test100_seed20260906,mvmoe,20,RW_N20_K3_M16_I95.xlsx,95,1234,20260825,sample-1280,3492.3333333333335,5146.666666666666,1838.0000000000011,5715.0,0.16668597795069218,0.0,173984256,ok
real_world_test100_seed20260906,mvmoe,20,RW_N20_K3_M16_I96.xlsx,96,1234,20260825,sample-1280,3056.3333333333335,4636.666666666666,1476.0000000000007,5170.0,0.16600893496070057,0.0,173984256,ok
real_world_test100_seed20260906,mvmoe,20,RW_N20_K3_M16_I97.xlsx,97,1234,20260825,sample-1280,3194.833333333334,4845.000000000001,1544.666666666667,5375.0,0.16643211094196886,4.547473508864641e-13,173984256,ok
real_world_test100_seed20260906,mvmoe,20,RW_N20_K3_M16_I98.xlsx,98,1234,20260825,sample-1280,3255.2500000000005,4896.666666666667,1613.8333333333337,5440.0,0.16616988298483193,0.0,173984256,ok
real_world_test100_seed20260906,mvmoe,20,RW_N20_K3_M16_I99.xlsx,99,1234,20260825,sample-1280,3001.666666666668,4844.166666666669,1159.166666666667,5365.0,0.16632390103768557,4.547473508864641e-13,173984256,ok
real_world_test100_seed20260906,mvmoe,20,RW_N20_K3_M16_I100.xlsx,100,1234,20260825,sample-1280,3013.3333333333335,4740.833333333333,1285.8333333333337,5255.0,0.16629468195606023,0.0,173984256,ok
real_world_test100_seed20260906,mvmoe,30,RW_N30_K3_M16_I1.xlsx,1,1234,20260825,sample-1280,4884.166666666668,7181.666666666667,2586.666666666668,8005.0,0.24946384504437447,0.0,210345984,ok
real_world_test100_seed20260906,mvmoe,30,RW_N30_K3_M16_I2.xlsx,2,1234,20260825,sample-1280,5354.416666666668,7285.000000000002,3423.833333333335,8140.0,0.24915698904078454,0.0,210345984,ok
real_world_test100_seed20260906,mvmoe,30,RW_N30_K3_M16_I3.xlsx,3,1234,20260825,sample-1280,4952.416666666667,7019.166666666666,2885.666666666668,7785.0,0.2491192090092227,0.0,210345984,ok
real_world_test100_seed20260906,mvmoe,30,RW_N30_K3_M16_I4.xlsx,4,1234,20260825,sample-1280,5401.666666666664,7260.833333333332,3542.4999999999973,8085.0,0.24954544508364052,0.0,210345984,ok
real_world_test100_seed20260906,mvmoe,30,RW_N30_K3_M16_I5.xlsx,5,1234,20260825,sample-1280,5075.583333333332,7475.83333333333,2675.333333333333,8290.0,0.24952880502678454,0.0,210345984,ok
real_world_test100_seed20260906,mvmoe,30,RW_N30_K3_M16_I6.xlsx,6,1234,20260825,sample-1280,4787.5,7102.499999999999,2472.500000000001,7945.0,0.2489227909827605,0.0,210345984,ok
real_world_test100_seed20260906,mvmoe,30,RW_N30_K3_M16_I7.xlsx,7,1234,20260825,sample-1280,5845.166666666668,7832.500000000001,3857.833333333334,8795.0,0.24909557902719826,0.0,210345984,ok
real_world_test100_seed20260906,mvmoe,30,RW_N30_K3_M16_I8.xlsx,8,1234,20260825,sample-1280,5260.750000000001,7653.333333333333,2868.166666666669,8535.0,0.24919696897268295,0.0,210345984,ok
real_world_test100_seed20260906,mvmoe,30,RW_N30_K3_M16_I9.xlsx,9,1234,20260825,sample-1280,5222.583333333332,7053.333333333332,3391.833333333333,7880.0,0.24929615703877062,0.0,210345984,ok
real_world_test100_seed20260906,mvmoe,30,RW_N30_K3_M16_I10.xlsx,10,1234,20260825,sample-1280,3907.0833333333335,6384.166666666666,1430.0000000000007,7150.0,0.24997778108809143,0.0,210345984,ok
real_world_test100_seed20260906,mvmoe,30,RW_N30_K3_M16_I11.xlsx,11,1234,20260825,sample-1280,4838.666666666666,7015.0,2662.333333333332,7845.0,0.24907456908840686,0.0,210345984,ok
real_world_test100_seed20260906,mvmoe,30,RW_N30_K3_M16_I12.xlsx,12,1234,20260825,sample-1280,5386.75,7215.0,3558.4999999999995,8045.0,0.24982962210197002,0.0,210345984,ok
real_world_test100_seed20260906,mvmoe,30,RW_N30_K3_M16_I13.xlsx,13,1234,20260825,sample-1280,4818.416666666666,6861.666666666666,2775.166666666666,7620.0,0.2499221209436655,0.0,210345984,ok
real_world_test100_seed20260906,mvmoe,30,RW_N30_K3_M16_I14.xlsx,14,1234,20260825,sample-1280,5392.166666666668,7610.000000000002,3174.3333333333344,8450.0,0.24909801897592843,0.0,210345984,ok
real_world_test100_seed20260906,mvmoe,30,RW_N30_K3_M16_I15.xlsx,15,1234,20260825,sample-1280,4983.5,7239.999999999999,2727.0,8025.0,0.24951644497923553,0.0,210345984,ok
real_world_test100_seed20260906,mvmoe,30,RW_N30_K3_M16_I16.xlsx,16,1234,20260825,sample-1280,4435.166666666665,6834.999999999999,2035.333333333332,7615.0,0.24964130308944732,9.094947017729282e-13,210345984,ok
real_world_test100_seed20260906,mvmoe,30,RW_N30_K3_M16_I17.xlsx,17,1234,20260825,sample-1280,5278.166666666666,7438.333333333333,3118.0,8260.0,0.24963817396201193,0.0,210345984,ok
real_world_test100_seed20260906,mvmoe,30,RW_N30_K3_M16_I18.xlsx,18,1234,20260825,sample-1280,5044.583333333333,7090.833333333332,2998.333333333334,7880.0,0.24946543504483998,9.094947017729282e-13,210345984,ok
real_world_test100_seed20260906,mvmoe,30,RW_N30_K3_M16_I19.xlsx,19,1234,20260825,sample-1280,5015.416666666667,6935.0,3095.8333333333335,7745.0,0.24978684191592038,0.0,210345984,ok
real_world_test100_seed20260906,mvmoe,30,RW_N30_K3_M16_I20.xlsx,20,1234,20260825,sample-1280,5350.916666666668,7284.166666666669,3417.666666666667,8145.0,0.24964078306220472,0.0,210345984,ok
real_world_test100_seed20260906,mvmoe,30,RW_N30_K3_M16_I21.xlsx,21,1234,20260825,sample-1280,4893.333333333335,7053.333333333335,2733.333333333335,7860.0,0.24931028694845736,0.0,210345984,ok
real_world_test100_seed20260906,mvmoe,30,RW_N30_K3_M16_I22.xlsx,22,1234,20260825,sample-1280,4881.5,6860.0,2903.0,7670.0,0.24932764610275626,0.0,210345984,ok
real_world_test100_seed20260906,mvmoe,30,RW_N30_K3_M16_I23.xlsx,23,1234,20260825,sample-1280,4929.333333333334,7259.166666666668,2599.500000000001,8065.0,0.24933922698255628,0.0,210345984,ok
real_world_test100_seed20260906,mvmoe,30,RW_N30_K3_M16_I24.xlsx,24,1234,20260825,sample-1280,4885.416666666666,7123.333333333333,2647.499999999998,7945.0,0.24895196000579745,9.094947017729282e-13,210345984,ok
real_world_test100_seed20260906,mvmoe,30,RW_N30_K3_M16_I25.xlsx,25,1234,20260825,sample-1280,4926.25,7205.0,2647.5,8035.0,0.24933656607754529,0.0,210345984,ok
real_world_test100_seed20260906,mvmoe,30,RW_N30_K3_M16_I26.xlsx,26,1234,20260825,sample-1280,5185.666666666667,7155.833333333333,3215.5000000000005,7995.0,0.2506993829738349,0.0,210345984,ok
real_world_test100_seed20260906,mvmoe,30,RW_N30_K3_M16_I27.xlsx,27,1234,20260825,sample-1280,5515.833333333334,7488.333333333333,3543.333333333334,8320.0,0.24955060402862728,0.0,210345984,ok
real_world_test100_seed20260906,mvmoe,30,RW_N30_K3_M16_I28.xlsx,28,1234,20260825,sample-1280,5327.5,7135.833333333335,3519.166666666666,7940.0,0.2509214309975505,0.0,210345984,ok
real_world_test100_seed20260906,mvmoe,30,RW_N30_K3_M16_I29.xlsx,29,1234,20260825,sample-1280,5588.083333333334,7564.166666666667,3612.000000000002,8415.0,0.2508060010150075,9.094947017729282e-13,210345984,ok
real_world_test100_seed20260906,mvmoe,30,RW_N30_K3_M16_I30.xlsx,30,1234,20260825,sample-1280,4921.666666666666,7093.333333333333,2750.0,7910.0,0.25166568404529244,0.0,210345984,ok
real_world_test100_seed20260906,mvmoe,30,RW_N30_K3_M16_I31.xlsx,31,1234,20260825,sample-1280,5249.166666666668,7645.000000000002,2853.333333333334,8515.0,0.2497976419981569,0.0,210345984,ok
real_world_test100_seed20260906,mvmoe,30,RW_N30_K3_M16_I32.xlsx,32,1234,20260825,sample-1280,4607.0,6917.499999999999,2296.5,7740.0,0.2485948730027303,0.0,210345984,ok
real_world_test100_seed20260906,mvmoe,30,RW_N30_K3_M16_I33.xlsx,33,1234,20260825,sample-1280,4939.5,6967.5,2911.5,7790.0,0.249055169057101,0.0,210345984,ok
real_world_test100_seed20260906,mvmoe,30,RW_N30_K3_M16_I34.xlsx,34,1234,20260825,sample-1280,4590.0,7166.666666666666,2013.3333333333342,7955.0,0.24926623597275466,0.0,210345984,ok
real_world_test100_seed20260906,mvmoe,30,RW_N30_K3_M16_I35.xlsx,35,1234,20260825,sample-1280,5757.666666666668,7363.333333333333,4152.000000000003,8215.0,0.25588297296781093,0.0,210345984,ok
real_world_test100_seed20260906,mvmoe,30,RW_N30_K3_M16_I36.xlsx,36,1234,20260825,sample-1280,4995.333333333334,7329.166666666666,2661.500000000002,8170.0,0.24948132399003953,0.0,210345984,ok
real_world_test100_seed20260906,mvmoe,30,RW_N30_K3_M16_I37.xlsx,37,1234,20260825,sample-1280,5588.666666666668,7535.833333333335,3641.500000000002,8405.0,0.2485952430870384,0.0,210345984,ok
real_world_test100_seed20260906,mvmoe,30,RW_N30_K3_M16_I38.xlsx,38,1234,20260825,sample-1280,4934.916666666668,7054.166666666668,2815.6666666666683,7875.0,0.24820072704460472,0.0,210345984,ok
real_world_test100_seed20260906,mvmoe,30,RW_N30_K3_M16_I39.xlsx,39,1234,20260825,sample-1280,5330.583333333334,7251.666666666667,3409.500000000001,8070.0,0.24863904202356935,0.0,210345984,ok
real_world_test100_seed20260906,mvmoe,30,RW_N30_K3_M16_I40.xlsx,40,1234,20260825,sample-1280,3678.9166666666665,6357.499999999999,1000.3333333333338,7080.0,0.2502366870176047,0.0,210345984,ok
real_world_test100_seed20260906,mvmoe,30,RW_N30_K3_M16_I41.xlsx,41,1234,20260825,sample-1280,4993.666666666668,6610.833333333334,3376.500000000001,7355.0,0.24954870308283716,9.094947017729282e-13,210345984,ok
real_world_test100_seed20260906,mvmoe,30,RW_N30_K3_M16_I42.xlsx,42,1234,20260825,sample-1280,4893.916666666667,7160.000000000001,2627.833333333333,7950.0,0.2527574230916798,9.094947017729282e-13,210345984,ok
real_world_test100_seed20260906,mvmoe,30,RW_N30_K3_M16_I43.xlsx,43,1234,20260825,sample-1280,4952.666666666667,7157.5,2747.833333333334,7960.0,0.2515144150238484,0.0,210345984,ok
real_world_test100_seed20260906,mvmoe,30,RW_N30_K3_M16_I44.xlsx,44,1234,20260825,sample-1280,5056.583333333334,7555.833333333334,2557.333333333333,8400.0,0.24986303003970534,0.0,210345984,ok
real_world_test100_seed20260906,mvmoe,30,RW_N30_K3_M16_I45.xlsx,45,1234,20260825,sample-1280,4890.999999999999,7189.999999999999,2591.9999999999995,8015.0,0.2572911980096251,9.094947017729282e-13,210345984,ok
real_world_test100_seed20260906,mvmoe,30,RW_N30_K3_M16_I46.xlsx,46,1234,20260825,sample-1280,4525.833333333334,7035.0,2016.666666666667,7800.0,0.25755616603419185,0.0,210345984,ok
real_world_test100_seed20260906,mvmoe,30,RW_N30_K3_M16_I47.xlsx,47,1234,20260825,sample-1280,4628.25,6980.833333333334,2275.6666666666665,7765.0,0.2583396789850667,0.0,210345984,ok
real_world_test100_seed20260906,mvmoe,30,RW_N30_K3_M16_I48.xlsx,48,1234,20260825,sample-1280,4646.583333333332,7099.166666666666,2193.999999999999,7900.0,0.2525750839849934,0.0,210345984,ok
real_world_test100_seed20260906,mvmoe,30,RW_N30_K3_M16_I49.xlsx,49,1234,20260825,sample-1280,4873.083333333334,7137.499999999999,2608.666666666668,7925.0,0.24883907998446375,9.094947017729282e-13,210345984,ok
real_world_test100_seed20260906,mvmoe,30,RW_N30_K3_M16_I50.xlsx,50,1234,20260825,sample-1280,5894.166666666667,7431.666666666667,4356.666666666667,8260.0,0.2492176160449162,0.0,210345984,ok
real_world_test100_seed20260906,mvmoe,30,RW_N30_K3_M16_I51.xlsx,51,1234,20260825,sample-1280,3925.916666666667,6589.166666666667,1262.6666666666672,7315.0,0.24920605693478137,0.0,210345984,ok
real_world_test100_seed20260906,mvmoe,30,RW_N30_K3_M16_I52.xlsx,52,1234,20260825,sample-1280,5023.583333333334,7039.166666666667,3008.0000000000005,7830.0,0.2510849379468709,0.0,210345984,ok
real_world_test100_seed20260906,mvmoe,30,RW_N30_K3_M16_I53.xlsx,53,1234,20260825,sample-1280,5059.083333333335,7642.500000000003,2475.666666666667,8485.0,0.2507958309724927,0.0,210345984,ok
real_world_test100_seed20260906,mvmoe,30,RW_N30_K3_M16_I54.xlsx,54,1234,20260825,sample-1280,4778.583333333334,6928.333333333334,2628.833333333333,7720.0,0.2518295800546184,0.0,210345984,ok
real_world_test100_seed20260906,mvmoe,30,RW_N30_K3_M16_I55.xlsx,55,1234,20260825,sample-1280,4789.75,7152.5,2426.9999999999995,7985.0,0.25176325102802366,0.0,210345984,ok
real_world_test100_seed20260906,mvmoe,30,RW_N30_K3_M16_I56.xlsx,56,1234,20260825,sample-1280,4629.416666666666,7051.666666666666,2207.166666666667,7870.0,0.2545304240193218,0.0,210345984,ok
real_world_test100_seed20260906,mvmoe,30,RW_N30_K3_M16_I57.xlsx,57,1234,20260825,sample-1280,4957.083333333333,7029.166666666667,2884.9999999999995,7830.0,0.2506036820122972,0.0,210345984,ok
real_world_test100_seed20260906,mvmoe,30,RW_N30_K3_M16_I58.xlsx,58,1234,20260825,sample-1280,4720.333333333334,7216.666666666667,2224.000000000001,8065.0,0.2527143320767209,0.0,210345984,ok
real_world_test100_seed20260906,mvmoe,30,RW_N30_K3_M16_I59.xlsx,59,1234,20260825,sample-1280,4704.0,7185.0,2223.000000000001,7995.0,0.25398792000487447,0.0,210345984,ok
real_world_test100_seed20260906,mvmoe,30,RW_N30_K3_M16_I60.xlsx,60,1234,20260825,sample-1280,4692.166666666668,6911.666666666668,2472.666666666668,7715.0,0.25282526097726077,0.0,210345984,ok
real_world_test100_seed20260906,mvmoe,30,RW_N30_K3_M16_I61.xlsx,61,1234,20260825,sample-1280,4661.916666666667,7148.333333333334,2175.5,7945.0,0.2553239270346239,9.094947017729282e-13,210345984,ok
real_world_test100_seed20260906,mvmoe,30,RW_N30_K3_M16_I62.xlsx,62,1234,20260825,sample-1280,4729.833333333334,7040.833333333334,2418.833333333333,7830.0,0.25697523006238043,0.0,210345984,ok
real_world_test100_seed20260906,mvmoe,30,RW_N30_K3_M16_I63.xlsx,63,1234,20260825,sample-1280,4896.583333333334,7299.166666666667,2494.000000000001,8115.0,0.24961524200625718,0.0,210345984,ok
real_world_test100_seed20260906,mvmoe,30,RW_N30_K3_M16_I64.xlsx,64,1234,20260825,sample-1280,6067.25,7338.333333333336,4796.166666666664,8185.0,0.24980538000818342,0.0,210345984,ok
real_world_test100_seed20260906,mvmoe,30,RW_N30_K3_M16_I65.xlsx,65,1234,20260825,sample-1280,5174.749999999999,7204.166666666667,3145.333333333331,8040.0,0.25565457297489047,9.094947017729282e-13,210345984,ok
real_world_test100_seed20260906,mvmoe,30,RW_N30_K3_M16_I66.xlsx,66,1234,20260825,sample-1280,5063.333333333333,7369.166666666665,2757.5000000000014,8245.0,0.2548173909308389,0.0,210345984,ok
real_world_test100_seed20260906,mvmoe,30,RW_N30_K3_M16_I67.xlsx,67,1234,20260825,sample-1280,4270.75,6884.999999999999,1656.5000000000002,7660.0,0.2545030739856884,0.0,210345984,ok
real_world_test100_seed20260906,mvmoe,30,RW_N30_K3_M16_I68.xlsx,68,1234,20260825,sample-1280,5037.416666666667,7160.833333333333,2914.000000000001,7975.0,0.2589786510216072,9.094947017729282e-13,210345984,ok
real_world_test100_seed20260906,mvmoe,30,RW_N30_K3_M16_I69.xlsx,69,1234,20260825,sample-1280,5391.500000000001,7715.000000000001,3068.000000000001,8575.0,0.2522473660064861,0.0,210345984,ok
real_world_test100_seed20260906,mvmoe,30,RW_N30_K3_M16_I70.xlsx,70,1234,20260825,sample-1280,4838.666666666668,7206.666666666667,2470.666666666668,8085.0,0.2540722080739215,0.0,210345984,ok
real_world_test100_seed20260906,mvmoe,30,RW_N30_K3_M16_I71.xlsx,71,1234,20260825,sample-1280,4328.583333333334,6852.500000000001,1804.666666666666,7635.0,0.2518327599391341,0.0,210345984,ok
real_world_test100_seed20260906,mvmoe,30,RW_N30_K3_M16_I72.xlsx,72,1234,20260825,sample-1280,4708.666666666666,7047.499999999999,2369.8333333333335,7865.0,0.25325525598600507,0.0,210345984,ok
real_world_test100_seed20260906,mvmoe,30,RW_N30_K3_M16_I73.xlsx,73,1234,20260825,sample-1280,4700.500000000001,6855.833333333335,2545.166666666667,7600.0,0.25529392599128187,0.0,210345984,ok
real_world_test100_seed20260906,mvmoe,30,RW_N30_K3_M16_I74.xlsx,74,1234,20260825,sample-1280,4163.833333333335,6889.166666666668,1438.5000000000011,7650.0,0.2538435710594058,0.0,210345984,ok
real_world_test100_seed20260906,mvmoe,30,RW_N30_K3_M16_I75.xlsx,75,1234,20260825,sample-1280,5553.833333333334,7357.5,3750.166666666667,8190.0,0.24996749800629914,0.0,210345984,ok
real_world_test100_seed20260906,mvmoe,30,RW_N30_K3_M16_I76.xlsx,76,1234,20260825,sample-1280,4930.166666666668,7145.833333333335,2714.500000000002,7995.0,0.2559298910200596,0.0,210345984,ok
real_world_test100_seed20260906,mvmoe,30,RW_N30_K3_M16_I77.xlsx,77,1234,20260825,sample-1280,4780.250000000002,7113.333333333335,2447.166666666668,7920.0,0.2537596320034936,1.8189894035458565e-12,210345984,ok
real_world_test100_seed20260906,mvmoe,30,RW_N30_K3_M16_I78.xlsx,78,1234,20260825,sample-1280,4793.749999999999,7195.833333333333,2391.6666666666656,7980.0,0.25341998401563615,9.094947017729282e-13,210345984,ok
real_world_test100_seed20260906,mvmoe,30,RW_N30_K3_M16_I79.xlsx,79,1234,20260825,sample-1280,4885.75,7160.833333333335,2610.666666666666,7980.0,0.2542007969459519,9.094947017729282e-13,210345984,ok
real_world_test100_seed20260906,mvmoe,30,RW_N30_K3_M16_I80.xlsx,80,1234,20260825,sample-1280,4971.500000000002,7235.833333333335,2707.166666666669,8035.0,0.25481493095867336,0.0,210345984,ok
real_world_test100_seed20260906,mvmoe,30,RW_N30_K3_M16_I81.xlsx,81,1234,20260825,sample-1280,5628.166666666668,7555.000000000003,3701.333333333334,8405.0,0.2555406530154869,0.0,210345984,ok
real_world_test100_seed20260906,mvmoe,30,RW_N30_K3_M16_I82.xlsx,82,1234,20260825,sample-1280,4889.333333333335,7280.000000000002,2498.666666666668,8125.0,0.2523108850000426,9.094947017729282e-13,210345984,ok
real_world_test100_seed20260906,mvmoe,30,RW_N30_K3_M16_I83.xlsx,83,1234,20260825,sample-1280,5326.583333333334,6994.999999999999,3658.166666666668,7810.0,0.2519203380215913,0.0,210345984,ok
real_world_test100_seed20260906,mvmoe,30,RW_N30_K3_M16_I84.xlsx,84,1234,20260825,sample-1280,4867.500000000002,7158.333333333335,2576.666666666669,8005.0,0.24903214699588716,0.0,210345984,ok
real_world_test100_seed20260906,mvmoe,30,RW_N30_K3_M16_I85.xlsx,85,1234,20260825,sample-1280,4829.25,7278.333333333333,2380.166666666666,8110.0,0.24867723998613656,0.0,210345984,ok
real_world_test100_seed20260906,mvmoe,30,RW_N30_K3_M16_I86.xlsx,86,1234,20260825,sample-1280,4758.666666666667,6869.999999999999,2647.3333333333344,7630.0,0.24968209106009454,9.094947017729282e-13,210345984,ok
real_world_test100_seed20260906,mvmoe,30,RW_N30_K3_M16_I87.xlsx,87,1234,20260825,sample-1280,4885.000000000001,7180.000000000001,2590.000000000001,7980.0,0.24955389206297696,0.0,210345984,ok
real_world_test100_seed20260906,mvmoe,30,RW_N30_K3_M16_I88.xlsx,88,1234,20260825,sample-1280,5018.75,7214.999999999999,2822.500000000001,8055.0,0.24935955402906984,0.0,210345984,ok
real_world_test100_seed20260906,mvmoe,30,RW_N30_K3_M16_I89.xlsx,89,1234,20260825,sample-1280,5079.499999999999,7164.166666666667,2994.833333333331,7955.0,0.253057157038711,0.0,210345984,ok
real_world_test100_seed20260906,mvmoe,30,RW_N30_K3_M16_I90.xlsx,90,1234,20260825,sample-1280,5389.083333333334,7649.166666666666,3129.0000000000014,8475.0,0.24894003698136657,0.0,210345984,ok
real_world_test100_seed20260906,mvmoe,30,RW_N30_K3_M16_I91.xlsx,91,1234,20260825,sample-1280,4698.833333333334,7078.333333333333,2319.333333333334,7885.0,0.24893292703200132,0.0,210345984,ok
real_world_test100_seed20260906,mvmoe,30,RW_N30_K3_M16_I92.xlsx,92,1234,20260825,sample-1280,3909.1666666666665,6598.333333333333,1220.0000000000002,7305.0,0.24891255795955658,0.0,210345984,ok
real_world_test100_seed20260906,mvmoe,30,RW_N30_K3_M16_I93.xlsx,93,1234,20260825,sample-1280,4512.083333333334,7017.500000000001,2006.6666666666672,7785.0,0.24888217798434198,0.0,210345984,ok
real_world_test100_seed20260906,mvmoe,30,RW_N30_K3_M16_I94.xlsx,94,1234,20260825,sample-1280,4290.0,6722.5,1857.4999999999995,7480.0,0.2492381549673155,9.094947017729282e-13,210345984,ok
real_world_test100_seed20260906,mvmoe,30,RW_N30_K3_M16_I95.xlsx,95,1234,20260825,sample-1280,5070.916666666666,7242.499999999999,2899.3333333333335,8040.0,0.24955323105677962,0.0,210345984,ok
real_world_test100_seed20260906,mvmoe,30,RW_N30_K3_M16_I96.xlsx,96,1234,20260825,sample-1280,6392.25,7645.0,5139.5,8540.0,0.24985342798754573,9.094947017729282e-13,210345984,ok
real_world_test100_seed20260906,mvmoe,30,RW_N30_K3_M16_I97.xlsx,97,1234,20260825,sample-1280,4151.75,6955.0,1348.4999999999993,7730.0,0.24855320097412914,0.0,210345984,ok
real_world_test100_seed20260906,mvmoe,30,RW_N30_K3_M16_I98.xlsx,98,1234,20260825,sample-1280,4171.333333333333,6753.333333333333,1589.3333333333333,7485.0,0.24827338405884802,0.0,210345984,ok
real_world_test100_seed20260906,mvmoe,30,RW_N30_K3_M16_I99.xlsx,99,1234,20260825,sample-1280,4659.5,6990.0,2329.000000000001,7800.0,0.24845818208996207,0.0,210345984,ok
real_world_test100_seed20260906,mvmoe,30,RW_N30_K3_M16_I100.xlsx,100,1234,20260825,sample-1280,4726.250000000001,7107.500000000001,2345.000000000001,7905.0,0.2547131710452959,9.094947017729282e-13,210345984,ok
real_world_test100_seed20260906,mvmoe,40,RW_N40_K3_M16_I1.xlsx,1,1234,20260825,sample-1280,6500.25,9129.166666666666,3871.333333333333,10165.0,0.3315484740305692,0.0,270191616,ok
real_world_test100_seed20260906,mvmoe,40,RW_N40_K3_M16_I2.xlsx,2,1234,20260825,sample-1280,5966.833333333333,9200.833333333332,2732.8333333333335,10285.0,0.33187488093972206,9.094947017729282e-13,270191616,ok
real_world_test100_seed20260906,mvmoe,40,RW_N40_K3_M16_I3.xlsx,3,1234,20260825,sample-1280,5889.333333333333,8942.5,2836.1666666666656,9960.0,0.33216425799764693,9.094947017729282e-13,270191616,ok
real_world_test100_seed20260906,mvmoe,40,RW_N40_K3_M16_I4.xlsx,4,1234,20260825,sample-1280,7240.416666666668,9749.999999999998,4730.833333333337,10835.0,0.34836629102937877,0.0,270191616,ok
real_world_test100_seed20260906,mvmoe,40,RW_N40_K3_M16_I5.xlsx,5,1234,20260825,sample-1280,6344.000000000002,9428.333333333334,3259.6666666666697,10490.0,0.33205849898513407,9.094947017729282e-13,270191616,ok
real_world_test100_seed20260906,mvmoe,40,RW_N40_K3_M16_I6.xlsx,6,1234,20260825,sample-1280,7637.166666666669,9630.833333333336,5643.500000000002,10730.0,0.33577703300397843,0.0,270191616,ok
real_world_test100_seed20260906,mvmoe,40,RW_N40_K3_M16_I7.xlsx,7,1234,20260825,sample-1280,6955.916666666666,9447.500000000002,4464.333333333331,10545.0,0.3324972749687731,0.0,270191616,ok
real_world_test100_seed20260906,mvmoe,40,RW_N40_K3_M16_I8.xlsx,8,1234,20260825,sample-1280,6361.5,9183.333333333334,3539.666666666667,10240.0,0.33633317693602294,9.094947017729282e-13,270191616,ok
real_world_test100_seed20260906,mvmoe,40,RW_N40_K3_M16_I9.xlsx,9,1234,20260825,sample-1280,5535.666666666664,8606.666666666664,2464.6666666666642,9610.0,0.33158067299518734,0.0,270191616,ok
real_world_test100_seed20260906,mvmoe,40,RW_N40_K3_M16_I10.xlsx,10,1234,20260825,sample-1280,7332.333333333334,9897.5,4767.166666666667,11065.0,0.3348313421010971,0.0,270191616,ok
real_world_test100_seed20260906,mvmoe,40,RW_N40_K3_M16_I11.xlsx,11,1234,20260825,sample-1280,5816.416666666668,9065.0,2567.833333333335,10055.0,0.3317012320039794,9.094947017729282e-13,270191616,ok
real_world_test100_seed20260906,mvmoe,40,RW_N40_K3_M16_I12.xlsx,12,1234,20260825,sample-1280,5383.333333333334,8543.333333333334,2223.333333333334,9510.0,0.33195084996987134,0.0,270191616,ok
real_world_test100_seed20260906,mvmoe,40,RW_N40_K3_M16_I13.xlsx,13,1234,20260825,sample-1280,5490.916666666666,8774.999999999998,2206.833333333334,9825.0,0.33502909005619586,0.0,270191616,ok
real_world_test100_seed20260906,mvmoe,40,RW_N40_K3_M16_I14.xlsx,14,1234,20260825,sample-1280,6779.416666666667,9250.833333333334,4308.0,10345.0,0.33227904594969004,9.094947017729282e-13,270191616,ok
real_world_test100_seed20260906,mvmoe,40,RW_N40_K3_M16_I15.xlsx,15,1234,20260825,sample-1280,7001.5,9775.000000000002,4227.999999999999,10905.0,0.3323293960420415,0.0,270191616,ok
real_world_test100_seed20260906,mvmoe,40,RW_N40_K3_M16_I16.xlsx,16,1234,20260825,sample-1280,5618.166666666666,8823.333333333334,2412.999999999998,9825.0,0.33238637493923306,0.0,270191616,ok
real_world_test100_seed20260906,mvmoe,40,RW_N40_K3_M16_I17.xlsx,17,1234,20260825,sample-1280,7199.083333333334,9509.166666666668,4888.999999999999,10575.0,0.33235726598650217,0.0,270191616,ok
real_world_test100_seed20260906,mvmoe,40,RW_N40_K3_M16_I18.xlsx,18,1234,20260825,sample-1280,6576.66666666667,9001.66666666667,4151.666666666669,10035.0,0.33295692899264395,0.0,270191616,ok
real_world_test100_seed20260906,mvmoe,40,RW_N40_K3_M16_I19.xlsx,19,1234,20260825,sample-1280,7099.166666666669,9074.16666666667,5124.166666666668,10145.0,0.3328722099540755,9.094947017729282e-13,270191616,ok
real_world_test100_seed20260906,mvmoe,40,RW_N40_K3_M16_I20.xlsx,20,1234,20260825,sample-1280,6608.583333333332,9257.499999999998,3959.666666666667,10295.0,0.33306848898064345,9.094947017729282e-13,270191616,ok
real_world_test100_seed20260906,mvmoe,40,RW_N40_K3_M16_I21.xlsx,21,1234,20260825,sample-1280,6650.916666666668,9300.000000000002,4001.833333333333,10340.0,0.3323974050581455,0.0,270191616,ok
real_world_test100_seed20260906,mvmoe,40,RW_N40_K3_M16_I22.xlsx,22,1234,20260825,sample-1280,6997.083333333335,9816.666666666668,4177.500000000002,10910.0,0.33204949798528105,9.094947017729282e-13,270191616,ok
real_world_test100_seed20260906,mvmoe,40,RW_N40_K3_M16_I23.xlsx,23,1234,20260825,sample-1280,5478.750000000002,8868.333333333336,2089.166666666667,9895.0,0.3318644299870357,0.0,270191616,ok
real_world_test100_seed20260906,mvmoe,40,RW_N40_K3_M16_I24.xlsx,24,1234,20260825,sample-1280,7597.5,9306.666666666668,5888.333333333333,10385.0,0.3319953780155629,0.0,270191616,ok
real_world_test100_seed20260906,mvmoe,40,RW_N40_K3_M16_I25.xlsx,25,1234,20260825,sample-1280,7421.750000000002,9228.333333333334,5615.166666666669,10355.0,0.33256758307106793,0.0,270191616,ok
real_world_test100_seed20260906,mvmoe,40,RW_N40_K3_M16_I26.xlsx,26,1234,20260825,sample-1280,7560.916666666666,9405.833333333332,5715.999999999999,10520.0,0.33197034802287817,0.0,270191616,ok
real_world_test100_seed20260906,mvmoe,40,RW_N40_K3_M16_I27.xlsx,27,1234,20260825,sample-1280,5965.083333333334,8815.833333333334,3114.3333333333344,9815.0,0.33223619603086263,0.0,270191616,ok
real_world_test100_seed20260906,mvmoe,40,RW_N40_K3_M16_I28.xlsx,28,1234,20260825,sample-1280,6558.333333333332,8993.333333333332,4123.333333333333,10040.0,0.33259210200048983,0.0,270191616,ok
real_world_test100_seed20260906,mvmoe,40,RW_N40_K3_M16_I29.xlsx,29,1234,20260825,sample-1280,6508.416666666666,9534.166666666664,3482.666666666667,10595.0,0.3326182420132682,0.0,270191616,ok
real_world_test100_seed20260906,mvmoe,40,RW_N40_K3_M16_I30.xlsx,30,1234,20260825,sample-1280,7408.249999999998,9722.499999999998,5093.999999999998,10850.0,0.33248060301411897,9.094947017729282e-13,270191616,ok
real_world_test100_seed20260906,mvmoe,40,RW_N40_K3_M16_I31.xlsx,31,1234,20260825,sample-1280,6849.333333333334,9559.166666666666,4139.500000000001,10645.0,0.3318109200336039,9.094947017729282e-13,270191616,ok
real_world_test100_seed20260906,mvmoe,40,RW_N40_K3_M16_I32.xlsx,32,1234,20260825,sample-1280,7100.583333333334,9665.0,4536.166666666668,10675.0,0.33236565499100834,0.0,270191616,ok
real_world_test100_seed20260906,mvmoe,40,RW_N40_K3_M16_I33.xlsx,33,1234,20260825,sample-1280,6978.500000000002,9745.000000000002,4212.000000000002,10865.0,0.33241131401155144,0.0,270191616,ok
real_world_test100_seed20260906,mvmoe,40,RW_N40_K3_M16_I34.xlsx,34,1234,20260825,sample-1280,6116.416666666668,8919.166666666668,3313.6666666666683,9955.0,0.33547427400480956,9.094947017729282e-13,270191616,ok
real_world_test100_seed20260906,mvmoe,40,RW_N40_K3_M16_I35.xlsx,35,1234,20260825,sample-1280,6274.0,9252.5,3295.500000000001,10295.0,0.3468270240118727,0.0,270191616,ok
real_world_test100_seed20260906,mvmoe,40,RW_N40_K3_M16_I36.xlsx,36,1234,20260825,sample-1280,6583.666666666665,9562.499999999998,3604.8333333333317,10615.0,0.3322070250287652,9.094947017729282e-13,270191616,ok
real_world_test100_seed20260906,mvmoe,40,RW_N40_K3_M16_I37.xlsx,37,1234,20260825,sample-1280,5866.0,8860.833333333332,2871.166666666667,9895.0,0.33252809301484376,0.0,270191616,ok
real_world_test100_seed20260906,mvmoe,40,RW_N40_K3_M16_I38.xlsx,38,1234,20260825,sample-1280,7075.500000000001,9456.66666666667,4694.333333333332,10525.0,0.33214958594180644,0.0,270191616,ok
real_world_test100_seed20260906,mvmoe,40,RW_N40_K3_M16_I39.xlsx,39,1234,20260825,sample-1280,5632.75,8642.5,2622.9999999999995,9625.0,0.33276976994238794,0.0,270191616,ok
real_world_test100_seed20260906,mvmoe,40,RW_N40_K3_M16_I40.xlsx,40,1234,20260825,sample-1280,6165.416666666664,9141.666666666664,3189.166666666665,10210.0,0.33290533802937716,0.0,270191616,ok
real_world_test100_seed20260906,mvmoe,40,RW_N40_K3_M16_I41.xlsx,41,1234,20260825,sample-1280,6894.41666666667,9283.333333333336,4505.500000000003,10350.0,0.33266128099057823,1.8189894035458565e-12,270191616,ok
real_world_test100_seed20260906,mvmoe,40,RW_N40_K3_M16_I42.xlsx,42,1234,20260825,sample-1280,6991.000000000002,9595.000000000002,4387.000000000002,10665.0,0.33223048492800444,0.0,270191616,ok
real_world_test100_seed20260906,mvmoe,40,RW_N40_K3_M16_I43.xlsx,43,1234,20260825,sample-1280,6460.5,8899.999999999998,4021.000000000002,9900.0,0.3406786429695785,0.0,270191616,ok
real_world_test100_seed20260906,mvmoe,40,RW_N40_K3_M16_I44.xlsx,44,1234,20260825,sample-1280,6125.75,9052.500000000002,3198.999999999998,10085.0,0.3322277549887076,0.0,270191616,ok
real_world_test100_seed20260906,mvmoe,40,RW_N40_K3_M16_I45.xlsx,45,1234,20260825,sample-1280,6013.666666666666,8970.0,3057.3333333333326,10000.0,0.33286355901509523,0.0,270191616,ok
real_world_test100_seed20260906,mvmoe,40,RW_N40_K3_M16_I46.xlsx,46,1234,20260825,sample-1280,7144.416666666671,9285.833333333338,5003.000000000004,10375.0,0.33241558296140283,9.094947017729282e-13,270191616,ok
real_world_test100_seed20260906,mvmoe,40,RW_N40_K3_M16_I47.xlsx,47,1234,20260825,sample-1280,6508.333333333336,9251.666666666668,3765.0000000000027,10300.0,0.3324614829616621,0.0,270191616,ok
real_world_test100_seed20260906,mvmoe,40,RW_N40_K3_M16_I48.xlsx,48,1234,20260825,sample-1280,6261.749999999999,9184.166666666666,3339.333333333332,10265.0,0.3322881639469415,9.094947017729282e-13,270191616,ok
real_world_test100_seed20260906,mvmoe,40,RW_N40_K3_M16_I49.xlsx,49,1234,20260825,sample-1280,7674.416666666666,9629.166666666666,5719.666666666666,10780.0,0.3322514849714935,9.094947017729282e-13,270191616,ok
real_world_test100_seed20260906,mvmoe,40,RW_N40_K3_M16_I50.xlsx,50,1234,20260825,sample-1280,6376.416666666666,9546.666666666666,3206.166666666666,10595.0,0.3324008729541674,0.0,270191616,ok
real_world_test100_seed20260906,mvmoe,40,RW_N40_K3_M16_I51.xlsx,51,1234,20260825,sample-1280,5872.583333333336,8935.000000000002,2810.1666666666697,9960.0,0.3325992110185325,0.0,270191616,ok
real_world_test100_seed20260906,mvmoe,40,RW_N40_K3_M16_I52.xlsx,52,1234,20260825,sample-1280,5898.416666666668,9217.5,2579.3333333333353,10325.0,0.3323173630051315,9.094947017729282e-13,270191616,ok
real_world_test100_seed20260906,mvmoe,40,RW_N40_K3_M16_I53.xlsx,53,1234,20260825,sample-1280,7376.916666666666,9142.5,5611.333333333331,10230.0,0.3324042229214683,0.0,270191616,ok
real_world_test100_seed20260906,mvmoe,40,RW_N40_K3_M16_I54.xlsx,54,1234,20260825,sample-1280,6551.583333333335,9064.166666666666,4039.000000000003,10145.0,0.3322060949867591,9.094947017729282e-13,270191616,ok
real_world_test100_seed20260906,mvmoe,40,RW_N40_K3_M16_I55.xlsx,55,1234,20260825,sample-1280,6226.333333333334,9367.500000000002,3085.166666666667,10485.0,0.33895371900871396,0.0,270191616,ok
real_world_test100_seed20260906,mvmoe,40,RW_N40_K3_M16_I56.xlsx,56,1234,20260825,sample-1280,6726.749999999998,9416.666666666666,4036.8333333333308,10500.0,0.3341663850005716,0.0,270191616,ok
real_world_test100_seed20260906,mvmoe,40,RW_N40_K3_M16_I57.xlsx,57,1234,20260825,sample-1280,8073.249999999998,9675.833333333334,6470.666666666663,10820.0,0.33459819096606225,1.8189894035458565e-12,270191616,ok
real_world_test100_seed20260906,mvmoe,40,RW_N40_K3_M16_I58.xlsx,58,1234,20260825,sample-1280,7418.166666666668,9455.0,5381.333333333336,10560.0,0.3344807130051777,1.8189894035458565e-12,270191616,ok
real_world_test100_seed20260906,mvmoe,40,RW_N40_K3_M16_I59.xlsx,59,1234,20260825,sample-1280,6603.166666666666,9516.666666666664,3689.666666666667,10615.0,0.3336000399431214,9.094947017729282e-13,270191616,ok
real_world_test100_seed20260906,mvmoe,40,RW_N40_K3_M16_I60.xlsx,60,1234,20260825,sample-1280,6674.249999999999,9177.499999999998,4171.0,10250.0,0.3355974609730765,9.094947017729282e-13,270191616,ok
real_world_test100_seed20260906,mvmoe,40,RW_N40_K3_M16_I61.xlsx,61,1234,20260825,sample-1280,7856.75,9622.500000000002,6090.999999999999,10770.0,0.3328432379057631,0.0,270191616,ok
real_world_test100_seed20260906,mvmoe,40,RW_N40_K3_M16_I62.xlsx,62,1234,20260825,sample-1280,5456.749999999999,8720.833333333332,2192.6666666666656,9720.0,0.33244142192415893,9.094947017729282e-13,270191616,ok
real_world_test100_seed20260906,mvmoe,40,RW_N40_K3_M16_I63.xlsx,63,1234,20260825,sample-1280,7792.500000000001,9719.166666666666,5865.833333333336,10845.0,0.33291280700359493,0.0,270191616,ok
real_world_test100_seed20260906,mvmoe,40,RW_N40_K3_M16_I64.xlsx,64,1234,20260825,sample-1280,6757.333333333332,9459.999999999998,4054.6666666666656,10585.0,0.33229477307759225,0.0,270191616,ok
real_world_test100_seed20260906,mvmoe,40,RW_N40_K3_M16_I65.xlsx,65,1234,20260825,sample-1280,6985.416666666668,9710.0,4260.833333333336,10830.0,0.33207677491009235,0.0,270191616,ok
real_world_test100_seed20260906,mvmoe,40,RW_N40_K3_M16_I66.xlsx,66,1234,20260825,sample-1280,6259.333333333332,9001.666666666664,3517.000000000001,10030.0,0.33276302902959287,0.0,270191616,ok
real_world_test100_seed20260906,mvmoe,40,RW_N40_K3_M16_I67.xlsx,67,1234,20260825,sample-1280,7762.916666666667,9879.166666666668,5646.666666666666,11050.0,0.33303014596458524,9.094947017729282e-13,270191616,ok
real_world_test100_seed20260906,mvmoe,40,RW_N40_K3_M16_I68.xlsx,68,1234,20260825,sample-1280,5794.250000000001,9155.833333333334,2432.666666666668,10190.0,0.3326630489900708,0.0,270191616,ok
real_world_test100_seed20260906,mvmoe,40,RW_N40_K3_M16_I69.xlsx,69,1234,20260825,sample-1280,6625.833333333331,9231.666666666666,4019.999999999997,10320.0,0.33298209600616246,9.094947017729282e-13,270191616,ok
real_world_test100_seed20260906,mvmoe,40,RW_N40_K3_M16_I70.xlsx,70,1234,20260825,sample-1280,6506.000000000002,9432.500000000002,3579.500000000001,10530.0,0.3325105709955096,0.0,270191616,ok
real_world_test100_seed20260906,mvmoe,40,RW_N40_K3_M16_I71.xlsx,71,1234,20260825,sample-1280,6916.083333333336,9495.000000000002,4337.166666666669,10650.0,0.3319440659834072,0.0,270191616,ok
real_world_test100_seed20260906,mvmoe,40,RW_N40_K3_M16_I72.xlsx,72,1234,20260825,sample-1280,5945.333333333334,8914.166666666666,2976.500000000002,9935.0,0.3321144350338727,0.0,270191616,ok
real_world_test100_seed20260906,mvmoe,40,RW_N40_K3_M16_I73.xlsx,73,1234,20260825,sample-1280,6571.000000000002,8959.16666666667,4182.833333333334,10020.0,0.33361367997713387,9.094947017729282e-13,270191616,ok
real_world_test100_seed20260906,mvmoe,40,RW_N40_K3_M16_I74.xlsx,74,1234,20260825,sample-1280,7124.916666666667,9384.166666666668,4865.666666666666,10460.0,0.3338372280122712,9.094947017729282e-13,270191616,ok
real_world_test100_seed20260906,mvmoe,40,RW_N40_K3_M16_I75.xlsx,75,1234,20260825,sample-1280,6954.333333333332,9544.166666666666,4364.499999999999,10610.0,0.3333803020650521,1.8189894035458565e-12,270191616,ok
real_world_test100_seed20260906,mvmoe,40,RW_N40_K3_M16_I76.xlsx,76,1234,20260825,sample-1280,6927.666666666666,9415.833333333336,4439.499999999996,10525.0,0.3341143650468439,9.094947017729282e-13,270191616,ok
real_world_test100_seed20260906,mvmoe,40,RW_N40_K3_M16_I77.xlsx,77,1234,20260825,sample-1280,6108.000000000001,8630.833333333332,3585.16666666667,9600.0,0.33581148798111826,9.094947017729282e-13,270191616,ok
real_world_test100_seed20260906,mvmoe,40,RW_N40_K3_M16_I78.xlsx,78,1234,20260825,sample-1280,7321.916666666668,9839.16666666667,4804.666666666666,10975.0,0.3361229950096458,9.094947017729282e-13,270191616,ok
real_world_test100_seed20260906,mvmoe,40,RW_N40_K3_M16_I79.xlsx,79,1234,20260825,sample-1280,8162.083333333335,10024.166666666666,6300.000000000004,11205.0,0.33478260796982795,9.094947017729282e-13,270191616,ok
real_world_test100_seed20260906,mvmoe,40,RW_N40_K3_M16_I80.xlsx,80,1234,20260825,sample-1280,6964.25,9455.833333333332,4472.666666666667,10520.0,0.33510936493985355,0.0,270191616,ok
real_world_test100_seed20260906,mvmoe,40,RW_N40_K3_M16_I81.xlsx,81,1234,20260825,sample-1280,7963.166666666669,10123.333333333336,5803.000000000002,11330.0,0.3345348699949682,0.0,270191616,ok
real_world_test100_seed20260906,mvmoe,40,RW_N40_K3_M16_I82.xlsx,82,1234,20260825,sample-1280,6686.333333333335,9247.500000000002,4125.166666666668,10305.0,0.3358327579917386,0.0,270191616,ok
real_world_test100_seed20260906,mvmoe,40,RW_N40_K3_M16_I83.xlsx,83,1234,20260825,sample-1280,6701.916666666667,9671.666666666668,3732.1666666666656,10775.0,0.3324560900218785,0.0,270191616,ok
real_world_test100_seed20260906,mvmoe,40,RW_N40_K3_M16_I84.xlsx,84,1234,20260825,sample-1280,7333.750000000001,9313.333333333336,5354.166666666666,10390.0,0.33304227399639785,9.094947017729282e-13,270191616,ok
real_world_test100_seed20260906,mvmoe,40,RW_N40_K3_M16_I85.xlsx,85,1234,20260825,sample-1280,6062.166666666666,8782.5,3341.833333333333,9825.0,0.3330210039857775,1.8189894035458565e-12,270191616,ok
real_world_test100_seed20260906,mvmoe,40,RW_N40_K3_M16_I86.xlsx,86,1234,20260825,sample-1280,6411.5,9365.833333333334,3457.166666666666,10460.0,0.3327718680957332,0.0,270191616,ok
real_world_test100_seed20260906,mvmoe,40,RW_N40_K3_M16_I87.xlsx,87,1234,20260825,sample-1280,7169.416666666668,9630.833333333334,4708.000000000003,10685.0,0.332694408018142,0.0,270191616,ok
real_world_test100_seed20260906,mvmoe,40,RW_N40_K3_M16_I88.xlsx,88,1234,20260825,sample-1280,6758.0,9470.0,4046.0,10480.0,0.3328574359184131,0.0,270191616,ok
real_world_test100_seed20260906,mvmoe,40,RW_N40_K3_M16_I89.xlsx,89,1234,20260825,sample-1280,6793.833333333332,9634.166666666666,3953.499999999999,10730.0,0.33274056704249233,1.8189894035458565e-12,270191616,ok
real_world_test100_seed20260906,mvmoe,40,RW_N40_K3_M16_I90.xlsx,90,1234,20260825,sample-1280,6326.666666666668,9211.666666666666,3441.666666666669,10280.0,0.334226842969656,0.0,270191616,ok
real_world_test100_seed20260906,mvmoe,40,RW_N40_K3_M16_I91.xlsx,91,1234,20260825,sample-1280,7250.833333333332,9486.666666666664,5014.999999999999,10585.0,0.3329873139737174,9.094947017729282e-13,270191616,ok
real_world_test100_seed20260906,mvmoe,40,RW_N40_K3_M16_I92.xlsx,92,1234,20260825,sample-1280,5640.833333333334,8890.833333333334,2390.833333333335,9945.0,0.3331739620771259,0.0,270191616,ok
real_world_test100_seed20260906,mvmoe,40,RW_N40_K3_M16_I93.xlsx,93,1234,20260825,sample-1280,6381.083333333334,9211.666666666664,3550.500000000003,10255.0,0.33285136602353305,0.0,270191616,ok
real_world_test100_seed20260906,mvmoe,40,RW_N40_K3_M16_I94.xlsx,94,1234,20260825,sample-1280,7390.000000000002,9577.5,5202.500000000004,10690.0,0.3426919300109148,9.094947017729282e-13,270191616,ok
real_world_test100_seed20260906,mvmoe,40,RW_N40_K3_M16_I95.xlsx,95,1234,20260825,sample-1280,8023.333333333334,9661.666666666666,6385.000000000003,10800.0,0.33258580800611526,0.0,270191616,ok
real_world_test100_seed20260906,mvmoe,40,RW_N40_K3_M16_I96.xlsx,96,1234,20260825,sample-1280,6009.25,9055.0,2963.499999999999,10125.0,0.3332168320193887,0.0,270191616,ok
real_world_test100_seed20260906,mvmoe,40,RW_N40_K3_M16_I97.xlsx,97,1234,20260825,sample-1280,7661.083333333332,9521.666666666666,5800.499999999997,10620.0,0.33588466700166464,0.0,270191616,ok
real_world_test100_seed20260906,mvmoe,40,RW_N40_K3_M16_I98.xlsx,98,1234,20260825,sample-1280,8161.916666666668,9455.833333333334,6868.000000000002,10560.0,0.33231622097082436,0.0,270191616,ok
real_world_test100_seed20260906,mvmoe,40,RW_N40_K3_M16_I99.xlsx,99,1234,20260825,sample-1280,8266.749999999998,9964.166666666666,6569.33333333333,11120.0,0.3359889149433002,0.0,270191616,ok
real_world_test100_seed20260906,mvmoe,40,RW_N40_K3_M16_I100.xlsx,100,1234,20260825,sample-1280,7408.833333333332,9190.0,5627.666666666664,10255.0,0.3332878319779411,0.0,270191616,ok
real_world_test100_seed20260906,hdrl,10,RW_N10_K3_M16_I1.xlsx,1,1234,20260825,sample-1280,1586.0000000000002,2493.3333333333335,678.6666666666669,2715.0,0.061760889017023146,0.0,380256256,ok
real_world_test100_seed20260906,hdrl,10,RW_N10_K3_M16_I2.xlsx,2,1234,20260825,sample-1280,1623.0833333333335,2454.166666666667,792.0,2690.0,0.0616140509955585,0.0,380256256,ok
real_world_test100_seed20260906,hdrl,10,RW_N10_K3_M16_I3.xlsx,3,1234,20260825,sample-1280,1907.1666666666667,2712.5,1101.8333333333335,3010.0,0.062397953937761486,0.0,380256256,ok
real_world_test100_seed20260906,hdrl,10,RW_N10_K3_M16_I4.xlsx,4,1234,20260825,sample-1280,1697.3333333333335,2526.666666666667,868.0,2795.0,0.06187562900595367,0.0,380256256,ok
real_world_test100_seed20260906,hdrl,10,RW_N10_K3_M16_I5.xlsx,5,1234,20260825,sample-1280,1854.8333333333335,2532.5000000000005,1177.1666666666667,2775.0,0.06153811200056225,0.0,380256256,ok
real_world_test100_seed20260906,hdrl,10,RW_N10_K3_M16_I6.xlsx,6,1234,20260825,sample-1280,1374.2500000000002,2203.3333333333335,545.1666666666669,2435.0,0.06150347203947604,0.0,380256256,ok
real_world_test100_seed20260906,hdrl,10,RW_N10_K3_M16_I7.xlsx,7,1234,20260825,sample-1280,1709.75,2660.0,759.5,2935.0,0.06269215105567127,0.0,380256256,ok
real_world_test100_seed20260906,hdrl,10,RW_N10_K3_M16_I8.xlsx,8,1234,20260825,sample-1280,1464.5000000000002,2479.166666666667,449.8333333333335,2735.0,0.06408209691289812,0.0,380256256,ok
real_world_test100_seed20260906,hdrl,10,RW_N10_K3_M16_I9.xlsx,9,1234,20260825,sample-1280,1566.3333333333335,2433.3333333333335,699.3333333333334,2695.0,0.06162307097110897,0.0,380256256,ok
real_world_test100_seed20260906,hdrl,10,RW_N10_K3_M16_I10.xlsx,10,1234,20260825,sample-1280,1375.166666666667,2392.5000000000005,357.8333333333334,2650.0,0.0632327749626711,0.0,380256256,ok
real_world_test100_seed20260906,hdrl,10,RW_N10_K3_M16_I11.xlsx,11,1234,20260825,sample-1280,1485.0833333333335,2357.5,612.666666666667,2610.0,0.06202548695728183,0.0,380256256,ok
real_world_test100_seed20260906,hdrl,10,RW_N10_K3_M16_I12.xlsx,12,1234,20260825,sample-1280,1158.3333333333333,2074.1666666666665,242.5000000000001,2265.0,0.06401900795754045,0.0,380256256,ok
real_world_test100_seed20260906,hdrl,10,RW_N10_K3_M16_I13.xlsx,13,1234,20260825,sample-1280,1436.0833333333335,2445.8333333333335,426.33333333333337,2690.0,0.06353816296905279,0.0,380256256,ok
real_world_test100_seed20260906,hdrl,10,RW_N10_K3_M16_I14.xlsx,14,1234,20260825,sample-1280,1379.0,2340.8333333333335,417.16666666666663,2540.0,0.061432173009961843,0.0,380256256,ok
real_world_test100_seed20260906,hdrl,10,RW_N10_K3_M16_I15.xlsx,15,1234,20260825,sample-1280,1408.916666666667,2228.333333333334,589.5,2455.0,0.06422235595528036,2.2737367544323206e-13,380256256,ok
real_world_test100_seed20260906,hdrl,10,RW_N10_K3_M16_I16.xlsx,16,1234,20260825,sample-1280,1472.1666666666667,2238.3333333333335,706.0000000000001,2480.0,0.06384717905893922,0.0,380256256,ok
real_world_test100_seed20260906,hdrl,10,RW_N10_K3_M16_I17.xlsx,17,1234,20260825,sample-1280,1873.2500000000005,2752.5000000000005,994.0000000000002,3045.0,0.06364267109893262,0.0,380256256,ok
real_world_test100_seed20260906,hdrl,10,RW_N10_K3_M16_I18.xlsx,18,1234,20260825,sample-1280,1307.0833333333333,2238.333333333333,375.83333333333337,2415.0,0.06329622503835708,0.0,380256256,ok
real_world_test100_seed20260906,hdrl,10,RW_N10_K3_M16_I19.xlsx,19,1234,20260825,sample-1280,1638.9166666666667,2573.3333333333335,704.5000000000001,2860.0,0.0631731259636581,0.0,380256256,ok
real_world_test100_seed20260906,hdrl,10,RW_N10_K3_M16_I20.xlsx,20,1234,20260825,sample-1280,1384.6666666666667,2220.0,549.3333333333334,2440.0,0.06440039398148656,0.0,380256256,ok
real_world_test100_seed20260906,hdrl,10,RW_N10_K3_M16_I21.xlsx,21,1234,20260825,sample-1280,1495.1666666666667,2352.5,637.8333333333335,2590.0,0.06361101102083921,0.0,380256256,ok
real_world_test100_seed20260906,hdrl,10,RW_N10_K3_M16_I22.xlsx,22,1234,20260825,sample-1280,1642.4166666666667,2428.3333333333335,856.5,2655.0,0.06400558806490153,0.0,380256256,ok
real_world_test100_seed20260906,hdrl,10,RW_N10_K3_M16_I23.xlsx,23,1234,20260825,sample-1280,1594.5000000000005,2528.333333333334,660.666666666667,2780.0,0.06368749996181577,2.2737367544323206e-13,380256256,ok
real_world_test100_seed20260906,hdrl,10,RW_N10_K3_M16_I24.xlsx,24,1234,20260825,sample-1280,1369.5833333333335,2176.666666666667,562.5,2380.0,0.06324315501842648,2.2737367544323206e-13,380256256,ok
real_world_test100_seed20260906,hdrl,10,RW_N10_K3_M16_I25.xlsx,25,1234,20260825,sample-1280,1607.5000000000002,2522.5000000000005,692.5,2790.0,0.07440671697258949,0.0,380256256,ok
real_world_test100_seed20260906,hdrl,10,RW_N10_K3_M16_I26.xlsx,26,1234,20260825,sample-1280,1352.9166666666665,2354.1666666666665,351.66666666666674,2555.0,0.06456398207228631,0.0,380256256,ok
real_world_test100_seed20260906,hdrl,10,RW_N10_K3_M16_I27.xlsx,27,1234,20260825,sample-1280,1481.25,2377.5,585.0,2610.0,0.06392291898373514,0.0,380256256,ok
real_world_test100_seed20260906,hdrl,10,RW_N10_K3_M16_I28.xlsx,28,1234,20260825,sample-1280,1424.416666666667,2452.5000000000005,396.3333333333336,2700.0,0.06429398397449404,2.2737367544323206e-13,380256256,ok
real_world_test100_seed20260906,hdrl,10,RW_N10_K3_M16_I29.xlsx,29,1234,20260825,sample-1280,1886.4166666666667,2727.5,1045.3333333333335,2990.0,0.06152364192530513,2.2737367544323206e-13,380256256,ok
real_world_test100_seed20260906,hdrl,10,RW_N10_K3_M16_I30.xlsx,30,1234,20260825,sample-1280,1097.75,1932.4999999999998,263.0000000000001,2140.0,0.061409962945617735,0.0,380256256,ok
real_world_test100_seed20260906,hdrl,10,RW_N10_K3_M16_I31.xlsx,31,1234,20260825,sample-1280,1361.6666666666665,2245.833333333333,477.50000000000017,2450.0,0.06175763008650392,0.0,380256256,ok
real_world_test100_seed20260906,hdrl,10,RW_N10_K3_M16_I32.xlsx,32,1234,20260825,sample-1280,1826.0000000000005,2677.5000000000005,974.5000000000003,2945.0,0.061747319996356964,0.0,380256256,ok
real_world_test100_seed20260906,hdrl,10,RW_N10_K3_M16_I33.xlsx,33,1234,20260825,sample-1280,1733.2500000000002,2663.333333333334,803.1666666666666,2920.0,0.06262629106640816,0.0,380256256,ok
real_world_test100_seed20260906,hdrl,10,RW_N10_K3_M16_I34.xlsx,34,1234,20260825,sample-1280,1280.6666666666667,2383.3333333333335,178.0,2625.0,0.0616492610424757,0.0,380256256,ok
real_world_test100_seed20260906,hdrl,10,RW_N10_K3_M16_I35.xlsx,35,1234,20260825,sample-1280,1409.5833333333335,2285.0000000000005,534.1666666666666,2465.0,0.061724459985271096,0.0,380256256,ok
real_world_test100_seed20260906,hdrl,10,RW_N10_K3_M16_I36.xlsx,36,1234,20260825,sample-1280,1546.5833333333335,2542.5,550.6666666666667,2805.0,0.06170564005151391,0.0,380256256,ok
real_world_test100_seed20260906,hdrl,10,RW_N10_K3_M16_I37.xlsx,37,1234,20260825,sample-1280,1418.416666666667,2369.166666666667,467.66666666666686,2620.0,0.06140007299836725,0.0,380256256,ok
real_world_test100_seed20260906,hdrl,10,RW_N10_K3_M16_I38.xlsx,38,1234,20260825,sample-1280,1433.666666666667,2174.166666666667,693.1666666666669,2415.0,0.06137177301570773,0.0,380256256,ok
real_world_test100_seed20260906,hdrl,10,RW_N10_K3_M16_I39.xlsx,39,1234,20260825,sample-1280,1616.75,2540.0,693.5000000000001,2785.0,0.06149864196777344,0.0,380256256,ok
real_world_test100_seed20260906,hdrl,10,RW_N10_K3_M16_I40.xlsx,40,1234,20260825,sample-1280,1450.8333333333335,2479.166666666667,422.5000000000001,2720.0,0.061707449960522354,0.0,380256256,ok
real_world_test100_seed20260906,hdrl,10,RW_N10_K3_M16_I41.xlsx,41,1234,20260825,sample-1280,1410.4166666666667,2382.5,438.3333333333335,2645.0,0.061514951987192035,0.0,380256256,ok
real_world_test100_seed20260906,hdrl,10,RW_N10_K3_M16_I42.xlsx,42,1234,20260825,sample-1280,1651.2500000000002,2651.666666666667,650.8333333333335,2890.0,0.06383637897670269,0.0,380256256,ok
real_world_test100_seed20260906,hdrl,10,RW_N10_K3_M16_I43.xlsx,43,1234,20260825,sample-1280,1312.6666666666665,2081.6666666666665,543.6666666666667,2285.0,0.06177445000503212,4.547473508864641e-13,380256256,ok
real_world_test100_seed20260906,hdrl,10,RW_N10_K3_M16_I44.xlsx,44,1234,20260825,sample-1280,1702.8333333333333,2594.1666666666665,811.5000000000001,2850.0,0.06156228110194206,2.2737367544323206e-13,380256256,ok
real_world_test100_seed20260906,hdrl,10,RW_N10_K3_M16_I45.xlsx,45,1234,20260825,sample-1280,1790.5000000000002,2673.3333333333335,907.6666666666669,2930.0,0.06339161295909435,0.0,380256256,ok
real_world_test100_seed20260906,hdrl,10,RW_N10_K3_M16_I46.xlsx,46,1234,20260825,sample-1280,1776.166666666667,2570.0,982.3333333333337,2830.0,0.06168990000151098,0.0,380256256,ok
real_world_test100_seed20260906,hdrl,10,RW_N10_K3_M16_I47.xlsx,47,1234,20260825,sample-1280,1472.5833333333337,2240.0000000000005,705.1666666666669,2440.0,0.06445549300406128,2.2737367544323206e-13,380256256,ok
real_world_test100_seed20260906,hdrl,10,RW_N10_K3_M16_I48.xlsx,48,1234,20260825,sample-1280,1604.9166666666667,2417.5,792.3333333333334,2645.0,0.06460865098051727,0.0,380256256,ok
real_world_test100_seed20260906,hdrl,10,RW_N10_K3_M16_I49.xlsx,49,1234,20260825,sample-1280,1389.0000000000002,2274.166666666667,503.83333333333354,2495.0,0.06282874895259738,0.0,380256256,ok
real_world_test100_seed20260906,hdrl,10,RW_N10_K3_M16_I50.xlsx,50,1234,20260825,sample-1280,1769.166666666667,2554.166666666667,984.1666666666667,2820.0,0.06229756399989128,0.0,380256256,ok
real_world_test100_seed20260906,hdrl,10,RW_N10_K3_M16_I51.xlsx,51,1234,20260825,sample-1280,1280.1666666666665,2145.0,415.33333333333326,2365.0,0.06342231307644397,0.0,380256256,ok
real_world_test100_seed20260906,hdrl,10,RW_N10_K3_M16_I52.xlsx,52,1234,20260825,sample-1280,1591.75,2572.5,611.0,2830.0,0.06332058401312679,2.2737367544323206e-13,380256256,ok
real_world_test100_seed20260906,hdrl,10,RW_N10_K3_M16_I53.xlsx,53,1234,20260825,sample-1280,1963.2499999999998,2802.4999999999995,1124.0,3075.0,0.06365031097084284,0.0,380256256,ok
real_world_test100_seed20260906,hdrl,10,RW_N10_K3_M16_I54.xlsx,54,1234,20260825,sample-1280,1466.1666666666667,2292.5,639.8333333333335,2525.0,0.0634192229481414,0.0,380256256,ok
real_world_test100_seed20260906,hdrl,10,RW_N10_K3_M16_I55.xlsx,55,1234,20260825,sample-1280,1746.666666666667,2705.8333333333335,787.5000000000002,2995.0,0.06287404801696539,4.547473508864641e-13,380256256,ok
real_world_test100_seed20260906,hdrl,10,RW_N10_K3_M16_I56.xlsx,56,1234,20260825,sample-1280,1425.7500000000002,2381.666666666667,469.8333333333335,2620.0,0.06470982101745903,2.2737367544323206e-13,380256256,ok
real_world_test100_seed20260906,hdrl,10,RW_N10_K3_M16_I57.xlsx,57,1234,20260825,sample-1280,1530.0,2525.8333333333335,534.1666666666667,2775.0,0.06260169099550694,0.0,380256256,ok
real_world_test100_seed20260906,hdrl,10,RW_N10_K3_M16_I58.xlsx,58,1234,20260825,sample-1280,1526.5833333333335,2415.0,638.1666666666669,2680.0,0.06152710202150047,2.2737367544323206e-13,380256256,ok
real_world_test100_seed20260906,hdrl,10,RW_N10_K3_M16_I59.xlsx,59,1234,20260825,sample-1280,1402.3333333333337,2326.666666666667,478.00000000000034,2545.0,0.064410544000566,0.0,380256256,ok
real_world_test100_seed20260906,hdrl,10,RW_N10_K3_M16_I60.xlsx,60,1234,20260825,sample-1280,1702.416666666667,2622.5000000000005,782.3333333333333,2870.0,0.064296904951334,4.547473508864641e-13,380256256,ok
real_world_test100_seed20260906,hdrl,10,RW_N10_K3_M16_I61.xlsx,61,1234,20260825,sample-1280,1922.9166666666667,2745.8333333333335,1100.0,3015.0,0.061721139936707914,0.0,380256256,ok
real_world_test100_seed20260906,hdrl,10,RW_N10_K3_M16_I62.xlsx,62,1234,20260825,sample-1280,1730.8333333333335,2435.8333333333335,1025.8333333333335,2675.0,0.06199259695131332,0.0,380256256,ok
real_world_test100_seed20260906,hdrl,10,RW_N10_K3_M16_I63.xlsx,63,1234,20260825,sample-1280,1581.0833333333335,2514.166666666667,648.0,2780.0,0.06153775204438716,0.0,380256256,ok
real_world_test100_seed20260906,hdrl,10,RW_N10_K3_M16_I64.xlsx,64,1234,20260825,sample-1280,1502.25,2336.6666666666665,667.8333333333333,2580.0,0.06450772297102958,0.0,380256256,ok
real_world_test100_seed20260906,hdrl,10,RW_N10_K3_M16_I65.xlsx,65,1234,20260825,sample-1280,1303.0833333333335,2290.8333333333335,315.3333333333335,2495.0,0.06224475393537432,0.0,380256256,ok
real_world_test100_seed20260906,hdrl,10,RW_N10_K3_M16_I66.xlsx,66,1234,20260825,sample-1280,1461.0833333333335,2493.3333333333335,428.8333333333335,2800.0,0.061634151032194495,0.0,380256256,ok
real_world_test100_seed20260906,hdrl,10,RW_N10_K3_M16_I67.xlsx,67,1234,20260825,sample-1280,1596.3333333333335,2414.166666666667,778.5,2685.0,0.0618342679226771,2.2737367544323206e-13,380256256,ok
real_world_test100_seed20260906,hdrl,10,RW_N10_K3_M16_I68.xlsx,68,1234,20260825,sample-1280,1901.5,2715.833333333333,1087.166666666667,2985.0,0.06310740602202713,2.2737367544323206e-13,380256256,ok
real_world_test100_seed20260906,hdrl,10,RW_N10_K3_M16_I69.xlsx,69,1234,20260825,sample-1280,1677.5000000000002,2495.833333333334,859.1666666666666,2745.0,0.06153249100316316,2.2737367544323206e-13,380256256,ok
real_world_test100_seed20260906,hdrl,10,RW_N10_K3_M16_I70.xlsx,70,1234,20260825,sample-1280,1481.6666666666667,2538.3333333333335,425.00000000000006,2805.0,0.061347553972154856,0.0,380256256,ok
real_world_test100_seed20260906,hdrl,10,RW_N10_K3_M16_I71.xlsx,71,1234,20260825,sample-1280,1544.5,2432.5,656.5000000000002,2675.0,0.062111316015943885,0.0,380256256,ok
real_world_test100_seed20260906,hdrl,10,RW_N10_K3_M16_I72.xlsx,72,1234,20260825,sample-1280,1784.75,2422.5,1147.0,2675.0,0.0644001429900527,0.0,380256256,ok
real_world_test100_seed20260906,hdrl,10,RW_N10_K3_M16_I73.xlsx,73,1234,20260825,sample-1280,1493.416666666667,2235.8333333333335,751.0000000000002,2445.0,0.06421348499134183,0.0,380256256,ok
real_world_test100_seed20260906,hdrl,10,RW_N10_K3_M16_I74.xlsx,74,1234,20260825,sample-1280,1992.0,2689.1666666666665,1294.8333333333335,2960.0,0.06435857398901135,2.2737367544323206e-13,380256256,ok
real_world_test100_seed20260906,hdrl,10,RW_N10_K3_M16_I75.xlsx,75,1234,20260825,sample-1280,1280.6666666666667,2219.166666666667,342.1666666666665,2440.0,0.06356553104706109,0.0,380256256,ok
real_world_test100_seed20260906,hdrl,10,RW_N10_K3_M16_I76.xlsx,76,1234,20260825,sample-1280,1561.9166666666667,2488.3333333333335,635.5000000000001,2750.0,0.06175476999487728,0.0,380256256,ok
real_world_test100_seed20260906,hdrl,10,RW_N10_K3_M16_I77.xlsx,77,1234,20260825,sample-1280,1437.666666666667,2231.666666666667,643.6666666666669,2460.0,0.06356470100581646,2.2737367544323206e-13,380256256,ok
real_world_test100_seed20260906,hdrl,10,RW_N10_K3_M16_I78.xlsx,78,1234,20260825,sample-1280,1722.3333333333333,2642.4999999999995,802.166666666667,2930.0,0.06361466203816235,0.0,380256256,ok
real_world_test100_seed20260906,hdrl,10,RW_N10_K3_M16_I79.xlsx,79,1234,20260825,sample-1280,1193.0,2102.5,283.5,2330.0,0.06418975605629385,0.0,380256256,ok
real_world_test100_seed20260906,hdrl,10,RW_N10_K3_M16_I80.xlsx,80,1234,20260825,sample-1280,1435.0833333333335,2216.6666666666665,653.5000000000002,2450.0,0.0645600720308721,0.0,380256256,ok
real_world_test100_seed20260906,hdrl,10,RW_N10_K3_M16_I81.xlsx,81,1234,20260825,sample-1280,1661.3333333333335,2493.3333333333335,829.3333333333335,2750.0,0.06165890011470765,0.0,380256256,ok
real_world_test100_seed20260906,hdrl,10,RW_N10_K3_M16_I82.xlsx,82,1234,20260825,sample-1280,1670.9166666666667,2535.8333333333335,806.0,2830.0,0.0616514200810343,0.0,380256256,ok
real_world_test100_seed20260906,hdrl,10,RW_N10_K3_M16_I83.xlsx,83,1234,20260825,sample-1280,1546.5833333333335,2480.8333333333335,612.3333333333335,2705.0,0.06196944694966078,2.2737367544323206e-13,380256256,ok
real_world_test100_seed20260906,hdrl,10,RW_N10_K3_M16_I84.xlsx,84,1234,20260825,sample-1280,1661.916666666667,2573.3333333333335,750.5000000000002,2805.0,0.06455622205976397,0.0,380256256,ok
real_world_test100_seed20260906,hdrl,10,RW_N10_K3_M16_I85.xlsx,85,1234,20260825,sample-1280,1608.7500000000002,2484.166666666667,733.3333333333335,2720.0,0.06158837105613202,2.2737367544323206e-13,380256256,ok
real_world_test100_seed20260906,hdrl,10,RW_N10_K3_M16_I86.xlsx,86,1234,20260825,sample-1280,1702.2500000000005,2575.000000000001,829.4999999999999,2820.0,0.06177120900247246,2.2737367544323206e-13,380256256,ok
real_world_test100_seed20260906,hdrl,10,RW_N10_K3_M16_I87.xlsx,87,1234,20260825,sample-1280,1710.3333333333335,2456.666666666667,964.0000000000001,2700.0,0.06162705994211137,0.0,380256256,ok
real_world_test100_seed20260906,hdrl,10,RW_N10_K3_M16_I88.xlsx,88,1234,20260825,sample-1280,1364.1666666666667,2368.3333333333335,359.99999999999983,2595.0,0.06196428800467402,0.0,380256256,ok
real_world_test100_seed20260906,hdrl,10,RW_N10_K3_M16_I89.xlsx,89,1234,20260825,sample-1280,1485.9166666666667,2615.0,356.83333333333337,2870.0,0.06150400103069842,0.0,380256256,ok
real_world_test100_seed20260906,hdrl,10,RW_N10_K3_M16_I90.xlsx,90,1234,20260825,sample-1280,1427.166666666667,2264.166666666667,590.1666666666667,2490.0,0.061597349937073886,0.0,380256256,ok
real_world_test100_seed20260906,hdrl,10,RW_N10_K3_M16_I91.xlsx,91,1234,20260825,sample-1280,1782.3333333333335,2560.833333333334,1003.8333333333333,2800.0,0.06155165110249072,0.0,380256256,ok
real_world_test100_seed20260906,hdrl,10,RW_N10_K3_M16_I92.xlsx,92,1234,20260825,sample-1280,1715.666666666667,2602.5000000000005,828.8333333333336,2865.0,0.061940657906234264,2.2737367544323206e-13,380256256,ok
real_world_test100_seed20260906,hdrl,10,RW_N10_K3_M16_I93.xlsx,93,1234,20260825,sample-1280,1896.5833333333333,2759.1666666666665,1034.0,2985.0,0.06154777109622955,0.0,380256256,ok
real_world_test100_seed20260906,hdrl,10,RW_N10_K3_M16_I94.xlsx,94,1234,20260825,sample-1280,1649.6666666666667,2663.3333333333335,635.9999999999999,2935.0,0.061600579996593297,0.0,380256256,ok
real_world_test100_seed20260906,hdrl,10,RW_N10_K3_M16_I95.xlsx,95,1234,20260825,sample-1280,1442.5,2240.8333333333335,644.1666666666665,2465.0,0.06170782900881022,0.0,380256256,ok
real_world_test100_seed20260906,hdrl,10,RW_N10_K3_M16_I96.xlsx,96,1234,20260825,sample-1280,1758.9166666666667,2605.833333333333,912.0000000000003,2865.0,0.06239979306701571,2.2737367544323206e-13,380256256,ok
real_world_test100_seed20260906,hdrl,10,RW_N10_K3_M16_I97.xlsx,97,1234,20260825,sample-1280,1555.4166666666667,2538.3333333333335,572.5,2795.0,0.06348903197795153,0.0,380256256,ok
real_world_test100_seed20260906,hdrl,10,RW_N10_K3_M16_I98.xlsx,98,1234,20260825,sample-1280,1840.6666666666667,2712.5,968.8333333333335,3000.0,0.062168055097572505,0.0,380256256,ok
real_world_test100_seed20260906,hdrl,10,RW_N10_K3_M16_I99.xlsx,99,1234,20260825,sample-1280,1340.0000000000005,2300.0000000000005,380.0000000000003,2570.0,0.06179226899985224,2.2737367544323206e-13,380256256,ok
real_world_test100_seed20260906,hdrl,10,RW_N10_K3_M16_I100.xlsx,100,1234,20260825,sample-1280,1577.3333333333337,2357.5000000000005,797.1666666666669,2590.0,0.06461331201717257,2.2737367544323206e-13,380256256,ok
real_world_test100_seed20260906,hdrl,20,RW_N20_K3_M16_I1.xlsx,1,1234,20260825,sample-1280,3092.0833333333335,4415.0,1769.1666666666672,4910.0,0.12142206798307598,0.0,707567616,ok
real_world_test100_seed20260906,hdrl,20,RW_N20_K3_M16_I2.xlsx,2,1234,20260825,sample-1280,2765.416666666667,4566.666666666667,964.1666666666669,5075.0,0.12164221599232405,0.0,707567616,ok
real_world_test100_seed20260906,hdrl,20,RW_N20_K3_M16_I3.xlsx,3,1234,20260825,sample-1280,3340.666666666667,4950.833333333333,1730.5000000000005,5530.0,0.12171470595058054,0.0,707567616,ok
real_world_test100_seed20260906,hdrl,20,RW_N20_K3_M16_I4.xlsx,4,1234,20260825,sample-1280,3188.5,4523.333333333333,1853.6666666666667,5030.0,0.1215050769969821,4.547473508864641e-13,707567616,ok
real_world_test100_seed20260906,hdrl,20,RW_N20_K3_M16_I5.xlsx,5,1234,20260825,sample-1280,2674.2500000000005,4567.500000000001,781.0000000000003,5065.0,0.12245432892814279,0.0,707567616,ok
real_world_test100_seed20260906,hdrl,20,RW_N20_K3_M16_I6.xlsx,6,1234,20260825,sample-1280,3096.166666666667,4908.333333333334,1284.0000000000005,5460.0,0.12185110407881439,0.0,707567616,ok
real_world_test100_seed20260906,hdrl,20,RW_N20_K3_M16_I7.xlsx,7,1234,20260825,sample-1280,3366.333333333334,4777.5,1955.1666666666674,5295.0,0.1216956659918651,4.547473508864641e-13,707567616,ok
real_world_test100_seed20260906,hdrl,20,RW_N20_K3_M16_I8.xlsx,8,1234,20260825,sample-1280,3585.0,4973.333333333333,2196.666666666667,5485.0,0.12162343598902225,4.547473508864641e-13,707567616,ok
real_world_test100_seed20260906,hdrl,20,RW_N20_K3_M16_I9.xlsx,9,1234,20260825,sample-1280,3704.416666666667,5064.166666666667,2344.6666666666665,5575.0,0.12171030603349209,4.547473508864641e-13,707567616,ok
real_world_test100_seed20260906,hdrl,20,RW_N20_K3_M16_I10.xlsx,10,1234,20260825,sample-1280,3397.333333333333,4854.166666666666,1940.5000000000005,5355.0,0.12221413000952452,0.0,707567616,ok
real_world_test100_seed20260906,hdrl,20,RW_N20_K3_M16_I11.xlsx,11,1234,20260825,sample-1280,3244.083333333334,4678.333333333334,1809.8333333333337,5195.0,0.12184676399920136,0.0,707567616,ok
real_world_test100_seed20260906,hdrl,20,RW_N20_K3_M16_I12.xlsx,12,1234,20260825,sample-1280,2991.0833333333335,4415.0,1567.1666666666667,4900.0,0.12170530494768173,0.0,707567616,ok
real_world_test100_seed20260906,hdrl,20,RW_N20_K3_M16_I13.xlsx,13,1234,20260825,sample-1280,3019.0,4740.833333333333,1297.166666666667,5260.0,0.12200541200581938,0.0,707567616,ok
real_world_test100_seed20260906,hdrl,20,RW_N20_K3_M16_I14.xlsx,14,1234,20260825,sample-1280,3493.8333333333335,4969.166666666666,2018.5000000000007,5535.0,0.12191094399895519,4.547473508864641e-13,707567616,ok
real_world_test100_seed20260906,hdrl,20,RW_N20_K3_M16_I15.xlsx,15,1234,20260825,sample-1280,2917.9999999999995,4015.833333333333,1820.1666666666663,4425.0,0.12198443303350359,4.547473508864641e-13,707567616,ok
real_world_test100_seed20260906,hdrl,20,RW_N20_K3_M16_I16.xlsx,16,1234,20260825,sample-1280,3639.916666666667,5247.5,2032.333333333334,5835.0,0.12208775104954839,0.0,707567616,ok
real_world_test100_seed20260906,hdrl,20,RW_N20_K3_M16_I17.xlsx,17,1234,20260825,sample-1280,3514.5,4707.5,2321.5000000000005,5250.0,0.12216898100450635,0.0,707567616,ok
real_world_test100_seed20260906,hdrl,20,RW_N20_K3_M16_I18.xlsx,18,1234,20260825,sample-1280,3241.25,4570.833333333333,1911.6666666666667,5075.0,0.12534439004957676,0.0,707567616,ok
real_world_test100_seed20260906,hdrl,20,RW_N20_K3_M16_I19.xlsx,19,1234,20260825,sample-1280,2377.8333333333335,4422.5,333.166666666667,4895.0,0.12699566397350281,0.0,707567616,ok
real_world_test100_seed20260906,hdrl,20,RW_N20_K3_M16_I20.xlsx,20,1234,20260825,sample-1280,2948.75,4618.333333333333,1279.1666666666665,5125.0,0.12184327398426831,0.0,707567616,ok
real_world_test100_seed20260906,hdrl,20,RW_N20_K3_M16_I21.xlsx,21,1234,20260825,sample-1280,2946.6666666666665,4597.5,1295.8333333333333,5125.0,0.12210599204991013,0.0,707567616,ok
real_world_test100_seed20260906,hdrl,20,RW_N20_K3_M16_I22.xlsx,22,1234,20260825,sample-1280,3884.416666666667,4993.333333333333,2775.500000000001,5540.0,0.12277576501946896,0.0,707567616,ok
real_world_test100_seed20260906,hdrl,20,RW_N20_K3_M16_I23.xlsx,23,1234,20260825,sample-1280,3584.8333333333335,4770.0,2399.666666666667,5295.0,0.1273974300129339,0.0,707567616,ok
real_world_test100_seed20260906,hdrl,20,RW_N20_K3_M16_I24.xlsx,24,1234,20260825,sample-1280,2691.0833333333335,4493.333333333333,888.8333333333343,4975.0,0.12547432899009436,0.0,707567616,ok
real_world_test100_seed20260906,hdrl,20,RW_N20_K3_M16_I25.xlsx,25,1234,20260825,sample-1280,3124.083333333334,4639.166666666667,1609.0000000000005,5140.0,0.1263425910146907,0.0,707567616,ok
real_world_test100_seed20260906,hdrl,20,RW_N20_K3_M16_I26.xlsx,26,1234,20260825,sample-1280,3208.0,4677.5,1738.5000000000005,5155.0,0.1274279389763251,9.094947017729282e-13,707567616,ok
real_world_test100_seed20260906,hdrl,20,RW_N20_K3_M16_I27.xlsx,27,1234,20260825,sample-1280,3064.5,4622.5,1506.5000000000002,5140.0,0.12755881797056645,0.0,707567616,ok
real_world_test100_seed20260906,hdrl,20,RW_N20_K3_M16_I28.xlsx,28,1234,20260825,sample-1280,3767.333333333333,4799.166666666666,2735.5,5330.0,0.1282545110443607,0.0,707567616,ok
real_world_test100_seed20260906,hdrl,20,RW_N20_K3_M16_I29.xlsx,29,1234,20260825,sample-1280,3116.8333333333335,4608.333333333333,1625.333333333334,5105.0,0.12868598802015185,0.0,707567616,ok
real_world_test100_seed20260906,hdrl,20,RW_N20_K3_M16_I30.xlsx,30,1234,20260825,sample-1280,3431.666666666668,4595.833333333335,2267.500000000001,5100.0,0.12823051097802818,4.547473508864641e-13,707567616,ok
real_world_test100_seed20260906,hdrl,20,RW_N20_K3_M16_I31.xlsx,31,1234,20260825,sample-1280,3840.083333333333,5105.833333333333,2574.333333333333,5640.0,0.1270911330357194,4.547473508864641e-13,707567616,ok
real_world_test100_seed20260906,hdrl,20,RW_N20_K3_M16_I32.xlsx,32,1234,20260825,sample-1280,3764.583333333334,4842.5,2686.666666666668,5330.0,0.12804184400010854,4.547473508864641e-13,707567616,ok
real_world_test100_seed20260906,hdrl,20,RW_N20_K3_M16_I33.xlsx,33,1234,20260825,sample-1280,3077.2500000000005,4861.666666666667,1292.8333333333342,5410.0,0.1275692490162328,0.0,707567616,ok
real_world_test100_seed20260906,hdrl,20,RW_N20_K3_M16_I34.xlsx,34,1234,20260825,sample-1280,3465.0833333333335,4867.5,2062.666666666667,5420.0,0.1268333949847147,0.0,707567616,ok
real_world_test100_seed20260906,hdrl,20,RW_N20_K3_M16_I35.xlsx,35,1234,20260825,sample-1280,3086.5833333333335,4710.0,1463.166666666667,5200.0,0.12714441202115268,0.0,707567616,ok
real_world_test100_seed20260906,hdrl,20,RW_N20_K3_M16_I36.xlsx,36,1234,20260825,sample-1280,3623.3333333333335,4888.333333333333,2358.333333333334,5430.0,0.1257403059862554,4.547473508864641e-13,707567616,ok
real_world_test100_seed20260906,hdrl,20,RW_N20_K3_M16_I37.xlsx,37,1234,20260825,sample-1280,3250.416666666667,4606.666666666667,1894.166666666667,5120.0,0.12919695198070258,0.0,707567616,ok
real_world_test100_seed20260906,hdrl,20,RW_N20_K3_M16_I38.xlsx,38,1234,20260825,sample-1280,2868.333333333333,4452.5,1284.1666666666665,4925.0,0.1267458259826526,0.0,707567616,ok
real_world_test100_seed20260906,hdrl,20,RW_N20_K3_M16_I39.xlsx,39,1234,20260825,sample-1280,3225.9166666666665,4946.666666666667,1505.1666666666663,5510.0,0.1253772989148274,0.0,707567616,ok
real_world_test100_seed20260906,hdrl,20,RW_N20_K3_M16_I40.xlsx,40,1234,20260825,sample-1280,3204.500000000001,5073.333333333334,1335.6666666666677,5625.0,0.1274948479840532,0.0,707567616,ok
real_world_test100_seed20260906,hdrl,20,RW_N20_K3_M16_I41.xlsx,41,1234,20260825,sample-1280,3319.333333333333,4841.666666666666,1796.9999999999998,5380.0,0.12282748403958976,4.547473508864641e-13,707567616,ok
real_world_test100_seed20260906,hdrl,20,RW_N20_K3_M16_I42.xlsx,42,1234,20260825,sample-1280,3352.083333333333,4746.666666666667,1957.4999999999995,5265.0,0.12708912300877273,0.0,707567616,ok
real_world_test100_seed20260906,hdrl,20,RW_N20_K3_M16_I43.xlsx,43,1234,20260825,sample-1280,3302.25,4754.166666666666,1850.3333333333337,5300.0,0.12811145302839577,0.0,707567616,ok
real_world_test100_seed20260906,hdrl,20,RW_N20_K3_M16_I44.xlsx,44,1234,20260825,sample-1280,3183.5,4830.0,1536.9999999999998,5360.0,0.1256598369218409,4.547473508864641e-13,707567616,ok
real_world_test100_seed20260906,hdrl,20,RW_N20_K3_M16_I45.xlsx,45,1234,20260825,sample-1280,2781.083333333333,4460.0,1102.1666666666665,4940.0,0.12891172501258552,0.0,707567616,ok
real_world_test100_seed20260906,hdrl,20,RW_N20_K3_M16_I46.xlsx,46,1234,20260825,sample-1280,2841.916666666667,4629.166666666667,1054.6666666666665,5140.0,0.12635864003095776,9.094947017729282e-13,707567616,ok
real_world_test100_seed20260906,hdrl,20,RW_N20_K3_M16_I47.xlsx,47,1234,20260825,sample-1280,3625.416666666667,4930.833333333334,2320.0,5440.0,0.12662763695698231,4.547473508864641e-13,707567616,ok
real_world_test100_seed20260906,hdrl,20,RW_N20_K3_M16_I48.xlsx,48,1234,20260825,sample-1280,3702.5,5222.499999999999,2182.5000000000005,5750.0,0.12806123308837414,0.0,707567616,ok
real_world_test100_seed20260906,hdrl,20,RW_N20_K3_M16_I49.xlsx,49,1234,20260825,sample-1280,3490.666666666667,5176.666666666667,1804.6666666666665,5750.0,0.12645221897400916,0.0,707567616,ok
real_world_test100_seed20260906,hdrl,20,RW_N20_K3_M16_I50.xlsx,50,1234,20260825,sample-1280,3154.3333333333335,4586.666666666667,1722.0000000000002,5070.0,0.12785895506385714,0.0,707567616,ok
real_world_test100_seed20260906,hdrl,20,RW_N20_K3_M16_I51.xlsx,51,1234,20260825,sample-1280,2993.8333333333335,4699.166666666667,1288.5,5195.0,0.1282325410284102,0.0,707567616,ok
real_world_test100_seed20260906,hdrl,20,RW_N20_K3_M16_I52.xlsx,52,1234,20260825,sample-1280,3037.583333333334,4599.166666666668,1476.0000000000005,5115.0,0.12587638397235423,4.547473508864641e-13,707567616,ok
real_world_test100_seed20260906,hdrl,20,RW_N20_K3_M16_I53.xlsx,53,1234,20260825,sample-1280,3113.333333333333,4537.5,1689.166666666666,5015.0,0.12381037406157702,0.0,707567616,ok
real_world_test100_seed20260906,hdrl,20,RW_N20_K3_M16_I54.xlsx,54,1234,20260825,sample-1280,3100.083333333334,4627.500000000001,1572.6666666666672,5115.0,0.12720654194708914,4.547473508864641e-13,707567616,ok
real_world_test100_seed20260906,hdrl,20,RW_N20_K3_M16_I55.xlsx,55,1234,20260825,sample-1280,3523.916666666667,4841.666666666667,2206.166666666667,5355.0,0.12612035195343196,0.0,707567616,ok
real_world_test100_seed20260906,hdrl,20,RW_N20_K3_M16_I56.xlsx,56,1234,20260825,sample-1280,2476.75,4310.0,643.5000000000002,4790.0,0.12236493895761669,0.0,707567616,ok
real_world_test100_seed20260906,hdrl,20,RW_N20_K3_M16_I57.xlsx,57,1234,20260825,sample-1280,3160.166666666667,4550.833333333333,1769.5000000000005,5075.0,0.12771134707145393,0.0,707567616,ok
real_world_test100_seed20260906,hdrl,20,RW_N20_K3_M16_I58.xlsx,58,1234,20260825,sample-1280,4509.25,5115.833333333333,3902.6666666666674,5640.0,0.1258942240383476,0.0,707567616,ok
real_world_test100_seed20260906,hdrl,20,RW_N20_K3_M16_I59.xlsx,59,1234,20260825,sample-1280,3325.166666666667,5094.166666666667,1556.166666666667,5630.0,0.12491644406691194,0.0,707567616,ok
real_world_test100_seed20260906,hdrl,20,RW_N20_K3_M16_I60.xlsx,60,1234,20260825,sample-1280,3290.916666666667,4957.5,1624.3333333333335,5495.0,0.1261204519541934,0.0,707567616,ok
real_world_test100_seed20260906,hdrl,20,RW_N20_K3_M16_I61.xlsx,61,1234,20260825,sample-1280,3323.5833333333335,4723.333333333333,1923.833333333334,5205.0,0.1265324680134654,4.547473508864641e-13,707567616,ok
real_world_test100_seed20260906,hdrl,20,RW_N20_K3_M16_I62.xlsx,62,1234,20260825,sample-1280,3781.916666666667,4886.666666666667,2677.166666666667,5410.0,0.12675263499841094,0.0,707567616,ok
real_world_test100_seed20260906,hdrl,20,RW_N20_K3_M16_I63.xlsx,63,1234,20260825,sample-1280,3306.7500000000005,4839.166666666667,1774.3333333333342,5355.0,0.12229827896226197,0.0,707567616,ok
real_world_test100_seed20260906,hdrl,20,RW_N20_K3_M16_I64.xlsx,64,1234,20260825,sample-1280,3590.666666666667,4690.833333333333,2490.500000000001,5185.0,0.12171171500813216,0.0,707567616,ok
real_world_test100_seed20260906,hdrl,20,RW_N20_K3_M16_I65.xlsx,65,1234,20260825,sample-1280,3246.6666666666674,4856.666666666668,1636.6666666666672,5395.0,0.12188943300861865,0.0,707567616,ok
real_world_test100_seed20260906,hdrl,20,RW_N20_K3_M16_I66.xlsx,66,1234,20260825,sample-1280,3464.833333333334,4940.0,1989.6666666666674,5490.0,0.1268402950372547,0.0,707567616,ok
real_world_test100_seed20260906,hdrl,20,RW_N20_K3_M16_I67.xlsx,67,1234,20260825,sample-1280,2925.083333333334,4341.666666666667,1508.5000000000005,4820.0,0.12817848101258278,0.0,707567616,ok
real_world_test100_seed20260906,hdrl,20,RW_N20_K3_M16_I68.xlsx,68,1234,20260825,sample-1280,3480.5,4642.5,2318.5000000000005,5185.0,0.12687822489533573,0.0,707567616,ok
real_world_test100_seed20260906,hdrl,20,RW_N20_K3_M16_I69.xlsx,69,1234,20260825,sample-1280,3781.333333333333,4954.166666666666,2608.5,5490.0,0.12770635599736124,4.547473508864641e-13,707567616,ok
real_world_test100_seed20260906,hdrl,20,RW_N20_K3_M16_I70.xlsx,70,1234,20260825,sample-1280,2984.4166666666665,4838.333333333333,1130.5000000000002,5385.0,0.12627697992138565,4.547473508864641e-13,707567616,ok
real_world_test100_seed20260906,hdrl,20,RW_N20_K3_M16_I71.xlsx,71,1234,20260825,sample-1280,3186.3333333333335,4764.166666666667,1608.5000000000002,5340.0,0.126456878031604,0.0,707567616,ok
real_world_test100_seed20260906,hdrl,20,RW_N20_K3_M16_I72.xlsx,72,1234,20260825,sample-1280,3675.333333333333,4964.166666666666,2386.5000000000005,5495.0,0.12760411796625704,0.0,707567616,ok
real_world_test100_seed20260906,hdrl,20,RW_N20_K3_M16_I73.xlsx,73,1234,20260825,sample-1280,3619.8333333333335,4731.666666666667,2508.0,5230.0,0.12837276002392173,4.547473508864641e-13,707567616,ok
real_world_test100_seed20260906,hdrl,20,RW_N20_K3_M16_I74.xlsx,74,1234,20260825,sample-1280,2682.666666666667,4025.0000000000005,1340.3333333333333,4450.0,0.12862431805115193,0.0,707567616,ok
real_world_test100_seed20260906,hdrl,20,RW_N20_K3_M16_I75.xlsx,75,1234,20260825,sample-1280,3448.583333333334,4967.500000000001,1929.6666666666672,5520.0,0.12755767698399723,0.0,707567616,ok
real_world_test100_seed20260906,hdrl,20,RW_N20_K3_M16_I76.xlsx,76,1234,20260825,sample-1280,2875.250000000001,4737.500000000001,1013.0000000000005,5280.0,0.12653125799261034,0.0,707567616,ok
real_world_test100_seed20260906,hdrl,20,RW_N20_K3_M16_I77.xlsx,77,1234,20260825,sample-1280,3155.083333333333,4605.0,1705.1666666666665,5095.0,0.12316958094015718,0.0,707567616,ok
real_world_test100_seed20260906,hdrl,20,RW_N20_K3_M16_I78.xlsx,78,1234,20260825,sample-1280,3067.916666666667,4836.666666666667,1299.1666666666665,5370.0,0.12678751593921334,9.094947017729282e-13,707567616,ok
real_world_test100_seed20260906,hdrl,20,RW_N20_K3_M16_I79.xlsx,79,1234,20260825,sample-1280,2880.4166666666665,4933.333333333333,827.5000000000003,5455.0,0.12841583997942507,0.0,707567616,ok
real_world_test100_seed20260906,hdrl,20,RW_N20_K3_M16_I80.xlsx,80,1234,20260825,sample-1280,2729.666666666667,4570.0,889.3333333333335,5100.0,0.1286517180269584,0.0,707567616,ok
real_world_test100_seed20260906,hdrl,20,RW_N20_K3_M16_I81.xlsx,81,1234,20260825,sample-1280,3036.9166666666674,4278.333333333334,1795.5000000000007,4730.0,0.1269483439391479,0.0,707567616,ok
real_world_test100_seed20260906,hdrl,20,RW_N20_K3_M16_I82.xlsx,82,1234,20260825,sample-1280,3624.666666666667,4952.5,2296.8333333333335,5480.0,0.12512129195965827,0.0,707567616,ok
real_world_test100_seed20260906,hdrl,20,RW_N20_K3_M16_I83.xlsx,83,1234,20260825,sample-1280,3448.7499999999995,5345.833333333332,1551.6666666666672,5925.0,0.1253534989664331,0.0,707567616,ok
real_world_test100_seed20260906,hdrl,20,RW_N20_K3_M16_I84.xlsx,84,1234,20260825,sample-1280,3329.416666666667,4809.166666666667,1849.6666666666672,5280.0,0.12585232499986887,0.0,707567616,ok
real_world_test100_seed20260906,hdrl,20,RW_N20_K3_M16_I85.xlsx,85,1234,20260825,sample-1280,3766.416666666667,5095.833333333333,2437.000000000001,5685.0,0.126500888960436,0.0,707567616,ok
real_world_test100_seed20260906,hdrl,20,RW_N20_K3_M16_I86.xlsx,86,1234,20260825,sample-1280,2965.416666666667,4895.0,1035.8333333333335,5420.0,0.12946818897034973,0.0,707567616,ok
real_world_test100_seed20260906,hdrl,20,RW_N20_K3_M16_I87.xlsx,87,1234,20260825,sample-1280,3340.333333333333,4440.0,2240.666666666666,4930.0,0.12383577390573919,0.0,707567616,ok
real_world_test100_seed20260906,hdrl,20,RW_N20_K3_M16_I88.xlsx,88,1234,20260825,sample-1280,2815.9166666666665,4941.666666666667,690.1666666666664,5480.0,0.12292631296440959,0.0,707567616,ok
real_world_test100_seed20260906,hdrl,20,RW_N20_K3_M16_I89.xlsx,89,1234,20260825,sample-1280,3533.25,4911.666666666666,2154.833333333334,5450.0,0.12291382299736142,0.0,707567616,ok
real_world_test100_seed20260906,hdrl,20,RW_N20_K3_M16_I90.xlsx,90,1234,20260825,sample-1280,2988.7500000000005,4814.166666666667,1163.3333333333342,5325.0,0.12482135405298322,4.547473508864641e-13,707567616,ok
real_world_test100_seed20260906,hdrl,20,RW_N20_K3_M16_I91.xlsx,91,1234,20260825,sample-1280,3051.833333333334,4415.000000000001,1688.666666666667,4880.0,0.12213398097082973,4.547473508864641e-13,707567616,ok
real_world_test100_seed20260906,hdrl,20,RW_N20_K3_M16_I92.xlsx,92,1234,20260825,sample-1280,3427.0,4866.666666666667,1987.333333333333,5375.0,0.12207752105314285,4.547473508864641e-13,707567616,ok
real_world_test100_seed20260906,hdrl,20,RW_N20_K3_M16_I93.xlsx,93,1234,20260825,sample-1280,3164.3333333333335,4611.666666666667,1717.0,5125.0,0.12181477400008589,0.0,707567616,ok
real_world_test100_seed20260906,hdrl,20,RW_N20_K3_M16_I94.xlsx,94,1234,20260825,sample-1280,2922.5833333333335,4439.166666666667,1406.0,4890.0,0.12185511295683682,4.547473508864641e-13,707567616,ok
real_world_test100_seed20260906,hdrl,20,RW_N20_K3_M16_I95.xlsx,95,1234,20260825,sample-1280,3459.0,4908.333333333333,2009.6666666666674,5445.0,0.1222741489764303,9.094947017729282e-13,707567616,ok
real_world_test100_seed20260906,hdrl,20,RW_N20_K3_M16_I96.xlsx,96,1234,20260825,sample-1280,3122.416666666666,4651.666666666666,1593.1666666666663,5180.0,0.12222004006616771,0.0,707567616,ok
real_world_test100_seed20260906,hdrl,20,RW_N20_K3_M16_I97.xlsx,97,1234,20260825,sample-1280,3260.416666666667,4861.666666666667,1659.1666666666667,5395.0,0.12194226193241775,0.0,707567616,ok
real_world_test100_seed20260906,hdrl,20,RW_N20_K3_M16_I98.xlsx,98,1234,20260825,sample-1280,3284.166666666667,4833.333333333333,1735.0000000000007,5375.0,0.12217901099938899,0.0,707567616,ok
real_world_test100_seed20260906,hdrl,20,RW_N20_K3_M16_I99.xlsx,99,1234,20260825,sample-1280,3360.1666666666665,4632.5,2087.833333333333,5100.0,0.1216535959392786,0.0,707567616,ok
real_world_test100_seed20260906,hdrl,20,RW_N20_K3_M16_I100.xlsx,100,1234,20260825,sample-1280,2993.5833333333335,4930.0,1057.166666666667,5470.0,0.1225707259727642,0.0,707567616,ok
real_world_test100_seed20260906,hdrl,30,RW_N30_K3_M16_I1.xlsx,1,1234,20260825,sample-1280,5380.666666666668,7287.500000000001,3473.833333333334,8075.0,0.19452531496062875,0.0,1036706816,ok
real_world_test100_seed20260906,hdrl,30,RW_N30_K3_M16_I2.xlsx,2,1234,20260825,sample-1280,5687.666666666668,7504.166666666668,3871.166666666668,8360.0,0.1946217539953068,0.0,1036706816,ok
real_world_test100_seed20260906,hdrl,30,RW_N30_K3_M16_I3.xlsx,3,1234,20260825,sample-1280,4895.916666666666,7033.333333333333,2758.5,7775.0,0.19470616290345788,0.0,1036706816,ok
real_world_test100_seed20260906,hdrl,30,RW_N30_K3_M16_I4.xlsx,4,1234,20260825,sample-1280,5387.916666666666,7199.166666666667,3576.6666666666647,7995.0,0.19467078300658613,0.0,1036706816,ok
real_world_test100_seed20260906,hdrl,30,RW_N30_K3_M16_I5.xlsx,5,1234,20260825,sample-1280,5286.083333333333,7543.333333333334,3028.833333333332,8365.0,0.20035528799053282,0.0,1036706816,ok
real_world_test100_seed20260906,hdrl,30,RW_N30_K3_M16_I6.xlsx,6,1234,20260825,sample-1280,5189.083333333334,7161.666666666667,3216.500000000002,7950.0,0.19506706902757287,0.0,1036706816,ok
real_world_test100_seed20260906,hdrl,30,RW_N30_K3_M16_I7.xlsx,7,1234,20260825,sample-1280,6079.75,7557.499999999999,4602.000000000002,8485.0,0.19521529809571803,0.0,1036706816,ok
real_world_test100_seed20260906,hdrl,30,RW_N30_K3_M16_I8.xlsx,8,1234,20260825,sample-1280,5608.25,7520.0,3696.5000000000005,8380.0,0.1945974639384076,0.0,1036706816,ok
real_world_test100_seed20260906,hdrl,30,RW_N30_K3_M16_I9.xlsx,9,1234,20260825,sample-1280,5254.5,7088.333333333334,3420.666666666666,7900.0,0.19435535604134202,0.0,1036706816,ok
real_world_test100_seed20260906,hdrl,30,RW_N30_K3_M16_I10.xlsx,10,1234,20260825,sample-1280,3854.0000000000005,6374.166666666667,1333.833333333334,7115.0,0.19451062404550612,0.0,1036706816,ok
real_world_test100_seed20260906,hdrl,30,RW_N30_K3_M16_I11.xlsx,11,1234,20260825,sample-1280,5410.75,6990.833333333333,3830.6666666666674,7815.0,0.19415209791623056,0.0,1036706816,ok
real_world_test100_seed20260906,hdrl,30,RW_N30_K3_M16_I12.xlsx,12,1234,20260825,sample-1280,5798.5,7609.166666666668,3987.8333333333326,8490.0,0.19440007605589926,0.0,1036706816,ok
real_world_test100_seed20260906,hdrl,30,RW_N30_K3_M16_I13.xlsx,13,1234,20260825,sample-1280,4892.0,6979.166666666667,2804.833333333334,7775.0,0.1944880950031802,0.0,1036706816,ok
real_world_test100_seed20260906,hdrl,30,RW_N30_K3_M16_I14.xlsx,14,1234,20260825,sample-1280,5949.25,7350.833333333333,4547.666666666668,8165.0,0.19439693598542362,0.0,1036706816,ok
real_world_test100_seed20260906,hdrl,30,RW_N30_K3_M16_I15.xlsx,15,1234,20260825,sample-1280,5494.0,7513.333333333334,3474.666666666667,8335.0,0.19469155196566135,0.0,1036706816,ok
real_world_test100_seed20260906,hdrl,30,RW_N30_K3_M16_I16.xlsx,16,1234,20260825,sample-1280,4464.916666666667,6815.833333333334,2114.0,7610.0,0.20046304701827466,0.0,1036706816,ok
real_world_test100_seed20260906,hdrl,30,RW_N30_K3_M16_I17.xlsx,17,1234,20260825,sample-1280,5585.833333333333,7575.833333333334,3595.833333333332,8405.0,0.19488333095796406,0.0,1036706816,ok
real_world_test100_seed20260906,hdrl,30,RW_N30_K3_M16_I18.xlsx,18,1234,20260825,sample-1280,5259.583333333334,7105.000000000002,3414.166666666666,7910.0,0.19495908997487277,9.094947017729282e-13,1036706816,ok
real_world_test100_seed20260906,hdrl,30,RW_N30_K3_M16_I19.xlsx,19,1234,20260825,sample-1280,5502.000000000001,7282.5,3721.500000000002,8095.0,0.19457692303694785,0.0,1036706816,ok
real_world_test100_seed20260906,hdrl,30,RW_N30_K3_M16_I20.xlsx,20,1234,20260825,sample-1280,5587.166666666668,7045.000000000001,4129.333333333334,7895.0,0.19468505296390504,0.0,1036706816,ok
real_world_test100_seed20260906,hdrl,30,RW_N30_K3_M16_I21.xlsx,21,1234,20260825,sample-1280,5145.75,7006.666666666668,3284.833333333333,7770.0,0.19448451499920338,9.094947017729282e-13,1036706816,ok
real_world_test100_seed20260906,hdrl,30,RW_N30_K3_M16_I22.xlsx,22,1234,20260825,sample-1280,5046.166666666667,7043.333333333334,3049.0000000000005,7880.0,0.1947426920523867,9.094947017729282e-13,1036706816,ok
real_world_test100_seed20260906,hdrl,30,RW_N30_K3_M16_I23.xlsx,23,1234,20260825,sample-1280,5354.916666666668,7252.5,3457.333333333335,8055.0,0.19528636697214097,9.094947017729282e-13,1036706816,ok
real_world_test100_seed20260906,hdrl,30,RW_N30_K3_M16_I24.xlsx,24,1234,20260825,sample-1280,5008.499999999999,6824.166666666666,3192.833333333332,7580.0,0.1946497829630971,9.094947017729282e-13,1036706816,ok
real_world_test100_seed20260906,hdrl,30,RW_N30_K3_M16_I25.xlsx,25,1234,20260825,sample-1280,5316.833333333334,7252.500000000001,3381.166666666667,8050.0,0.1945874539669603,0.0,1036706816,ok
real_world_test100_seed20260906,hdrl,30,RW_N30_K3_M16_I26.xlsx,26,1234,20260825,sample-1280,5376.999999999999,7010.833333333332,3743.166666666666,7785.0,0.19462676299735904,0.0,1036706816,ok
real_world_test100_seed20260906,hdrl,30,RW_N30_K3_M16_I27.xlsx,27,1234,20260825,sample-1280,5743.083333333334,7409.166666666667,4077.000000000002,8260.0,0.194703133078292,0.0,1036706816,ok
real_world_test100_seed20260906,hdrl,30,RW_N30_K3_M16_I28.xlsx,28,1234,20260825,sample-1280,5545.583333333334,7003.333333333334,4087.833333333333,7770.0,0.1946867520455271,9.094947017729282e-13,1036706816,ok
real_world_test100_seed20260906,hdrl,30,RW_N30_K3_M16_I29.xlsx,29,1234,20260825,sample-1280,5570.916666666667,7199.999999999999,3941.833333333335,8025.0,0.19391598005313426,9.094947017729282e-13,1036706816,ok
real_world_test100_seed20260906,hdrl,30,RW_N30_K3_M16_I30.xlsx,30,1234,20260825,sample-1280,5325.916666666667,6733.333333333334,3918.5,7490.0,0.19519204704556614,0.0,1036706816,ok
real_world_test100_seed20260906,hdrl,30,RW_N30_K3_M16_I31.xlsx,31,1234,20260825,sample-1280,5134.333333333334,7053.333333333335,3215.333333333333,7835.0,0.1946556030306965,0.0,1036706816,ok
real_world_test100_seed20260906,hdrl,30,RW_N30_K3_M16_I32.xlsx,32,1234,20260825,sample-1280,4900.916666666666,6899.166666666665,2902.666666666666,7725.0,0.19453410396818072,0.0,1036706816,ok
real_world_test100_seed20260906,hdrl,30,RW_N30_K3_M16_I33.xlsx,33,1234,20260825,sample-1280,5240.0,6978.333333333333,3501.6666666666665,7770.0,0.19455836398992687,9.094947017729282e-13,1036706816,ok
real_world_test100_seed20260906,hdrl,30,RW_N30_K3_M16_I34.xlsx,34,1234,20260825,sample-1280,4779.833333333334,7046.666666666667,2513.0000000000005,7800.0,0.19463767297565937,0.0,1036706816,ok
real_world_test100_seed20260906,hdrl,30,RW_N30_K3_M16_I35.xlsx,35,1234,20260825,sample-1280,6148.500000000001,7239.166666666668,5057.833333333334,8050.0,0.1948157011065632,9.094947017729282e-13,1036706816,ok
real_world_test100_seed20260906,hdrl,30,RW_N30_K3_M16_I36.xlsx,36,1234,20260825,sample-1280,4996.333333333334,7086.666666666667,2906.0,7885.0,0.19428627705201507,0.0,1036706816,ok
real_world_test100_seed20260906,hdrl,30,RW_N30_K3_M16_I37.xlsx,37,1234,20260825,sample-1280,5858.166666666666,7833.333333333331,3883.0,8725.0,0.20369205495808274,0.0,1036706816,ok
real_world_test100_seed20260906,hdrl,30,RW_N30_K3_M16_I38.xlsx,38,1234,20260825,sample-1280,5068.500000000001,7103.333333333334,3033.666666666668,7920.0,0.1945609929971397,0.0,1036706816,ok
real_world_test100_seed20260906,hdrl,30,RW_N30_K3_M16_I39.xlsx,39,1234,20260825,sample-1280,5578.666666666666,7386.666666666667,3770.666666666666,8190.0,0.19426112703513354,0.0,1036706816,ok
real_world_test100_seed20260906,hdrl,30,RW_N30_K3_M16_I40.xlsx,40,1234,20260825,sample-1280,3677.583333333333,6477.5,877.6666666666663,7200.0,0.1943794050021097,4.547473508864641e-13,1036706816,ok
real_world_test100_seed20260906,hdrl,30,RW_N30_K3_M16_I41.xlsx,41,1234,20260825,sample-1280,5353.75,6547.5,4160.0,7285.0,0.19430026598274708,0.0,1036706816,ok
real_world_test100_seed20260906,hdrl,30,RW_N30_K3_M16_I42.xlsx,42,1234,20260825,sample-1280,5218.083333333333,7295.833333333333,3140.333333333333,8080.0,0.1943304049782455,0.0,1036706816,ok
real_world_test100_seed20260906,hdrl,30,RW_N30_K3_M16_I43.xlsx,43,1234,20260825,sample-1280,5227.833333333335,7155.000000000004,3300.6666666666665,7955.0,0.19420433696359396,0.0,1036706816,ok
real_world_test100_seed20260906,hdrl,30,RW_N30_K3_M16_I44.xlsx,44,1234,20260825,sample-1280,4968.666666666667,7250.833333333333,2686.500000000001,8040.0,0.19436499499715865,0.0,1036706816,ok
real_world_test100_seed20260906,hdrl,30,RW_N30_K3_M16_I45.xlsx,45,1234,20260825,sample-1280,5027.500000000001,7072.500000000001,2982.500000000001,7875.0,0.19439487508498132,0.0,1036706816,ok
real_world_test100_seed20260906,hdrl,30,RW_N30_K3_M16_I46.xlsx,46,1234,20260825,sample-1280,4654.0,7012.5,2295.5,7780.0,0.19462295295670629,0.0,1036706816,ok
real_world_test100_seed20260906,hdrl,30,RW_N30_K3_M16_I47.xlsx,47,1234,20260825,sample-1280,4913.0,7037.5,2788.499999999999,7815.0,0.1942945560440421,0.0,1036706816,ok
real_world_test100_seed20260906,hdrl,30,RW_N30_K3_M16_I48.xlsx,48,1234,20260825,sample-1280,4715.000000000001,7158.333333333333,2271.6666666666683,7980.0,0.19452979299239814,0.0,1036706816,ok
real_world_test100_seed20260906,hdrl,30,RW_N30_K3_M16_I49.xlsx,49,1234,20260825,sample-1280,4812.666666666667,7197.5,2427.8333333333335,8005.0,0.19444073492195457,0.0,1036706816,ok
real_world_test100_seed20260906,hdrl,30,RW_N30_K3_M16_I50.xlsx,50,1234,20260825,sample-1280,6220.916666666666,7307.5,5134.333333333332,8080.0,0.19471212208736688,0.0,1036706816,ok
real_world_test100_seed20260906,hdrl,30,RW_N30_K3_M16_I51.xlsx,51,1234,20260825,sample-1280,4100.250000000001,6684.166666666669,1516.3333333333337,7405.0,0.19411774794571102,0.0,1036706816,ok
real_world_test100_seed20260906,hdrl,30,RW_N30_K3_M16_I52.xlsx,52,1234,20260825,sample-1280,5104.583333333334,6993.333333333334,3215.833333333333,7765.0,0.19528426602482796,0.0,1036706816,ok
real_world_test100_seed20260906,hdrl,30,RW_N30_K3_M16_I53.xlsx,53,1234,20260825,sample-1280,5344.666666666666,7782.5,2906.833333333333,8615.0,0.1950404680101201,9.094947017729282e-13,1036706816,ok
real_world_test100_seed20260906,hdrl,30,RW_N30_K3_M16_I54.xlsx,54,1234,20260825,sample-1280,4888.333333333332,6860.833333333333,2915.833333333331,7625.0,0.19789494096767157,0.0,1036706816,ok
real_world_test100_seed20260906,hdrl,30,RW_N30_K3_M16_I55.xlsx,55,1234,20260825,sample-1280,4911.416666666666,7173.333333333332,2649.5000000000005,7975.0,0.19625887600705028,0.0,1036706816,ok
real_world_test100_seed20260906,hdrl,30,RW_N30_K3_M16_I56.xlsx,56,1234,20260825,sample-1280,4625.25,6725.000000000001,2525.5,7470.0,0.19641738501377404,9.094947017729282e-13,1036706816,ok
real_world_test100_seed20260906,hdrl,30,RW_N30_K3_M16_I57.xlsx,57,1234,20260825,sample-1280,5208.916666666667,7041.666666666666,3376.1666666666674,7845.0,0.19657858402933925,0.0,1036706816,ok
real_world_test100_seed20260906,hdrl,30,RW_N30_K3_M16_I58.xlsx,58,1234,20260825,sample-1280,5025.333333333334,7026.666666666666,3024.000000000001,7840.0,0.20184984197840095,0.0,1036706816,ok
real_world_test100_seed20260906,hdrl,30,RW_N30_K3_M16_I59.xlsx,59,1234,20260825,sample-1280,5311.583333333334,6993.333333333333,3629.833333333334,7770.0,0.1948117210995406,0.0,1036706816,ok
real_world_test100_seed20260906,hdrl,30,RW_N30_K3_M16_I60.xlsx,60,1234,20260825,sample-1280,4748.5,6648.333333333334,2848.666666666667,7425.0,0.19484731007833034,9.094947017729282e-13,1036706816,ok
real_world_test100_seed20260906,hdrl,30,RW_N30_K3_M16_I61.xlsx,61,1234,20260825,sample-1280,4676.749999999999,7154.999999999999,2198.499999999999,7905.0,0.19517711701337248,0.0,1036706816,ok
real_world_test100_seed20260906,hdrl,30,RW_N30_K3_M16_I62.xlsx,62,1234,20260825,sample-1280,4949.249999999999,7100.833333333332,2797.666666666666,7905.0,0.1946609920123592,0.0,1036706816,ok
real_world_test100_seed20260906,hdrl,30,RW_N30_K3_M16_I63.xlsx,63,1234,20260825,sample-1280,5239.916666666667,7287.500000000001,3192.333333333333,8070.0,0.19452507293317467,0.0,1036706816,ok
real_world_test100_seed20260906,hdrl,30,RW_N30_K3_M16_I64.xlsx,64,1234,20260825,sample-1280,6632.416666666666,7878.333333333334,5386.499999999998,8775.0,0.19515546702314168,0.0,1036706816,ok
real_world_test100_seed20260906,hdrl,30,RW_N30_K3_M16_I65.xlsx,65,1234,20260825,sample-1280,5216.666666666666,7290.833333333333,3142.5,8130.0,0.1958171910373494,9.094947017729282e-13,1036706816,ok
real_world_test100_seed20260906,hdrl,30,RW_N30_K3_M16_I66.xlsx,66,1234,20260825,sample-1280,5343.333333333334,7170.833333333335,3515.8333333333335,8000.0,0.19486826995853335,0.0,1036706816,ok
real_world_test100_seed20260906,hdrl,30,RW_N30_K3_M16_I67.xlsx,67,1234,20260825,sample-1280,4599.083333333332,6636.666666666666,2561.499999999999,7390.0,0.1945775729836896,0.0,1036706816,ok
real_world_test100_seed20260906,hdrl,30,RW_N30_K3_M16_I68.xlsx,68,1234,20260825,sample-1280,4984.333333333333,6989.166666666666,2979.5,7785.0,0.1946166919078678,0.0,1036706816,ok
real_world_test100_seed20260906,hdrl,30,RW_N30_K3_M16_I69.xlsx,69,1234,20260825,sample-1280,5480.666666666667,7508.333333333334,3452.9999999999995,8335.0,0.19486924994271249,9.094947017729282e-13,1036706816,ok
real_world_test100_seed20260906,hdrl,30,RW_N30_K3_M16_I70.xlsx,70,1234,20260825,sample-1280,4820.75,7290.833333333333,2350.666666666667,8140.0,0.1948843999998644,0.0,1036706816,ok
real_world_test100_seed20260906,hdrl,30,RW_N30_K3_M16_I71.xlsx,71,1234,20260825,sample-1280,4465.166666666667,6794.166666666668,2136.166666666666,7580.0,0.1948371910257265,0.0,1036706816,ok
real_world_test100_seed20260906,hdrl,30,RW_N30_K3_M16_I72.xlsx,72,1234,20260825,sample-1280,5261.666666666668,7414.166666666669,3109.166666666666,8260.0,0.19506110902875662,9.094947017729282e-13,1036706816,ok
real_world_test100_seed20260906,hdrl,30,RW_N30_K3_M16_I73.xlsx,73,1234,20260825,sample-1280,4802.25,6988.333333333334,2616.166666666666,7760.0,0.19541424489580095,0.0,1036706816,ok
real_world_test100_seed20260906,hdrl,30,RW_N30_K3_M16_I74.xlsx,74,1234,20260825,sample-1280,4411.333333333336,7055.833333333336,1766.833333333335,7840.0,0.19629523600451648,9.094947017729282e-13,1036706816,ok
real_world_test100_seed20260906,hdrl,30,RW_N30_K3_M16_I75.xlsx,75,1234,20260825,sample-1280,5587.75,7136.666666666667,4038.833333333334,7955.0,0.19569545099511743,0.0,1036706816,ok
real_world_test100_seed20260906,hdrl,30,RW_N30_K3_M16_I76.xlsx,76,1234,20260825,sample-1280,5161.916666666667,7226.666666666668,3097.1666666666665,8070.0,0.19490144902374595,9.094947017729282e-13,1036706816,ok
real_world_test100_seed20260906,hdrl,30,RW_N30_K3_M16_I77.xlsx,77,1234,20260825,sample-1280,4695.916666666668,6838.333333333334,2553.500000000001,7615.0,0.19502473808825016,0.0,1036706816,ok
real_world_test100_seed20260906,hdrl,30,RW_N30_K3_M16_I78.xlsx,78,1234,20260825,sample-1280,4918.833333333334,6733.333333333333,3104.333333333334,7465.0,0.19494274898897856,0.0,1036706816,ok
real_world_test100_seed20260906,hdrl,30,RW_N30_K3_M16_I79.xlsx,79,1234,20260825,sample-1280,5507.083333333335,7278.333333333336,3735.8333333333335,8105.0,0.20107355900108814,0.0,1036706816,ok
real_world_test100_seed20260906,hdrl,30,RW_N30_K3_M16_I80.xlsx,80,1234,20260825,sample-1280,5400.666666666667,6970.833333333334,3830.5,7755.0,0.1951167379738763,0.0,1036706816,ok
real_world_test100_seed20260906,hdrl,30,RW_N30_K3_M16_I81.xlsx,81,1234,20260825,sample-1280,5902.416666666668,7305.000000000003,4499.833333333332,8100.0,0.19520842598285526,0.0,1036706816,ok
real_world_test100_seed20260906,hdrl,30,RW_N30_K3_M16_I82.xlsx,82,1234,20260825,sample-1280,4909.416666666668,7122.500000000001,2696.333333333334,7940.0,0.19486050901468843,0.0,1036706816,ok
real_world_test100_seed20260906,hdrl,30,RW_N30_K3_M16_I83.xlsx,83,1234,20260825,sample-1280,5485.166666666666,6800.0,4170.333333333332,7590.0,0.19512163696344942,0.0,1036706816,ok
real_world_test100_seed20260906,hdrl,30,RW_N30_K3_M16_I84.xlsx,84,1234,20260825,sample-1280,5031.083333333334,7287.5,2774.666666666668,8140.0,0.19496852799784392,0.0,1036706816,ok
real_world_test100_seed20260906,hdrl,30,RW_N30_K3_M16_I85.xlsx,85,1234,20260825,sample-1280,5093.083333333332,7149.166666666665,3036.999999999998,7970.0,0.19573100202251226,0.0,1036706816,ok
real_world_test100_seed20260906,hdrl,30,RW_N30_K3_M16_I86.xlsx,86,1234,20260825,sample-1280,4970.75,7085.0,2856.5,7855.0,0.19457706296816468,0.0,1036706816,ok
real_world_test100_seed20260906,hdrl,30,RW_N30_K3_M16_I87.xlsx,87,1234,20260825,sample-1280,5003.083333333333,7149.166666666667,2856.9999999999986,7955.0,0.19483001995831728,0.0,1036706816,ok
real_world_test100_seed20260906,hdrl,30,RW_N30_K3_M16_I88.xlsx,88,1234,20260825,sample-1280,5263.916666666666,7070.833333333331,3457.000000000002,7890.0,0.19534892495721579,0.0,1036706816,ok
real_world_test100_seed20260906,hdrl,30,RW_N30_K3_M16_I89.xlsx,89,1234,20260825,sample-1280,5120.083333333334,7257.500000000002,2982.666666666666,8045.0,0.19617305707652122,0.0,1036706816,ok
real_world_test100_seed20260906,hdrl,30,RW_N30_K3_M16_I90.xlsx,90,1234,20260825,sample-1280,5549.000000000002,7426.666666666669,3671.333333333335,8220.0,0.19522537593729794,0.0,1036706816,ok
real_world_test100_seed20260906,hdrl,30,RW_N30_K3_M16_I91.xlsx,91,1234,20260825,sample-1280,4890.083333333336,7090.833333333335,2689.3333333333358,7885.0,0.1949438489973545,0.0,1036706816,ok
real_world_test100_seed20260906,hdrl,30,RW_N30_K3_M16_I92.xlsx,92,1234,20260825,sample-1280,4166.333333333334,6673.333333333334,1659.3333333333344,7390.0,0.1947450409643352,9.094947017729282e-13,1036706816,ok
real_world_test100_seed20260906,hdrl,30,RW_N30_K3_M16_I93.xlsx,93,1234,20260825,sample-1280,4820.916666666666,6760.0,2881.833333333333,7495.0,0.19466679100878537,0.0,1036706816,ok
real_world_test100_seed20260906,hdrl,30,RW_N30_K3_M16_I94.xlsx,94,1234,20260825,sample-1280,4634.0,6755.0,2513.000000000001,7455.0,0.19526783504988998,0.0,1036706816,ok
real_world_test100_seed20260906,hdrl,30,RW_N30_K3_M16_I95.xlsx,95,1234,20260825,sample-1280,4962.416666666666,7176.666666666665,2748.166666666666,7980.0,0.19622015603818,0.0,1036706816,ok
real_world_test100_seed20260906,hdrl,30,RW_N30_K3_M16_I96.xlsx,96,1234,20260825,sample-1280,6848.083333333334,7476.666666666667,6219.500000000001,8305.0,0.19579351996071637,0.0,1036706816,ok
real_world_test100_seed20260906,hdrl,30,RW_N30_K3_M16_I97.xlsx,97,1234,20260825,sample-1280,4381.083333333332,7189.999999999999,1572.1666666666656,7970.0,0.19512222695630044,0.0,1036706816,ok
real_world_test100_seed20260906,hdrl,30,RW_N30_K3_M16_I98.xlsx,98,1234,20260825,sample-1280,4487.833333333334,6930.833333333334,2044.833333333334,7685.0,0.19561793201137334,0.0,1036706816,ok
real_world_test100_seed20260906,hdrl,30,RW_N30_K3_M16_I99.xlsx,99,1234,20260825,sample-1280,4712.083333333333,6979.166666666665,2445.000000000001,7775.0,0.19446623290423304,9.094947017729282e-13,1036706816,ok
real_world_test100_seed20260906,hdrl,30,RW_N30_K3_M16_I100.xlsx,100,1234,20260825,sample-1280,5194.250000000001,7313.333333333333,3075.1666666666683,8145.0,0.1998636299977079,9.094947017729282e-13,1036706816,ok
real_world_test100_seed20260906,hdrl,40,RW_N40_K3_M16_I1.xlsx,1,1234,20260825,sample-1280,7587.166666666668,9281.666666666668,5892.666666666667,10350.0,0.2760530860396102,9.094947017729282e-13,1364976128,ok
real_world_test100_seed20260906,hdrl,40,RW_N40_K3_M16_I2.xlsx,2,1234,20260825,sample-1280,6577.583333333335,9156.666666666668,3998.5000000000014,10200.0,0.27636376302689314,0.0,1364976128,ok
real_world_test100_seed20260906,hdrl,40,RW_N40_K3_M16_I3.xlsx,3,1234,20260825,sample-1280,7025.083333333334,9105.0,4945.166666666668,10150.0,0.2759121380513534,0.0,1364976128,ok
real_world_test100_seed20260906,hdrl,40,RW_N40_K3_M16_I4.xlsx,4,1234,20260825,sample-1280,8325.75,9869.999999999998,6781.500000000003,10985.0,0.2760879860725254,0.0,1364976128,ok
real_world_test100_seed20260906,hdrl,40,RW_N40_K3_M16_I5.xlsx,5,1234,20260825,sample-1280,7109.833333333333,9648.333333333332,4571.333333333334,10730.0,0.2887367520015687,9.094947017729282e-13,1364976128,ok
real_world_test100_seed20260906,hdrl,40,RW_N40_K3_M16_I6.xlsx,6,1234,20260825,sample-1280,8444.500000000002,9802.5,7086.500000000004,10910.0,0.27606446598656476,0.0,1364976128,ok
real_world_test100_seed20260906,hdrl,40,RW_N40_K3_M16_I7.xlsx,7,1234,20260825,sample-1280,8097.999999999998,9951.666666666666,6244.33333333333,11045.0,0.2761739749694243,0.0,1364976128,ok
real_world_test100_seed20260906,hdrl,40,RW_N40_K3_M16_I8.xlsx,8,1234,20260825,sample-1280,7589.833333333334,9358.333333333334,5821.333333333334,10420.0,0.2758227480808273,0.0,1364976128,ok
real_world_test100_seed20260906,hdrl,40,RW_N40_K3_M16_I9.xlsx,9,1234,20260825,sample-1280,6358.416666666666,9107.5,3609.333333333333,10140.0,0.2761757649714127,9.094947017729282e-13,1364976128,ok
real_world_test100_seed20260906,hdrl,40,RW_N40_K3_M16_I10.xlsx,10,1234,20260825,sample-1280,7873.916666666667,9823.333333333338,5924.499999999996,10985.0,0.2758935979800299,9.094947017729282e-13,1364976128,ok
real_world_test100_seed20260906,hdrl,40,RW_N40_K3_M16_I11.xlsx,11,1234,20260825,sample-1280,6671.833333333332,9296.666666666666,4046.999999999999,10310.0,0.2760695159668103,0.0,1364976128,ok
real_world_test100_seed20260906,hdrl,40,RW_N40_K3_M16_I12.xlsx,12,1234,20260825,sample-1280,6195.749999999999,9042.5,3348.999999999998,10025.0,0.27637389302253723,9.094947017729282e-13,1364976128,ok
real_world_test100_seed20260906,hdrl,40,RW_N40_K3_M16_I13.xlsx,13,1234,20260825,sample-1280,6023.666666666666,9080.833333333332,2966.5,10135.0,0.2760239460039884,0.0,1364976128,ok
real_world_test100_seed20260906,hdrl,40,RW_N40_K3_M16_I14.xlsx,14,1234,20260825,sample-1280,7959.666666666668,9555.0,6364.333333333335,10665.0,0.27627217397093773,0.0,1364976128,ok
real_world_test100_seed20260906,hdrl,40,RW_N40_K3_M16_I15.xlsx,15,1234,20260825,sample-1280,7769.833333333334,9342.500000000002,6197.166666666667,10420.0,0.27665404009167105,0.0,1364976128,ok
real_world_test100_seed20260906,hdrl,40,RW_N40_K3_M16_I16.xlsx,16,1234,20260825,sample-1280,6498.166666666667,9463.333333333334,3533.0,10550.0,0.275710299029015,9.094947017729282e-13,1364976128,ok
real_world_test100_seed20260906,hdrl,40,RW_N40_K3_M16_I17.xlsx,17,1234,20260825,sample-1280,7789.333333333336,9599.16666666667,5979.500000000002,10720.0,0.27625363296829164,0.0,1364976128,ok
real_world_test100_seed20260906,hdrl,40,RW_N40_K3_M16_I18.xlsx,18,1234,20260825,sample-1280,7590.250000000001,8764.166666666668,6416.333333333334,9745.0,0.2763445529853925,0.0,1364976128,ok
real_world_test100_seed20260906,hdrl,40,RW_N40_K3_M16_I19.xlsx,19,1234,20260825,sample-1280,7698.25,9697.5,5699.000000000001,10810.0,0.27591124700848013,9.094947017729282e-13,1364976128,ok
real_world_test100_seed20260906,hdrl,40,RW_N40_K3_M16_I20.xlsx,20,1234,20260825,sample-1280,7870.166666666667,9669.166666666668,6071.166666666666,10740.0,0.2761710250051692,0.0,1364976128,ok
real_world_test100_seed20260906,hdrl,40,RW_N40_K3_M16_I21.xlsx,21,1234,20260825,sample-1280,7139.916666666667,9307.5,4972.333333333334,10305.0,0.2757946780184284,9.094947017729282e-13,1364976128,ok
real_world_test100_seed20260906,hdrl,40,RW_N40_K3_M16_I22.xlsx,22,1234,20260825,sample-1280,7291.083333333336,9555.000000000004,5027.166666666667,10605.0,0.2762810030253604,1.8189894035458565e-12,1364976128,ok
real_world_test100_seed20260906,hdrl,40,RW_N40_K3_M16_I23.xlsx,23,1234,20260825,sample-1280,6322.416666666669,8867.500000000004,3777.333333333334,9880.0,0.27602746593765914,9.094947017729282e-13,1364976128,ok
real_world_test100_seed20260906,hdrl,40,RW_N40_K3_M16_I24.xlsx,24,1234,20260825,sample-1280,8756.0,9682.500000000002,7829.499999999996,10775.0,0.2761972649022937,1.8189894035458565e-12,1364976128,ok
real_world_test100_seed20260906,hdrl,40,RW_N40_K3_M16_I25.xlsx,25,1234,20260825,sample-1280,8660.75,9490.833333333332,7830.666666666666,10610.0,0.2761530550196767,0.0,1364976128,ok
real_world_test100_seed20260906,hdrl,40,RW_N40_K3_M16_I26.xlsx,26,1234,20260825,sample-1280,8210.750000000002,9841.66666666667,6579.833333333333,10975.0,0.2763662519864738,0.0,1364976128,ok
real_world_test100_seed20260906,hdrl,40,RW_N40_K3_M16_I27.xlsx,27,1234,20260825,sample-1280,7194.416666666666,9474.999999999998,4913.833333333335,10570.0,0.2763323630206287,9.094947017729282e-13,1364976128,ok
real_world_test100_seed20260906,hdrl,40,RW_N40_K3_M16_I28.xlsx,28,1234,20260825,sample-1280,7278.0,9427.500000000002,5128.499999999998,10500.0,0.27736935298889875,9.094947017729282e-13,1364976128,ok
real_world_test100_seed20260906,hdrl,40,RW_N40_K3_M16_I29.xlsx,29,1234,20260825,sample-1280,7088.499999999998,9605.833333333332,4571.166666666665,10690.0,0.2767140190117061,9.094947017729282e-13,1364976128,ok
real_world_test100_seed20260906,hdrl,40,RW_N40_K3_M16_I30.xlsx,30,1234,20260825,sample-1280,8525.166666666664,9726.666666666666,7323.666666666663,10865.0,0.27650893095415086,0.0,1364976128,ok
real_world_test100_seed20260906,hdrl,40,RW_N40_K3_M16_I31.xlsx,31,1234,20260825,sample-1280,7562.416666666667,9148.333333333332,5976.500000000002,10205.0,0.2763132229447365,0.0,1364976128,ok
real_world_test100_seed20260906,hdrl,40,RW_N40_K3_M16_I32.xlsx,32,1234,20260825,sample-1280,7977.25,9824.999999999998,6129.500000000002,10850.0,0.27677102806046605,0.0,1364976128,ok
real_world_test100_seed20260906,hdrl,40,RW_N40_K3_M16_I33.xlsx,33,1234,20260825,sample-1280,7757.416666666668,9941.66666666667,5573.166666666665,11085.0,0.2765300100436434,9.094947017729282e-13,1364976128,ok
real_world_test100_seed20260906,hdrl,40,RW_N40_K3_M16_I34.xlsx,34,1234,20260825,sample-1280,6940.333333333336,9178.333333333336,4702.333333333335,10210.0,0.2767629079753533,1.8189894035458565e-12,1364976128,ok
real_world_test100_seed20260906,hdrl,40,RW_N40_K3_M16_I35.xlsx,35,1234,20260825,sample-1280,7035.916666666666,9245.833333333334,4825.999999999999,10270.0,0.27647949103266,1.8189894035458565e-12,1364976128,ok
real_world_test100_seed20260906,hdrl,40,RW_N40_K3_M16_I36.xlsx,36,1234,20260825,sample-1280,7313.416666666667,9825.833333333336,4800.999999999998,10915.0,0.2765790999401361,9.094947017729282e-13,1364976128,ok
real_world_test100_seed20260906,hdrl,40,RW_N40_K3_M16_I37.xlsx,37,1234,20260825,sample-1280,6198.5,9261.666666666666,3135.3333333333344,10280.0,0.2763033830560744,0.0,1364976128,ok
real_world_test100_seed20260906,hdrl,40,RW_N40_K3_M16_I38.xlsx,38,1234,20260825,sample-1280,8230.166666666664,9589.999999999998,6870.333333333331,10610.0,0.2781618640292436,0.0,1364976128,ok
real_world_test100_seed20260906,hdrl,40,RW_N40_K3_M16_I39.xlsx,39,1234,20260825,sample-1280,5959.166666666664,8840.833333333332,3077.4999999999973,9860.0,0.2759798059705645,1.8189894035458565e-12,1364976128,ok
real_world_test100_seed20260906,hdrl,40,RW_N40_K3_M16_I40.xlsx,40,1234,20260825,sample-1280,6854.166666666667,9215.0,4493.333333333334,10270.0,0.2768853270681575,0.0,1364976128,ok
real_world_test100_seed20260906,hdrl,40,RW_N40_K3_M16_I41.xlsx,41,1234,20260825,sample-1280,7641.583333333335,9554.166666666668,5729.000000000002,10655.0,0.27682045800611377,9.094947017729282e-13,1364976128,ok
real_world_test100_seed20260906,hdrl,40,RW_N40_K3_M16_I42.xlsx,42,1234,20260825,sample-1280,7743.25,9966.666666666666,5519.833333333333,11085.0,0.27659900998696685,0.0,1364976128,ok
real_world_test100_seed20260906,hdrl,40,RW_N40_K3_M16_I43.xlsx,43,1234,20260825,sample-1280,7429.249999999998,9187.499999999998,5670.999999999998,10200.0,0.275932275922969,0.0,1364976128,ok
real_world_test100_seed20260906,hdrl,40,RW_N40_K3_M16_I44.xlsx,44,1234,20260825,sample-1280,6835.333333333333,9416.666666666668,4253.999999999998,10475.0,0.2770506349625066,9.094947017729282e-13,1364976128,ok
real_world_test100_seed20260906,hdrl,40,RW_N40_K3_M16_I45.xlsx,45,1234,20260825,sample-1280,6760.500000000002,8940.000000000002,4581.000000000003,9945.0,0.27662852907087654,0.0,1364976128,ok
real_world_test100_seed20260906,hdrl,40,RW_N40_K3_M16_I46.xlsx,46,1234,20260825,sample-1280,8077.333333333334,9678.333333333334,6476.333333333333,10830.0,0.27655381010845304,0.0,1364976128,ok
real_world_test100_seed20260906,hdrl,40,RW_N40_K3_M16_I47.xlsx,47,1234,20260825,sample-1280,7338.166666666664,9519.166666666664,5157.166666666664,10585.0,0.2764769410714507,9.094947017729282e-13,1364976128,ok
real_world_test100_seed20260906,hdrl,40,RW_N40_K3_M16_I48.xlsx,48,1234,20260825,sample-1280,6921.750000000001,9353.333333333334,4490.166666666668,10430.0,0.27658552897628397,9.094947017729282e-13,1364976128,ok
real_world_test100_seed20260906,hdrl,40,RW_N40_K3_M16_I49.xlsx,49,1234,20260825,sample-1280,8463.25,9810.000000000002,7116.499999999997,10965.0,0.27656203997321427,0.0,1364976128,ok
real_world_test100_seed20260906,hdrl,40,RW_N40_K3_M16_I50.xlsx,50,1234,20260825,sample-1280,7342.416666666667,9571.666666666668,5113.166666666666,10630.0,0.2764362309826538,9.094947017729282e-13,1364976128,ok
real_world_test100_seed20260906,hdrl,40,RW_N40_K3_M16_I51.xlsx,51,1234,20260825,sample-1280,6932.083333333333,9239.166666666664,4625.000000000002,10300.0,0.28297060693148524,9.094947017729282e-13,1364976128,ok
real_world_test100_seed20260906,hdrl,40,RW_N40_K3_M16_I52.xlsx,52,1234,20260825,sample-1280,7054.416666666666,9262.499999999998,4846.333333333334,10365.0,0.27651774999685585,9.094947017729282e-13,1364976128,ok
real_world_test100_seed20260906,hdrl,40,RW_N40_K3_M16_I53.xlsx,53,1234,20260825,sample-1280,8254.75,9346.666666666666,7162.833333333333,10475.0,0.2765031000599265,0.0,1364976128,ok
real_world_test100_seed20260906,hdrl,40,RW_N40_K3_M16_I54.xlsx,54,1234,20260825,sample-1280,7586.250000000001,9434.166666666668,5738.333333333334,10530.0,0.27662054903339595,0.0,1364976128,ok
real_world_test100_seed20260906,hdrl,40,RW_N40_K3_M16_I55.xlsx,55,1234,20260825,sample-1280,6784.833333333333,9210.833333333332,4358.833333333334,10315.0,0.2765540500404313,0.0,1364976128,ok
real_world_test100_seed20260906,hdrl,40,RW_N40_K3_M16_I56.xlsx,56,1234,20260825,sample-1280,7078.833333333335,9463.333333333336,4694.333333333334,10535.0,0.27623943297658116,9.094947017729282e-13,1364976128,ok
real_world_test100_seed20260906,hdrl,40,RW_N40_K3_M16_I57.xlsx,57,1234,20260825,sample-1280,8982.250000000002,9848.333333333334,8116.166666666669,11005.0,0.27630256302654743,1.8189894035458565e-12,1364976128,ok
real_world_test100_seed20260906,hdrl,40,RW_N40_K3_M16_I58.xlsx,58,1234,20260825,sample-1280,8366.5,9793.333333333332,6939.66666666667,10890.0,0.27749946992844343,0.0,1364976128,ok
real_world_test100_seed20260906,hdrl,40,RW_N40_K3_M16_I59.xlsx,59,1234,20260825,sample-1280,7110.0,9530.833333333334,4689.166666666667,10615.0,0.276246992056258,0.0,1364976128,ok
real_world_test100_seed20260906,hdrl,40,RW_N40_K3_M16_I60.xlsx,60,1234,20260825,sample-1280,7709.416666666668,9294.166666666666,6124.666666666669,10360.0,0.27651655999943614,9.094947017729282e-13,1364976128,ok
real_world_test100_seed20260906,hdrl,40,RW_N40_K3_M16_I61.xlsx,61,1234,20260825,sample-1280,8650.833333333332,9674.999999999998,7626.666666666668,10795.0,0.2761724629672244,0.0,1364976128,ok
real_world_test100_seed20260906,hdrl,40,RW_N40_K3_M16_I62.xlsx,62,1234,20260825,sample-1280,6435.666666666667,8924.166666666668,3947.166666666666,9910.0,0.27627010189462453,9.094947017729282e-13,1364976128,ok
real_world_test100_seed20260906,hdrl,40,RW_N40_K3_M16_I63.xlsx,63,1234,20260825,sample-1280,8749.583333333336,9475.833333333336,8023.333333333334,10610.0,0.27657042897772044,0.0,1364976128,ok
real_world_test100_seed20260906,hdrl,40,RW_N40_K3_M16_I64.xlsx,64,1234,20260825,sample-1280,7386.499999999998,9729.999999999998,5042.999999999999,10865.0,0.27628629200626165,0.0,1364976128,ok
real_world_test100_seed20260906,hdrl,40,RW_N40_K3_M16_I65.xlsx,65,1234,20260825,sample-1280,7787.499999999999,9938.333333333332,5636.666666666666,11115.0,0.2766220790799707,9.094947017729282e-13,1364976128,ok
real_world_test100_seed20260906,hdrl,40,RW_N40_K3_M16_I66.xlsx,66,1234,20260825,sample-1280,7178.333333333332,9228.333333333332,5128.333333333332,10260.0,0.27700759493745863,9.094947017729282e-13,1364976128,ok
real_world_test100_seed20260906,hdrl,40,RW_N40_K3_M16_I67.xlsx,67,1234,20260825,sample-1280,8598.416666666666,10234.166666666666,6962.666666666667,11380.0,0.2764367701020092,1.8189894035458565e-12,1364976128,ok
real_world_test100_seed20260906,hdrl,40,RW_N40_K3_M16_I68.xlsx,68,1234,20260825,sample-1280,6939.833333333334,9381.666666666668,4497.999999999999,10430.0,0.27655738894827664,0.0,1364976128,ok
real_world_test100_seed20260906,hdrl,40,RW_N40_K3_M16_I69.xlsx,69,1234,20260825,sample-1280,7967.500000000002,9184.166666666668,6750.833333333336,10290.0,0.2765945690916851,0.0,1364976128,ok
real_world_test100_seed20260906,hdrl,40,RW_N40_K3_M16_I70.xlsx,70,1234,20260825,sample-1280,7358.666666666666,9589.166666666664,5128.166666666667,10660.0,0.2761875729775056,0.0,1364976128,ok
real_world_test100_seed20260906,hdrl,40,RW_N40_K3_M16_I71.xlsx,71,1234,20260825,sample-1280,7754.250000000004,9569.16666666667,5939.333333333338,10690.0,0.2762356020975858,0.0,1364976128,ok
real_world_test100_seed20260906,hdrl,40,RW_N40_K3_M16_I72.xlsx,72,1234,20260825,sample-1280,6990.249999999998,9213.333333333332,4767.166666666665,10250.0,0.27660810900852084,9.094947017729282e-13,1364976128,ok
real_world_test100_seed20260906,hdrl,40,RW_N40_K3_M16_I73.xlsx,73,1234,20260825,sample-1280,7035.75,9026.666666666668,5044.833333333332,10070.0,0.2764929599361494,0.0,1364976128,ok
real_world_test100_seed20260906,hdrl,40,RW_N40_K3_M16_I74.xlsx,74,1234,20260825,sample-1280,8126.833333333335,9936.666666666668,6317.000000000002,11030.0,0.28573114902246743,9.094947017729282e-13,1364976128,ok
real_world_test100_seed20260906,hdrl,40,RW_N40_K3_M16_I75.xlsx,75,1234,20260825,sample-1280,7604.166666666668,9797.5,5410.833333333335,10880.0,0.2760386239970103,0.0,1364976128,ok
real_world_test100_seed20260906,hdrl,40,RW_N40_K3_M16_I76.xlsx,76,1234,20260825,sample-1280,7563.583333333333,9954.166666666668,5172.999999999998,11130.0,0.2762986710295081,9.094947017729282e-13,1364976128,ok
real_world_test100_seed20260906,hdrl,40,RW_N40_K3_M16_I77.xlsx,77,1234,20260825,sample-1280,6597.333333333333,9086.666666666666,4108.0,10100.0,0.27707471302710474,9.094947017729282e-13,1364976128,ok
real_world_test100_seed20260906,hdrl,40,RW_N40_K3_M16_I78.xlsx,78,1234,20260825,sample-1280,8023.333333333336,9963.333333333336,6083.333333333336,11085.0,0.2762986810412258,9.094947017729282e-13,1364976128,ok
real_world_test100_seed20260906,hdrl,40,RW_N40_K3_M16_I79.xlsx,79,1234,20260825,sample-1280,8926.250000000002,9603.333333333332,8249.166666666672,10780.0,0.276252732030116,1.8189894035458565e-12,1364976128,ok
real_world_test100_seed20260906,hdrl,40,RW_N40_K3_M16_I80.xlsx,80,1234,20260825,sample-1280,7763.166666666666,9991.666666666666,5534.666666666667,11080.0,0.2763516609556973,0.0,1364976128,ok
real_world_test100_seed20260906,hdrl,40,RW_N40_K3_M16_I81.xlsx,81,1234,20260825,sample-1280,8678.833333333336,10475.000000000004,6882.666666666669,11710.0,0.2761347229825333,0.0,1364976128,ok
real_world_test100_seed20260906,hdrl,40,RW_N40_K3_M16_I82.xlsx,82,1234,20260825,sample-1280,6980.333333333334,9415.833333333334,4544.833333333334,10515.0,0.27595874096732587,0.0,1364976128,ok
real_world_test100_seed20260906,hdrl,40,RW_N40_K3_M16_I83.xlsx,83,1234,20260825,sample-1280,7431.916666666664,9819.166666666664,5044.666666666665,10890.0,0.27613428607583046,9.094947017729282e-13,1364976128,ok
real_world_test100_seed20260906,hdrl,40,RW_N40_K3_M16_I84.xlsx,84,1234,20260825,sample-1280,8493.333333333334,9370.0,7616.666666666668,10445.0,0.27708874095696956,0.0,1364976128,ok
real_world_test100_seed20260906,hdrl,40,RW_N40_K3_M16_I85.xlsx,85,1234,20260825,sample-1280,7119.416666666666,9190.833333333332,5048.000000000001,10265.0,0.27629038400482386,9.094947017729282e-13,1364976128,ok
real_world_test100_seed20260906,hdrl,40,RW_N40_K3_M16_I86.xlsx,86,1234,20260825,sample-1280,7271.916666666668,9691.666666666668,4852.166666666669,10800.0,0.2767083989456296,0.0,1364976128,ok
real_world_test100_seed20260906,hdrl,40,RW_N40_K3_M16_I87.xlsx,87,1234,20260825,sample-1280,7817.916666666667,9598.333333333334,6037.5,10630.0,0.2765829300042242,0.0,1364976128,ok
real_world_test100_seed20260906,hdrl,40,RW_N40_K3_M16_I88.xlsx,88,1234,20260825,sample-1280,7256.333333333331,9769.166666666664,4743.499999999998,10820.0,0.27630376908928156,0.0,1364976128,ok
real_world_test100_seed20260906,hdrl,40,RW_N40_K3_M16_I89.xlsx,89,1234,20260825,sample-1280,7446.166666666665,9676.666666666664,5215.666666666666,10765.0,0.2763731870800257,9.094947017729282e-13,1364976128,ok
real_world_test100_seed20260906,hdrl,40,RW_N40_K3_M16_I90.xlsx,90,1234,20260825,sample-1280,6965.416666666666,9510.0,4420.833333333333,10550.0,0.2781455209478736,9.094947017729282e-13,1364976128,ok
real_world_test100_seed20260906,hdrl,40,RW_N40_K3_M16_I91.xlsx,91,1234,20260825,sample-1280,8065.416666666666,9716.666666666666,6414.166666666665,10865.0,0.27606422593817115,0.0,1364976128,ok
real_world_test100_seed20260906,hdrl,40,RW_N40_K3_M16_I92.xlsx,92,1234,20260825,sample-1280,6467.916666666669,9399.16666666667,3536.666666666668,10490.0,0.2762337949825451,9.094947017729282e-13,1364976128,ok
real_world_test100_seed20260906,hdrl,40,RW_N40_K3_M16_I93.xlsx,93,1234,20260825,sample-1280,6732.916666666666,9661.666666666664,3804.166666666667,10760.0,0.27618832304142416,0.0,1364976128,ok
real_world_test100_seed20260906,hdrl,40,RW_N40_K3_M16_I94.xlsx,94,1234,20260825,sample-1280,8257.25,9721.666666666668,6792.833333333334,10830.0,0.27636064193211496,1.8189894035458565e-12,1364976128,ok
real_world_test100_seed20260906,hdrl,40,RW_N40_K3_M16_I95.xlsx,95,1234,20260825,sample-1280,8581.0,10205.0,6956.999999999999,11380.0,0.27623374201357365,0.0,1364976128,ok
real_world_test100_seed20260906,hdrl,40,RW_N40_K3_M16_I96.xlsx,96,1234,20260825,sample-1280,7180.749999999999,9286.666666666666,5074.833333333332,10355.0,0.2761129590217024,9.094947017729282e-13,1364976128,ok
real_world_test100_seed20260906,hdrl,40,RW_N40_K3_M16_I97.xlsx,97,1234,20260825,sample-1280,9074.0,9811.666666666666,8336.333333333334,10955.0,0.28531050600577146,0.0,1364976128,ok
real_world_test100_seed20260906,hdrl,40,RW_N40_K3_M16_I98.xlsx,98,1234,20260825,sample-1280,9032.75,9926.666666666668,8138.833333333334,11100.0,0.27673662500455976,0.0,1364976128,ok
real_world_test100_seed20260906,hdrl,40,RW_N40_K3_M16_I99.xlsx,99,1234,20260825,sample-1280,9379.833333333336,9978.333333333336,8781.333333333336,11150.0,0.2763060659635812,0.0,1364976128,ok
real_world_test100_seed20260906,hdrl,40,RW_N40_K3_M16_I100.xlsx,100,1234,20260825,sample-1280,8572.083333333334,9670.833333333334,7473.333333333334,10735.0,0.2760416059754789,0.0,1364976128,ok
real_world_test100_seed20260906,tdrl,10,RW_N10_K3_M16_I1.xlsx,1,1234,20260825,sample-1280,1582.3333333333335,2400.0,764.6666666666667,2615.0,0.08013140608090907,0.0,136660992,ok
real_world_test100_seed20260906,tdrl,10,RW_N10_K3_M16_I2.xlsx,2,1234,20260825,sample-1280,1616.1666666666665,2499.1666666666665,733.1666666666667,2765.0,0.07973285799380392,4.547473508864641e-13,136660992,ok
real_world_test100_seed20260906,tdrl,10,RW_N10_K3_M16_I3.xlsx,3,1234,20260825,sample-1280,1907.1666666666665,2712.5,1101.8333333333333,3010.0,0.07707075891084969,0.0,136660992,ok
real_world_test100_seed20260906,tdrl,10,RW_N10_K3_M16_I4.xlsx,4,1234,20260825,sample-1280,1701.8333333333335,2743.3333333333335,660.3333333333333,3035.0,0.07908369100186974,0.0,136660992,ok
real_world_test100_seed20260906,tdrl,10,RW_N10_K3_M16_I5.xlsx,5,1234,20260825,sample-1280,1807.25,2557.5000000000005,1056.9999999999998,2830.0,0.07901794090867043,4.547473508864641e-13,136660992,ok
real_world_test100_seed20260906,tdrl,10,RW_N10_K3_M16_I6.xlsx,6,1234,20260825,sample-1280,1410.8333333333333,2310.833333333333,510.8333333333335,2555.0,0.0789747410453856,0.0,136660992,ok
real_world_test100_seed20260906,tdrl,10,RW_N10_K3_M16_I7.xlsx,7,1234,20260825,sample-1280,1718.5,2585.8333333333335,851.1666666666666,2855.0,0.07688835798762739,0.0,136660992,ok
real_world_test100_seed20260906,tdrl,10,RW_N10_K3_M16_I8.xlsx,8,1234,20260825,sample-1280,1449.416666666667,2480.8333333333335,418.00000000000034,2735.0,0.07747653604019433,0.0,136660992,ok
real_world_test100_seed20260906,tdrl,10,RW_N10_K3_M16_I9.xlsx,9,1234,20260825,sample-1280,1515.1666666666665,2439.1666666666665,591.1666666666667,2695.0,0.08040591503959149,4.547473508864641e-13,136660992,ok
real_world_test100_seed20260906,tdrl,10,RW_N10_K3_M16_I10.xlsx,10,1234,20260825,sample-1280,1396.0,2400.8333333333335,391.1666666666667,2660.0,0.07709864794742316,0.0,136660992,ok
real_world_test100_seed20260906,tdrl,10,RW_N10_K3_M16_I11.xlsx,11,1234,20260825,sample-1280,1511.7500000000002,2374.166666666667,649.3333333333336,2630.0,0.09123735304456204,2.2737367544323206e-13,136660992,ok
real_world_test100_seed20260906,tdrl,10,RW_N10_K3_M16_I12.xlsx,12,1234,20260825,sample-1280,1158.5,2103.3333333333335,213.66666666666663,2300.0,0.0771870770258829,0.0,136660992,ok
real_world_test100_seed20260906,tdrl,10,RW_N10_K3_M16_I13.xlsx,13,1234,20260825,sample-1280,1411.0833333333335,2395.8333333333335,426.33333333333337,2640.0,0.07773162401281297,0.0,136660992,ok
real_world_test100_seed20260906,tdrl,10,RW_N10_K3_M16_I14.xlsx,14,1234,20260825,sample-1280,1381.9166666666665,2348.3333333333335,415.4999999999998,2565.0,0.07694569695740938,0.0,136660992,ok
real_world_test100_seed20260906,tdrl,10,RW_N10_K3_M16_I15.xlsx,15,1234,20260825,sample-1280,1429.2500000000005,2281.666666666667,576.8333333333337,2510.0,0.0768614870030433,0.0,136660992,ok
real_world_test100_seed20260906,tdrl,10,RW_N10_K3_M16_I16.xlsx,16,1234,20260825,sample-1280,1485.5,2246.6666666666665,724.3333333333335,2490.0,0.07676444808021188,2.2737367544323206e-13,136660992,ok
real_world_test100_seed20260906,tdrl,10,RW_N10_K3_M16_I17.xlsx,17,1234,20260825,sample-1280,1870.5,2764.166666666667,976.8333333333333,3075.0,0.07693974697031081,0.0,136660992,ok
real_world_test100_seed20260906,tdrl,10,RW_N10_K3_M16_I18.xlsx,18,1234,20260825,sample-1280,1269.1666666666665,2198.333333333333,340.0000000000001,2375.0,0.07689780695363879,0.0,136660992,ok
real_world_test100_seed20260906,tdrl,10,RW_N10_K3_M16_I19.xlsx,19,1234,20260825,sample-1280,1622.7499999999998,2445.833333333333,799.6666666666666,2705.0,0.07674319692887366,2.2737367544323206e-13,136660992,ok
real_world_test100_seed20260906,tdrl,10,RW_N10_K3_M16_I20.xlsx,20,1234,20260825,sample-1280,1402.5,2341.666666666667,463.33333333333326,2580.0,0.07689472695346922,0.0,136660992,ok
real_world_test100_seed20260906,tdrl,10,RW_N10_K3_M16_I21.xlsx,21,1234,20260825,sample-1280,1483.2500000000002,2356.666666666667,609.8333333333336,2595.0,0.07671382708940655,2.2737367544323206e-13,136660992,ok
real_world_test100_seed20260906,tdrl,10,RW_N10_K3_M16_I22.xlsx,22,1234,20260825,sample-1280,1654.0,2408.3333333333335,899.6666666666666,2635.0,0.0766249579610303,0.0,136660992,ok
real_world_test100_seed20260906,tdrl,10,RW_N10_K3_M16_I23.xlsx,23,1234,20260825,sample-1280,1606.416666666667,2450.0,762.8333333333337,2690.0,0.0767264470923692,0.0,136660992,ok
real_world_test100_seed20260906,tdrl,10,RW_N10_K3_M16_I24.xlsx,24,1234,20260825,sample-1280,1356.9166666666665,2277.5,436.33333333333326,2500.0,0.07671661803033203,0.0,136660992,ok
real_world_test100_seed20260906,tdrl,10,RW_N10_K3_M16_I25.xlsx,25,1234,20260825,sample-1280,1583.25,2462.5,703.9999999999999,2730.0,0.07680521695874631,0.0,136660992,ok
real_world_test100_seed20260906,tdrl,10,RW_N10_K3_M16_I26.xlsx,26,1234,20260825,sample-1280,1344.5833333333335,2295.8333333333335,393.33333333333337,2490.0,0.07666063692886382,0.0,136660992,ok
real_world_test100_seed20260906,tdrl,10,RW_N10_K3_M16_I27.xlsx,27,1234,20260825,sample-1280,1508.666666666667,2334.166666666667,683.166666666667,2555.0,0.07690045493654907,0.0,136660992,ok
real_world_test100_seed20260906,tdrl,10,RW_N10_K3_M16_I28.xlsx,28,1234,20260825,sample-1280,1439.416666666667,2415.833333333334,463.0000000000001,2660.0,0.0765542370500043,0.0,136660992,ok
real_world_test100_seed20260906,tdrl,10,RW_N10_K3_M16_I29.xlsx,29,1234,20260825,sample-1280,1873.916666666667,2844.166666666667,903.6666666666667,3120.0,0.07665875693783164,4.547473508864641e-13,136660992,ok
real_world_test100_seed20260906,tdrl,10,RW_N10_K3_M16_I30.xlsx,30,1234,20260825,sample-1280,1093.0833333333333,2045.8333333333333,140.33333333333337,2265.0,0.07670893601607531,0.0,136660992,ok
real_world_test100_seed20260906,tdrl,10,RW_N10_K3_M16_I31.xlsx,31,1234,20260825,sample-1280,1300.8333333333335,2195.8333333333335,405.83333333333354,2405.0,0.07663759693969041,0.0,136660992,ok
real_world_test100_seed20260906,tdrl,10,RW_N10_K3_M16_I32.xlsx,32,1234,20260825,sample-1280,1809.166666666667,2643.333333333334,975.0000000000002,2915.0,0.07671395596116781,0.0,136660992,ok
real_world_test100_seed20260906,tdrl,10,RW_N10_K3_M16_I33.xlsx,33,1234,20260825,sample-1280,1722.416666666667,2673.333333333334,771.5,2925.0,0.07660097698681056,0.0,136660992,ok
real_world_test100_seed20260906,tdrl,10,RW_N10_K3_M16_I34.xlsx,34,1234,20260825,sample-1280,1230.0833333333333,2224.1666666666665,236.00000000000017,2460.0,0.07645075605250895,2.2737367544323206e-13,136660992,ok
real_world_test100_seed20260906,tdrl,10,RW_N10_K3_M16_I35.xlsx,35,1234,20260825,sample-1280,1402.916666666667,2276.666666666667,529.1666666666667,2465.0,0.07658579596318305,0.0,136660992,ok
real_world_test100_seed20260906,tdrl,10,RW_N10_K3_M16_I36.xlsx,36,1234,20260825,sample-1280,1509.5833333333337,2472.5000000000005,546.6666666666669,2735.0,0.07658097601961344,0.0,136660992,ok
real_world_test100_seed20260906,tdrl,10,RW_N10_K3_M16_I37.xlsx,37,1234,20260825,sample-1280,1446.5833333333335,2352.5,540.6666666666669,2600.0,0.07669806608464569,0.0,136660992,ok
real_world_test100_seed20260906,tdrl,10,RW_N10_K3_M16_I38.xlsx,38,1234,20260825,sample-1280,1498.5833333333335,2256.666666666667,740.5000000000002,2490.0,0.07674235594458878,0.0,136660992,ok
real_world_test100_seed20260906,tdrl,10,RW_N10_K3_M16_I39.xlsx,39,1234,20260825,sample-1280,1593.5833333333335,2526.6666666666665,660.5000000000002,2785.0,0.07687507499940693,0.0,136660992,ok
real_world_test100_seed20260906,tdrl,10,RW_N10_K3_M16_I40.xlsx,40,1234,20260825,sample-1280,1460.0000000000002,2530.8333333333335,389.16666666666686,2785.0,0.07663320598658174,0.0,136660992,ok
real_world_test100_seed20260906,tdrl,10,RW_N10_K3_M16_I41.xlsx,41,1234,20260825,sample-1280,1406.3333333333335,2295.8333333333335,516.8333333333336,2545.0,0.07666694500949234,0.0,136660992,ok
real_world_test100_seed20260906,tdrl,10,RW_N10_K3_M16_I42.xlsx,42,1234,20260825,sample-1280,1582.6666666666667,2564.1666666666665,601.166666666667,2795.0,0.0767222240101546,0.0,136660992,ok
real_world_test100_seed20260906,tdrl,10,RW_N10_K3_M16_I43.xlsx,43,1234,20260825,sample-1280,1263.5833333333335,1986.6666666666667,540.5000000000002,2200.0,0.07695704407524318,0.0,136660992,ok
real_world_test100_seed20260906,tdrl,10,RW_N10_K3_M16_I44.xlsx,44,1234,20260825,sample-1280,1761.5833333333335,2835.8333333333335,687.3333333333335,3120.0,0.07652379607316107,2.2737367544323206e-13,136660992,ok
real_world_test100_seed20260906,tdrl,10,RW_N10_K3_M16_I45.xlsx,45,1234,20260825,sample-1280,1719.75,2699.1666666666665,740.3333333333336,2965.0,0.07655815489124507,0.0,136660992,ok
real_world_test100_seed20260906,tdrl,10,RW_N10_K3_M16_I46.xlsx,46,1234,20260825,sample-1280,1722.7500000000005,2505.0000000000005,940.5000000000003,2760.0,0.07632373692467809,0.0,136660992,ok
real_world_test100_seed20260906,tdrl,10,RW_N10_K3_M16_I47.xlsx,47,1234,20260825,sample-1280,1431.166666666667,2139.166666666667,723.1666666666669,2350.0,0.07663030503317714,0.0,136660992,ok
real_world_test100_seed20260906,tdrl,10,RW_N10_K3_M16_I48.xlsx,48,1234,20260825,sample-1280,1656.5833333333333,2459.1666666666665,853.9999999999999,2695.0,0.07662408391479403,2.2737367544323206e-13,136660992,ok
real_world_test100_seed20260906,tdrl,10,RW_N10_K3_M16_I49.xlsx,49,1234,20260825,sample-1280,1365.0833333333335,2314.166666666667,416.0000000000001,2555.0,0.07666742405854166,2.2737367544323206e-13,136660992,ok
real_world_test100_seed20260906,tdrl,10,RW_N10_K3_M16_I50.xlsx,50,1234,20260825,sample-1280,1728.9166666666667,2512.5,945.3333333333336,2770.0,0.07662440498825163,0.0,136660992,ok
real_world_test100_seed20260906,tdrl,10,RW_N10_K3_M16_I51.xlsx,51,1234,20260825,sample-1280,1275.1666666666665,2135.0,415.33333333333326,2355.0,0.07690406299661845,0.0,136660992,ok
real_world_test100_seed20260906,tdrl,10,RW_N10_K3_M16_I52.xlsx,52,1234,20260825,sample-1280,1581.75,2552.5,611.0,2810.0,0.07665971398819238,0.0,136660992,ok
real_world_test100_seed20260906,tdrl,10,RW_N10_K3_M16_I53.xlsx,53,1234,20260825,sample-1280,1885.416666666667,2831.666666666667,939.1666666666667,3130.0,0.07653728500008583,4.547473508864641e-13,136660992,ok
real_world_test100_seed20260906,tdrl,10,RW_N10_K3_M16_I54.xlsx,54,1234,20260825,sample-1280,1484.5,2299.1666666666665,669.8333333333335,2530.0,0.07668645400553942,0.0,136660992,ok
real_world_test100_seed20260906,tdrl,10,RW_N10_K3_M16_I55.xlsx,55,1234,20260825,sample-1280,1814.25,2593.333333333333,1035.166666666667,2865.0,0.07671760302037,2.2737367544323206e-13,136660992,ok
real_world_test100_seed20260906,tdrl,10,RW_N10_K3_M16_I56.xlsx,56,1234,20260825,sample-1280,1427.833333333333,2412.4999999999995,443.16666666666674,2650.0,0.07666919298935682,0.0,136660992,ok
real_world_test100_seed20260906,tdrl,10,RW_N10_K3_M16_I57.xlsx,57,1234,20260825,sample-1280,1483.0,2413.3333333333335,552.6666666666667,2645.0,0.07684745301958174,0.0,136660992,ok
real_world_test100_seed20260906,tdrl,10,RW_N10_K3_M16_I58.xlsx,58,1234,20260825,sample-1280,1521.8333333333335,2466.6666666666665,577.0000000000003,2740.0,0.0769851019140333,0.0,136660992,ok
real_world_test100_seed20260906,tdrl,10,RW_N10_K3_M16_I59.xlsx,59,1234,20260825,sample-1280,1398.916666666667,2451.666666666667,346.16666666666674,2705.0,0.0774708209792152,0.0,136660992,ok
real_world_test100_seed20260906,tdrl,10,RW_N10_K3_M16_I60.xlsx,60,1234,20260825,sample-1280,1657.2500000000002,2690.0000000000005,624.5,2950.0,0.07635870401281863,0.0,136660992,ok
real_world_test100_seed20260906,tdrl,10,RW_N10_K3_M16_I61.xlsx,61,1234,20260825,sample-1280,1823.3333333333335,2781.666666666667,865.0,3060.0,0.07648090401198715,0.0,136660992,ok
real_world_test100_seed20260906,tdrl,10,RW_N10_K3_M16_I62.xlsx,62,1234,20260825,sample-1280,1698.416666666667,2502.5000000000005,894.3333333333335,2755.0,0.07627569395117462,0.0,136660992,ok
real_world_test100_seed20260906,tdrl,10,RW_N10_K3_M16_I63.xlsx,63,1234,20260825,sample-1280,1594.0833333333335,2436.666666666667,751.5000000000002,2695.0,0.07637645397335291,0.0,136660992,ok
real_world_test100_seed20260906,tdrl,10,RW_N10_K3_M16_I64.xlsx,64,1234,20260825,sample-1280,1489.9166666666667,2288.3333333333335,691.5,2530.0,0.07592263596598059,0.0,136660992,ok
real_world_test100_seed20260906,tdrl,10,RW_N10_K3_M16_I65.xlsx,65,1234,20260825,sample-1280,1256.0,2297.5,214.50000000000023,2520.0,0.0824961899779737,0.0,136660992,ok
real_world_test100_seed20260906,tdrl,10,RW_N10_K3_M16_I66.xlsx,66,1234,20260825,sample-1280,1534.8333333333335,2430.8333333333335,638.8333333333335,2720.0,0.07631680404301733,0.0,136660992,ok
real_world_test100_seed20260906,tdrl,10,RW_N10_K3_M16_I67.xlsx,67,1234,20260825,sample-1280,1599.3333333333335,2372.5,826.1666666666667,2635.0,0.0764260139549151,0.0,136660992,ok
real_world_test100_seed20260906,tdrl,10,RW_N10_K3_M16_I68.xlsx,68,1234,20260825,sample-1280,1859.0833333333335,2618.3333333333335,1099.8333333333335,2905.0,0.0764488730346784,0.0,136660992,ok
real_world_test100_seed20260906,tdrl,10,RW_N10_K3_M16_I69.xlsx,69,1234,20260825,sample-1280,1622.9166666666665,2602.5,643.3333333333333,2870.0,0.07625631301198155,0.0,136660992,ok
real_world_test100_seed20260906,tdrl,10,RW_N10_K3_M16_I70.xlsx,70,1234,20260825,sample-1280,1460.916666666667,2476.6666666666674,445.1666666666667,2755.0,0.07634822302497923,2.2737367544323206e-13,136660992,ok
real_world_test100_seed20260906,tdrl,10,RW_N10_K3_M16_I71.xlsx,71,1234,20260825,sample-1280,1504.9166666666667,2377.5,632.3333333333336,2625.0,0.07669443101622164,0.0,136660992,ok
real_world_test100_seed20260906,tdrl,10,RW_N10_K3_M16_I72.xlsx,72,1234,20260825,sample-1280,1758.2499999999998,2582.4999999999995,933.9999999999999,2860.0,0.07683585106860846,0.0,136660992,ok
real_world_test100_seed20260906,tdrl,10,RW_N10_K3_M16_I73.xlsx,73,1234,20260825,sample-1280,1471.916666666667,2210.8333333333335,733.0000000000002,2415.0,0.07663227093871683,0.0,136660992,ok
real_world_test100_seed20260906,tdrl,10,RW_N10_K3_M16_I74.xlsx,74,1234,20260825,sample-1280,1939.75,2795.833333333333,1083.6666666666667,3070.0,0.07688725995831192,0.0,136660992,ok
real_world_test100_seed20260906,tdrl,10,RW_N10_K3_M16_I75.xlsx,75,1234,20260825,sample-1280,1302.75,2256.6666666666665,348.83333333333337,2485.0,0.07667244097683579,0.0,136660992,ok
real_world_test100_seed20260906,tdrl,10,RW_N10_K3_M16_I76.xlsx,76,1234,20260825,sample-1280,1543.5833333333335,2435.0,652.1666666666667,2680.0,0.07665742095559835,0.0,136660992,ok
real_world_test100_seed20260906,tdrl,10,RW_N10_K3_M16_I77.xlsx,77,1234,20260825,sample-1280,1426.5000000000002,2317.5000000000005,535.5000000000001,2560.0,0.076636150944978,0.0,136660992,ok
real_world_test100_seed20260906,tdrl,10,RW_N10_K3_M16_I78.xlsx,78,1234,20260825,sample-1280,1749.4166666666667,2634.1666666666665,864.666666666667,2920.0,0.07661445101257414,0.0,136660992,ok
real_world_test100_seed20260906,tdrl,10,RW_N10_K3_M16_I79.xlsx,79,1234,20260825,sample-1280,1187.8333333333335,2069.166666666667,306.5,2295.0,0.07637621206231415,0.0,136660992,ok
real_world_test100_seed20260906,tdrl,10,RW_N10_K3_M16_I80.xlsx,80,1234,20260825,sample-1280,1460.0833333333335,2236.666666666667,683.5000000000001,2470.0,0.07668480090796947,0.0,136660992,ok
real_world_test100_seed20260906,tdrl,10,RW_N10_K3_M16_I81.xlsx,81,1234,20260825,sample-1280,1690.5833333333333,2492.5,888.6666666666666,2725.0,0.07687602995429188,0.0,136660992,ok
real_world_test100_seed20260906,tdrl,10,RW_N10_K3_M16_I82.xlsx,82,1234,20260825,sample-1280,1665.9166666666667,2476.666666666667,855.1666666666666,2760.0,0.07689827005378902,0.0,136660992,ok
real_world_test100_seed20260906,tdrl,10,RW_N10_K3_M16_I83.xlsx,83,1234,20260825,sample-1280,1583.1666666666667,2450.8333333333335,715.5000000000001,2665.0,0.07636406098026782,2.2737367544323206e-13,136660992,ok
real_world_test100_seed20260906,tdrl,10,RW_N10_K3_M16_I84.xlsx,84,1234,20260825,sample-1280,1656.1666666666667,2516.6666666666665,795.666666666667,2745.0,0.07632707199081779,0.0,136660992,ok
real_world_test100_seed20260906,tdrl,10,RW_N10_K3_M16_I85.xlsx,85,1234,20260825,sample-1280,1593.0,2487.5,698.4999999999999,2750.0,0.07618993194773793,0.0,136660992,ok
real_world_test100_seed20260906,tdrl,10,RW_N10_K3_M16_I86.xlsx,86,1234,20260825,sample-1280,1667.9166666666667,2579.1666666666665,756.6666666666669,2855.0,0.0763056519208476,0.0,136660992,ok
real_world_test100_seed20260906,tdrl,10,RW_N10_K3_M16_I87.xlsx,87,1234,20260825,sample-1280,1664.25,2465.0,863.5,2710.0,0.07640811207238585,0.0,136660992,ok
real_world_test100_seed20260906,tdrl,10,RW_N10_K3_M16_I88.xlsx,88,1234,20260825,sample-1280,1349.1666666666667,2366.666666666667,331.66666666666646,2595.0,0.07657491997815669,0.0,136660992,ok
real_world_test100_seed20260906,tdrl,10,RW_N10_K3_M16_I89.xlsx,89,1234,20260825,sample-1280,1499.0833333333337,2575.0000000000005,423.16666666666697,2820.0,0.07662947999779135,0.0,136660992,ok
real_world_test100_seed20260906,tdrl,10,RW_N10_K3_M16_I90.xlsx,90,1234,20260825,sample-1280,1427.0000000000002,2415.8333333333335,438.1666666666668,2670.0,0.07638331095222384,2.2737367544323206e-13,136660992,ok
real_world_test100_seed20260906,tdrl,10,RW_N10_K3_M16_I91.xlsx,91,1234,20260825,sample-1280,1736.9166666666667,2586.6666666666665,887.1666666666669,2845.0,0.07659509999211878,2.2737367544323206e-13,136660992,ok
real_world_test100_seed20260906,tdrl,10,RW_N10_K3_M16_I92.xlsx,92,1234,20260825,sample-1280,1750.8333333333335,2565.8333333333335,935.8333333333335,2820.0,0.07655641995370388,0.0,136660992,ok
real_world_test100_seed20260906,tdrl,10,RW_N10_K3_M16_I93.xlsx,93,1234,20260825,sample-1280,1832.2500000000002,2741.666666666667,922.8333333333335,2990.0,0.07643093005754054,2.2737367544323206e-13,136660992,ok
real_world_test100_seed20260906,tdrl,10,RW_N10_K3_M16_I94.xlsx,94,1234,20260825,sample-1280,1629.7499999999998,2643.333333333333,616.1666666666665,2915.0,0.07692682894412428,2.2737367544323206e-13,136660992,ok
real_world_test100_seed20260906,tdrl,10,RW_N10_K3_M16_I95.xlsx,95,1234,20260825,sample-1280,1442.4999999999998,2240.833333333333,644.1666666666665,2465.0,0.07685432909056544,2.2737367544323206e-13,136660992,ok
real_world_test100_seed20260906,tdrl,10,RW_N10_K3_M16_I96.xlsx,96,1234,20260825,sample-1280,1743.833333333333,2675.8333333333326,811.8333333333336,2960.0,0.07670731900725514,2.2737367544323206e-13,136660992,ok
real_world_test100_seed20260906,tdrl,10,RW_N10_K3_M16_I97.xlsx,97,1234,20260825,sample-1280,1580.6666666666667,2580.0,581.3333333333335,2845.0,0.07675183797255158,0.0,136660992,ok
real_world_test100_seed20260906,tdrl,10,RW_N10_K3_M16_I98.xlsx,98,1234,20260825,sample-1280,1834.7500000000002,2735.8333333333335,933.6666666666669,3035.0,0.07675788807682693,2.2737367544323206e-13,136660992,ok
real_world_test100_seed20260906,tdrl,10,RW_N10_K3_M16_I99.xlsx,99,1234,20260825,sample-1280,1387.25,2232.5,542.0000000000002,2480.0,0.07699777698144317,4.547473508864641e-13,136660992,ok
real_world_test100_seed20260906,tdrl,10,RW_N10_K3_M16_I100.xlsx,100,1234,20260825,sample-1280,1547.1666666666667,2279.1666666666665,815.166666666667,2515.0,0.07682454795576632,0.0,136660992,ok
real_world_test100_seed20260906,tdrl,20,RW_N20_K3_M16_I1.xlsx,1,1234,20260825,sample-1280,3238.7500000000005,4359.166666666667,2118.333333333334,4830.0,0.1535301459953189,4.547473508864641e-13,146048512,ok
real_world_test100_seed20260906,tdrl,20,RW_N20_K3_M16_I2.xlsx,2,1234,20260825,sample-1280,2935.416666666667,4400.0,1470.833333333334,4855.0,0.15385523298755288,4.547473508864641e-13,146048512,ok
real_world_test100_seed20260906,tdrl,20,RW_N20_K3_M16_I3.xlsx,3,1234,20260825,sample-1280,3544.5000000000005,4727.500000000001,2361.5,5270.0,0.1542204120196402,4.547473508864641e-13,146048512,ok
real_world_test100_seed20260906,tdrl,20,RW_N20_K3_M16_I4.xlsx,4,1234,20260825,sample-1280,3463.833333333334,4560.833333333334,2366.833333333334,5040.0,0.16209157998673618,0.0,146048512,ok
real_world_test100_seed20260906,tdrl,20,RW_N20_K3_M16_I5.xlsx,5,1234,20260825,sample-1280,2887.1666666666665,4410.833333333333,1363.5000000000002,4875.0,0.15379969298373908,4.547473508864641e-13,146048512,ok
real_world_test100_seed20260906,tdrl,20,RW_N20_K3_M16_I6.xlsx,6,1234,20260825,sample-1280,3480.500000000001,4811.666666666668,2149.333333333334,5320.0,0.1540347309783101,9.094947017729282e-13,146048512,ok
real_world_test100_seed20260906,tdrl,20,RW_N20_K3_M16_I7.xlsx,7,1234,20260825,sample-1280,3488.3333333333335,4675.833333333334,2300.833333333333,5180.0,0.15370143204927444,4.547473508864641e-13,146048512,ok
real_world_test100_seed20260906,tdrl,20,RW_N20_K3_M16_I8.xlsx,8,1234,20260825,sample-1280,3927.7500000000005,4900.833333333334,2954.666666666667,5370.0,0.1540067510213703,0.0,146048512,ok
real_world_test100_seed20260906,tdrl,20,RW_N20_K3_M16_I9.xlsx,9,1234,20260825,sample-1280,3957.583333333334,4901.666666666667,3013.500000000001,5405.0,0.15339273307472467,4.547473508864641e-13,146048512,ok
real_world_test100_seed20260906,tdrl,20,RW_N20_K3_M16_I10.xlsx,10,1234,20260825,sample-1280,3520.5000000000005,4645.833333333334,2395.166666666667,5115.0,0.16295391297899187,4.547473508864641e-13,146048512,ok
real_world_test100_seed20260906,tdrl,20,RW_N20_K3_M16_I11.xlsx,11,1234,20260825,sample-1280,3674.0000000000005,4763.333333333333,2584.666666666668,5285.0,0.15393790998496115,0.0,146048512,ok
real_world_test100_seed20260906,tdrl,20,RW_N20_K3_M16_I12.xlsx,12,1234,20260825,sample-1280,3203.25,4492.5,1914.0000000000002,4955.0,0.15570835303515196,4.547473508864641e-13,146048512,ok
real_world_test100_seed20260906,tdrl,20,RW_N20_K3_M16_I13.xlsx,13,1234,20260825,sample-1280,3133.9166666666674,4530.833333333334,1737.000000000001,4985.0,0.15382432902697474,4.547473508864641e-13,146048512,ok
real_world_test100_seed20260906,tdrl,20,RW_N20_K3_M16_I14.xlsx,14,1234,20260825,sample-1280,3762.583333333334,4810.833333333334,2714.333333333334,5355.0,0.15370943897869438,9.094947017729282e-13,146048512,ok
real_world_test100_seed20260906,tdrl,20,RW_N20_K3_M16_I15.xlsx,15,1234,20260825,sample-1280,2907.916666666667,3940.833333333334,1874.9999999999998,4335.0,0.15474286500830203,4.547473508864641e-13,146048512,ok
real_world_test100_seed20260906,tdrl,20,RW_N20_K3_M16_I16.xlsx,16,1234,20260825,sample-1280,3826.916666666666,5077.499999999998,2576.3333333333344,5630.0,0.1552715019788593,0.0,146048512,ok
real_world_test100_seed20260906,tdrl,20,RW_N20_K3_M16_I17.xlsx,17,1234,20260825,sample-1280,3725.6666666666665,4824.166666666666,2627.166666666667,5330.0,0.15628285706043243,4.547473508864641e-13,146048512,ok
real_world_test100_seed20260906,tdrl,20,RW_N20_K3_M16_I18.xlsx,18,1234,20260825,sample-1280,3558.583333333334,4656.666666666667,2460.500000000001,5170.0,0.15417517500463873,0.0,146048512,ok
real_world_test100_seed20260906,tdrl,20,RW_N20_K3_M16_I19.xlsx,19,1234,20260825,sample-1280,2370.0000000000005,4141.666666666667,598.3333333333337,4550.0,0.1563700269907713,0.0,146048512,ok
real_world_test100_seed20260906,tdrl,20,RW_N20_K3_M16_I20.xlsx,20,1234,20260825,sample-1280,3315.75,4688.333333333334,1943.1666666666663,5190.0,0.15547209000214934,4.547473508864641e-13,146048512,ok
real_world_test100_seed20260906,tdrl,20,RW_N20_K3_M16_I21.xlsx,21,1234,20260825,sample-1280,3104.666666666667,4390.0,1819.3333333333342,4870.0,0.1542637440143153,0.0,146048512,ok
real_world_test100_seed20260906,tdrl,20,RW_N20_K3_M16_I22.xlsx,22,1234,20260825,sample-1280,4237.166666666667,5090.833333333334,3383.5000000000005,5645.0,0.15373326605185866,9.094947017729282e-13,146048512,ok
real_world_test100_seed20260906,tdrl,20,RW_N20_K3_M16_I23.xlsx,23,1234,20260825,sample-1280,3821.25,4750.833333333333,2891.666666666667,5260.0,0.15410825505387038,0.0,146048512,ok
real_world_test100_seed20260906,tdrl,20,RW_N20_K3_M16_I24.xlsx,24,1234,20260825,sample-1280,2991.666666666667,4505.0,1478.333333333334,4990.0,0.1546739919576794,0.0,146048512,ok
real_world_test100_seed20260906,tdrl,20,RW_N20_K3_M16_I25.xlsx,25,1234,20260825,sample-1280,3152.333333333334,4669.166666666667,1635.5000000000011,5155.0,0.15377557405736297,0.0,146048512,ok
real_world_test100_seed20260906,tdrl,20,RW_N20_K3_M16_I26.xlsx,26,1234,20260825,sample-1280,3502.25,4815.0,2189.5,5290.0,0.1535594150191173,0.0,146048512,ok
real_world_test100_seed20260906,tdrl,20,RW_N20_K3_M16_I27.xlsx,27,1234,20260825,sample-1280,3250.25,4505.0,1995.5,4995.0,0.15416225290391594,0.0,146048512,ok
real_world_test100_seed20260906,tdrl,20,RW_N20_K3_M16_I28.xlsx,28,1234,20260825,sample-1280,3860.083333333334,4991.666666666667,2728.500000000001,5565.0,0.15404608298558742,0.0,146048512,ok
real_world_test100_seed20260906,tdrl,20,RW_N20_K3_M16_I29.xlsx,29,1234,20260825,sample-1280,3324.5,4743.333333333333,1905.6666666666672,5245.0,0.15372266294434667,0.0,146048512,ok
real_world_test100_seed20260906,tdrl,20,RW_N20_K3_M16_I30.xlsx,30,1234,20260825,sample-1280,3724.583333333333,4668.333333333333,2780.833333333333,5165.0,0.15394544193986803,0.0,146048512,ok
real_world_test100_seed20260906,tdrl,20,RW_N20_K3_M16_I31.xlsx,31,1234,20260825,sample-1280,3905.75,4886.666666666667,2924.833333333333,5400.0,0.1543870409950614,4.547473508864641e-13,146048512,ok
real_world_test100_seed20260906,tdrl,20,RW_N20_K3_M16_I32.xlsx,32,1234,20260825,sample-1280,3749.500000000001,4896.666666666667,2602.333333333335,5405.0,0.15438989095855504,0.0,146048512,ok
real_world_test100_seed20260906,tdrl,20,RW_N20_K3_M16_I33.xlsx,33,1234,20260825,sample-1280,3424.833333333333,4785.0,2064.666666666666,5270.0,0.154076281003654,0.0,146048512,ok
real_world_test100_seed20260906,tdrl,20,RW_N20_K3_M16_I34.xlsx,34,1234,20260825,sample-1280,3842.333333333333,5128.333333333333,2556.3333333333335,5665.0,0.15357390197459608,4.547473508864641e-13,146048512,ok
real_world_test100_seed20260906,tdrl,20,RW_N20_K3_M16_I35.xlsx,35,1234,20260825,sample-1280,3315.5,4469.166666666667,2161.833333333333,4920.0,0.15422876900993288,0.0,146048512,ok
real_world_test100_seed20260906,tdrl,20,RW_N20_K3_M16_I36.xlsx,36,1234,20260825,sample-1280,3748.333333333333,4619.166666666666,2877.5000000000005,5090.0,0.15380827093031257,4.547473508864641e-13,146048512,ok
real_world_test100_seed20260906,tdrl,20,RW_N20_K3_M16_I37.xlsx,37,1234,20260825,sample-1280,3565.916666666667,4603.333333333334,2528.5,5085.0,0.15385344997048378,0.0,146048512,ok
real_world_test100_seed20260906,tdrl,20,RW_N20_K3_M16_I38.xlsx,38,1234,20260825,sample-1280,2919.0000000000005,4193.333333333334,1644.666666666667,4605.0,0.15408871800173074,0.0,146048512,ok
real_world_test100_seed20260906,tdrl,20,RW_N20_K3_M16_I39.xlsx,39,1234,20260825,sample-1280,3475.833333333333,4685.0,2266.6666666666665,5200.0,0.1538268990116194,0.0,146048512,ok
real_world_test100_seed20260906,tdrl,20,RW_N20_K3_M16_I40.xlsx,40,1234,20260825,sample-1280,3392.500000000001,4890.833333333334,1894.1666666666674,5385.0,0.155231504002586,9.094947017729282e-13,146048512,ok
real_world_test100_seed20260906,tdrl,20,RW_N20_K3_M16_I41.xlsx,41,1234,20260825,sample-1280,3772.9999999999995,4919.166666666666,2626.833333333333,5435.0,0.15453098597936332,0.0,146048512,ok
real_world_test100_seed20260906,tdrl,20,RW_N20_K3_M16_I42.xlsx,42,1234,20260825,sample-1280,3345.7500000000005,4779.166666666668,1912.3333333333328,5245.0,0.15377244795672596,4.547473508864641e-13,146048512,ok
real_world_test100_seed20260906,tdrl,20,RW_N20_K3_M16_I43.xlsx,43,1234,20260825,sample-1280,3461.416666666667,4498.333333333333,2424.500000000001,4970.0,0.1544567559612915,0.0,146048512,ok
real_world_test100_seed20260906,tdrl,20,RW_N20_K3_M16_I44.xlsx,44,1234,20260825,sample-1280,3378.0,4883.333333333333,1872.666666666667,5380.0,0.15410684701055288,0.0,146048512,ok
real_world_test100_seed20260906,tdrl,20,RW_N20_K3_M16_I45.xlsx,45,1234,20260825,sample-1280,3046.0000000000005,4544.166666666666,1547.8333333333348,4995.0,0.15369373699650168,0.0,146048512,ok
real_world_test100_seed20260906,tdrl,20,RW_N20_K3_M16_I46.xlsx,46,1234,20260825,sample-1280,3050.0000000000005,4233.333333333334,1866.666666666667,4680.0,0.15498314204160124,0.0,146048512,ok
real_world_test100_seed20260906,tdrl,20,RW_N20_K3_M16_I47.xlsx,47,1234,20260825,sample-1280,3877.416666666666,4978.333333333333,2776.4999999999995,5515.0,0.15514660102780908,0.0,146048512,ok
real_world_test100_seed20260906,tdrl,20,RW_N20_K3_M16_I48.xlsx,48,1234,20260825,sample-1280,3787.2500000000005,5240.0,2334.500000000001,5755.0,0.15424503397662193,0.0,146048512,ok
real_world_test100_seed20260906,tdrl,20,RW_N20_K3_M16_I49.xlsx,49,1234,20260825,sample-1280,3698.2500000000005,4947.500000000001,2449.0,5465.0,0.1550647399853915,4.547473508864641e-13,146048512,ok
real_world_test100_seed20260906,tdrl,20,RW_N20_K3_M16_I50.xlsx,50,1234,20260825,sample-1280,3352.583333333334,4620.833333333334,2084.3333333333335,5075.0,0.153686074889265,0.0,146048512,ok
real_world_test100_seed20260906,tdrl,20,RW_N20_K3_M16_I51.xlsx,51,1234,20260825,sample-1280,3182.583333333334,4875.833333333334,1489.3333333333342,5370.0,0.15489664999768138,0.0,146048512,ok
real_world_test100_seed20260906,tdrl,20,RW_N20_K3_M16_I52.xlsx,52,1234,20260825,sample-1280,3003.916666666666,4293.333333333333,1714.4999999999995,4735.0,0.153788315015845,4.547473508864641e-13,146048512,ok
real_world_test100_seed20260906,tdrl,20,RW_N20_K3_M16_I53.xlsx,53,1234,20260825,sample-1280,3458.5833333333335,4767.500000000001,2149.666666666666,5245.0,0.15391379303764552,0.0,146048512,ok
real_world_test100_seed20260906,tdrl,20,RW_N20_K3_M16_I54.xlsx,54,1234,20260825,sample-1280,3287.0833333333335,4550.833333333333,2023.333333333334,5025.0,0.15435843204613775,0.0,146048512,ok
real_world_test100_seed20260906,tdrl,20,RW_N20_K3_M16_I55.xlsx,55,1234,20260825,sample-1280,3659.916666666667,4560.000000000001,2759.833333333333,5045.0,0.15487041894812137,4.547473508864641e-13,146048512,ok
real_world_test100_seed20260906,tdrl,20,RW_N20_K3_M16_I56.xlsx,56,1234,20260825,sample-1280,2865.583333333334,4261.666666666667,1469.5000000000005,4710.0,0.15359515498857945,0.0,146048512,ok
real_world_test100_seed20260906,tdrl,20,RW_N20_K3_M16_I57.xlsx,57,1234,20260825,sample-1280,3528.4166666666665,4892.499999999999,2164.333333333334,5400.0,0.15378558193333447,9.094947017729282e-13,146048512,ok
real_world_test100_seed20260906,tdrl,20,RW_N20_K3_M16_I58.xlsx,58,1234,20260825,sample-1280,4342.833333333334,5259.166666666667,3426.5000000000005,5805.0,0.1543581789592281,0.0,146048512,ok
real_world_test100_seed20260906,tdrl,20,RW_N20_K3_M16_I59.xlsx,59,1234,20260825,sample-1280,3664.3333333333335,4980.833333333334,2347.833333333333,5480.0,0.16033595497719944,4.547473508864641e-13,146048512,ok
real_world_test100_seed20260906,tdrl,20,RW_N20_K3_M16_I60.xlsx,60,1234,20260825,sample-1280,3528.25,4930.0,2126.5,5445.0,0.15651177999097854,0.0,146048512,ok
real_world_test100_seed20260906,tdrl,20,RW_N20_K3_M16_I61.xlsx,61,1234,20260825,sample-1280,3573.1666666666674,4990.833333333334,2155.500000000001,5500.0,0.15417330898344517,0.0,146048512,ok
real_world_test100_seed20260906,tdrl,20,RW_N20_K3_M16_I62.xlsx,62,1234,20260825,sample-1280,4039.0,4905.833333333333,3172.166666666667,5440.0,0.15363860095385462,0.0,146048512,ok
real_world_test100_seed20260906,tdrl,20,RW_N20_K3_M16_I63.xlsx,63,1234,20260825,sample-1280,3336.416666666667,4669.166666666667,2003.6666666666674,5125.0,0.15495420596562326,0.0,146048512,ok
real_world_test100_seed20260906,tdrl,20,RW_N20_K3_M16_I64.xlsx,64,1234,20260825,sample-1280,3675.250000000001,4653.333333333334,2697.166666666668,5145.0,0.1564477999927476,0.0,146048512,ok
real_world_test100_seed20260906,tdrl,20,RW_N20_K3_M16_I65.xlsx,65,1234,20260825,sample-1280,3609.5,4973.333333333333,2245.666666666667,5500.0,0.15306041203439236,0.0,146048512,ok
real_world_test100_seed20260906,tdrl,20,RW_N20_K3_M16_I66.xlsx,66,1234,20260825,sample-1280,3982.8333333333335,5298.333333333333,2667.333333333334,5855.0,0.15323565097060055,0.0,146048512,ok
real_world_test100_seed20260906,tdrl,20,RW_N20_K3_M16_I67.xlsx,67,1234,20260825,sample-1280,3073.083333333334,4253.333333333334,1892.8333333333337,4710.0,0.15334228100255132,4.547473508864641e-13,146048512,ok
real_world_test100_seed20260906,tdrl,20,RW_N20_K3_M16_I68.xlsx,68,1234,20260825,sample-1280,3733.083333333334,4795.0,2671.166666666668,5300.0,0.15296919201500714,4.547473508864641e-13,146048512,ok
real_world_test100_seed20260906,tdrl,20,RW_N20_K3_M16_I69.xlsx,69,1234,20260825,sample-1280,3947.25,5000.833333333334,2893.6666666666665,5575.0,0.1532393399393186,0.0,146048512,ok
real_world_test100_seed20260906,tdrl,20,RW_N20_K3_M16_I70.xlsx,70,1234,20260825,sample-1280,3233.666666666667,4720.0,1747.3333333333337,5240.0,0.15285129193216562,0.0,146048512,ok
real_world_test100_seed20260906,tdrl,20,RW_N20_K3_M16_I71.xlsx,71,1234,20260825,sample-1280,3437.916666666667,4751.666666666668,2124.166666666666,5285.0,0.15324395999778062,0.0,146048512,ok
real_world_test100_seed20260906,tdrl,20,RW_N20_K3_M16_I72.xlsx,72,1234,20260825,sample-1280,3827.416666666667,4893.333333333334,2761.5,5405.0,0.15316045098006725,0.0,146048512,ok
real_world_test100_seed20260906,tdrl,20,RW_N20_K3_M16_I73.xlsx,73,1234,20260825,sample-1280,3908.75,4747.5,3070.0,5245.0,0.15298859006725252,0.0,146048512,ok
real_world_test100_seed20260906,tdrl,20,RW_N20_K3_M16_I74.xlsx,74,1234,20260825,sample-1280,2911.5833333333335,4020.8333333333335,1802.3333333333337,4425.0,0.15296337904874235,0.0,146048512,ok
real_world_test100_seed20260906,tdrl,20,RW_N20_K3_M16_I75.xlsx,75,1234,20260825,sample-1280,3738.666666666666,4903.333333333333,2573.9999999999995,5425.0,0.15289806004147977,0.0,146048512,ok
real_world_test100_seed20260906,tdrl,20,RW_N20_K3_M16_I76.xlsx,76,1234,20260825,sample-1280,3255.5000000000005,4640.0,1871.000000000001,5130.0,0.15290456998627633,4.547473508864641e-13,146048512,ok
real_world_test100_seed20260906,tdrl,20,RW_N20_K3_M16_I77.xlsx,77,1234,20260825,sample-1280,3414.3333333333335,4555.833333333334,2272.833333333333,5045.0,0.15300918905995786,0.0,146048512,ok
real_world_test100_seed20260906,tdrl,20,RW_N20_K3_M16_I78.xlsx,78,1234,20260825,sample-1280,3198.6666666666665,4553.333333333333,1844.0000000000002,5045.0,0.1527519189985469,0.0,146048512,ok
real_world_test100_seed20260906,tdrl,20,RW_N20_K3_M16_I79.xlsx,79,1234,20260825,sample-1280,3162.0000000000005,4887.5,1436.500000000001,5370.0,0.15325608698185533,0.0,146048512,ok
real_world_test100_seed20260906,tdrl,20,RW_N20_K3_M16_I80.xlsx,80,1234,20260825,sample-1280,3065.833333333334,4514.166666666668,1617.5,5000.0,0.15326818695757538,0.0,146048512,ok
real_world_test100_seed20260906,tdrl,20,RW_N20_K3_M16_I81.xlsx,81,1234,20260825,sample-1280,3109.833333333334,4339.166666666667,1880.5000000000005,4800.0,0.15330523706506938,4.547473508864641e-13,146048512,ok
real_world_test100_seed20260906,tdrl,20,RW_N20_K3_M16_I82.xlsx,82,1234,20260825,sample-1280,3930.0,4944.999999999999,2915.0000000000005,5480.0,0.15298929705750197,0.0,146048512,ok
real_world_test100_seed20260906,tdrl,20,RW_N20_K3_M16_I83.xlsx,83,1234,20260825,sample-1280,3847.583333333333,5241.666666666665,2453.5000000000005,5760.0,0.1530982960248366,0.0,146048512,ok
real_world_test100_seed20260906,tdrl,20,RW_N20_K3_M16_I84.xlsx,84,1234,20260825,sample-1280,3490.666666666667,4639.166666666667,2342.166666666667,5110.0,0.15317503502592444,0.0,146048512,ok
real_world_test100_seed20260906,tdrl,20,RW_N20_K3_M16_I85.xlsx,85,1234,20260825,sample-1280,3896.416666666666,5039.999999999999,2752.8333333333335,5585.0,0.15292514697648585,9.094947017729282e-13,146048512,ok
real_world_test100_seed20260906,tdrl,20,RW_N20_K3_M16_I86.xlsx,86,1234,20260825,sample-1280,3413.0,4863.333333333333,1962.666666666667,5330.0,0.15285808593034744,0.0,146048512,ok
real_world_test100_seed20260906,tdrl,20,RW_N20_K3_M16_I87.xlsx,87,1234,20260825,sample-1280,3452.416666666667,4465.833333333334,2439.0,4930.0,0.15288598602637649,4.547473508864641e-13,146048512,ok
real_world_test100_seed20260906,tdrl,20,RW_N20_K3_M16_I88.xlsx,88,1234,20260825,sample-1280,3029.083333333334,4790.000000000001,1268.1666666666674,5300.0,0.15280693606473505,0.0,146048512,ok
real_world_test100_seed20260906,tdrl,20,RW_N20_K3_M16_I89.xlsx,89,1234,20260825,sample-1280,3625.083333333333,4712.5,2537.666666666666,5175.0,0.15312426490709186,0.0,146048512,ok
real_world_test100_seed20260906,tdrl,20,RW_N20_K3_M16_I90.xlsx,90,1234,20260825,sample-1280,2926.916666666667,4716.666666666666,1137.1666666666674,5190.0,0.15281642496120185,0.0,146048512,ok
real_world_test100_seed20260906,tdrl,20,RW_N20_K3_M16_I91.xlsx,91,1234,20260825,sample-1280,3167.6666666666665,4524.166666666667,1811.1666666666663,5005.0,0.15285383409354836,0.0,146048512,ok
real_world_test100_seed20260906,tdrl,20,RW_N20_K3_M16_I92.xlsx,92,1234,20260825,sample-1280,3571.416666666666,4856.666666666666,2286.1666666666665,5350.0,0.1532300030812621,0.0,146048512,ok
real_world_test100_seed20260906,tdrl,20,RW_N20_K3_M16_I93.xlsx,93,1234,20260825,sample-1280,3294.833333333334,4556.666666666667,2033.0000000000005,5080.0,0.1533790819812566,0.0,146048512,ok
real_world_test100_seed20260906,tdrl,20,RW_N20_K3_M16_I94.xlsx,94,1234,20260825,sample-1280,2876.0,4439.166666666667,1312.8333333333333,4890.0,0.15325063199270517,4.547473508864641e-13,146048512,ok
real_world_test100_seed20260906,tdrl,20,RW_N20_K3_M16_I95.xlsx,95,1234,20260825,sample-1280,3660.916666666667,5010.0,2311.833333333334,5540.0,0.1531430610921234,0.0,146048512,ok
real_world_test100_seed20260906,tdrl,20,RW_N20_K3_M16_I96.xlsx,96,1234,20260825,sample-1280,3458.333333333333,4714.166666666666,2202.5,5220.0,0.15313529199920595,0.0,146048512,ok
real_world_test100_seed20260906,tdrl,20,RW_N20_K3_M16_I97.xlsx,97,1234,20260825,sample-1280,3533.9166666666674,4910.000000000001,2157.833333333334,5415.0,0.15283007302787155,0.0,146048512,ok
real_world_test100_seed20260906,tdrl,20,RW_N20_K3_M16_I98.xlsx,98,1234,20260825,sample-1280,3374.0,4713.333333333333,2034.6666666666672,5205.0,0.15885193599388003,4.547473508864641e-13,146048512,ok
real_world_test100_seed20260906,tdrl,20,RW_N20_K3_M16_I99.xlsx,99,1234,20260825,sample-1280,3261.833333333334,4420.000000000001,2103.6666666666665,4865.0,0.15348434902261943,0.0,146048512,ok
real_world_test100_seed20260906,tdrl,20,RW_N20_K3_M16_I100.xlsx,100,1234,20260825,sample-1280,3189.583333333334,4635.000000000001,1744.166666666667,5095.0,0.15312540996819735,0.0,146048512,ok
real_world_test100_seed20260906,tdrl,30,RW_N30_K3_M16_I1.xlsx,1,1234,20260825,sample-1280,6082.916666666668,7042.500000000002,5123.333333333333,7770.0,0.22815284703392535,0.0,195686400,ok
real_world_test100_seed20260906,tdrl,30,RW_N30_K3_M16_I2.xlsx,2,1234,20260825,sample-1280,6912.083333333334,7458.333333333333,6365.833333333335,8245.0,0.2289444429334253,9.094947017729282e-13,195686400,ok
real_world_test100_seed20260906,tdrl,30,RW_N30_K3_M16_I3.xlsx,3,1234,20260825,sample-1280,5705.500000000002,6604.166666666668,4806.833333333336,7280.0,0.22782835795078427,0.0,195686400,ok
real_world_test100_seed20260906,tdrl,30,RW_N30_K3_M16_I4.xlsx,4,1234,20260825,sample-1280,6081.666666666666,6778.333333333333,5385.0,7470.0,0.22825339389964938,0.0,195686400,ok
real_world_test100_seed20260906,tdrl,30,RW_N30_K3_M16_I5.xlsx,5,1234,20260825,sample-1280,5820.000000000002,7100.833333333335,4539.166666666668,7830.0,0.22775492607615888,0.0,195686400,ok
real_world_test100_seed20260906,tdrl,30,RW_N30_K3_M16_I6.xlsx,6,1234,20260825,sample-1280,6019.000000000001,6937.5,5100.500000000002,7680.0,0.2442377230618149,9.094947017729282e-13,195686400,ok
real_world_test100_seed20260906,tdrl,30,RW_N30_K3_M16_I7.xlsx,7,1234,20260825,sample-1280,7033.166666666667,7226.666666666667,6839.666666666667,8075.0,0.22797531296964735,0.0,195686400,ok
real_world_test100_seed20260906,tdrl,30,RW_N30_K3_M16_I8.xlsx,8,1234,20260825,sample-1280,6482.583333333334,7258.333333333332,5706.833333333337,8055.0,0.2276818249374628,9.094947017729282e-13,195686400,ok
real_world_test100_seed20260906,tdrl,30,RW_N30_K3_M16_I9.xlsx,9,1234,20260825,sample-1280,6574.249999999999,7323.333333333332,5825.166666666666,8085.0,0.22804254305083305,9.094947017729282e-13,195686400,ok
real_world_test100_seed20260906,tdrl,30,RW_N30_K3_M16_I10.xlsx,10,1234,20260825,sample-1280,4692.666666666668,6370.833333333334,3014.500000000001,7025.0,0.2278562419814989,0.0,195686400,ok
real_world_test100_seed20260906,tdrl,30,RW_N30_K3_M16_I11.xlsx,11,1234,20260825,sample-1280,6539.416666666668,6989.166666666666,6089.666666666669,7775.0,0.2275239829905331,0.0,195686400,ok
real_world_test100_seed20260906,tdrl,30,RW_N30_K3_M16_I12.xlsx,12,1234,20260825,sample-1280,6828.499999999999,7205.833333333333,6451.166666666665,8020.0,0.22980745206587017,9.094947017729282e-13,195686400,ok
real_world_test100_seed20260906,tdrl,30,RW_N30_K3_M16_I13.xlsx,13,1234,20260825,sample-1280,5552.083333333334,6247.5,4856.666666666667,6895.0,0.24069198197685182,0.0,195686400,ok
real_world_test100_seed20260906,tdrl,30,RW_N30_K3_M16_I14.xlsx,14,1234,20260825,sample-1280,6266.083333333334,6949.166666666668,5583.000000000001,7685.0,0.22816766810137779,0.0,195686400,ok
real_world_test100_seed20260906,tdrl,30,RW_N30_K3_M16_I15.xlsx,15,1234,20260825,sample-1280,5795.249999999998,6760.833333333333,4829.666666666664,7440.0,0.2282785769784823,1.8189894035458565e-12,195686400,ok
real_world_test100_seed20260906,tdrl,30,RW_N30_K3_M16_I16.xlsx,16,1234,20260825,sample-1280,5479.583333333333,6705.0,4254.166666666666,7415.0,0.22804944694507867,9.094947017729282e-13,195686400,ok
real_world_test100_seed20260906,tdrl,30,RW_N30_K3_M16_I17.xlsx,17,1234,20260825,sample-1280,6179.916666666667,7195.833333333334,5164.0,7940.0,0.2286597630009055,0.0,195686400,ok
real_world_test100_seed20260906,tdrl,30,RW_N30_K3_M16_I18.xlsx,18,1234,20260825,sample-1280,6087.333333333334,6815.833333333334,5358.833333333334,7530.0,0.22801590606104583,0.0,195686400,ok
real_world_test100_seed20260906,tdrl,30,RW_N30_K3_M16_I19.xlsx,19,1234,20260825,sample-1280,5811.583333333335,6582.500000000001,5040.666666666669,7280.0,0.227971174987033,9.094947017729282e-13,195686400,ok
real_world_test100_seed20260906,tdrl,30,RW_N30_K3_M16_I20.xlsx,20,1234,20260825,sample-1280,6498.25,6992.5,6003.999999999999,7810.0,0.22821888409089297,0.0,195686400,ok
real_world_test100_seed20260906,tdrl,30,RW_N30_K3_M16_I21.xlsx,21,1234,20260825,sample-1280,5845.583333333334,6878.333333333333,4812.833333333334,7590.0,0.22833100298885256,0.0,195686400,ok
real_world_test100_seed20260906,tdrl,30,RW_N30_K3_M16_I22.xlsx,22,1234,20260825,sample-1280,6138.083333333334,7141.666666666665,5134.500000000002,7920.0,0.22962832602206618,0.0,195686400,ok
real_world_test100_seed20260906,tdrl,30,RW_N30_K3_M16_I23.xlsx,23,1234,20260825,sample-1280,6106.333333333334,7085.0,5127.666666666667,7820.0,0.22778902295976877,0.0,195686400,ok
real_world_test100_seed20260906,tdrl,30,RW_N30_K3_M16_I24.xlsx,24,1234,20260825,sample-1280,5804.166666666667,6563.333333333334,5045.0,7225.0,0.22830710106063634,0.0,195686400,ok
real_world_test100_seed20260906,tdrl,30,RW_N30_K3_M16_I25.xlsx,25,1234,20260825,sample-1280,6252.75,6919.166666666665,5586.333333333335,7640.0,0.2283600199734792,0.0,195686400,ok
real_world_test100_seed20260906,tdrl,30,RW_N30_K3_M16_I26.xlsx,26,1234,20260825,sample-1280,6106.083333333334,6954.166666666668,5258.0,7695.0,0.22828389005735517,0.0,195686400,ok
real_world_test100_seed20260906,tdrl,30,RW_N30_K3_M16_I27.xlsx,27,1234,20260825,sample-1280,6635.25,7049.999999999999,6220.500000000001,7805.0,0.22794414998497814,0.0,195686400,ok
real_world_test100_seed20260906,tdrl,30,RW_N30_K3_M16_I28.xlsx,28,1234,20260825,sample-1280,6167.916666666668,6900.0,5435.833333333335,7615.0,0.22808564000297338,0.0,195686400,ok
real_world_test100_seed20260906,tdrl,30,RW_N30_K3_M16_I29.xlsx,29,1234,20260825,sample-1280,6578.166666666669,7203.333333333334,5953.000000000004,8000.0,0.22815195703879,0.0,195686400,ok
real_world_test100_seed20260906,tdrl,30,RW_N30_K3_M16_I30.xlsx,30,1234,20260825,sample-1280,5713.25,6435.833333333334,4990.666666666665,7130.0,0.2284285759087652,9.094947017729282e-13,195686400,ok
real_world_test100_seed20260906,tdrl,30,RW_N30_K3_M16_I31.xlsx,31,1234,20260825,sample-1280,6003.500000000001,6960.0,5047.000000000002,7670.0,0.22754042001906782,9.094947017729282e-13,195686400,ok
real_world_test100_seed20260906,tdrl,30,RW_N30_K3_M16_I32.xlsx,32,1234,20260825,sample-1280,5557.250000000001,6765.000000000001,4349.500000000001,7500.0,0.22813339508138597,9.094947017729282e-13,195686400,ok
real_world_test100_seed20260906,tdrl,30,RW_N30_K3_M16_I33.xlsx,33,1234,20260825,sample-1280,5831.416666666667,6348.333333333333,5314.500000000001,7065.0,0.22835889493580908,9.094947017729282e-13,195686400,ok
real_world_test100_seed20260906,tdrl,30,RW_N30_K3_M16_I34.xlsx,34,1234,20260825,sample-1280,5250.5,6465.0,4036.0,7125.0,0.22782735689543188,0.0,195686400,ok
real_world_test100_seed20260906,tdrl,30,RW_N30_K3_M16_I35.xlsx,35,1234,20260825,sample-1280,6876.666666666667,6770.000000000001,6983.333333333333,7525.0,0.23456952394917607,9.094947017729282e-13,195686400,ok
real_world_test100_seed20260906,tdrl,30,RW_N30_K3_M16_I36.xlsx,36,1234,20260825,sample-1280,5735.75,6661.666666666667,4809.833333333334,7400.0,0.2280537539627403,0.0,195686400,ok
real_world_test100_seed20260906,tdrl,30,RW_N30_K3_M16_I37.xlsx,37,1234,20260825,sample-1280,6816.666666666668,7443.333333333333,6190.000000000002,8255.0,0.22877862106543034,9.094947017729282e-13,195686400,ok
real_world_test100_seed20260906,tdrl,30,RW_N30_K3_M16_I38.xlsx,38,1234,20260825,sample-1280,6091.833333333333,7061.666666666665,5122.000000000001,7805.0,0.22846347000449896,9.094947017729282e-13,195686400,ok
real_world_test100_seed20260906,tdrl,30,RW_N30_K3_M16_I39.xlsx,39,1234,20260825,sample-1280,6235.166666666666,7014.999999999999,5455.333333333334,7720.0,0.22745849494822323,0.0,195686400,ok
real_world_test100_seed20260906,tdrl,30,RW_N30_K3_M16_I40.xlsx,40,1234,20260825,sample-1280,4324.083333333333,6029.166666666666,2619.0,6645.0,0.2275609039934352,0.0,195686400,ok
real_world_test100_seed20260906,tdrl,30,RW_N30_K3_M16_I41.xlsx,41,1234,20260825,sample-1280,5884.666666666666,6516.666666666666,5252.666666666665,7230.0,0.227359352982603,0.0,195686400,ok
real_world_test100_seed20260906,tdrl,30,RW_N30_K3_M16_I42.xlsx,42,1234,20260825,sample-1280,5818.250000000002,6825.833333333335,4810.666666666668,7485.0,0.2276581620099023,0.0,195686400,ok
real_world_test100_seed20260906,tdrl,30,RW_N30_K3_M16_I43.xlsx,43,1234,20260825,sample-1280,6216.916666666666,7040.833333333332,5392.999999999999,7785.0,0.22729655308648944,0.0,195686400,ok
real_world_test100_seed20260906,tdrl,30,RW_N30_K3_M16_I44.xlsx,44,1234,20260825,sample-1280,5933.25,6960.833333333333,4905.666666666667,7680.0,0.22784292802680284,0.0,195686400,ok
real_world_test100_seed20260906,tdrl,30,RW_N30_K3_M16_I45.xlsx,45,1234,20260825,sample-1280,5741.750000000001,6856.66666666667,4626.833333333332,7605.0,0.2289933729916811,0.0,195686400,ok
real_world_test100_seed20260906,tdrl,30,RW_N30_K3_M16_I46.xlsx,46,1234,20260825,sample-1280,5196.333333333334,6473.333333333333,3919.333333333334,7155.0,0.22809794696513563,9.094947017729282e-13,195686400,ok
real_world_test100_seed20260906,tdrl,30,RW_N30_K3_M16_I47.xlsx,47,1234,20260825,sample-1280,5735.499999999999,6784.166666666665,4686.833333333333,7500.0,0.22756105801090598,9.094947017729282e-13,195686400,ok
real_world_test100_seed20260906,tdrl,30,RW_N30_K3_M16_I48.xlsx,48,1234,20260825,sample-1280,5493.916666666668,6825.833333333334,4162.000000000001,7545.0,0.227594307041727,9.094947017729282e-13,195686400,ok
real_world_test100_seed20260906,tdrl,30,RW_N30_K3_M16_I49.xlsx,49,1234,20260825,sample-1280,5974.083333333333,7082.499999999999,4865.666666666667,7790.0,0.22753210796508938,9.094947017729282e-13,195686400,ok
real_world_test100_seed20260906,tdrl,30,RW_N30_K3_M16_I50.xlsx,50,1234,20260825,sample-1280,6410.083333333333,7191.666666666668,5628.499999999998,7920.0,0.22755533596500754,9.094947017729282e-13,195686400,ok
real_world_test100_seed20260906,tdrl,30,RW_N30_K3_M16_I51.xlsx,51,1234,20260825,sample-1280,4758.250000000001,6320.0,3196.500000000002,6950.0,0.22731263702735305,9.094947017729282e-13,195686400,ok
real_world_test100_seed20260906,tdrl,30,RW_N30_K3_M16_I52.xlsx,52,1234,20260825,sample-1280,5876.249999999998,6949.999999999998,4802.499999999997,7670.0,0.22800265403930098,9.094947017729282e-13,195686400,ok
real_world_test100_seed20260906,tdrl,30,RW_N30_K3_M16_I53.xlsx,53,1234,20260825,sample-1280,6250.25,7205.833333333333,5294.666666666667,7940.0,0.2283422709442675,0.0,195686400,ok
real_world_test100_seed20260906,tdrl,30,RW_N30_K3_M16_I54.xlsx,54,1234,20260825,sample-1280,5626.333333333332,6625.833333333333,4626.833333333332,7335.0,0.22780131304170936,1.8189894035458565e-12,195686400,ok
real_world_test100_seed20260906,tdrl,30,RW_N30_K3_M16_I55.xlsx,55,1234,20260825,sample-1280,5705.333333333332,6848.333333333333,4562.333333333332,7580.0,0.22787882201373577,0.0,195686400,ok
real_world_test100_seed20260906,tdrl,30,RW_N30_K3_M16_I56.xlsx,56,1234,20260825,sample-1280,5801.833333333334,6649.999999999999,4953.666666666669,7365.0,0.22825487796217203,9.094947017729282e-13,195686400,ok
real_world_test100_seed20260906,tdrl,30,RW_N30_K3_M16_I57.xlsx,57,1234,20260825,sample-1280,5695.5,6790.000000000001,4601.0,7515.0,0.2272383829113096,0.0,195686400,ok
real_world_test100_seed20260906,tdrl,30,RW_N30_K3_M16_I58.xlsx,58,1234,20260825,sample-1280,5802.916666666667,6795.833333333334,4810.0,7565.0,0.22747007198631763,9.094947017729282e-13,195686400,ok
real_world_test100_seed20260906,tdrl,30,RW_N30_K3_M16_I59.xlsx,59,1234,20260825,sample-1280,5502.666666666668,6510.833333333333,4494.500000000002,7185.0,0.22733909194357693,0.0,195686400,ok
real_world_test100_seed20260906,tdrl,30,RW_N30_K3_M16_I60.xlsx,60,1234,20260825,sample-1280,5734.166666666668,6631.666666666667,4836.666666666668,7325.0,0.2275294300634414,9.094947017729282e-13,195686400,ok
real_world_test100_seed20260906,tdrl,30,RW_N30_K3_M16_I61.xlsx,61,1234,20260825,sample-1280,5341.083333333334,6866.666666666667,3815.5,7570.0,0.22813650697935373,0.0,195686400,ok
real_world_test100_seed20260906,tdrl,30,RW_N30_K3_M16_I62.xlsx,62,1234,20260825,sample-1280,6142.416666666667,6792.500000000001,5492.333333333333,7555.0,0.2271396410651505,9.094947017729282e-13,195686400,ok
real_world_test100_seed20260906,tdrl,30,RW_N30_K3_M16_I63.xlsx,63,1234,20260825,sample-1280,6118.083333333334,7371.666666666668,4864.500000000001,8145.0,0.23411109705921263,0.0,195686400,ok
real_world_test100_seed20260906,tdrl,30,RW_N30_K3_M16_I64.xlsx,64,1234,20260825,sample-1280,7171.083333333333,7504.999999999999,6837.166666666667,8310.0,0.22793412604369223,9.094947017729282e-13,195686400,ok
real_world_test100_seed20260906,tdrl,30,RW_N30_K3_M16_I65.xlsx,65,1234,20260825,sample-1280,6237.166666666667,7115.833333333334,5358.5,7865.0,0.22713137906976044,9.094947017729282e-13,195686400,ok
real_world_test100_seed20260906,tdrl,30,RW_N30_K3_M16_I66.xlsx,66,1234,20260825,sample-1280,5918.166666666666,7009.166666666667,4827.166666666666,7780.0,0.22766103502362967,1.8189894035458565e-12,195686400,ok
real_world_test100_seed20260906,tdrl,30,RW_N30_K3_M16_I67.xlsx,67,1234,20260825,sample-1280,5278.583333333333,6803.333333333335,3753.833333333331,7490.0,0.22761486493982375,9.094947017729282e-13,195686400,ok
real_world_test100_seed20260906,tdrl,30,RW_N30_K3_M16_I68.xlsx,68,1234,20260825,sample-1280,6031.583333333334,6810.000000000002,5253.166666666667,7530.0,0.22719779703766108,0.0,195686400,ok
real_world_test100_seed20260906,tdrl,30,RW_N30_K3_M16_I69.xlsx,69,1234,20260825,sample-1280,6290.166666666666,7482.499999999999,5097.833333333334,8245.0,0.22742975398432463,9.094947017729282e-13,195686400,ok
real_world_test100_seed20260906,tdrl,30,RW_N30_K3_M16_I70.xlsx,70,1234,20260825,sample-1280,6029.75,6940.833333333332,5118.666666666668,7710.0,0.22784326202236116,0.0,195686400,ok
real_world_test100_seed20260906,tdrl,30,RW_N30_K3_M16_I71.xlsx,71,1234,20260825,sample-1280,5082.416666666667,6382.500000000001,3782.3333333333335,7070.0,0.22726261499337852,9.094947017729282e-13,195686400,ok
real_world_test100_seed20260906,tdrl,30,RW_N30_K3_M16_I72.xlsx,72,1234,20260825,sample-1280,5716.0,7020.833333333334,4411.166666666666,7755.0,0.22739186300896108,0.0,195686400,ok
real_world_test100_seed20260906,tdrl,30,RW_N30_K3_M16_I73.xlsx,73,1234,20260825,sample-1280,5787.25,6769.166666666667,4805.333333333333,7465.0,0.22822488902602345,0.0,195686400,ok
real_world_test100_seed20260906,tdrl,30,RW_N30_K3_M16_I74.xlsx,74,1234,20260825,sample-1280,4998.750000000001,6673.333333333333,3324.1666666666683,7355.0,0.23393071198370308,0.0,195686400,ok
real_world_test100_seed20260906,tdrl,30,RW_N30_K3_M16_I75.xlsx,75,1234,20260825,sample-1280,7021.583333333333,7354.999999999999,6688.166666666667,8150.0,0.22801321709994227,9.094947017729282e-13,195686400,ok
real_world_test100_seed20260906,tdrl,30,RW_N30_K3_M16_I76.xlsx,76,1234,20260825,sample-1280,6214.416666666667,7206.666666666666,5222.166666666668,7970.0,0.22790794807951897,0.0,195686400,ok
real_world_test100_seed20260906,tdrl,30,RW_N30_K3_M16_I77.xlsx,77,1234,20260825,sample-1280,5630.583333333332,6889.166666666667,4371.999999999998,7595.0,0.22836165502667427,1.8189894035458565e-12,195686400,ok
real_world_test100_seed20260906,tdrl,30,RW_N30_K3_M16_I78.xlsx,78,1234,20260825,sample-1280,5576.333333333334,6751.666666666666,4401.000000000001,7455.0,0.22799784608650953,0.0,195686400,ok
real_world_test100_seed20260906,tdrl,30,RW_N30_K3_M16_I79.xlsx,79,1234,20260825,sample-1280,6207.833333333334,6795.0,5620.666666666667,7525.0,0.22767886600922793,0.0,195686400,ok
real_world_test100_seed20260906,tdrl,30,RW_N30_K3_M16_I80.xlsx,80,1234,20260825,sample-1280,5954.000000000001,6571.666666666667,5336.333333333335,7295.0,0.2276508869836107,9.094947017729282e-13,195686400,ok
real_world_test100_seed20260906,tdrl,30,RW_N30_K3_M16_I81.xlsx,81,1234,20260825,sample-1280,6560.333333333333,7099.166666666666,6021.5,7845.0,0.22739647596608847,9.094947017729282e-13,195686400,ok
real_world_test100_seed20260906,tdrl,30,RW_N30_K3_M16_I82.xlsx,82,1234,20260825,sample-1280,5764.666666666666,7050.833333333333,4478.499999999998,7800.0,0.22760152607224882,9.094947017729282e-13,195686400,ok
real_world_test100_seed20260906,tdrl,30,RW_N30_K3_M16_I83.xlsx,83,1234,20260825,sample-1280,6445.083333333334,6926.666666666668,5963.5,7685.0,0.22763788502197713,0.0,195686400,ok
real_world_test100_seed20260906,tdrl,30,RW_N30_K3_M16_I84.xlsx,84,1234,20260825,sample-1280,5981.0,7101.666666666666,4860.333333333335,7895.0,0.22775190195534378,0.0,195686400,ok
real_world_test100_seed20260906,tdrl,30,RW_N30_K3_M16_I85.xlsx,85,1234,20260825,sample-1280,5849.333333333332,7136.666666666667,4561.999999999998,7880.0,0.2278430120786652,9.094947017729282e-13,195686400,ok
real_world_test100_seed20260906,tdrl,30,RW_N30_K3_M16_I86.xlsx,86,1234,20260825,sample-1280,5864.083333333332,6890.833333333333,4837.333333333331,7580.0,0.22795704100281,0.0,195686400,ok
real_world_test100_seed20260906,tdrl,30,RW_N30_K3_M16_I87.xlsx,87,1234,20260825,sample-1280,6045.666666666667,6975.0,5116.333333333334,7695.0,0.22753231204114854,9.094947017729282e-13,195686400,ok
real_world_test100_seed20260906,tdrl,30,RW_N30_K3_M16_I88.xlsx,88,1234,20260825,sample-1280,5944.666666666668,7180.000000000001,4709.333333333335,7915.0,0.22805059899110347,0.0,195686400,ok
real_world_test100_seed20260906,tdrl,30,RW_N30_K3_M16_I89.xlsx,89,1234,20260825,sample-1280,5976.5,6994.166666666666,4958.833333333333,7740.0,0.22839975799433887,0.0,195686400,ok
real_world_test100_seed20260906,tdrl,30,RW_N30_K3_M16_I90.xlsx,90,1234,20260825,sample-1280,6492.750000000002,7468.333333333334,5517.166666666669,8205.0,0.2282903470331803,9.094947017729282e-13,195686400,ok
real_world_test100_seed20260906,tdrl,30,RW_N30_K3_M16_I91.xlsx,91,1234,20260825,sample-1280,5727.916666666668,7154.999999999999,4300.833333333336,7870.0,0.2277682980056852,0.0,195686400,ok
real_world_test100_seed20260906,tdrl,30,RW_N30_K3_M16_I92.xlsx,92,1234,20260825,sample-1280,5057.416666666667,6474.166666666666,3640.666666666668,7125.0,0.228117216960527,0.0,195686400,ok
real_world_test100_seed20260906,tdrl,30,RW_N30_K3_M16_I93.xlsx,93,1234,20260825,sample-1280,5399.833333333335,6478.333333333335,4321.333333333335,7155.0,0.22837941406760365,9.094947017729282e-13,195686400,ok
real_world_test100_seed20260906,tdrl,30,RW_N30_K3_M16_I94.xlsx,94,1234,20260825,sample-1280,5048.749999999998,6429.166666666664,3668.3333333333317,7080.0,0.22822586400434375,0.0,195686400,ok
real_world_test100_seed20260906,tdrl,30,RW_N30_K3_M16_I95.xlsx,95,1234,20260825,sample-1280,5581.416666666668,6781.666666666667,4381.166666666668,7485.0,0.22741851804312319,0.0,195686400,ok
real_world_test100_seed20260906,tdrl,30,RW_N30_K3_M16_I96.xlsx,96,1234,20260825,sample-1280,7234.0,7216.666666666666,7251.333333333333,7990.0,0.22714893706142902,0.0,195686400,ok
real_world_test100_seed20260906,tdrl,30,RW_N30_K3_M16_I97.xlsx,97,1234,20260825,sample-1280,5388.5,6600.0,4177.000000000001,7310.0,0.22843535104766488,9.094947017729282e-13,195686400,ok
real_world_test100_seed20260906,tdrl,30,RW_N30_K3_M16_I98.xlsx,98,1234,20260825,sample-1280,4994.500000000001,6683.333333333335,3305.666666666667,7325.0,0.22753612499218434,0.0,195686400,ok
real_world_test100_seed20260906,tdrl,30,RW_N30_K3_M16_I99.xlsx,99,1234,20260825,sample-1280,5314.500000000001,6690.000000000001,3939.000000000001,7385.0,0.22725976502988487,0.0,195686400,ok
real_world_test100_seed20260906,tdrl,30,RW_N30_K3_M16_I100.xlsx,100,1234,20260825,sample-1280,5588.666666666667,6914.166666666666,4263.166666666668,7625.0,0.22798213094938546,0.0,195686400,ok
real_world_test100_seed20260906,tdrl,40,RW_N40_K3_M16_I1.xlsx,1,1234,20260825,sample-1280,7803.666666666667,9634.166666666666,5973.166666666668,10730.0,0.2997836859431118,9.094947017729282e-13,248866816,ok
real_world_test100_seed20260906,tdrl,40,RW_N40_K3_M16_I2.xlsx,2,1234,20260825,sample-1280,7119.833333333334,9325.000000000002,4914.666666666667,10400.0,0.2997633860213682,0.0,248866816,ok
real_world_test100_seed20260906,tdrl,40,RW_N40_K3_M16_I3.xlsx,3,1234,20260825,sample-1280,7195.666666666666,8954.166666666668,5437.166666666663,9995.0,0.3007994380313903,1.8189894035458565e-12,248866816,ok
real_world_test100_seed20260906,tdrl,40,RW_N40_K3_M16_I4.xlsx,4,1234,20260825,sample-1280,8651.166666666666,9994.999999999998,7307.333333333335,11135.0,0.3008467078907415,1.8189894035458565e-12,248866816,ok
real_world_test100_seed20260906,tdrl,40,RW_N40_K3_M16_I5.xlsx,5,1234,20260825,sample-1280,7650.0,9640.833333333332,5659.166666666667,10720.0,0.30051162897143513,9.094947017729282e-13,248866816,ok
real_world_test100_seed20260906,tdrl,40,RW_N40_K3_M16_I6.xlsx,6,1234,20260825,sample-1280,8930.666666666668,9998.333333333336,7863.000000000002,11130.0,0.29960326105356216,0.0,248866816,ok
real_world_test100_seed20260906,tdrl,40,RW_N40_K3_M16_I7.xlsx,7,1234,20260825,sample-1280,8387.166666666664,10009.166666666664,6765.166666666665,11080.0,0.2994833920383826,0.0,248866816,ok
real_world_test100_seed20260906,tdrl,40,RW_N40_K3_M16_I8.xlsx,8,1234,20260825,sample-1280,7695.416666666668,9226.666666666666,6164.166666666669,10280.0,0.300245275022462,1.8189894035458565e-12,248866816,ok
real_world_test100_seed20260906,tdrl,40,RW_N40_K3_M16_I9.xlsx,9,1234,20260825,sample-1280,6838.583333333335,9086.66666666667,4590.5,10100.0,0.30017666600178927,9.094947017729282e-13,248866816,ok
real_world_test100_seed20260906,tdrl,40,RW_N40_K3_M16_I10.xlsx,10,1234,20260825,sample-1280,8603.666666666668,10088.333333333334,7119.000000000001,11240.0,0.3023645629873499,3.637978807091713e-12,248866816,ok
real_world_test100_seed20260906,tdrl,40,RW_N40_K3_M16_I11.xlsx,11,1234,20260825,sample-1280,6573.916666666666,8868.333333333334,4279.499999999999,9855.0,0.30057836091145873,9.094947017729282e-13,248866816,ok
real_world_test100_seed20260906,tdrl,40,RW_N40_K3_M16_I12.xlsx,12,1234,20260825,sample-1280,6454.333333333332,9074.999999999998,3833.6666666666665,10070.0,0.29979406495112926,9.094947017729282e-13,248866816,ok
real_world_test100_seed20260906,tdrl,40,RW_N40_K3_M16_I13.xlsx,13,1234,20260825,sample-1280,6584.333333333333,9158.333333333334,4010.3333333333326,10225.0,0.30159934400580823,9.094947017729282e-13,248866816,ok
real_world_test100_seed20260906,tdrl,40,RW_N40_K3_M16_I14.xlsx,14,1234,20260825,sample-1280,8239.416666666668,9490.833333333334,6988.000000000001,10605.0,0.30000337201636285,0.0,248866816,ok
real_world_test100_seed20260906,tdrl,40,RW_N40_K3_M16_I15.xlsx,15,1234,20260825,sample-1280,8237.75,9593.333333333336,6882.166666666665,10700.0,0.30042163794860244,0.0,248866816,ok
real_world_test100_seed20260906,tdrl,40,RW_N40_K3_M16_I16.xlsx,16,1234,20260825,sample-1280,7114.583333333331,9245.0,4984.166666666662,10310.0,0.3009124550735578,9.094947017729282e-13,248866816,ok
real_world_test100_seed20260906,tdrl,40,RW_N40_K3_M16_I17.xlsx,17,1234,20260825,sample-1280,8267.250000000002,9441.666666666666,7092.833333333338,10520.0,0.30004685709718615,0.0,248866816,ok
real_world_test100_seed20260906,tdrl,40,RW_N40_K3_M16_I18.xlsx,18,1234,20260825,sample-1280,7310.0,8670.833333333332,5949.166666666668,9625.0,0.2996905680047348,9.094947017729282e-13,248866816,ok
real_world_test100_seed20260906,tdrl,40,RW_N40_K3_M16_I19.xlsx,19,1234,20260825,sample-1280,8519.75,9774.166666666666,7265.333333333332,10895.0,0.30034226505085826,0.0,248866816,ok
real_world_test100_seed20260906,tdrl,40,RW_N40_K3_M16_I20.xlsx,20,1234,20260825,sample-1280,8019.416666666666,9654.166666666666,6384.666666666667,10720.0,0.30037800199352205,9.094947017729282e-13,248866816,ok
real_world_test100_seed20260906,tdrl,40,RW_N40_K3_M16_I21.xlsx,21,1234,20260825,sample-1280,7513.250000000002,9145.833333333334,5880.66666666667,10145.0,0.300142063992098,9.094947017729282e-13,248866816,ok
real_world_test100_seed20260906,tdrl,40,RW_N40_K3_M16_I22.xlsx,22,1234,20260825,sample-1280,8512.166666666668,10019.166666666666,7005.166666666669,11080.0,0.29964411398395896,0.0,248866816,ok
real_world_test100_seed20260906,tdrl,40,RW_N40_K3_M16_I23.xlsx,23,1234,20260825,sample-1280,6293.833333333334,8673.333333333334,3914.333333333334,9695.0,0.30102921708021313,0.0,248866816,ok
real_world_test100_seed20260906,tdrl,40,RW_N40_K3_M16_I24.xlsx,24,1234,20260825,sample-1280,8510.833333333336,9570.000000000002,7451.666666666669,10645.0,0.30033316905610263,1.8189894035458565e-12,248866816,ok
real_world_test100_seed20260906,tdrl,40,RW_N40_K3_M16_I25.xlsx,25,1234,20260825,sample-1280,8904.583333333332,9399.166666666664,8410.0,10500.0,0.2999809789471328,0.0,248866816,ok
real_world_test100_seed20260906,tdrl,40,RW_N40_K3_M16_I26.xlsx,26,1234,20260825,sample-1280,8550.250000000004,9702.500000000004,7398.000000000004,10840.0,0.3004756770096719,1.8189894035458565e-12,248866816,ok
real_world_test100_seed20260906,tdrl,40,RW_N40_K3_M16_I27.xlsx,27,1234,20260825,sample-1280,7238.416666666669,9356.66666666667,5120.166666666668,10385.0,0.30060163396410644,9.094947017729282e-13,248866816,ok
real_world_test100_seed20260906,tdrl,40,RW_N40_K3_M16_I28.xlsx,28,1234,20260825,sample-1280,7420.500000000001,9355.000000000002,5486.0,10380.0,0.3003794950200245,9.094947017729282e-13,248866816,ok
real_world_test100_seed20260906,tdrl,40,RW_N40_K3_M16_I29.xlsx,29,1234,20260825,sample-1280,7994.333333333332,9712.499999999998,6276.166666666666,10775.0,0.300472741946578,9.094947017729282e-13,248866816,ok
real_world_test100_seed20260906,tdrl,40,RW_N40_K3_M16_I30.xlsx,30,1234,20260825,sample-1280,8898.916666666668,9938.333333333334,7859.5,11085.0,0.30037889210507274,0.0,248866816,ok
real_world_test100_seed20260906,tdrl,40,RW_N40_K3_M16_I31.xlsx,31,1234,20260825,sample-1280,8118.416666666666,9504.166666666666,6732.666666666666,10550.0,0.3064127219840884,0.0,248866816,ok
real_world_test100_seed20260906,tdrl,40,RW_N40_K3_M16_I32.xlsx,32,1234,20260825,sample-1280,8134.416666666668,9985.0,6283.833333333336,11045.0,0.3017484829761088,1.8189894035458565e-12,248866816,ok
real_world_test100_seed20260906,tdrl,40,RW_N40_K3_M16_I33.xlsx,33,1234,20260825,sample-1280,8072.916666666666,9962.5,6183.333333333332,11105.0,0.29971979395486414,0.0,248866816,ok
real_world_test100_seed20260906,tdrl,40,RW_N40_K3_M16_I34.xlsx,34,1234,20260825,sample-1280,7081.750000000002,9033.333333333336,5130.166666666668,10035.0,0.300588776008226,1.8189894035458565e-12,248866816,ok
real_world_test100_seed20260906,tdrl,40,RW_N40_K3_M16_I35.xlsx,35,1234,20260825,sample-1280,7288.083333333334,9231.666666666668,5344.5,10250.0,0.2999356599757448,9.094947017729282e-13,248866816,ok
real_world_test100_seed20260906,tdrl,40,RW_N40_K3_M16_I36.xlsx,36,1234,20260825,sample-1280,8347.416666666668,9810.000000000004,6884.833333333333,10875.0,0.30014429707080126,0.0,248866816,ok
real_world_test100_seed20260906,tdrl,40,RW_N40_K3_M16_I37.xlsx,37,1234,20260825,sample-1280,6834.333333333336,9198.333333333336,4470.333333333335,10235.0,0.2997040980262682,1.8189894035458565e-12,248866816,ok
real_world_test100_seed20260906,tdrl,40,RW_N40_K3_M16_I38.xlsx,38,1234,20260825,sample-1280,7971.583333333333,9411.666666666666,6531.5,10435.0,0.30016419605817646,9.094947017729282e-13,248866816,ok
real_world_test100_seed20260906,tdrl,40,RW_N40_K3_M16_I39.xlsx,39,1234,20260825,sample-1280,6262.166666666668,8690.0,3834.333333333335,9640.0,0.29963924596086144,9.094947017729282e-13,248866816,ok
real_world_test100_seed20260906,tdrl,40,RW_N40_K3_M16_I40.xlsx,40,1234,20260825,sample-1280,7074.083333333334,9155.0,4993.166666666667,10205.0,0.29967899597249925,9.094947017729282e-13,248866816,ok
real_world_test100_seed20260906,tdrl,40,RW_N40_K3_M16_I41.xlsx,41,1234,20260825,sample-1280,8178.833333333335,9098.333333333332,7259.333333333338,10185.0,0.3004262789618224,9.094947017729282e-13,248866816,ok
real_world_test100_seed20260906,tdrl,40,RW_N40_K3_M16_I42.xlsx,42,1234,20260825,sample-1280,8607.583333333332,10172.5,7042.666666666666,11305.0,0.3012521059717983,3.637978807091713e-12,248866816,ok
real_world_test100_seed20260906,tdrl,40,RW_N40_K3_M16_I43.xlsx,43,1234,20260825,sample-1280,7835.166666666665,9267.5,6402.83333333333,10255.0,0.2997858909657225,1.8189894035458565e-12,248866816,ok
real_world_test100_seed20260906,tdrl,40,RW_N40_K3_M16_I44.xlsx,44,1234,20260825,sample-1280,7157.999999999999,9293.333333333334,5022.666666666664,10330.0,0.30004898901097476,9.094947017729282e-13,248866816,ok
real_world_test100_seed20260906,tdrl,40,RW_N40_K3_M16_I45.xlsx,45,1234,20260825,sample-1280,6976.75,8913.333333333332,5040.166666666667,9885.0,0.30008316901512444,9.094947017729282e-13,248866816,ok
real_world_test100_seed20260906,tdrl,40,RW_N40_K3_M16_I46.xlsx,46,1234,20260825,sample-1280,8443.500000000002,9581.66666666667,7305.333333333334,10680.0,0.3013000099454075,1.8189894035458565e-12,248866816,ok
real_world_test100_seed20260906,tdrl,40,RW_N40_K3_M16_I47.xlsx,47,1234,20260825,sample-1280,8318.583333333332,9696.666666666666,6940.499999999998,10795.0,0.29998581705149263,0.0,248866816,ok
real_world_test100_seed20260906,tdrl,40,RW_N40_K3_M16_I48.xlsx,48,1234,20260825,sample-1280,8095.166666666664,10044.16666666666,6146.166666666668,11180.0,0.30102858995087445,0.0,248866816,ok
real_world_test100_seed20260906,tdrl,40,RW_N40_K3_M16_I49.xlsx,49,1234,20260825,sample-1280,9076.25,9988.333333333336,8164.166666666665,11165.0,0.3006798409624025,0.0,248866816,ok
real_world_test100_seed20260906,tdrl,40,RW_N40_K3_M16_I50.xlsx,50,1234,20260825,sample-1280,7568.25,9530.0,5606.5,10565.0,0.3012927579693496,0.0,248866816,ok
real_world_test100_seed20260906,tdrl,40,RW_N40_K3_M16_I51.xlsx,51,1234,20260825,sample-1280,6835.833333333335,9288.333333333336,4383.333333333334,10355.0,0.30002985103055835,9.094947017729282e-13,248866816,ok
real_world_test100_seed20260906,tdrl,40,RW_N40_K3_M16_I52.xlsx,52,1234,20260825,sample-1280,6950.000000000002,9452.5,4447.500000000003,10540.0,0.3017159729497507,0.0,248866816,ok
real_world_test100_seed20260906,tdrl,40,RW_N40_K3_M16_I53.xlsx,53,1234,20260825,sample-1280,8756.000000000002,9470.833333333332,8041.1666666666715,10635.0,0.3001561479177326,1.8189894035458565e-12,248866816,ok
real_world_test100_seed20260906,tdrl,40,RW_N40_K3_M16_I54.xlsx,54,1234,20260825,sample-1280,8477.250000000004,9627.500000000004,7327.000000000004,10730.0,0.3007399649359286,1.8189894035458565e-12,248866816,ok
real_world_test100_seed20260906,tdrl,40,RW_N40_K3_M16_I55.xlsx,55,1234,20260825,sample-1280,7573.833333333333,9445.833333333334,5701.833333333332,10540.0,0.2999534480040893,9.094947017729282e-13,248866816,ok
real_world_test100_seed20260906,tdrl,40,RW_N40_K3_M16_I56.xlsx,56,1234,20260825,sample-1280,8024.33333333333,9410.83333333333,6637.83333333333,10470.0,0.30032057606149465,1.8189894035458565e-12,248866816,ok
real_world_test100_seed20260906,tdrl,40,RW_N40_K3_M16_I57.xlsx,57,1234,20260825,sample-1280,9614.583333333334,10035.833333333332,9193.333333333336,11180.0,0.31671023298986256,1.8189894035458565e-12,248866816,ok
real_world_test100_seed20260906,tdrl,40,RW_N40_K3_M16_I58.xlsx,58,1234,20260825,sample-1280,8417.25,9483.333333333334,7351.166666666666,10540.0,0.30052521103061736,0.0,248866816,ok
real_world_test100_seed20260906,tdrl,40,RW_N40_K3_M16_I59.xlsx,59,1234,20260825,sample-1280,7857.416666666666,9677.5,6037.333333333332,10760.0,0.30042265192605555,0.0,248866816,ok
real_world_test100_seed20260906,tdrl,40,RW_N40_K3_M16_I60.xlsx,60,1234,20260825,sample-1280,8092.666666666666,9313.333333333332,6872.0,10360.0,0.300706809037365,0.0,248866816,ok
real_world_test100_seed20260906,tdrl,40,RW_N40_K3_M16_I61.xlsx,61,1234,20260825,sample-1280,9163.666666666664,9895.83333333333,8431.5,11005.0,0.30086739803664386,0.0,248866816,ok
real_world_test100_seed20260906,tdrl,40,RW_N40_K3_M16_I62.xlsx,62,1234,20260825,sample-1280,6652.416666666668,8866.666666666668,4438.166666666668,9875.0,0.301128585007973,0.0,248866816,ok
real_world_test100_seed20260906,tdrl,40,RW_N40_K3_M16_I63.xlsx,63,1234,20260825,sample-1280,9391.250000000002,9773.333333333332,9009.166666666672,10945.0,0.30087419494520873,0.0,248866816,ok
real_world_test100_seed20260906,tdrl,40,RW_N40_K3_M16_I64.xlsx,64,1234,20260825,sample-1280,7854.750000000001,9959.16666666667,5750.333333333332,11100.0,0.3002081180457026,0.0,248866816,ok
real_world_test100_seed20260906,tdrl,40,RW_N40_K3_M16_I65.xlsx,65,1234,20260825,sample-1280,8368.083333333334,10172.5,6563.666666666668,11290.0,0.30013619700912386,0.0,248866816,ok
real_world_test100_seed20260906,tdrl,40,RW_N40_K3_M16_I66.xlsx,66,1234,20260825,sample-1280,7292.666666666668,9154.166666666668,5431.166666666669,10175.0,0.30106450093444437,0.0,248866816,ok
real_world_test100_seed20260906,tdrl,40,RW_N40_K3_M16_I67.xlsx,67,1234,20260825,sample-1280,9484.0,10097.5,8870.500000000002,11330.0,0.30185601592529565,1.8189894035458565e-12,248866816,ok
real_world_test100_seed20260906,tdrl,40,RW_N40_K3_M16_I68.xlsx,68,1234,20260825,sample-1280,7413.583333333336,9250.833333333336,5576.333333333336,10270.0,0.30044606304727495,0.0,248866816,ok
real_world_test100_seed20260906,tdrl,40,RW_N40_K3_M16_I69.xlsx,69,1234,20260825,sample-1280,8309.5,9460.0,7158.999999999998,10575.0,0.3003487930400297,0.0,248866816,ok
real_world_test100_seed20260906,tdrl,40,RW_N40_K3_M16_I70.xlsx,70,1234,20260825,sample-1280,7285.249999999999,9331.666666666666,5238.833333333332,10375.0,0.30035461008083075,0.0,248866816,ok
real_world_test100_seed20260906,tdrl,40,RW_N40_K3_M16_I71.xlsx,71,1234,20260825,sample-1280,8633.249999999998,9934.999999999996,7331.5,11070.0,0.30083877802826464,1.8189894035458565e-12,248866816,ok
real_world_test100_seed20260906,tdrl,40,RW_N40_K3_M16_I72.xlsx,72,1234,20260825,sample-1280,7530.750000000002,9353.333333333332,5708.1666666666715,10425.0,0.30093933490570635,0.0,248866816,ok
real_world_test100_seed20260906,tdrl,40,RW_N40_K3_M16_I73.xlsx,73,1234,20260825,sample-1280,7896.333333333335,9603.333333333334,6189.333333333336,10700.0,0.3010866540716961,9.094947017729282e-13,248866816,ok
real_world_test100_seed20260906,tdrl,40,RW_N40_K3_M16_I74.xlsx,74,1234,20260825,sample-1280,8480.25,9800.000000000002,7160.5,10880.0,0.3006965749664232,0.0,248866816,ok
real_world_test100_seed20260906,tdrl,40,RW_N40_K3_M16_I75.xlsx,75,1234,20260825,sample-1280,8184.333333333334,9702.500000000002,6666.166666666666,10760.0,0.3003779749851674,9.094947017729282e-13,248866816,ok
real_world_test100_seed20260906,tdrl,40,RW_N40_K3_M16_I76.xlsx,76,1234,20260825,sample-1280,7633.666666666668,9460.000000000004,5807.333333333333,10525.0,0.3008064229506999,1.8189894035458565e-12,248866816,ok
real_world_test100_seed20260906,tdrl,40,RW_N40_K3_M16_I77.xlsx,77,1234,20260825,sample-1280,6935.749999999998,8847.499999999996,5024.0,9885.0,0.30608347395900637,9.094947017729282e-13,248866816,ok
real_world_test100_seed20260906,tdrl,40,RW_N40_K3_M16_I78.xlsx,78,1234,20260825,sample-1280,9140.166666666666,10368.333333333332,7912.0,11495.0,0.3035576769616455,0.0,248866816,ok
real_world_test100_seed20260906,tdrl,40,RW_N40_K3_M16_I79.xlsx,79,1234,20260825,sample-1280,9757.166666666668,9904.166666666666,9610.166666666668,11070.0,0.29961310501676053,0.0,248866816,ok
real_world_test100_seed20260906,tdrl,40,RW_N40_K3_M16_I80.xlsx,80,1234,20260825,sample-1280,8183.5,9902.5,6464.500000000001,10970.0,0.30126603599637747,0.0,248866816,ok
real_world_test100_seed20260906,tdrl,40,RW_N40_K3_M16_I81.xlsx,81,1234,20260825,sample-1280,9467.25,10226.666666666664,8707.833333333334,11425.0,0.30036631994880736,0.0,248866816,ok
real_world_test100_seed20260906,tdrl,40,RW_N40_K3_M16_I82.xlsx,82,1234,20260825,sample-1280,7508.083333333335,9035.833333333336,5980.333333333334,10110.0,0.30025906895752996,9.094947017729282e-13,248866816,ok
real_world_test100_seed20260906,tdrl,40,RW_N40_K3_M16_I83.xlsx,83,1234,20260825,sample-1280,7889.083333333332,9878.333333333334,5899.833333333331,10950.0,0.3014647720847279,0.0,248866816,ok
real_world_test100_seed20260906,tdrl,40,RW_N40_K3_M16_I84.xlsx,84,1234,20260825,sample-1280,8525.25,9382.499999999998,7668.000000000001,10470.0,0.30070378503296524,0.0,248866816,ok
real_world_test100_seed20260906,tdrl,40,RW_N40_K3_M16_I85.xlsx,85,1234,20260825,sample-1280,7315.75,9100.833333333334,5530.666666666665,10185.0,0.3005115950945765,0.0,248866816,ok
real_world_test100_seed20260906,tdrl,40,RW_N40_K3_M16_I86.xlsx,86,1234,20260825,sample-1280,7621.916666666665,9744.166666666664,5499.666666666666,10865.0,0.30066741397604346,9.094947017729282e-13,248866816,ok
real_world_test100_seed20260906,tdrl,40,RW_N40_K3_M16_I87.xlsx,87,1234,20260825,sample-1280,8413.666666666668,9770.0,7057.333333333337,10825.0,0.29989235603716224,1.8189894035458565e-12,248866816,ok
real_world_test100_seed20260906,tdrl,40,RW_N40_K3_M16_I88.xlsx,88,1234,20260825,sample-1280,8034.833333333331,9852.5,6217.166666666662,10895.0,0.3006414829287678,1.8189894035458565e-12,248866816,ok
real_world_test100_seed20260906,tdrl,40,RW_N40_K3_M16_I89.xlsx,89,1234,20260825,sample-1280,8037.249999999998,9674.999999999998,6399.499999999999,10720.0,0.3007660190341994,0.0,248866816,ok
real_world_test100_seed20260906,tdrl,40,RW_N40_K3_M16_I90.xlsx,90,1234,20260825,sample-1280,7722.833333333334,9639.999999999998,5805.66666666667,10745.0,0.3035878640366718,9.094947017729282e-13,248866816,ok
real_world_test100_seed20260906,tdrl,40,RW_N40_K3_M16_I91.xlsx,91,1234,20260825,sample-1280,8401.666666666666,9660.0,7143.333333333331,10805.0,0.3008227680111304,0.0,248866816,ok
real_world_test100_seed20260906,tdrl,40,RW_N40_K3_M16_I92.xlsx,92,1234,20260825,sample-1280,6851.583333333336,9644.16666666667,4059.000000000002,10735.0,0.3039094900013879,0.0,248866816,ok
real_world_test100_seed20260906,tdrl,40,RW_N40_K3_M16_I93.xlsx,93,1234,20260825,sample-1280,7879.750000000002,9574.166666666666,6185.333333333338,10645.0,0.3005457269027829,9.094947017729282e-13,248866816,ok
real_world_test100_seed20260906,tdrl,40,RW_N40_K3_M16_I94.xlsx,94,1234,20260825,sample-1280,8479.333333333334,9789.999999999998,7168.66666666667,10905.0,0.3013707409845665,0.0,248866816,ok
real_world_test100_seed20260906,tdrl,40,RW_N40_K3_M16_I95.xlsx,95,1234,20260825,sample-1280,9399.75,10188.333333333334,8611.166666666668,11375.0,0.30066981504205614,0.0,248866816,ok
real_world_test100_seed20260906,tdrl,40,RW_N40_K3_M16_I96.xlsx,96,1234,20260825,sample-1280,7266.500000000002,9265.833333333334,5267.166666666669,10310.0,0.3070274800993502,0.0,248866816,ok
real_world_test100_seed20260906,tdrl,40,RW_N40_K3_M16_I97.xlsx,97,1234,20260825,sample-1280,9213.083333333332,9646.666666666666,8779.5,10795.0,0.30410085490439087,1.8189894035458565e-12,248866816,ok
real_world_test100_seed20260906,tdrl,40,RW_N40_K3_M16_I98.xlsx,98,1234,20260825,sample-1280,9474.416666666668,9576.666666666668,9372.166666666666,10685.0,0.30579994490835816,0.0,248866816,ok
real_world_test100_seed20260906,tdrl,40,RW_N40_K3_M16_I99.xlsx,99,1234,20260825,sample-1280,9553.5,9925.833333333334,9181.166666666666,11075.0,0.30101380799897015,0.0,248866816,ok
real_world_test100_seed20260906,tdrl,40,RW_N40_K3_M16_I100.xlsx,100,1234,20260825,sample-1280,8354.25,9730.833333333334,6977.666666666666,10840.0,0.30295551801100373,0.0,248866816,ok
real_world_test100_seed20260906,echo,10,RW_N10_K3_M16_I1.xlsx,1,1234,20260825,sample-1280,1554.75,2301.666666666667,807.8333333333333,2525.0,0.06559382192790508,0.0,160551424,ok
real_world_test100_seed20260906,echo,10,RW_N10_K3_M16_I2.xlsx,2,1234,20260825,sample-1280,1625.5833333333335,2459.166666666667,792.0,2695.0,0.06532827392220497,0.0,160551424,ok
real_world_test100_seed20260906,echo,10,RW_N10_K3_M16_I3.xlsx,3,1234,20260825,sample-1280,1945.5000000000002,2869.166666666667,1021.8333333333334,3185.0,0.06959651096258312,0.0,160551424,ok
real_world_test100_seed20260906,echo,10,RW_N10_K3_M16_I4.xlsx,4,1234,20260825,sample-1280,1724.4166666666665,2539.1666666666665,909.6666666666667,2810.0,0.0651802949141711,0.0,160551424,ok
real_world_test100_seed20260906,echo,10,RW_N10_K3_M16_I5.xlsx,5,1234,20260825,sample-1280,1854.8333333333335,2532.5000000000005,1177.1666666666667,2775.0,0.06533491401933134,0.0,160551424,ok
real_world_test100_seed20260906,echo,10,RW_N10_K3_M16_I6.xlsx,6,1234,20260825,sample-1280,1395.666666666667,2195.0000000000005,596.3333333333335,2425.0,0.06535525398794562,2.2737367544323206e-13,160551424,ok
real_world_test100_seed20260906,echo,10,RW_N10_K3_M16_I7.xlsx,7,1234,20260825,sample-1280,1697.2500000000002,2584.166666666667,810.3333333333334,2860.0,0.06549279298633337,0.0,160551424,ok
real_world_test100_seed20260906,echo,10,RW_N10_K3_M16_I8.xlsx,8,1234,20260825,sample-1280,1470.5833333333335,2472.5,468.66666666666697,2725.0,0.06543012300971895,2.2737367544323206e-13,160551424,ok
real_world_test100_seed20260906,echo,10,RW_N10_K3_M16_I9.xlsx,9,1234,20260825,sample-1280,1538.0833333333335,2333.3333333333335,742.8333333333335,2585.0,0.06567245104815811,0.0,160551424,ok
real_world_test100_seed20260906,echo,10,RW_N10_K3_M16_I10.xlsx,10,1234,20260825,sample-1280,1441.0833333333337,2512.5000000000005,369.6666666666669,2780.0,0.06541547295637429,0.0,160551424,ok
real_world_test100_seed20260906,echo,10,RW_N10_K3_M16_I11.xlsx,11,1234,20260825,sample-1280,1445.2500000000002,2355.8333333333335,534.6666666666669,2610.0,0.0653287839377299,0.0,160551424,ok
real_world_test100_seed20260906,echo,10,RW_N10_K3_M16_I12.xlsx,12,1234,20260825,sample-1280,1145.8333333333333,2049.1666666666665,242.5000000000001,2235.0,0.06523303501307964,0.0,160551424,ok
real_world_test100_seed20260906,echo,10,RW_N10_K3_M16_I13.xlsx,13,1234,20260825,sample-1280,1415.0833333333335,2344.166666666667,485.9999999999999,2575.0,0.0650358049897477,2.2737367544323206e-13,160551424,ok
real_world_test100_seed20260906,echo,10,RW_N10_K3_M16_I14.xlsx,14,1234,20260825,sample-1280,1426.0,2360.8333333333335,491.1666666666665,2590.0,0.06538631394505501,0.0,160551424,ok
real_world_test100_seed20260906,echo,10,RW_N10_K3_M16_I15.xlsx,15,1234,20260825,sample-1280,1448.8333333333335,2201.666666666667,696.0,2425.0,0.06547358306124806,0.0,160551424,ok
real_world_test100_seed20260906,echo,10,RW_N10_K3_M16_I16.xlsx,16,1234,20260825,sample-1280,1510.4166666666667,2388.3333333333335,632.5,2625.0,0.06540804298128933,0.0,160551424,ok
real_world_test100_seed20260906,echo,10,RW_N10_K3_M16_I17.xlsx,17,1234,20260825,sample-1280,1857.0833333333333,2752.5,961.6666666666666,3050.0,0.06547973200213164,0.0,160551424,ok
real_world_test100_seed20260906,echo,10,RW_N10_K3_M16_I18.xlsx,18,1234,20260825,sample-1280,1273.9166666666665,2159.1666666666665,388.66666666666674,2335.0,0.06547966203652322,4.547473508864641e-13,160551424,ok
real_world_test100_seed20260906,echo,10,RW_N10_K3_M16_I19.xlsx,19,1234,20260825,sample-1280,1609.9166666666665,2525.0,694.8333333333333,2800.0,0.06532121310010552,2.2737367544323206e-13,160551424,ok
real_world_test100_seed20260906,echo,10,RW_N10_K3_M16_I20.xlsx,20,1234,20260825,sample-1280,1402.9999999999998,2288.333333333333,517.6666666666666,2520.0,0.06666973605751991,0.0,160551424,ok
real_world_test100_seed20260906,echo,10,RW_N10_K3_M16_I21.xlsx,21,1234,20260825,sample-1280,1514.6666666666665,2339.1666666666665,690.1666666666666,2585.0,0.06526390404906124,0.0,160551424,ok
real_world_test100_seed20260906,echo,10,RW_N10_K3_M16_I22.xlsx,22,1234,20260825,sample-1280,1674.5,2511.666666666667,837.3333333333333,2735.0,0.06541213195305318,2.2737367544323206e-13,160551424,ok
real_world_test100_seed20260906,echo,10,RW_N10_K3_M16_I23.xlsx,23,1234,20260825,sample-1280,1602.9166666666667,2505.0,700.8333333333336,2760.0,0.06550949206575751,0.0,160551424,ok
real_world_test100_seed20260906,echo,10,RW_N10_K3_M16_I24.xlsx,24,1234,20260825,sample-1280,1281.0000000000002,2241.666666666667,320.3333333333336,2460.0,0.06510964396875352,0.0,160551424,ok
real_world_test100_seed20260906,echo,10,RW_N10_K3_M16_I25.xlsx,25,1234,20260825,sample-1280,1579.4166666666665,2397.5,761.3333333333333,2665.0,0.06542776199057698,0.0,160551424,ok
real_world_test100_seed20260906,echo,10,RW_N10_K3_M16_I26.xlsx,26,1234,20260825,sample-1280,1357.0833333333335,2320.8333333333335,393.33333333333337,2520.0,0.06538926309440285,0.0,160551424,ok
real_world_test100_seed20260906,echo,10,RW_N10_K3_M16_I27.xlsx,27,1234,20260825,sample-1280,1474.5833333333335,2377.5,571.6666666666667,2610.0,0.06536309199873358,0.0,160551424,ok
real_world_test100_seed20260906,echo,10,RW_N10_K3_M16_I28.xlsx,28,1234,20260825,sample-1280,1462.2500000000002,2418.3333333333335,506.16666666666697,2660.0,0.06528841203544289,0.0,160551424,ok
real_world_test100_seed20260906,echo,10,RW_N10_K3_M16_I29.xlsx,29,1234,20260825,sample-1280,1917.0833333333337,2815.833333333334,1018.3333333333336,3080.0,0.0648231350351125,0.0,160551424,ok
real_world_test100_seed20260906,echo,10,RW_N10_K3_M16_I30.xlsx,30,1234,20260825,sample-1280,1082.7500000000002,1943.3333333333335,222.16666666666686,2140.0,0.06518710299860686,0.0,160551424,ok
real_world_test100_seed20260906,echo,10,RW_N10_K3_M16_I31.xlsx,31,1234,20260825,sample-1280,1362.3333333333335,2227.5,497.1666666666669,2430.0,0.06543217098806053,2.2737367544323206e-13,160551424,ok
real_world_test100_seed20260906,echo,10,RW_N10_K3_M16_I32.xlsx,32,1234,20260825,sample-1280,1816.25,2668.3333333333335,964.1666666666667,2935.0,0.06550302100367844,0.0,160551424,ok
real_world_test100_seed20260906,echo,10,RW_N10_K3_M16_I33.xlsx,33,1234,20260825,sample-1280,1732.666666666667,2643.333333333334,821.9999999999998,2895.0,0.0653701419942081,2.2737367544323206e-13,160551424,ok
real_world_test100_seed20260906,echo,10,RW_N10_K3_M16_I34.xlsx,34,1234,20260825,sample-1280,1301.0,2333.3333333333335,268.66666666666674,2570.0,0.06550317106302828,0.0,160551424,ok
real_world_test100_seed20260906,echo,10,RW_N10_K3_M16_I35.xlsx,35,1234,20260825,sample-1280,1402.916666666667,2276.666666666667,529.1666666666667,2465.0,0.06539870204869658,0.0,160551424,ok
real_world_test100_seed20260906,echo,10,RW_N10_K3_M16_I36.xlsx,36,1234,20260825,sample-1280,1506.75,2467.5,546.0000000000002,2725.0,0.06539924105163664,0.0,160551424,ok
real_world_test100_seed20260906,echo,10,RW_N10_K3_M16_I37.xlsx,37,1234,20260825,sample-1280,1433.416666666667,2399.166666666667,467.66666666666686,2650.0,0.06545572099275887,0.0,160551424,ok
real_world_test100_seed20260906,echo,10,RW_N10_K3_M16_I38.xlsx,38,1234,20260825,sample-1280,1465.166666666667,2246.666666666667,683.6666666666669,2500.0,0.06529823190066963,0.0,160551424,ok
real_world_test100_seed20260906,echo,10,RW_N10_K3_M16_I39.xlsx,39,1234,20260825,sample-1280,1561.5,2445.0,678.0000000000002,2705.0,0.06625587691087276,0.0,160551424,ok
real_world_test100_seed20260906,echo,10,RW_N10_K3_M16_I40.xlsx,40,1234,20260825,sample-1280,1472.916666666667,2503.333333333334,442.5000000000002,2750.0,0.06531187100335956,0.0,160551424,ok
real_world_test100_seed20260906,echo,10,RW_N10_K3_M16_I41.xlsx,41,1234,20260825,sample-1280,1392.1666666666667,2357.5,426.8333333333335,2615.0,0.06550814001820982,0.0,160551424,ok
real_world_test100_seed20260906,echo,10,RW_N10_K3_M16_I42.xlsx,42,1234,20260825,sample-1280,1614.8333333333335,2590.0,639.6666666666667,2820.0,0.06536835106089711,0.0,160551424,ok
real_world_test100_seed20260906,echo,10,RW_N10_K3_M16_I43.xlsx,43,1234,20260825,sample-1280,1266.666666666667,1852.5000000000002,680.8333333333335,2030.0,0.06539002095814794,0.0,160551424,ok
real_world_test100_seed20260906,echo,10,RW_N10_K3_M16_I44.xlsx,44,1234,20260825,sample-1280,1793.3333333333335,2561.6666666666665,1025.0000000000005,2815.0,0.06529150099959224,0.0,160551424,ok
real_world_test100_seed20260906,echo,10,RW_N10_K3_M16_I45.xlsx,45,1234,20260825,sample-1280,1713.7499999999995,2739.166666666666,688.3333333333333,3005.0,0.06648311507888138,0.0,160551424,ok
real_world_test100_seed20260906,echo,10,RW_N10_K3_M16_I46.xlsx,46,1234,20260825,sample-1280,1717.0833333333335,2488.3333333333335,945.8333333333336,2740.0,0.06558287004008889,0.0,160551424,ok
real_world_test100_seed20260906,echo,10,RW_N10_K3_M16_I47.xlsx,47,1234,20260825,sample-1280,1438.5000000000002,2201.666666666667,675.3333333333335,2405.0,0.06542597094085068,2.2737367544323206e-13,160551424,ok
real_world_test100_seed20260906,echo,10,RW_N10_K3_M16_I48.xlsx,48,1234,20260825,sample-1280,1664.75,2520.8333333333335,808.6666666666667,2755.0,0.06542125006671995,0.0,160551424,ok
real_world_test100_seed20260906,echo,10,RW_N10_K3_M16_I49.xlsx,49,1234,20260825,sample-1280,1326.3333333333335,2214.166666666667,438.5,2435.0,0.06532875099219382,2.2737367544323206e-13,160551424,ok
real_world_test100_seed20260906,echo,10,RW_N10_K3_M16_I50.xlsx,50,1234,20260825,sample-1280,1739.25,2479.166666666667,999.3333333333333,2730.0,0.06531215098220855,0.0,160551424,ok
real_world_test100_seed20260906,echo,10,RW_N10_K3_M16_I51.xlsx,51,1234,20260825,sample-1280,1262.3333333333333,2141.6666666666665,383.0,2360.0,0.06541514000855386,0.0,160551424,ok
real_world_test100_seed20260906,echo,10,RW_N10_K3_M16_I52.xlsx,52,1234,20260825,sample-1280,1584.8333333333335,2572.5000000000005,597.1666666666667,2830.0,0.06517256097868085,0.0,160551424,ok
real_world_test100_seed20260906,echo,10,RW_N10_K3_M16_I53.xlsx,53,1234,20260825,sample-1280,1936.0833333333335,2911.666666666667,960.5000000000002,3210.0,0.06524140096735209,0.0,160551424,ok
real_world_test100_seed20260906,echo,10,RW_N10_K3_M16_I54.xlsx,54,1234,20260825,sample-1280,1496.5833333333335,2378.3333333333335,614.8333333333335,2625.0,0.06523175106849521,0.0,160551424,ok
real_world_test100_seed20260906,echo,10,RW_N10_K3_M16_I55.xlsx,55,1234,20260825,sample-1280,1757.4166666666667,2764.166666666667,750.6666666666666,3045.0,0.06526965100783855,2.2737367544323206e-13,160551424,ok
real_world_test100_seed20260906,echo,10,RW_N10_K3_M16_I56.xlsx,56,1234,20260825,sample-1280,1425.7500000000002,2381.666666666667,469.8333333333335,2620.0,0.06519334099721164,2.2737367544323206e-13,160551424,ok
real_world_test100_seed20260906,echo,10,RW_N10_K3_M16_I57.xlsx,57,1234,20260825,sample-1280,1512.3333333333335,2445.0000000000005,579.6666666666667,2685.0,0.07145735796075314,0.0,160551424,ok
real_world_test100_seed20260906,echo,10,RW_N10_K3_M16_I58.xlsx,58,1234,20260825,sample-1280,1483.1666666666667,2445.0,521.3333333333335,2720.0,0.06532439100556076,0.0,160551424,ok
real_world_test100_seed20260906,echo,10,RW_N10_K3_M16_I59.xlsx,59,1234,20260825,sample-1280,1387.666666666667,2311.666666666667,463.6666666666668,2535.0,0.06523111101705581,0.0,160551424,ok
real_world_test100_seed20260906,echo,10,RW_N10_K3_M16_I60.xlsx,60,1234,20260825,sample-1280,1709.5,2622.5,796.5,2870.0,0.06551182898692787,0.0,160551424,ok
real_world_test100_seed20260906,echo,10,RW_N10_K3_M16_I61.xlsx,61,1234,20260825,sample-1280,1862.916666666667,2694.166666666667,1031.666666666667,2955.0,0.0653277300298214,0.0,160551424,ok
real_world_test100_seed20260906,echo,10,RW_N10_K3_M16_I62.xlsx,62,1234,20260825,sample-1280,1722.6666666666667,2435.8333333333335,1009.5000000000001,2675.0,0.06515717098955065,0.0,160551424,ok
real_world_test100_seed20260906,echo,10,RW_N10_K3_M16_I63.xlsx,63,1234,20260825,sample-1280,1552.25,2411.666666666667,692.8333333333333,2665.0,0.0653355399845168,0.0,160551424,ok
real_world_test100_seed20260906,echo,10,RW_N10_K3_M16_I64.xlsx,64,1234,20260825,sample-1280,1444.3333333333335,2315.0000000000005,573.6666666666667,2560.0,0.06526442093309015,0.0,160551424,ok
real_world_test100_seed20260906,echo,10,RW_N10_K3_M16_I65.xlsx,65,1234,20260825,sample-1280,1269.75,2272.5,267.0000000000002,2485.0,0.0653976199682802,4.547473508864641e-13,160551424,ok
real_world_test100_seed20260906,echo,10,RW_N10_K3_M16_I66.xlsx,66,1234,20260825,sample-1280,1437.1666666666667,2541.6666666666665,332.66666666666686,2830.0,0.06538105988875031,0.0,160551424,ok
real_world_test100_seed20260906,echo,10,RW_N10_K3_M16_I67.xlsx,67,1234,20260825,sample-1280,1667.25,2417.5,917.0000000000001,2680.0,0.06528780004009604,2.2737367544323206e-13,160551424,ok
real_world_test100_seed20260906,echo,10,RW_N10_K3_M16_I68.xlsx,68,1234,20260825,sample-1280,1870.666666666667,2543.3333333333335,1198.0000000000002,2790.0,0.06530888006091118,0.0,160551424,ok
real_world_test100_seed20260906,echo,10,RW_N10_K3_M16_I69.xlsx,69,1234,20260825,sample-1280,1666.9166666666667,2600.8333333333335,732.9999999999999,2855.0,0.06619892502203584,0.0,160551424,ok
real_world_test100_seed20260906,echo,10,RW_N10_K3_M16_I70.xlsx,70,1234,20260825,sample-1280,1411.0000000000002,2376.666666666667,445.3333333333334,2640.0,0.06550090794917196,0.0,160551424,ok
real_world_test100_seed20260906,echo,10,RW_N10_K3_M16_I71.xlsx,71,1234,20260825,sample-1280,1550.25,2472.5,628.0000000000001,2715.0,0.06541782896965742,0.0,160551424,ok
real_world_test100_seed20260906,echo,10,RW_N10_K3_M16_I72.xlsx,72,1234,20260825,sample-1280,1787.1666666666667,2632.5,941.8333333333334,2915.0,0.06558477797079831,0.0,160551424,ok
real_world_test100_seed20260906,echo,10,RW_N10_K3_M16_I73.xlsx,73,1234,20260825,sample-1280,1523.666666666667,2316.666666666667,730.6666666666669,2535.0,0.06640511401928961,2.2737367544323206e-13,160551424,ok
real_world_test100_seed20260906,echo,10,RW_N10_K3_M16_I74.xlsx,74,1234,20260825,sample-1280,1939.0000000000002,2880.833333333334,997.1666666666666,3175.0,0.06626661401242018,2.2737367544323206e-13,160551424,ok
real_world_test100_seed20260906,echo,10,RW_N10_K3_M16_I75.xlsx,75,1234,20260825,sample-1280,1291.0,2303.3333333333335,278.6666666666665,2545.0,0.06664164189714938,0.0,160551424,ok
real_world_test100_seed20260906,echo,10,RW_N10_K3_M16_I76.xlsx,76,1234,20260825,sample-1280,1558.0833333333333,2600.833333333333,515.3333333333335,2870.0,0.06567215698305517,0.0,160551424,ok
real_world_test100_seed20260906,echo,10,RW_N10_K3_M16_I77.xlsx,77,1234,20260825,sample-1280,1389.0,2237.5,540.5000000000001,2465.0,0.06644259404856712,0.0,160551424,ok
real_world_test100_seed20260906,echo,10,RW_N10_K3_M16_I78.xlsx,78,1234,20260825,sample-1280,1762.0833333333337,2715.833333333334,808.3333333333336,3010.0,0.06542181898839772,0.0,160551424,ok
real_world_test100_seed20260906,echo,10,RW_N10_K3_M16_I79.xlsx,79,1234,20260825,sample-1280,1190.8333333333335,2167.5,214.16666666666674,2400.0,0.06706308003049344,0.0,160551424,ok
real_world_test100_seed20260906,echo,10,RW_N10_K3_M16_I80.xlsx,80,1234,20260825,sample-1280,1405.0833333333335,2266.666666666667,543.5000000000002,2510.0,0.06601531594060361,4.547473508864641e-13,160551424,ok
real_world_test100_seed20260906,echo,10,RW_N10_K3_M16_I81.xlsx,81,1234,20260825,sample-1280,1661.3333333333333,2493.333333333333,829.3333333333335,2750.0,0.06579703604802489,0.0,160551424,ok
real_world_test100_seed20260906,echo,10,RW_N10_K3_M16_I82.xlsx,82,1234,20260825,sample-1280,1644.6666666666672,2619.1666666666674,670.1666666666669,2905.0,0.0667473409557715,0.0,160551424,ok
real_world_test100_seed20260906,echo,10,RW_N10_K3_M16_I83.xlsx,83,1234,20260825,sample-1280,1551.4166666666665,2523.333333333333,579.5000000000002,2760.0,0.06789213500451297,0.0,160551424,ok
real_world_test100_seed20260906,echo,10,RW_N10_K3_M16_I84.xlsx,84,1234,20260825,sample-1280,1676.5833333333335,2664.1666666666665,689.0000000000002,2910.0,0.06532837892882526,0.0,160551424,ok
real_world_test100_seed20260906,echo,10,RW_N10_K3_M16_I85.xlsx,85,1234,20260825,sample-1280,1628.6666666666667,2530.8333333333335,726.5000000000001,2795.0,0.06656339194159955,0.0,160551424,ok
real_world_test100_seed20260906,echo,10,RW_N10_K3_M16_I86.xlsx,86,1234,20260825,sample-1280,1683.166666666667,2575.0000000000005,791.3333333333335,2820.0,0.06761064589954913,0.0,160551424,ok
real_world_test100_seed20260906,echo,10,RW_N10_K3_M16_I87.xlsx,87,1234,20260825,sample-1280,1780.9166666666667,2670.0,891.8333333333334,2950.0,0.0673079970292747,0.0,160551424,ok
real_world_test100_seed20260906,echo,10,RW_N10_K3_M16_I88.xlsx,88,1234,20260825,sample-1280,1398.3333333333335,2468.3333333333335,328.3333333333333,2715.0,0.06622396409511566,0.0,160551424,ok
real_world_test100_seed20260906,echo,10,RW_N10_K3_M16_I89.xlsx,89,1234,20260825,sample-1280,1522.6666666666665,2620.0,425.33333333333326,2880.0,0.0653110679704696,4.547473508864641e-13,160551424,ok
real_world_test100_seed20260906,echo,10,RW_N10_K3_M16_I90.xlsx,90,1234,20260825,sample-1280,1432.166666666667,2274.166666666667,590.1666666666667,2500.0,0.07271358801517636,0.0,160551424,ok
real_world_test100_seed20260906,echo,10,RW_N10_K3_M16_I91.xlsx,91,1234,20260825,sample-1280,1720.3333333333333,2605.0,835.6666666666666,2850.0,0.06727184809278697,0.0,160551424,ok
real_world_test100_seed20260906,echo,10,RW_N10_K3_M16_I92.xlsx,92,1234,20260825,sample-1280,1715.25,2558.3333333333335,872.1666666666667,2815.0,0.06583366496488452,0.0,160551424,ok
real_world_test100_seed20260906,echo,10,RW_N10_K3_M16_I93.xlsx,93,1234,20260825,sample-1280,1869.9166666666667,2668.3333333333335,1071.5,2900.0,0.06664710107725114,0.0,160551424,ok
real_world_test100_seed20260906,echo,10,RW_N10_K3_M16_I94.xlsx,94,1234,20260825,sample-1280,1679.9166666666667,2713.3333333333335,646.5,2990.0,0.06663647096138448,0.0,160551424,ok
real_world_test100_seed20260906,echo,10,RW_N10_K3_M16_I95.xlsx,95,1234,20260825,sample-1280,1506.1666666666667,2340.8333333333335,671.5,2565.0,0.06631814304273576,0.0,160551424,ok
real_world_test100_seed20260906,echo,10,RW_N10_K3_M16_I96.xlsx,96,1234,20260825,sample-1280,1725.5833333333335,2569.166666666667,882.0,2840.0,0.06676103104837239,0.0,160551424,ok
real_world_test100_seed20260906,echo,10,RW_N10_K3_M16_I97.xlsx,97,1234,20260825,sample-1280,1564.7500000000005,2540.0000000000005,589.5000000000002,2805.0,0.06738237699028105,0.0,160551424,ok
real_world_test100_seed20260906,echo,10,RW_N10_K3_M16_I98.xlsx,98,1234,20260825,sample-1280,1827.5000000000005,2780.0000000000005,875.0000000000002,3090.0,0.06635325297247618,4.547473508864641e-13,160551424,ok
real_world_test100_seed20260906,echo,10,RW_N10_K3_M16_I99.xlsx,99,1234,20260825,sample-1280,1434.3333333333335,2411.666666666667,457.00000000000017,2680.0,0.06682957999873906,0.0,160551424,ok
real_world_test100_seed20260906,echo,10,RW_N10_K3_M16_I100.xlsx,100,1234,20260825,sample-1280,1531.5833333333335,2327.5000000000005,735.6666666666667,2555.0,0.06594797398429364,0.0,160551424,ok
real_world_test100_seed20260906,echo,20,RW_N20_K3_M16_I1.xlsx,1,1234,20260825,sample-1280,2987.0833333333335,4545.0,1429.166666666667,5060.0,0.12531026196666062,4.547473508864641e-13,182522368,ok
real_world_test100_seed20260906,echo,20,RW_N20_K3_M16_I2.xlsx,2,1234,20260825,sample-1280,2833.666666666667,4665.0,1002.3333333333339,5185.0,0.1249548839405179,0.0,182522368,ok
real_world_test100_seed20260906,echo,20,RW_N20_K3_M16_I3.xlsx,3,1234,20260825,sample-1280,3322.083333333334,4825.000000000001,1819.1666666666674,5370.0,0.12531483208294958,0.0,182522368,ok
real_world_test100_seed20260906,echo,20,RW_N20_K3_M16_I4.xlsx,4,1234,20260825,sample-1280,3064.916666666667,4610.833333333333,1519.000000000001,5155.0,0.12555132992565632,0.0,182522368,ok
real_world_test100_seed20260906,echo,20,RW_N20_K3_M16_I5.xlsx,5,1234,20260825,sample-1280,2734.416666666667,4571.666666666667,897.166666666667,5100.0,0.12568043894134462,0.0,182522368,ok
real_world_test100_seed20260906,echo,20,RW_N20_K3_M16_I6.xlsx,6,1234,20260825,sample-1280,3059.666666666666,4772.499999999999,1346.833333333333,5290.0,0.1256091899704188,0.0,182522368,ok
real_world_test100_seed20260906,echo,20,RW_N20_K3_M16_I7.xlsx,7,1234,20260825,sample-1280,3135.333333333333,4890.833333333332,1379.8333333333335,5445.0,0.12543619005009532,0.0,182522368,ok
real_world_test100_seed20260906,echo,20,RW_N20_K3_M16_I8.xlsx,8,1234,20260825,sample-1280,3490.249999999999,5121.666666666665,1858.8333333333333,5665.0,0.1255108310142532,4.547473508864641e-13,182522368,ok
real_world_test100_seed20260906,echo,20,RW_N20_K3_M16_I9.xlsx,9,1234,20260825,sample-1280,3641.333333333334,4920.000000000001,2362.666666666667,5455.0,0.12557956902310252,4.547473508864641e-13,182522368,ok
real_world_test100_seed20260906,echo,20,RW_N20_K3_M16_I10.xlsx,10,1234,20260825,sample-1280,3215.166666666667,5072.5,1357.8333333333335,5640.0,0.12554584897588938,0.0,182522368,ok
real_world_test100_seed20260906,echo,20,RW_N20_K3_M16_I11.xlsx,11,1234,20260825,sample-1280,3160.583333333334,4732.500000000001,1588.6666666666674,5245.0,0.1252054610522464,0.0,182522368,ok
real_world_test100_seed20260906,echo,20,RW_N20_K3_M16_I12.xlsx,12,1234,20260825,sample-1280,2976.333333333334,4605.0,1347.6666666666677,5110.0,0.12574180797673762,0.0,182522368,ok
real_world_test100_seed20260906,echo,20,RW_N20_K3_M16_I13.xlsx,13,1234,20260825,sample-1280,2944.0,4717.5,1170.5000000000005,5235.0,0.1254161299439147,9.094947017729282e-13,182522368,ok
real_world_test100_seed20260906,echo,20,RW_N20_K3_M16_I14.xlsx,14,1234,20260825,sample-1280,3534.666666666667,5167.500000000001,1901.8333333333335,5780.0,0.12519943004008383,0.0,182522368,ok
real_world_test100_seed20260906,echo,20,RW_N20_K3_M16_I15.xlsx,15,1234,20260825,sample-1280,2844.6666666666665,4295.0,1394.333333333333,4740.0,0.12531472905538976,0.0,182522368,ok
real_world_test100_seed20260906,echo,20,RW_N20_K3_M16_I16.xlsx,16,1234,20260825,sample-1280,3601.5,5234.166666666667,1968.8333333333335,5810.0,0.12530775903724134,0.0,182522368,ok
real_world_test100_seed20260906,echo,20,RW_N20_K3_M16_I17.xlsx,17,1234,20260825,sample-1280,3600.0000000000005,5190.833333333334,2009.1666666666672,5785.0,0.12523242994211614,0.0,182522368,ok
real_world_test100_seed20260906,echo,20,RW_N20_K3_M16_I18.xlsx,18,1234,20260825,sample-1280,3252.4166666666665,4679.166666666666,1825.666666666667,5185.0,0.12503281992394477,4.547473508864641e-13,182522368,ok
real_world_test100_seed20260906,echo,20,RW_N20_K3_M16_I19.xlsx,19,1234,20260825,sample-1280,2176.9166666666665,4094.166666666666,259.666666666667,4545.0,0.12511207000352442,4.547473508864641e-13,182522368,ok
real_world_test100_seed20260906,echo,20,RW_N20_K3_M16_I20.xlsx,20,1234,20260825,sample-1280,2928.083333333334,4775.000000000001,1081.166666666667,5315.0,0.12641612300649285,0.0,182522368,ok
real_world_test100_seed20260906,echo,20,RW_N20_K3_M16_I21.xlsx,21,1234,20260825,sample-1280,2901.250000000001,4597.500000000001,1205.0000000000005,5125.0,0.1255755570018664,0.0,182522368,ok
real_world_test100_seed20260906,echo,20,RW_N20_K3_M16_I22.xlsx,22,1234,20260825,sample-1280,3857.5,5296.666666666666,2418.333333333334,5925.0,0.12499111995566636,0.0,182522368,ok
real_world_test100_seed20260906,echo,20,RW_N20_K3_M16_I23.xlsx,23,1234,20260825,sample-1280,3477.916666666667,4986.666666666667,1969.1666666666674,5565.0,0.12554193602409214,4.547473508864641e-13,182522368,ok
real_world_test100_seed20260906,echo,20,RW_N20_K3_M16_I24.xlsx,24,1234,20260825,sample-1280,2680.7500000000005,4542.5,819.0000000000006,5035.0,0.12919954606331885,0.0,182522368,ok
real_world_test100_seed20260906,echo,20,RW_N20_K3_M16_I25.xlsx,25,1234,20260825,sample-1280,2901.25,4732.5,1070.0000000000005,5260.0,0.12591646402142942,9.094947017729282e-13,182522368,ok
real_world_test100_seed20260906,echo,20,RW_N20_K3_M16_I26.xlsx,26,1234,20260825,sample-1280,3143.583333333334,4941.666666666668,1345.5000000000005,5450.0,0.1254818270681426,0.0,182522368,ok
real_world_test100_seed20260906,echo,20,RW_N20_K3_M16_I27.xlsx,27,1234,20260825,sample-1280,3101.1666666666665,4561.666666666666,1640.666666666667,5085.0,0.125525726005435,4.547473508864641e-13,182522368,ok
real_world_test100_seed20260906,echo,20,RW_N20_K3_M16_I28.xlsx,28,1234,20260825,sample-1280,3471.416666666666,4848.333333333333,2094.4999999999995,5410.0,0.12577047396916896,0.0,182522368,ok
real_world_test100_seed20260906,echo,20,RW_N20_K3_M16_I29.xlsx,29,1234,20260825,sample-1280,3018.166666666667,4810.0,1226.3333333333337,5350.0,0.12559930502902716,0.0,182522368,ok
real_world_test100_seed20260906,echo,20,RW_N20_K3_M16_I30.xlsx,30,1234,20260825,sample-1280,3343.8333333333335,4922.499999999999,1765.1666666666677,5475.0,0.125797493965365,4.547473508864641e-13,182522368,ok
real_world_test100_seed20260906,echo,20,RW_N20_K3_M16_I31.xlsx,31,1234,20260825,sample-1280,3612.666666666668,5243.333333333335,1982.000000000001,5810.0,0.12635258003138006,0.0,182522368,ok
real_world_test100_seed20260906,echo,20,RW_N20_K3_M16_I32.xlsx,32,1234,20260825,sample-1280,3356.333333333334,4681.666666666667,2031.0000000000005,5175.0,0.12572444404941052,9.094947017729282e-13,182522368,ok
real_world_test100_seed20260906,echo,20,RW_N20_K3_M16_I33.xlsx,33,1234,20260825,sample-1280,3035.583333333333,4784.999999999999,1286.1666666666672,5310.0,0.12552773498464376,0.0,182522368,ok
real_world_test100_seed20260906,echo,20,RW_N20_K3_M16_I34.xlsx,34,1234,20260825,sample-1280,3344.7500000000005,4915.0,1774.5000000000007,5465.0,0.1254220650298521,0.0,182522368,ok
real_world_test100_seed20260906,echo,20,RW_N20_K3_M16_I35.xlsx,35,1234,20260825,sample-1280,3037.416666666667,4826.666666666667,1248.1666666666672,5340.0,0.1255362139781937,0.0,182522368,ok
real_world_test100_seed20260906,echo,20,RW_N20_K3_M16_I36.xlsx,36,1234,20260825,sample-1280,3349.083333333333,4821.666666666666,1876.5000000000002,5380.0,0.1250174370361492,4.547473508864641e-13,182522368,ok
real_world_test100_seed20260906,echo,20,RW_N20_K3_M16_I37.xlsx,37,1234,20260825,sample-1280,3122.0,4660.833333333333,1583.1666666666672,5185.0,0.12556231394410133,0.0,182522368,ok
real_world_test100_seed20260906,echo,20,RW_N20_K3_M16_I38.xlsx,38,1234,20260825,sample-1280,2874.833333333333,4471.666666666666,1278.0,4935.0,0.1254532439634204,4.547473508864641e-13,182522368,ok
real_world_test100_seed20260906,echo,20,RW_N20_K3_M16_I39.xlsx,39,1234,20260825,sample-1280,3148.583333333334,4818.333333333334,1478.8333333333335,5350.0,0.12553869397379458,9.094947017729282e-13,182522368,ok
real_world_test100_seed20260906,echo,20,RW_N20_K3_M16_I40.xlsx,40,1234,20260825,sample-1280,3238.666666666666,4982.499999999999,1494.8333333333335,5535.0,0.12555375299416482,0.0,182522368,ok
real_world_test100_seed20260906,echo,20,RW_N20_K3_M16_I41.xlsx,41,1234,20260825,sample-1280,3178.916666666667,4826.666666666667,1531.1666666666667,5330.0,0.12566188198979944,4.547473508864641e-13,182522368,ok
real_world_test100_seed20260906,echo,20,RW_N20_K3_M16_I42.xlsx,42,1234,20260825,sample-1280,3074.416666666667,4821.666666666667,1327.1666666666667,5345.0,0.12550857302267104,4.547473508864641e-13,182522368,ok
real_world_test100_seed20260906,echo,20,RW_N20_K3_M16_I43.xlsx,43,1234,20260825,sample-1280,3322.75,4803.333333333333,1842.166666666667,5340.0,0.12515506497584283,0.0,182522368,ok
real_world_test100_seed20260906,echo,20,RW_N20_K3_M16_I44.xlsx,44,1234,20260825,sample-1280,3101.6666666666665,4995.833333333333,1207.5000000000002,5540.0,0.12542311300057918,0.0,182522368,ok
real_world_test100_seed20260906,echo,20,RW_N20_K3_M16_I45.xlsx,45,1234,20260825,sample-1280,2674.416666666667,4370.000000000001,978.8333333333333,4860.0,0.12704883399419487,4.547473508864641e-13,182522368,ok
real_world_test100_seed20260906,echo,20,RW_N20_K3_M16_I46.xlsx,46,1234,20260825,sample-1280,2840.5833333333335,4461.666666666667,1219.5,4950.0,0.12612898799125105,0.0,182522368,ok
real_world_test100_seed20260906,echo,20,RW_N20_K3_M16_I47.xlsx,47,1234,20260825,sample-1280,3612.9166666666665,4982.5,2243.333333333333,5540.0,0.1255898210220039,0.0,182522368,ok
real_world_test100_seed20260906,echo,20,RW_N20_K3_M16_I48.xlsx,48,1234,20260825,sample-1280,3403.916666666666,4960.833333333332,1847.0,5470.0,0.12563742196653038,4.547473508864641e-13,182522368,ok
real_world_test100_seed20260906,echo,20,RW_N20_K3_M16_I49.xlsx,49,1234,20260825,sample-1280,3335.25,5185.833333333333,1484.666666666667,5775.0,0.12547603202983737,4.547473508864641e-13,182522368,ok
real_world_test100_seed20260906,echo,20,RW_N20_K3_M16_I50.xlsx,50,1234,20260825,sample-1280,3108.583333333334,4630.833333333334,1586.333333333334,5145.0,0.12518280290532857,4.547473508864641e-13,182522368,ok
real_world_test100_seed20260906,echo,20,RW_N20_K3_M16_I51.xlsx,51,1234,20260825,sample-1280,2923.666666666666,4807.5,1039.8333333333326,5335.0,0.12616531702224165,0.0,182522368,ok
real_world_test100_seed20260906,echo,20,RW_N20_K3_M16_I52.xlsx,52,1234,20260825,sample-1280,2817.1666666666665,4618.333333333333,1016.0000000000001,5130.0,0.12539931200444698,4.547473508864641e-13,182522368,ok
real_world_test100_seed20260906,echo,20,RW_N20_K3_M16_I53.xlsx,53,1234,20260825,sample-1280,3203.75,4870.0,1537.5,5410.0,0.12533078202977777,0.0,182522368,ok
real_world_test100_seed20260906,echo,20,RW_N20_K3_M16_I54.xlsx,54,1234,20260825,sample-1280,3060.4166666666665,4737.5,1383.3333333333333,5255.0,0.12544451095163822,0.0,182522368,ok
real_world_test100_seed20260906,echo,20,RW_N20_K3_M16_I55.xlsx,55,1234,20260825,sample-1280,3321.666666666667,4633.333333333333,2010.0000000000005,5155.0,0.12569028907455504,0.0,182522368,ok
real_world_test100_seed20260906,echo,20,RW_N20_K3_M16_I56.xlsx,56,1234,20260825,sample-1280,2544.083333333334,4401.666666666667,686.5000000000005,4885.0,0.12567288905847818,0.0,182522368,ok
real_world_test100_seed20260906,echo,20,RW_N20_K3_M16_I57.xlsx,57,1234,20260825,sample-1280,3007.833333333333,4607.5,1408.166666666666,5135.0,0.1254015009617433,4.547473508864641e-13,182522368,ok
real_world_test100_seed20260906,echo,20,RW_N20_K3_M16_I58.xlsx,58,1234,20260825,sample-1280,3730.916666666666,5210.833333333333,2250.9999999999995,5780.0,0.1257911289576441,0.0,182522368,ok
real_world_test100_seed20260906,echo,20,RW_N20_K3_M16_I59.xlsx,59,1234,20260825,sample-1280,3235.916666666667,5029.166666666667,1442.6666666666667,5570.0,0.12553860002662987,0.0,182522368,ok
real_world_test100_seed20260906,echo,20,RW_N20_K3_M16_I60.xlsx,60,1234,20260825,sample-1280,3057.4166666666665,4856.666666666666,1258.166666666667,5370.0,0.12533009995240718,0.0,182522368,ok
real_world_test100_seed20260906,echo,20,RW_N20_K3_M16_I61.xlsx,61,1234,20260825,sample-1280,3341.0000000000005,4960.833333333334,1721.166666666667,5495.0,0.12515787105076015,0.0,182522368,ok
real_world_test100_seed20260906,echo,20,RW_N20_K3_M16_I62.xlsx,62,1234,20260825,sample-1280,3718.0,5054.999999999999,2381.000000000001,5625.0,0.12564198800828308,4.547473508864641e-13,182522368,ok
real_world_test100_seed20260906,echo,20,RW_N20_K3_M16_I63.xlsx,63,1234,20260825,sample-1280,3045.4166666666665,4852.499999999999,1238.3333333333337,5390.0,0.1253592410357669,0.0,182522368,ok
real_world_test100_seed20260906,echo,20,RW_N20_K3_M16_I64.xlsx,64,1234,20260825,sample-1280,3459.833333333334,4859.166666666667,2060.500000000001,5410.0,0.12573320791125298,0.0,182522368,ok
real_world_test100_seed20260906,echo,20,RW_N20_K3_M16_I65.xlsx,65,1234,20260825,sample-1280,3260.916666666668,4970.000000000002,1551.8333333333335,5540.0,0.12542389892041683,0.0,182522368,ok
real_world_test100_seed20260906,echo,20,RW_N20_K3_M16_I66.xlsx,66,1234,20260825,sample-1280,3402.583333333333,4899.166666666667,1905.9999999999995,5440.0,0.1254749889485538,4.547473508864641e-13,182522368,ok
real_world_test100_seed20260906,echo,20,RW_N20_K3_M16_I67.xlsx,67,1234,20260825,sample-1280,2957.916666666667,4464.166666666667,1451.666666666667,4975.0,0.12543991801794618,0.0,182522368,ok
real_world_test100_seed20260906,echo,20,RW_N20_K3_M16_I68.xlsx,68,1234,20260825,sample-1280,3426.4166666666665,4716.666666666666,2136.166666666667,5280.0,0.12619574391283095,4.547473508864641e-13,182522368,ok
real_world_test100_seed20260906,echo,20,RW_N20_K3_M16_I69.xlsx,69,1234,20260825,sample-1280,3671.9166666666665,5168.333333333333,2175.5,5770.0,0.12567318801302463,0.0,182522368,ok
real_world_test100_seed20260906,echo,20,RW_N20_K3_M16_I70.xlsx,70,1234,20260825,sample-1280,2840.25,4754.166666666667,926.333333333333,5290.0,0.1313558539841324,4.547473508864641e-13,182522368,ok
real_world_test100_seed20260906,echo,20,RW_N20_K3_M16_I71.xlsx,71,1234,20260825,sample-1280,3062.4999999999995,4709.999999999999,1415.0,5275.0,0.12533602805342525,4.547473508864641e-13,182522368,ok
real_world_test100_seed20260906,echo,20,RW_N20_K3_M16_I72.xlsx,72,1234,20260825,sample-1280,3448.333333333334,5100.000000000001,1796.6666666666674,5660.0,0.12549918796867132,0.0,182522368,ok
real_world_test100_seed20260906,echo,20,RW_N20_K3_M16_I73.xlsx,73,1234,20260825,sample-1280,3513.2500000000005,4838.333333333334,2188.166666666667,5355.0,0.12570908607449383,4.547473508864641e-13,182522368,ok
real_world_test100_seed20260906,echo,20,RW_N20_K3_M16_I74.xlsx,74,1234,20260825,sample-1280,2662.583333333334,3925.000000000001,1400.1666666666667,4365.0,0.12543786701280624,4.547473508864641e-13,182522368,ok
real_world_test100_seed20260906,echo,20,RW_N20_K3_M16_I75.xlsx,75,1234,20260825,sample-1280,3435.0,5002.5,1867.5000000000005,5580.0,0.12560561602003872,0.0,182522368,ok
real_world_test100_seed20260906,echo,20,RW_N20_K3_M16_I76.xlsx,76,1234,20260825,sample-1280,2932.8333333333335,4670.0,1195.6666666666672,5185.0,0.12575096497312188,0.0,182522368,ok
real_world_test100_seed20260906,echo,20,RW_N20_K3_M16_I77.xlsx,77,1234,20260825,sample-1280,3115.000000000001,4665.000000000001,1565.0000000000005,5180.0,0.12576338497456163,0.0,182522368,ok
real_world_test100_seed20260906,echo,20,RW_N20_K3_M16_I78.xlsx,78,1234,20260825,sample-1280,2847.8333333333335,4732.5,963.1666666666669,5260.0,0.12554502696730196,0.0,182522368,ok
real_world_test100_seed20260906,echo,20,RW_N20_K3_M16_I79.xlsx,79,1234,20260825,sample-1280,2868.166666666667,4833.333333333334,903.0000000000005,5335.0,0.12639682996086776,0.0,182522368,ok
real_world_test100_seed20260906,echo,20,RW_N20_K3_M16_I80.xlsx,80,1234,20260825,sample-1280,2534.833333333333,4438.333333333333,631.3333333333335,4960.0,0.12575711496174335,0.0,182522368,ok
real_world_test100_seed20260906,echo,20,RW_N20_K3_M16_I81.xlsx,81,1234,20260825,sample-1280,2924.8333333333335,4477.5,1372.1666666666672,4970.0,0.12597849301528186,0.0,182522368,ok
real_world_test100_seed20260906,echo,20,RW_N20_K3_M16_I82.xlsx,82,1234,20260825,sample-1280,3541.75,4960.833333333333,2122.6666666666665,5510.0,0.12583375396206975,9.094947017729282e-13,182522368,ok
real_world_test100_seed20260906,echo,20,RW_N20_K3_M16_I83.xlsx,83,1234,20260825,sample-1280,3504.083333333333,5385.833333333333,1622.3333333333335,5975.0,0.12590787303633988,0.0,182522368,ok
real_world_test100_seed20260906,echo,20,RW_N20_K3_M16_I84.xlsx,84,1234,20260825,sample-1280,3308.25,5125.833333333334,1490.666666666666,5670.0,0.12565442407503724,0.0,182522368,ok
real_world_test100_seed20260906,echo,20,RW_N20_K3_M16_I85.xlsx,85,1234,20260825,sample-1280,3676.5000000000005,5180.000000000001,2173.0,5775.0,0.12592007289640605,4.547473508864641e-13,182522368,ok
real_world_test100_seed20260906,echo,20,RW_N20_K3_M16_I86.xlsx,86,1234,20260825,sample-1280,2904.583333333333,4713.333333333333,1095.8333333333335,5205.0,0.1255108150653541,0.0,182522368,ok
real_world_test100_seed20260906,echo,20,RW_N20_K3_M16_I87.xlsx,87,1234,20260825,sample-1280,3351.833333333333,4688.333333333333,2015.3333333333335,5205.0,0.12567861401475966,0.0,182522368,ok
real_world_test100_seed20260906,echo,20,RW_N20_K3_M16_I88.xlsx,88,1234,20260825,sample-1280,2731.333333333334,4773.333333333334,689.3333333333337,5290.0,0.12562495295424014,4.547473508864641e-13,182522368,ok
real_world_test100_seed20260906,echo,20,RW_N20_K3_M16_I89.xlsx,89,1234,20260825,sample-1280,3273.000000000001,4869.166666666668,1676.8333333333335,5415.0,0.12689210602547973,9.094947017729282e-13,182522368,ok
real_world_test100_seed20260906,echo,20,RW_N20_K3_M16_I90.xlsx,90,1234,20260825,sample-1280,2762.583333333333,4705.833333333333,819.3333333333329,5230.0,0.12555685394909233,0.0,182522368,ok
real_world_test100_seed20260906,echo,20,RW_N20_K3_M16_I91.xlsx,91,1234,20260825,sample-1280,2967.1666666666665,4512.5,1421.8333333333333,5005.0,0.1252849359298125,0.0,182522368,ok
real_world_test100_seed20260906,echo,20,RW_N20_K3_M16_I92.xlsx,92,1234,20260825,sample-1280,3337.3333333333335,4981.666666666667,1693.0,5525.0,0.12564110301900655,0.0,182522368,ok
real_world_test100_seed20260906,echo,20,RW_N20_K3_M16_I93.xlsx,93,1234,20260825,sample-1280,3038.916666666667,4720.0,1357.8333333333337,5265.0,0.1258181519806385,0.0,182522368,ok
real_world_test100_seed20260906,echo,20,RW_N20_K3_M16_I94.xlsx,94,1234,20260825,sample-1280,2879.1666666666665,4493.333333333333,1265.0000000000002,4960.0,0.12584525102283806,0.0,182522368,ok
real_world_test100_seed20260906,echo,20,RW_N20_K3_M16_I95.xlsx,95,1234,20260825,sample-1280,3450.7500000000005,5071.666666666667,1829.833333333334,5630.0,0.12536834401544183,4.547473508864641e-13,182522368,ok
real_world_test100_seed20260906,echo,20,RW_N20_K3_M16_I96.xlsx,96,1234,20260825,sample-1280,3061.5833333333335,4669.999999999999,1453.1666666666677,5210.0,0.12567229196429253,4.547473508864641e-13,182522368,ok
real_world_test100_seed20260906,echo,20,RW_N20_K3_M16_I97.xlsx,97,1234,20260825,sample-1280,3314.2500000000005,4901.666666666667,1726.833333333334,5440.0,0.1253413629019633,0.0,182522368,ok
real_world_test100_seed20260906,echo,20,RW_N20_K3_M16_I98.xlsx,98,1234,20260825,sample-1280,3131.3333333333335,4718.333333333333,1544.3333333333337,5235.0,0.12541926209814847,0.0,182522368,ok
real_world_test100_seed20260906,echo,20,RW_N20_K3_M16_I99.xlsx,99,1234,20260825,sample-1280,2985.083333333334,4777.5,1192.6666666666674,5275.0,0.12615824898239225,0.0,182522368,ok
real_world_test100_seed20260906,echo,20,RW_N20_K3_M16_I100.xlsx,100,1234,20260825,sample-1280,2974.833333333334,4681.666666666667,1268.000000000001,5210.0,0.12568480102345347,4.547473508864641e-13,182522368,ok
real_world_test100_seed20260906,echo,30,RW_N30_K3_M16_I1.xlsx,1,1234,20260825,sample-1280,4909.416666666666,7046.666666666665,2772.166666666666,7835.0,0.1860876940190792,0.0,227049472,ok
real_world_test100_seed20260906,echo,30,RW_N30_K3_M16_I2.xlsx,2,1234,20260825,sample-1280,5213.75,7195.833333333334,3231.666666666666,8040.0,0.1856879040133208,0.0,227049472,ok
real_world_test100_seed20260906,echo,30,RW_N30_K3_M16_I3.xlsx,3,1234,20260825,sample-1280,4765.833333333334,6946.666666666668,2585.000000000001,7705.0,0.18572600500192493,0.0,227049472,ok
real_world_test100_seed20260906,echo,30,RW_N30_K3_M16_I4.xlsx,4,1234,20260825,sample-1280,5207.166666666667,7036.666666666667,3377.6666666666665,7815.0,0.18513099802657962,0.0,227049472,ok
real_world_test100_seed20260906,echo,30,RW_N30_K3_M16_I5.xlsx,5,1234,20260825,sample-1280,4837.25,7362.500000000001,2311.999999999999,8170.0,0.1855593150248751,0.0,227049472,ok
real_world_test100_seed20260906,echo,30,RW_N30_K3_M16_I6.xlsx,6,1234,20260825,sample-1280,4846.416666666668,6906.666666666669,2786.166666666667,7685.0,0.18536973500158638,0.0,227049472,ok
real_world_test100_seed20260906,echo,30,RW_N30_K3_M16_I7.xlsx,7,1234,20260825,sample-1280,5776.583333333333,7644.166666666666,3909.0,8580.0,0.1854847240028903,0.0,227049472,ok
real_world_test100_seed20260906,echo,30,RW_N30_K3_M16_I8.xlsx,8,1234,20260825,sample-1280,5413.583333333334,7454.166666666667,3373.000000000002,8295.0,0.1852912560570985,0.0,227049472,ok
real_world_test100_seed20260906,echo,30,RW_N30_K3_M16_I9.xlsx,9,1234,20260825,sample-1280,5116.166666666666,7124.166666666666,3108.166666666667,7950.0,0.1873835630249232,9.094947017729282e-13,227049472,ok
real_world_test100_seed20260906,echo,30,RW_N30_K3_M16_I10.xlsx,10,1234,20260825,sample-1280,3876.9166666666674,6312.500000000001,1441.3333333333342,7045.0,0.19080867304001004,0.0,227049472,ok
real_world_test100_seed20260906,echo,30,RW_N30_K3_M16_I11.xlsx,11,1234,20260825,sample-1280,4994.916666666666,7087.499999999999,2902.333333333332,7935.0,0.1903224450070411,0.0,227049472,ok
real_world_test100_seed20260906,echo,30,RW_N30_K3_M16_I12.xlsx,12,1234,20260825,sample-1280,5423.250000000001,7215.833333333334,3630.6666666666674,8080.0,0.1902001959970221,0.0,227049472,ok
real_world_test100_seed20260906,echo,30,RW_N30_K3_M16_I13.xlsx,13,1234,20260825,sample-1280,4775.833333333334,6903.333333333333,2648.3333333333344,7685.0,0.18523135397117585,0.0,227049472,ok
real_world_test100_seed20260906,echo,30,RW_N30_K3_M16_I14.xlsx,14,1234,20260825,sample-1280,5352.333333333335,7478.333333333334,3226.3333333333358,8280.0,0.18585422006435692,0.0,227049472,ok
real_world_test100_seed20260906,echo,30,RW_N30_K3_M16_I15.xlsx,15,1234,20260825,sample-1280,4711.666666666667,7014.166666666667,2409.1666666666665,7800.0,0.18595339893363416,0.0,227049472,ok
real_world_test100_seed20260906,echo,30,RW_N30_K3_M16_I16.xlsx,16,1234,20260825,sample-1280,4292.749999999998,6656.666666666664,1928.8333333333326,7445.0,0.1889681708998978,0.0,227049472,ok
real_world_test100_seed20260906,echo,30,RW_N30_K3_M16_I17.xlsx,17,1234,20260825,sample-1280,5378.916666666666,7599.166666666667,3158.666666666666,8435.0,0.18820209603291005,0.0,227049472,ok
real_world_test100_seed20260906,echo,30,RW_N30_K3_M16_I18.xlsx,18,1234,20260825,sample-1280,5171.833333333334,7215.000000000001,3128.666666666668,8055.0,0.18808948597870767,0.0,227049472,ok
real_world_test100_seed20260906,echo,30,RW_N30_K3_M16_I19.xlsx,19,1234,20260825,sample-1280,5124.75,6966.666666666667,3282.833333333334,7785.0,0.18744587898254395,0.0,227049472,ok
real_world_test100_seed20260906,echo,30,RW_N30_K3_M16_I20.xlsx,20,1234,20260825,sample-1280,5461.25,7123.333333333333,3799.166666666666,7965.0,0.1869247619761154,9.094947017729282e-13,227049472,ok
real_world_test100_seed20260906,echo,30,RW_N30_K3_M16_I21.xlsx,21,1234,20260825,sample-1280,4683.0,7000.833333333333,2365.166666666668,7810.0,0.18636233499273658,0.0,227049472,ok
real_world_test100_seed20260906,echo,30,RW_N30_K3_M16_I22.xlsx,22,1234,20260825,sample-1280,4752.166666666668,6756.666666666667,2747.666666666668,7555.0,0.18670144292991608,9.094947017729282e-13,227049472,ok
real_world_test100_seed20260906,echo,30,RW_N30_K3_M16_I23.xlsx,23,1234,20260825,sample-1280,4777.5,7007.5,2547.4999999999995,7795.0,0.18908634805120528,0.0,227049472,ok
real_world_test100_seed20260906,echo,30,RW_N30_K3_M16_I24.xlsx,24,1234,20260825,sample-1280,4721.333333333333,6719.166666666666,2723.5000000000005,7470.0,0.1857108980184421,0.0,227049472,ok
real_world_test100_seed20260906,echo,30,RW_N30_K3_M16_I25.xlsx,25,1234,20260825,sample-1280,4867.750000000001,7119.166666666669,2616.3333333333326,7930.0,0.18570715794339776,0.0,227049472,ok
real_world_test100_seed20260906,echo,30,RW_N30_K3_M16_I26.xlsx,26,1234,20260825,sample-1280,5083.0,7029.999999999999,3136.000000000001,7810.0,0.18586091499309987,0.0,227049472,ok
real_world_test100_seed20260906,echo,30,RW_N30_K3_M16_I27.xlsx,27,1234,20260825,sample-1280,5511.166666666668,7396.666666666667,3625.666666666668,8230.0,0.18548224691767246,0.0,227049472,ok
real_world_test100_seed20260906,echo,30,RW_N30_K3_M16_I28.xlsx,28,1234,20260825,sample-1280,5338.75,7040.833333333334,3636.666666666666,7810.0,0.18536465801298618,0.0,227049472,ok
real_world_test100_seed20260906,echo,30,RW_N30_K3_M16_I29.xlsx,29,1234,20260825,sample-1280,5474.416666666665,7330.833333333331,3617.9999999999986,8145.0,0.18565274600405246,9.094947017729282e-13,227049472,ok
real_world_test100_seed20260906,echo,30,RW_N30_K3_M16_I30.xlsx,30,1234,20260825,sample-1280,5115.75,7039.166666666666,3192.333333333333,7835.0,0.18548405601177365,0.0,227049472,ok
real_world_test100_seed20260906,echo,30,RW_N30_K3_M16_I31.xlsx,31,1234,20260825,sample-1280,5008.583333333333,7023.333333333334,2993.8333333333317,7785.0,0.18593942292500287,0.0,227049472,ok
real_world_test100_seed20260906,echo,30,RW_N30_K3_M16_I32.xlsx,32,1234,20260825,sample-1280,4588.916666666667,6888.333333333333,2289.500000000001,7705.0,0.18560872494708747,0.0,227049472,ok
real_world_test100_seed20260906,echo,30,RW_N30_K3_M16_I33.xlsx,33,1234,20260825,sample-1280,4859.666666666668,6887.5,2831.833333333335,7670.0,0.1857347140321508,0.0,227049472,ok
real_world_test100_seed20260906,echo,30,RW_N30_K3_M16_I34.xlsx,34,1234,20260825,sample-1280,4599.0,6867.500000000001,2330.499999999999,7610.0,0.18524577596690506,0.0,227049472,ok
real_world_test100_seed20260906,echo,30,RW_N30_K3_M16_I35.xlsx,35,1234,20260825,sample-1280,5786.666666666668,7309.166666666667,4264.16666666667,8175.0,0.18566357402596623,0.0,227049472,ok
real_world_test100_seed20260906,echo,30,RW_N30_K3_M16_I36.xlsx,36,1234,20260825,sample-1280,5089.083333333333,7449.166666666666,2729.0,8290.0,0.1861533400369808,0.0,227049472,ok
real_world_test100_seed20260906,echo,30,RW_N30_K3_M16_I37.xlsx,37,1234,20260825,sample-1280,5642.833333333334,7405.833333333333,3879.833333333335,8245.0,0.18548737291712314,0.0,227049472,ok
real_world_test100_seed20260906,echo,30,RW_N30_K3_M16_I38.xlsx,38,1234,20260825,sample-1280,5078.416666666666,6900.833333333334,3255.9999999999977,7700.0,0.18539288395550102,0.0,227049472,ok
real_world_test100_seed20260906,echo,30,RW_N30_K3_M16_I39.xlsx,39,1234,20260825,sample-1280,5370.583333333334,7224.166666666667,3517.0,8045.0,0.18545886408537626,0.0,227049472,ok
real_world_test100_seed20260906,echo,30,RW_N30_K3_M16_I40.xlsx,40,1234,20260825,sample-1280,3686.833333333335,6308.333333333336,1065.3333333333344,7025.0,0.18559203203767538,9.094947017729282e-13,227049472,ok
real_world_test100_seed20260906,echo,30,RW_N30_K3_M16_I41.xlsx,41,1234,20260825,sample-1280,4965.166666666667,7102.5,2827.8333333333344,7900.0,0.18640256696380675,0.0,227049472,ok
real_world_test100_seed20260906,echo,30,RW_N30_K3_M16_I42.xlsx,42,1234,20260825,sample-1280,4928.833333333334,7087.500000000001,2770.166666666668,7870.0,0.18581407994497567,0.0,227049472,ok
real_world_test100_seed20260906,echo,30,RW_N30_K3_M16_I43.xlsx,43,1234,20260825,sample-1280,4921.583333333334,7114.166666666666,2729.000000000001,7915.0,0.18630731606390327,0.0,227049472,ok
real_world_test100_seed20260906,echo,30,RW_N30_K3_M16_I44.xlsx,44,1234,20260825,sample-1280,4913.0,7082.5,2743.499999999999,7865.0,0.18673981400206685,0.0,227049472,ok
real_world_test100_seed20260906,echo,30,RW_N30_K3_M16_I45.xlsx,45,1234,20260825,sample-1280,4989.333333333334,7105.0,2873.666666666667,7910.0,0.18971522606443614,9.094947017729282e-13,227049472,ok
real_world_test100_seed20260906,echo,30,RW_N30_K3_M16_I46.xlsx,46,1234,20260825,sample-1280,4495.166666666666,7003.333333333331,1987.0000000000014,7770.0,0.18698966200463474,0.0,227049472,ok
real_world_test100_seed20260906,echo,30,RW_N30_K3_M16_I47.xlsx,47,1234,20260825,sample-1280,4748.75,7011.666666666666,2485.833333333334,7810.0,0.18645125394687057,0.0,227049472,ok
real_world_test100_seed20260906,echo,30,RW_N30_K3_M16_I48.xlsx,48,1234,20260825,sample-1280,4592.5,7065.833333333331,2119.166666666668,7870.0,0.19213594100438058,0.0,227049472,ok
real_world_test100_seed20260906,echo,30,RW_N30_K3_M16_I49.xlsx,49,1234,20260825,sample-1280,4789.583333333334,7154.166666666667,2425.0,7945.0,0.18536215997301042,0.0,227049472,ok
real_world_test100_seed20260906,echo,30,RW_N30_K3_M16_I50.xlsx,50,1234,20260825,sample-1280,5713.75,7367.5,4059.999999999999,8185.0,0.18551420897711068,0.0,227049472,ok
real_world_test100_seed20260906,echo,30,RW_N30_K3_M16_I51.xlsx,51,1234,20260825,sample-1280,4043.6666666666674,6644.166666666668,1443.1666666666672,7375.0,0.1859640560578555,0.0,227049472,ok
real_world_test100_seed20260906,echo,30,RW_N30_K3_M16_I52.xlsx,52,1234,20260825,sample-1280,4830.75,7082.500000000001,2578.9999999999986,7865.0,0.18658758199308068,9.094947017729282e-13,227049472,ok
real_world_test100_seed20260906,echo,30,RW_N30_K3_M16_I53.xlsx,53,1234,20260825,sample-1280,5020.500000000002,7654.166666666669,2386.833333333335,8495.0,0.18709124997258186,0.0,227049472,ok
real_world_test100_seed20260906,echo,30,RW_N30_K3_M16_I54.xlsx,54,1234,20260825,sample-1280,4684.916666666666,6722.499999999999,2647.333333333333,7495.0,0.18809242208953947,0.0,227049472,ok
real_world_test100_seed20260906,echo,30,RW_N30_K3_M16_I55.xlsx,55,1234,20260825,sample-1280,4843.250000000001,7119.166666666667,2567.333333333335,7950.0,0.18681838002521545,9.094947017729282e-13,227049472,ok
real_world_test100_seed20260906,echo,30,RW_N30_K3_M16_I56.xlsx,56,1234,20260825,sample-1280,4449.416666666667,6861.666666666667,2037.1666666666665,7630.0,0.18573883606586605,0.0,227049472,ok
real_world_test100_seed20260906,echo,30,RW_N30_K3_M16_I57.xlsx,57,1234,20260825,sample-1280,5059.083333333334,6977.500000000002,3140.666666666667,7795.0,0.18612561293412,0.0,227049472,ok
real_world_test100_seed20260906,echo,30,RW_N30_K3_M16_I58.xlsx,58,1234,20260825,sample-1280,4773.916666666668,7080.833333333335,2467.000000000001,7915.0,0.18677454895805568,0.0,227049472,ok
real_world_test100_seed20260906,echo,30,RW_N30_K3_M16_I59.xlsx,59,1234,20260825,sample-1280,4586.583333333334,6958.333333333332,2214.8333333333353,7735.0,0.18647775100544095,0.0,227049472,ok
real_world_test100_seed20260906,echo,30,RW_N30_K3_M16_I60.xlsx,60,1234,20260825,sample-1280,4597.333333333334,6826.666666666668,2368.000000000001,7625.0,0.18674836901482195,0.0,227049472,ok
real_world_test100_seed20260906,echo,30,RW_N30_K3_M16_I61.xlsx,61,1234,20260825,sample-1280,4494.083333333333,7080.0,1908.1666666666667,7875.0,0.18711633596103638,0.0,227049472,ok
real_world_test100_seed20260906,echo,30,RW_N30_K3_M16_I62.xlsx,62,1234,20260825,sample-1280,4770.833333333334,7031.666666666667,2510.0000000000005,7835.0,0.18661207798868418,0.0,227049472,ok
real_world_test100_seed20260906,echo,30,RW_N30_K3_M16_I63.xlsx,63,1234,20260825,sample-1280,4734.166666666667,7259.166666666667,2209.166666666667,8055.0,0.18546367494855076,0.0,227049472,ok
real_world_test100_seed20260906,echo,30,RW_N30_K3_M16_I64.xlsx,64,1234,20260825,sample-1280,6064.083333333332,7190.000000000001,4938.166666666664,8010.0,0.18590841093100607,9.094947017729282e-13,227049472,ok
real_world_test100_seed20260906,echo,30,RW_N30_K3_M16_I65.xlsx,65,1234,20260825,sample-1280,5080.416666666667,7329.166666666667,2831.6666666666665,8180.0,0.18590691103599966,9.094947017729282e-13,227049472,ok
real_world_test100_seed20260906,echo,30,RW_N30_K3_M16_I66.xlsx,66,1234,20260825,sample-1280,4993.166666666668,7200.0,2786.3333333333358,8045.0,0.18676089693326503,9.094947017729282e-13,227049472,ok
real_world_test100_seed20260906,echo,30,RW_N30_K3_M16_I67.xlsx,67,1234,20260825,sample-1280,4285.499999999999,6909.999999999999,1660.9999999999995,7700.0,0.18601055000908673,0.0,227049472,ok
real_world_test100_seed20260906,echo,30,RW_N30_K3_M16_I68.xlsx,68,1234,20260825,sample-1280,5031.833333333334,7053.333333333334,3010.333333333334,7845.0,0.18583323108032346,0.0,227049472,ok
real_world_test100_seed20260906,echo,30,RW_N30_K3_M16_I69.xlsx,69,1234,20260825,sample-1280,5323.916666666666,7455.833333333332,3192.000000000001,8280.0,0.18600604904349893,0.0,227049472,ok
real_world_test100_seed20260906,echo,30,RW_N30_K3_M16_I70.xlsx,70,1234,20260825,sample-1280,4720.833333333333,6864.166666666666,2577.5,7645.0,0.18588359095156193,9.094947017729282e-13,227049472,ok
real_world_test100_seed20260906,echo,30,RW_N30_K3_M16_I71.xlsx,71,1234,20260825,sample-1280,4161.083333333333,6789.166666666667,1532.999999999999,7570.0,0.18592442898079753,0.0,227049472,ok
real_world_test100_seed20260906,echo,30,RW_N30_K3_M16_I72.xlsx,72,1234,20260825,sample-1280,4736.416666666666,7188.333333333334,2284.499999999999,7995.0,0.18587912898510695,0.0,227049472,ok
real_world_test100_seed20260906,echo,30,RW_N30_K3_M16_I73.xlsx,73,1234,20260825,sample-1280,4524.583333333334,6899.166666666668,2149.9999999999995,7640.0,0.18574264901690185,0.0,227049472,ok
real_world_test100_seed20260906,echo,30,RW_N30_K3_M16_I74.xlsx,74,1234,20260825,sample-1280,4125.583333333334,6757.5,1493.6666666666679,7510.0,0.18569272896274924,0.0,227049472,ok
real_world_test100_seed20260906,echo,30,RW_N30_K3_M16_I75.xlsx,75,1234,20260825,sample-1280,5299.5,6890.0,3709.0,7685.0,0.18559785990510136,0.0,227049472,ok
real_world_test100_seed20260906,echo,30,RW_N30_K3_M16_I76.xlsx,76,1234,20260825,sample-1280,5013.333333333334,7180.000000000001,2846.666666666667,8050.0,0.1856776389759034,0.0,227049472,ok
real_world_test100_seed20260906,echo,30,RW_N30_K3_M16_I77.xlsx,77,1234,20260825,sample-1280,4510.833333333334,6880.833333333335,2140.8333333333335,7665.0,0.18547299003694206,0.0,227049472,ok
real_world_test100_seed20260906,echo,30,RW_N30_K3_M16_I78.xlsx,78,1234,20260825,sample-1280,4604.166666666666,7109.166666666666,2099.1666666666665,7905.0,0.18594939704053104,9.094947017729282e-13,227049472,ok
real_world_test100_seed20260906,echo,30,RW_N30_K3_M16_I79.xlsx,79,1234,20260825,sample-1280,5196.5,7333.333333333334,3059.666666666667,8150.0,0.18566278798971325,0.0,227049472,ok
real_world_test100_seed20260906,echo,30,RW_N30_K3_M16_I80.xlsx,80,1234,20260825,sample-1280,5074.500000000002,7028.333333333333,3120.6666666666697,7800.0,0.18587700696662068,0.0,227049472,ok
real_world_test100_seed20260906,echo,30,RW_N30_K3_M16_I81.xlsx,81,1234,20260825,sample-1280,5412.416666666666,7091.666666666667,3733.1666666666656,7860.0,0.18576457689050585,0.0,227049472,ok
real_world_test100_seed20260906,echo,30,RW_N30_K3_M16_I82.xlsx,82,1234,20260825,sample-1280,4686.75,7214.166666666667,2159.333333333333,8040.0,0.1930550130782649,0.0,227049472,ok
real_world_test100_seed20260906,echo,30,RW_N30_K3_M16_I83.xlsx,83,1234,20260825,sample-1280,5360.916666666666,7004.999999999999,3716.833333333334,7835.0,0.18619405303616077,0.0,227049472,ok
real_world_test100_seed20260906,echo,30,RW_N30_K3_M16_I84.xlsx,84,1234,20260825,sample-1280,4780.75,7155.833333333333,2405.6666666666674,7990.0,0.18573021597694606,9.094947017729282e-13,227049472,ok
real_world_test100_seed20260906,echo,30,RW_N30_K3_M16_I85.xlsx,85,1234,20260825,sample-1280,4856.583333333332,7222.499999999998,2490.6666666666656,8060.0,0.1859628240345046,9.094947017729282e-13,227049472,ok
real_world_test100_seed20260906,echo,30,RW_N30_K3_M16_I86.xlsx,86,1234,20260825,sample-1280,4593.083333333335,7165.833333333335,2020.3333333333342,7970.0,0.185795555007644,0.0,227049472,ok
real_world_test100_seed20260906,echo,30,RW_N30_K3_M16_I87.xlsx,87,1234,20260825,sample-1280,4816.249999999999,6924.999999999999,2707.499999999999,7700.0,0.18560958607122302,9.094947017729282e-13,227049472,ok
real_world_test100_seed20260906,echo,30,RW_N30_K3_M16_I88.xlsx,88,1234,20260825,sample-1280,4991.916666666667,7128.333333333334,2855.5,7945.0,0.1859139329753816,0.0,227049472,ok
real_world_test100_seed20260906,echo,30,RW_N30_K3_M16_I89.xlsx,89,1234,20260825,sample-1280,4955.083333333333,7215.833333333333,2694.333333333333,8000.0,0.18564501497894526,9.094947017729282e-13,227049472,ok
real_world_test100_seed20260906,echo,30,RW_N30_K3_M16_I90.xlsx,90,1234,20260825,sample-1280,5410.583333333334,7520.833333333336,3300.333333333333,8300.0,0.18569761398248374,0.0,227049472,ok
real_world_test100_seed20260906,echo,30,RW_N30_K3_M16_I91.xlsx,91,1234,20260825,sample-1280,4660.166666666668,6836.666666666669,2483.666666666667,7625.0,0.18561729392968118,0.0,227049472,ok
real_world_test100_seed20260906,echo,30,RW_N30_K3_M16_I92.xlsx,92,1234,20260825,sample-1280,3846.9166666666674,6444.166666666668,1249.666666666667,7150.0,0.18592390208505094,0.0,227049472,ok
real_world_test100_seed20260906,echo,30,RW_N30_K3_M16_I93.xlsx,93,1234,20260825,sample-1280,4454.416666666666,6938.333333333332,1970.5,7695.0,0.18577038194052875,0.0,227049472,ok
real_world_test100_seed20260906,echo,30,RW_N30_K3_M16_I94.xlsx,94,1234,20260825,sample-1280,4367.25,6449.166666666666,2285.333333333333,7160.0,0.18608469993341714,0.0,227049472,ok
real_world_test100_seed20260906,echo,30,RW_N30_K3_M16_I95.xlsx,95,1234,20260825,sample-1280,4870.166666666667,7129.166666666667,2611.166666666667,7915.0,0.1864090480376035,0.0,227049472,ok
real_world_test100_seed20260906,echo,30,RW_N30_K3_M16_I96.xlsx,96,1234,20260825,sample-1280,6410.499999999999,7601.666666666666,5219.333333333332,8490.0,0.18563837197143584,0.0,227049472,ok
real_world_test100_seed20260906,echo,30,RW_N30_K3_M16_I97.xlsx,97,1234,20260825,sample-1280,4159.0,6892.5,1425.5000000000002,7665.0,0.18591217999346554,0.0,227049472,ok
real_world_test100_seed20260906,echo,30,RW_N30_K3_M16_I98.xlsx,98,1234,20260825,sample-1280,4075.583333333332,6663.333333333331,1487.8333333333335,7385.0,0.185945400968194,4.547473508864641e-13,227049472,ok
real_world_test100_seed20260906,echo,30,RW_N30_K3_M16_I99.xlsx,99,1234,20260825,sample-1280,4627.333333333334,6875.000000000001,2379.666666666667,7670.0,0.18566227098926902,0.0,227049472,ok
real_world_test100_seed20260906,echo,30,RW_N30_K3_M16_I100.xlsx,100,1234,20260825,sample-1280,4796.083333333333,7198.333333333332,2393.833333333334,8015.0,0.18598341895267367,0.0,227049472,ok
real_world_test100_seed20260906,echo,40,RW_N40_K3_M16_I1.xlsx,1,1234,20260825,sample-1280,6497.416666666667,9163.333333333334,3831.4999999999995,10220.0,0.24560133507475257,0.0,293888000,ok
real_world_test100_seed20260906,echo,40,RW_N40_K3_M16_I2.xlsx,2,1234,20260825,sample-1280,5764.166666666668,8669.166666666668,2859.166666666667,9665.0,0.24611315096262842,0.0,293888000,ok
real_world_test100_seed20260906,echo,40,RW_N40_K3_M16_I3.xlsx,3,1234,20260825,sample-1280,5972.583333333334,9080.000000000002,2865.166666666665,10125.0,0.24679065693635494,0.0,293888000,ok
real_world_test100_seed20260906,echo,40,RW_N40_K3_M16_I4.xlsx,4,1234,20260825,sample-1280,7299.250000000002,9750.000000000002,4848.500000000003,10860.0,0.24582606204785407,0.0,293888000,ok
real_world_test100_seed20260906,echo,40,RW_N40_K3_M16_I5.xlsx,5,1234,20260825,sample-1280,6342.666666666666,9242.5,3442.833333333333,10300.0,0.24568524200003594,0.0,293888000,ok
real_world_test100_seed20260906,echo,40,RW_N40_K3_M16_I6.xlsx,6,1234,20260825,sample-1280,7469.166666666666,9712.5,5225.833333333332,10840.0,0.2596724380273372,0.0,293888000,ok
real_world_test100_seed20260906,echo,40,RW_N40_K3_M16_I7.xlsx,7,1234,20260825,sample-1280,7063.583333333332,9614.166666666668,4512.999999999996,10700.0,0.24572058103512973,0.0,293888000,ok
real_world_test100_seed20260906,echo,40,RW_N40_K3_M16_I8.xlsx,8,1234,20260825,sample-1280,6477.833333333334,9316.666666666666,3639.000000000001,10405.0,0.24623525701463223,9.094947017729282e-13,293888000,ok
real_world_test100_seed20260906,echo,40,RW_N40_K3_M16_I9.xlsx,9,1234,20260825,sample-1280,5841.500000000002,8633.333333333336,3049.666666666669,9645.0,0.24643097608350217,1.8189894035458565e-12,293888000,ok
real_world_test100_seed20260906,echo,40,RW_N40_K3_M16_I10.xlsx,10,1234,20260825,sample-1280,7156.499999999999,9781.666666666666,4531.333333333332,10905.0,0.24614099599421024,0.0,293888000,ok
real_world_test100_seed20260906,echo,40,RW_N40_K3_M16_I11.xlsx,11,1234,20260825,sample-1280,5806.666666666667,9134.166666666666,2479.1666666666683,10130.0,0.2465362730436027,0.0,293888000,ok
real_world_test100_seed20260906,echo,40,RW_N40_K3_M16_I12.xlsx,12,1234,20260825,sample-1280,5571.583333333333,8646.666666666668,2496.499999999998,9615.0,0.24600767600350082,0.0,293888000,ok
real_world_test100_seed20260906,echo,40,RW_N40_K3_M16_I13.xlsx,13,1234,20260825,sample-1280,5647.916666666666,8956.666666666668,2339.1666666666642,10020.0,0.2459613559767604,0.0,293888000,ok
real_world_test100_seed20260906,echo,40,RW_N40_K3_M16_I14.xlsx,14,1234,20260825,sample-1280,6768.416666666668,9319.166666666666,4217.66666666667,10415.0,0.24562715797219425,0.0,293888000,ok
real_world_test100_seed20260906,echo,40,RW_N40_K3_M16_I15.xlsx,15,1234,20260825,sample-1280,7034.583333333333,9306.666666666666,4762.5,10350.0,0.24645545205567032,9.094947017729282e-13,293888000,ok
real_world_test100_seed20260906,echo,40,RW_N40_K3_M16_I16.xlsx,16,1234,20260825,sample-1280,5570.250000000002,8974.16666666667,2166.333333333333,9995.0,0.24659442994743586,1.8189894035458565e-12,293888000,ok
real_world_test100_seed20260906,echo,40,RW_N40_K3_M16_I17.xlsx,17,1234,20260825,sample-1280,6756.583333333335,9140.0,4373.16666666667,10190.0,0.24657091102562845,9.094947017729282e-13,293888000,ok
real_world_test100_seed20260906,echo,40,RW_N40_K3_M16_I18.xlsx,18,1234,20260825,sample-1280,6550.166666666667,9050.833333333334,4049.5,10095.0,0.24587399291340262,0.0,293888000,ok
real_world_test100_seed20260906,echo,40,RW_N40_K3_M16_I19.xlsx,19,1234,20260825,sample-1280,6998.166666666667,9316.666666666666,4679.666666666668,10410.0,0.24705960601568222,0.0,293888000,ok
real_world_test100_seed20260906,echo,40,RW_N40_K3_M16_I20.xlsx,20,1234,20260825,sample-1280,6712.583333333332,9495.833333333332,3929.333333333332,10535.0,0.24646601907443255,0.0,293888000,ok
real_world_test100_seed20260906,echo,40,RW_N40_K3_M16_I21.xlsx,21,1234,20260825,sample-1280,6704.416666666667,9063.333333333332,4345.500000000002,10070.0,0.24612237000837922,9.094947017729282e-13,293888000,ok
real_world_test100_seed20260906,echo,40,RW_N40_K3_M16_I22.xlsx,22,1234,20260825,sample-1280,6913.083333333335,9572.5,4253.66666666667,10630.0,0.24745417200028896,0.0,293888000,ok
real_world_test100_seed20260906,echo,40,RW_N40_K3_M16_I23.xlsx,23,1234,20260825,sample-1280,5545.75,8779.166666666666,2312.3333333333335,9830.0,0.24692917405627668,0.0,293888000,ok
real_world_test100_seed20260906,echo,40,RW_N40_K3_M16_I24.xlsx,24,1234,20260825,sample-1280,7592.25,9644.166666666666,5540.333333333334,10760.0,0.24674545507878065,0.0,293888000,ok
real_world_test100_seed20260906,echo,40,RW_N40_K3_M16_I25.xlsx,25,1234,20260825,sample-1280,7406.083333333331,9186.666666666666,5625.499999999996,10330.0,0.24720770202111453,9.094947017729282e-13,293888000,ok
real_world_test100_seed20260906,echo,40,RW_N40_K3_M16_I26.xlsx,26,1234,20260825,sample-1280,7316.333333333332,9477.499999999998,5155.166666666667,10600.0,0.24589629902038723,0.0,293888000,ok
real_world_test100_seed20260906,echo,40,RW_N40_K3_M16_I27.xlsx,27,1234,20260825,sample-1280,6025.833333333336,8973.333333333334,3078.3333333333367,10000.0,0.24656814499758184,0.0,293888000,ok
real_world_test100_seed20260906,echo,40,RW_N40_K3_M16_I28.xlsx,28,1234,20260825,sample-1280,6770.333333333333,9038.333333333332,4502.333333333334,10070.0,0.2465668150689453,9.094947017729282e-13,293888000,ok
real_world_test100_seed20260906,echo,40,RW_N40_K3_M16_I29.xlsx,29,1234,20260825,sample-1280,6325.5,9511.666666666668,3139.3333333333317,10550.0,0.24703954998403788,0.0,293888000,ok
real_world_test100_seed20260906,echo,40,RW_N40_K3_M16_I30.xlsx,30,1234,20260825,sample-1280,7210.749999999998,9829.166666666664,4592.333333333332,10985.0,0.24596151697915047,0.0,293888000,ok
real_world_test100_seed20260906,echo,40,RW_N40_K3_M16_I31.xlsx,31,1234,20260825,sample-1280,6942.5,9259.999999999998,4625.000000000003,10315.0,0.25302501395344734,9.094947017729282e-13,293888000,ok
real_world_test100_seed20260906,echo,40,RW_N40_K3_M16_I32.xlsx,32,1234,20260825,sample-1280,7256.416666666668,9802.5,4710.333333333336,10860.0,0.24631042196415365,0.0,293888000,ok
real_world_test100_seed20260906,echo,40,RW_N40_K3_M16_I33.xlsx,33,1234,20260825,sample-1280,6966.833333333334,9755.000000000002,4178.666666666666,10870.0,0.24647022201679647,9.094947017729282e-13,293888000,ok
real_world_test100_seed20260906,echo,40,RW_N40_K3_M16_I34.xlsx,34,1234,20260825,sample-1280,5966.499999999999,8724.999999999998,3208.0,9720.0,0.2461007230449468,9.094947017729282e-13,293888000,ok
real_world_test100_seed20260906,echo,40,RW_N40_K3_M16_I35.xlsx,35,1234,20260825,sample-1280,6165.333333333334,9232.5,3098.166666666667,10250.0,0.24631931097246706,0.0,293888000,ok
real_world_test100_seed20260906,echo,40,RW_N40_K3_M16_I36.xlsx,36,1234,20260825,sample-1280,6517.416666666667,9420.833333333334,3614.0000000000005,10445.0,0.24672964902129024,9.094947017729282e-13,293888000,ok
real_world_test100_seed20260906,echo,40,RW_N40_K3_M16_I37.xlsx,37,1234,20260825,sample-1280,5927.333333333333,8825.833333333334,3028.833333333332,9830.0,0.2469161459011957,0.0,293888000,ok
real_world_test100_seed20260906,echo,40,RW_N40_K3_M16_I38.xlsx,38,1234,20260825,sample-1280,7027.083333333334,9540.833333333334,4513.333333333334,10615.0,0.2463086899369955,0.0,293888000,ok
real_world_test100_seed20260906,echo,40,RW_N40_K3_M16_I39.xlsx,39,1234,20260825,sample-1280,5482.666666666666,8524.166666666666,2441.166666666666,9475.0,0.24649315897841007,9.094947017729282e-13,293888000,ok
real_world_test100_seed20260906,echo,40,RW_N40_K3_M16_I40.xlsx,40,1234,20260825,sample-1280,5937.416666666667,8876.666666666668,2998.166666666666,9905.0,0.24626303894910961,9.094947017729282e-13,293888000,ok
real_world_test100_seed20260906,echo,40,RW_N40_K3_M16_I41.xlsx,41,1234,20260825,sample-1280,6801.750000000002,9080.000000000002,4523.500000000001,10135.0,0.2459859810769558,0.0,293888000,ok
real_world_test100_seed20260906,echo,40,RW_N40_K3_M16_I42.xlsx,42,1234,20260825,sample-1280,7024.833333333333,9571.666666666666,4478.0,10655.0,0.24671542504802346,0.0,293888000,ok
real_world_test100_seed20260906,echo,40,RW_N40_K3_M16_I43.xlsx,43,1234,20260825,sample-1280,6425.0,8905.0,3944.999999999999,9900.0,0.24614061799366027,0.0,293888000,ok
real_world_test100_seed20260906,echo,40,RW_N40_K3_M16_I44.xlsx,44,1234,20260825,sample-1280,6234.0,9118.333333333334,3349.666666666665,10165.0,0.24642684601712972,9.094947017729282e-13,293888000,ok
real_world_test100_seed20260906,echo,40,RW_N40_K3_M16_I45.xlsx,45,1234,20260825,sample-1280,5911.75,8775.833333333332,3047.666666666667,9780.0,0.2466879429994151,0.0,293888000,ok
real_world_test100_seed20260906,echo,40,RW_N40_K3_M16_I46.xlsx,46,1234,20260825,sample-1280,7214.75,9247.499999999998,5182.000000000002,10340.0,0.24644235498271883,0.0,293888000,ok
real_world_test100_seed20260906,echo,40,RW_N40_K3_M16_I47.xlsx,47,1234,20260825,sample-1280,6860.833333333335,9259.166666666668,4462.500000000002,10315.0,0.24621858599130064,0.0,293888000,ok
real_world_test100_seed20260906,echo,40,RW_N40_K3_M16_I48.xlsx,48,1234,20260825,sample-1280,6407.833333333334,9101.666666666666,3714.0000000000023,10150.0,0.2468420610530302,9.094947017729282e-13,293888000,ok
real_world_test100_seed20260906,echo,40,RW_N40_K3_M16_I49.xlsx,49,1234,20260825,sample-1280,7856.833333333334,9914.166666666666,5799.500000000002,11075.0,0.2476449660025537,0.0,293888000,ok
real_world_test100_seed20260906,echo,40,RW_N40_K3_M16_I50.xlsx,50,1234,20260825,sample-1280,6478.5,9628.333333333334,3328.666666666666,10680.0,0.24608755495864898,9.094947017729282e-13,293888000,ok
real_world_test100_seed20260906,echo,40,RW_N40_K3_M16_I51.xlsx,51,1234,20260825,sample-1280,5983.916666666668,8903.333333333334,3064.5000000000027,9925.0,0.24636702192947268,0.0,293888000,ok
real_world_test100_seed20260906,echo,40,RW_N40_K3_M16_I52.xlsx,52,1234,20260825,sample-1280,6247.499999999998,9369.999999999998,3124.9999999999986,10490.0,0.24699093797244132,0.0,293888000,ok
real_world_test100_seed20260906,echo,40,RW_N40_K3_M16_I53.xlsx,53,1234,20260825,sample-1280,7339.000000000002,9519.166666666668,5158.833333333337,10680.0,0.24675325897987932,0.0,293888000,ok
real_world_test100_seed20260906,echo,40,RW_N40_K3_M16_I54.xlsx,54,1234,20260825,sample-1280,6632.749999999999,9220.833333333334,4044.6666666666647,10305.0,0.2465610490180552,0.0,293888000,ok
real_world_test100_seed20260906,echo,40,RW_N40_K3_M16_I55.xlsx,55,1234,20260825,sample-1280,6158.000000000001,8995.833333333334,3320.1666666666683,10070.0,0.24666676903143525,0.0,293888000,ok
real_world_test100_seed20260906,echo,40,RW_N40_K3_M16_I56.xlsx,56,1234,20260825,sample-1280,6596.41666666667,9553.333333333336,3639.5000000000036,10630.0,0.25357861490920186,0.0,293888000,ok
real_world_test100_seed20260906,echo,40,RW_N40_K3_M16_I57.xlsx,57,1234,20260825,sample-1280,7555.333333333336,9515.833333333334,5594.833333333337,10650.0,0.247534342110157,9.094947017729282e-13,293888000,ok
real_world_test100_seed20260906,echo,40,RW_N40_K3_M16_I58.xlsx,58,1234,20260825,sample-1280,7636.333333333335,9559.166666666666,5713.500000000004,10670.0,0.24641370808240026,9.094947017729282e-13,293888000,ok
real_world_test100_seed20260906,echo,40,RW_N40_K3_M16_I59.xlsx,59,1234,20260825,sample-1280,6584.25,9390.833333333334,3777.666666666667,10445.0,0.24638554803095758,0.0,293888000,ok
real_world_test100_seed20260906,echo,40,RW_N40_K3_M16_I60.xlsx,60,1234,20260825,sample-1280,6559.916666666668,9085.000000000002,4034.833333333334,10160.0,0.2473586320411414,0.0,293888000,ok
real_world_test100_seed20260906,echo,40,RW_N40_K3_M16_I61.xlsx,61,1234,20260825,sample-1280,7529.416666666666,9397.5,5661.333333333332,10505.0,0.24680047400761396,0.0,293888000,ok
real_world_test100_seed20260906,echo,40,RW_N40_K3_M16_I62.xlsx,62,1234,20260825,sample-1280,5542.25,8772.5,2311.9999999999995,9775.0,0.24743273004423827,0.0,293888000,ok
real_world_test100_seed20260906,echo,40,RW_N40_K3_M16_I63.xlsx,63,1234,20260825,sample-1280,7700.000000000002,9522.500000000004,5877.500000000001,10650.0,0.24664039397612214,9.094947017729282e-13,293888000,ok
real_world_test100_seed20260906,echo,40,RW_N40_K3_M16_I64.xlsx,64,1234,20260825,sample-1280,6834.916666666666,9265.833333333332,4403.999999999999,10330.0,0.24679533194284886,1.8189894035458565e-12,293888000,ok
real_world_test100_seed20260906,echo,40,RW_N40_K3_M16_I65.xlsx,65,1234,20260825,sample-1280,6799.916666666668,9339.166666666668,4260.666666666667,10430.0,0.24701672000810504,1.8189894035458565e-12,293888000,ok
real_world_test100_seed20260906,echo,40,RW_N40_K3_M16_I66.xlsx,66,1234,20260825,sample-1280,6408.416666666666,9014.166666666664,3802.666666666669,10035.0,0.2468355520395562,1.8189894035458565e-12,293888000,ok
real_world_test100_seed20260906,echo,40,RW_N40_K3_M16_I67.xlsx,67,1234,20260825,sample-1280,7663.416666666666,9926.666666666666,5400.166666666667,11105.0,0.24652700300794095,0.0,293888000,ok
real_world_test100_seed20260906,echo,40,RW_N40_K3_M16_I68.xlsx,68,1234,20260825,sample-1280,5920.083333333333,8884.999999999998,2955.1666666666674,9860.0,0.24646113195922226,0.0,293888000,ok
real_world_test100_seed20260906,echo,40,RW_N40_K3_M16_I69.xlsx,69,1234,20260825,sample-1280,6369.916666666667,9193.333333333334,3546.4999999999995,10270.0,0.2469417890533805,0.0,293888000,ok
real_world_test100_seed20260906,echo,40,RW_N40_K3_M16_I70.xlsx,70,1234,20260825,sample-1280,6722.333333333333,9240.83333333333,4203.833333333336,10280.0,0.24626344197895378,9.094947017729282e-13,293888000,ok
real_world_test100_seed20260906,echo,40,RW_N40_K3_M16_I71.xlsx,71,1234,20260825,sample-1280,6970.500000000002,9514.166666666668,4426.833333333336,10615.0,0.24695127794984728,0.0,293888000,ok
real_world_test100_seed20260906,echo,40,RW_N40_K3_M16_I72.xlsx,72,1234,20260825,sample-1280,6130.25,9000.0,3260.499999999999,10045.0,0.24628566205501556,0.0,293888000,ok
real_world_test100_seed20260906,echo,40,RW_N40_K3_M16_I73.xlsx,73,1234,20260825,sample-1280,6574.5,8981.666666666666,4167.333333333334,10040.0,0.2467996779596433,0.0,293888000,ok
real_world_test100_seed20260906,echo,40,RW_N40_K3_M16_I74.xlsx,74,1234,20260825,sample-1280,7052.916666666668,9465.833333333334,4640.000000000002,10550.0,0.24649686901830137,0.0,293888000,ok
real_world_test100_seed20260906,echo,40,RW_N40_K3_M16_I75.xlsx,75,1234,20260825,sample-1280,6918.5,9657.5,4179.5,10745.0,0.2464004490757361,0.0,293888000,ok
real_world_test100_seed20260906,echo,40,RW_N40_K3_M16_I76.xlsx,76,1234,20260825,sample-1280,7079.833333333333,9594.999999999998,4564.666666666668,10745.0,0.24641174799762666,9.094947017729282e-13,293888000,ok
real_world_test100_seed20260906,echo,40,RW_N40_K3_M16_I77.xlsx,77,1234,20260825,sample-1280,5796.000000000001,8701.666666666668,2890.333333333334,9685.0,0.24978993798140436,0.0,293888000,ok
real_world_test100_seed20260906,echo,40,RW_N40_K3_M16_I78.xlsx,78,1234,20260825,sample-1280,7258.416666666668,9889.166666666666,4627.666666666671,10990.0,0.25457688700407743,0.0,293888000,ok
real_world_test100_seed20260906,echo,40,RW_N40_K3_M16_I79.xlsx,79,1234,20260825,sample-1280,8303.833333333336,9919.16666666667,6688.500000000004,11100.0,0.2549133339198306,0.0,293888000,ok
real_world_test100_seed20260906,echo,40,RW_N40_K3_M16_I80.xlsx,80,1234,20260825,sample-1280,7104.25,9608.333333333334,4600.166666666667,10720.0,0.255483900080435,0.0,293888000,ok
real_world_test100_seed20260906,echo,40,RW_N40_K3_M16_I81.xlsx,81,1234,20260825,sample-1280,8097.500000000003,10019.16666666667,6175.833333333336,11220.0,0.2637051489436999,9.094947017729282e-13,293888000,ok
real_world_test100_seed20260906,echo,40,RW_N40_K3_M16_I82.xlsx,82,1234,20260825,sample-1280,6667.166666666668,9297.500000000002,4036.833333333335,10330.0,0.2510511770378798,9.094947017729282e-13,293888000,ok
real_world_test100_seed20260906,echo,40,RW_N40_K3_M16_I83.xlsx,83,1234,20260825,sample-1280,6757.499999999999,9593.333333333334,3921.6666666666642,10700.0,0.24621444602962583,9.094947017729282e-13,293888000,ok
real_world_test100_seed20260906,echo,40,RW_N40_K3_M16_I84.xlsx,84,1234,20260825,sample-1280,7247.083333333336,9482.5,5011.666666666671,10570.0,0.246156204957515,0.0,293888000,ok
real_world_test100_seed20260906,echo,40,RW_N40_K3_M16_I85.xlsx,85,1234,20260825,sample-1280,6144.499999999998,9063.333333333332,3225.666666666665,10140.0,0.2462997050024569,0.0,293888000,ok
real_world_test100_seed20260906,echo,40,RW_N40_K3_M16_I86.xlsx,86,1234,20260825,sample-1280,6459.999999999999,9472.499999999998,3447.5,10535.0,0.24625193304382265,9.094947017729282e-13,293888000,ok
real_world_test100_seed20260906,echo,40,RW_N40_K3_M16_I87.xlsx,87,1234,20260825,sample-1280,7413.416666666668,9705.000000000002,5121.833333333334,10780.0,0.24574246699921787,0.0,293888000,ok
real_world_test100_seed20260906,echo,40,RW_N40_K3_M16_I88.xlsx,88,1234,20260825,sample-1280,6727.750000000001,9315.0,4140.500000000002,10285.0,0.24592975492123514,0.0,293888000,ok
real_world_test100_seed20260906,echo,40,RW_N40_K3_M16_I89.xlsx,89,1234,20260825,sample-1280,7030.250000000001,9569.166666666668,4491.333333333334,10660.0,0.2464819309534505,9.094947017729282e-13,293888000,ok
real_world_test100_seed20260906,echo,40,RW_N40_K3_M16_I90.xlsx,90,1234,20260825,sample-1280,6508.333333333336,9305.833333333338,3710.8333333333335,10385.0,0.2454660270595923,9.094947017729282e-13,293888000,ok
real_world_test100_seed20260906,echo,40,RW_N40_K3_M16_I91.xlsx,91,1234,20260825,sample-1280,7249.666666666667,9465.833333333332,5033.500000000002,10575.0,0.24847108696121722,9.094947017729282e-13,293888000,ok
real_world_test100_seed20260906,echo,40,RW_N40_K3_M16_I92.xlsx,92,1234,20260825,sample-1280,5925.583333333334,8931.666666666666,2919.500000000002,9990.0,0.2467084180098027,0.0,293888000,ok
real_world_test100_seed20260906,echo,40,RW_N40_K3_M16_I93.xlsx,93,1234,20260825,sample-1280,6023.000000000001,9085.833333333334,2960.166666666668,10095.0,0.2517218559514731,0.0,293888000,ok
real_world_test100_seed20260906,echo,40,RW_N40_K3_M16_I94.xlsx,94,1234,20260825,sample-1280,7376.499999999998,9600.833333333334,5152.166666666662,10700.0,0.24702817399520427,9.094947017729282e-13,293888000,ok
real_world_test100_seed20260906,echo,40,RW_N40_K3_M16_I95.xlsx,95,1234,20260825,sample-1280,7960.166666666667,9918.333333333334,6002.0,11060.0,0.2495668389601633,9.094947017729282e-13,293888000,ok
real_world_test100_seed20260906,echo,40,RW_N40_K3_M16_I96.xlsx,96,1234,20260825,sample-1280,6138.500000000002,8948.333333333336,3328.666666666667,10000.0,0.26026290201116353,0.0,293888000,ok
real_world_test100_seed20260906,echo,40,RW_N40_K3_M16_I97.xlsx,97,1234,20260825,sample-1280,7770.916666666666,9600.000000000002,5941.833333333331,10730.0,0.2587594100041315,1.8189894035458565e-12,293888000,ok
real_world_test100_seed20260906,echo,40,RW_N40_K3_M16_I98.xlsx,98,1234,20260825,sample-1280,8247.083333333334,9714.16666666667,6779.999999999999,10870.0,0.2502738928887993,1.8189894035458565e-12,293888000,ok
real_world_test100_seed20260906,echo,40,RW_N40_K3_M16_I99.xlsx,99,1234,20260825,sample-1280,8482.583333333336,10019.166666666668,6946.000000000002,11205.0,0.2465659350855276,3.637978807091713e-12,293888000,ok
real_world_test100_seed20260906,echo,40,RW_N40_K3_M16_I100.xlsx,100,1234,20260825,sample-1280,7259.5,9507.500000000002,5011.499999999998,10610.0,0.2463980650063604,0.0,293888000,ok
