job_id,attempt,status,kappa,size,index,instance,solver_status_code,solver_status_name,has_incumbent,optimal,objective,distance,tardiness,obj_bound,obj_bound_c,mip_gap,solution_count,runtime_s,work,node_count,iteration_count,max_memory_gb,termination_reason,error,path_map,task_times,independent_evaluation,consistency_errors,time_limit_s,gurobi_threads,seed,big_m,distance_metric,objective_weights,virtual_depot_semantics
k2_n10_i001,1,optimal,2,10,1,N10_K2_M12_I1,2,OPTIMAL,True,True,7.704160030921285,11.853992671140649,3.554327390701922,7.704159480635154,7.704159480635154,7.142714184548142e-08,10,1701.1909999847412,1843.200506202972,637717.0,14273373.0,,optimal,,"{""1"":[2,6,3,10],""2"":[8,1,9],""3"":[4],""4"":[5,7],""5"":[8,9],""6"":[2,1],""7"":[],""8"":[],""9"":[4],""10"":[],""11"":[5,7],""12"":[6,3,10]}","{""1"":{""start"":2.4390525555733946,""completion_by_type"":[3.0904441432496563,3.485150563999616],""finish"":3.485150563999616,""tardiness"":0.47682764615109274},""2"":{""start"":0.9084700231139762,""completion_by_type"":[1.3405956223448585,1.9118214947789551],""finish"":1.9118214947789551,""tardiness"":0.3720643118271212},""3"":{""start"":2.6307890946710084,""completion_by_type"":[3.0382947064086165,3.57524825422779],""finish"":3.57524825422779,""tardiness"":0.0},""4"":{""start"":0.9805037586679125,""completion_by_type"":[1.364603092703177,2.1329182642793656],""finish"":2.1329182642793656,""tardiness"":1.0390391753165367},""5"":{""start"":0.7143496528401199,""completion_by_type"":[1.3052540955848542,1.6657551573639933],""finish"":1.6657551573639933,""tardiness"":1.3631284696502195},""6"":{""start"":1.5260104552427833,""completion_by_type"":[1.9688911321085354,2.4136778067847042],""finish"":2.4136778067847042,""tardiness"":0.0},""7"":{""start"":1.9627149725996258,""completion_by_type"":[2.2975037147313904,2.9272196091339033],""finish"":2.9272196091339033,""tardiness"":0.0},""8"":{""start"":1.2420809227326992,""completion_by_type"":[1.8805818061194586,2.3672324181267905],""finish"":2.3672324181267905,""tardiness"":0.23270769185441154},""9"":{""start"":3.3348601368778255,""completion_by_type"":[3.970897369440369,4.199038185524326],""finish"":4.199038185524326,""tardiness"":0.07056009590256274},""10"":{""start"":3.9848635923599636,""completion_by_type"":[4.525830496759351,5.126962855137883],""finish"":5.126962855137883,""tardiness"":0.0}}","{""distance"":11.853992671140652,""tardiness"":3.5543273907019444,""objective"":7.704160030921298,""task_times"":{""1"":{""start"":2.4390525555733946,""completion_by_type"":[3.0904441432496563,3.485150563999616],""finish"":3.485150563999616,""tardiness"":0.47682764615109274},""2"":{""start"":0.9084700231139762,""completion_by_type"":[1.3405956223448585,1.9118214947789551],""finish"":1.9118214947789551,""tardiness"":0.3720643118271212},""3"":{""start"":2.6307890946710084,""completion_by_type"":[3.0382947064086165,3.57524825422779],""finish"":3.57524825422779,""tardiness"":0.0},""4"":{""start"":0.9805037586679125,""completion_by_type"":[1.364603092703177,2.1329182642793656],""finish"":2.1329182642793656,""tardiness"":1.0390391753165367},""5"":{""start"":0.7143496528401199,""completion_by_type"":[1.3052540955848542,1.6657551573639933],""finish"":1.6657551573639933,""tardiness"":1.3631284696502195},""6"":{""start"":1.5260104552427833,""completion_by_type"":[1.9688911321085354,2.4136778067847042],""finish"":2.4136778067847042,""tardiness"":0.0},""7"":{""start"":1.9627149725996258,""completion_by_type"":[2.2975037147313904,2.9272196091339033],""finish"":2.9272196091339033,""tardiness"":0.0},""8"":{""start"":1.2420809227326992,""completion_by_type"":[1.8805818061194586,2.3672324181267905],""finish"":2.3672324181267905,""tardiness"":0.23270769185441154},""9"":{""start"":3.3348601368778255,""completion_by_type"":[3.970897369440369,4.199038185524326],""finish"":4.199038185524326,""tardiness"":0.07056009590256274},""10"":{""start"":3.9848635923599636,""completion_by_type"":[4.525830496759351,5.126962855137883],""finish"":5.126962855137883,""tardiness"":0.0}}}","{""objective"":1.3322676295501878e-14,""distance"":3.552713678800501e-15,""tardiness"":2.220446049250313e-14}",3600,1,0,100.0,manhattan,"[0.5,0.5]",True
k2_n10_i002,1,time_limit_feasible,2,10,2,N10_K2_M12_I2,9,TIME_LIMIT,True,False,9.674939975315992,11.1940666701285,8.155813280503484,9.341403600088793,9.341403600088793,0.034474257832933536,10,3600.005999803543,4272.618640137956,1065005.0,46182416.0,,time_limit_feasible,,"{""1"":[8,7,5],""2"":[10,3,4],""3"":[2,6],""4"":[9,1],""5"":[8,7,5],""6"":[],""7"":[9,1],""8"":[10,3,4],""9"":[],""10"":[],""11"":[],""12"":[2,6]}","{""1"":{""start"":2.438084304556271,""completion_by_type"":[3.1191042750639317,3.56482951933321],""finish"":3.56482951933321,""tardiness"":1.4399762988682676},""2"":{""start"":0.9314805242129127,""completion_by_type"":[1.358802190654995,1.7687637415572897],""finish"":1.7687637415572897,""tardiness"":0.0},""3"":{""start"":2.221092221081112,""completion_by_type"":[2.8457614603925485,3.169739165059708],""finish"":3.169739165059708,""tardiness"":0.0},""4"":{""start"":3.3165078214455135,""completion_by_type"":[3.899278512081249,4.3037326330160495],""finish"":4.3037326330160495,""tardiness"":3.807375329055406},""5"":{""start"":2.7214261421819796,""completion_by_type"":[3.069302014427582,3.6714671244470973],""finish"":3.6714671244470973,""tardiness"":0.0},""6"":{""start"":2.3761012185910055,""completion_by_type"":[2.6965715037090887,3.557212341226207],""finish"":3.557212341226207,""tardiness"":2.253215877708487},""7"":{""start"":1.5520233733283302,""completion_by_type"":[2.073116113818694,2.3522745122014843],""finish"":2.3522745122014843,""tardiness"":0.0},""8"":{""start"":0.231445598347363,""completion_by_type"":[0.7165246277818789,1.1261544926635247],""finish"":1.1261544926635247,""tardiness"":0.0},""9"":{""start"":1.122073559308965,""completion_by_type"":[1.7236605396065565,2.0777475823418046],""finish"":2.0777475823418046,""tardiness"":0.0},""10"":{""start"":0.857233916011745,""completion_by_type"":[1.2332548304689235,1.6757558501771364],""finish"":1.6757558501771364,""tardiness"":0.6552457748714513}}","{""distance"":11.194066670128498,""tardiness"":8.155813280503612,""objective"":9.674939975316054,""task_times"":{""1"":{""start"":2.438084304556271,""completion_by_type"":[3.1191042750639317,3.56482951933321],""finish"":3.56482951933321,""tardiness"":1.4399762988682676},""2"":{""start"":0.9314805242129127,""completion_by_type"":[1.358802190654995,1.7687637415572897],""finish"":1.7687637415572897,""tardiness"":0.0},""3"":{""start"":2.221092221081112,""completion_by_type"":[2.8457614603925485,3.169739165059708],""finish"":3.169739165059708,""tardiness"":0.0},""4"":{""start"":3.3165078214455135,""completion_by_type"":[3.899278512081249,4.3037326330160495],""finish"":4.3037326330160495,""tardiness"":3.807375329055406},""5"":{""start"":2.7214261421819796,""completion_by_type"":[3.069302014427582,3.6714671244470973],""finish"":3.6714671244470973,""tardiness"":0.0},""6"":{""start"":2.3761012185910055,""completion_by_type"":[2.6965715037090887,3.557212341226207],""finish"":3.557212341226207,""tardiness"":2.253215877708487},""7"":{""start"":1.5520233733283302,""completion_by_type"":[2.073116113818694,2.3522745122014843],""finish"":2.3522745122014843,""tardiness"":0.0},""8"":{""start"":0.231445598347363,""completion_by_type"":[0.7165246277818789,1.1261544926635247],""finish"":1.1261544926635247,""tardiness"":0.0},""9"":{""start"":1.122073559308965,""completion_by_type"":[1.7236605396065565,2.0777475823418046],""finish"":2.0777475823418046,""tardiness"":0.0},""10"":{""start"":0.857233916011745,""completion_by_type"":[1.2332548304689235,1.6757558501771364],""finish"":1.6757558501771364,""tardiness"":0.6552457748714513}}}","{""objective"":6.217248937900877e-14,""distance"":1.7763568394002505e-15,""tardiness"":1.2789769243681803e-13}",3600,1,0,100.0,manhattan,"[0.5,0.5]",True
k2_n10_i003,1,optimal,2,10,3,N10_K2_M12_I3,2,OPTIMAL,True,True,8.121420800530121,11.529954261407479,4.712887339652763,8.121420800530121,8.121420539175023,0.0,10,2224.2999999523163,2678.9742937498636,412251.0,27976711.0,,optimal,,"{""1"":[7,6,8],""2"":[5,3],""3"":[10,2,4],""4"":[9,1],""5"":[10,2,4],""6"":[7,8],""7"":[],""8"":[],""9"":[5,1],""10"":[9,3],""11"":[6],""12"":[]}","{""1"":{""start"":2.384976374412181,""completion_by_type"":[2.861022401813288,3.4873068138727876],""finish"":3.4873068138727876,""tardiness"":0.0},""2"":{""start"":2.156594033214535,""completion_by_type"":[2.460258015099675,3.036690527643021],""finish"":3.036690527643021,""tardiness"":0.0},""3"":{""start"":2.537311261466468,""completion_by_type"":[3.005270011105455,3.7196521685332398],""finish"":3.7196521685332398,""tardiness"":2.7926706080993347},""4"":{""start"":3.2385472971263813,""completion_by_type"":[3.9053882150094275,4.204193866507104],""finish"":4.204193866507104,""tardiness"":0.0},""5"":{""start"":1.0456271961606018,""completion_by_type"":[1.356864969252046,1.9792244009073003],""finish"":1.9792244009073003,""tardiness"":0.6632045052463593},""6"":{""start"":1.1313201963670547,""completion_by_type"":[1.6445371742507122,2.139022901262971],""finish"":2.139022901262971,""tardiness"":0.0},""7"":{""start"":0.4101399331847577,""completion_by_type"":[0.73742075663773,1.2363824850658818],""finish"":1.2363824850658818,""tardiness"":0.0},""8"":{""start"":2.0998004816326046,""completion_by_type"":[2.7917364138181355,2.919991543282049],""finish"":2.919991543282049,""tardiness"":0.0},""9"":{""start"":0.9118046726581934,""completion_by_type"":[1.561530540769702,1.828153169593831],""finish"":1.828153169593831,""tardiness"":0.0},""10"":{""start"":0.9503720322774483,""completion_by_type"":[1.4048805416419938,1.9341128986722294],""finish"":1.9341128986722294,""tardiness"":1.257012226307082}}","{""distance"":11.52995426140748,""tardiness"":4.7128873396527755,""objective"":8.121420800530128,""task_times"":{""1"":{""start"":2.384976374412181,""completion_by_type"":[2.861022401813288,3.4873068138727876],""finish"":3.4873068138727876,""tardiness"":0.0},""2"":{""start"":2.156594033214535,""completion_by_type"":[2.460258015099675,3.036690527643021],""finish"":3.036690527643021,""tardiness"":0.0},""3"":{""start"":2.537311261466468,""completion_by_type"":[3.005270011105455,3.7196521685332398],""finish"":3.7196521685332398,""tardiness"":2.7926706080993347},""4"":{""start"":3.2385472971263813,""completion_by_type"":[3.9053882150094275,4.204193866507104],""finish"":4.204193866507104,""tardiness"":0.0},""5"":{""start"":1.0456271961606018,""completion_by_type"":[1.356864969252046,1.9792244009073003],""finish"":1.9792244009073003,""tardiness"":0.6632045052463593},""6"":{""start"":1.1313201963670547,""completion_by_type"":[1.6445371742507122,2.139022901262971],""finish"":2.139022901262971,""tardiness"":0.0},""7"":{""start"":0.4101399331847577,""completion_by_type"":[0.73742075663773,1.2363824850658818],""finish"":1.2363824850658818,""tardiness"":0.0},""8"":{""start"":2.0998004816326046,""completion_by_type"":[2.7917364138181355,2.919991543282049],""finish"":2.919991543282049,""tardiness"":0.0},""9"":{""start"":0.9118046726581934,""completion_by_type"":[1.561530540769702,1.828153169593831],""finish"":1.828153169593831,""tardiness"":0.0},""10"":{""start"":0.9503720322774483,""completion_by_type"":[1.4048805416419938,1.9341128986722294],""finish"":1.9341128986722294,""tardiness"":1.257012226307082}}}","{""objective"":7.105427357601002e-15,""distance"":1.7763568394002505e-15,""tardiness"":1.2434497875801753e-14}",3600,1,0,100.0,manhattan,"[0.5,0.5]",True
k2_n10_i004,1,time_limit_feasible,2,10,4,N10_K2_M12_I4,9,TIME_LIMIT,True,False,9.28181304427914,11.716674435967144,6.846951652591134,8.721625558021183,8.721625558021183,0.0603532395648962,10,3600.007999897003,4145.456557818091,1180685.0,42575975.0,,time_limit_feasible,,"{""1"":[8,5,2],""2"":[],""3"":[3,1,4],""4"":[10,7,6,9],""5"":[],""6"":[3,6,9],""7"":[],""8"":[],""9"":[8,5,2],""10"":[],""11"":[1,4],""12"":[10,7]}","{""1"":{""start"":1.891285017208542,""completion_by_type"":[2.5074052436231535,2.9297392151718475],""finish"":2.9297392151718475,""tardiness"":0.4312840143365064},""2"":{""start"":4.160904990333393,""completion_by_type"":[4.685408707296621,5.2538328369083604],""finish"":5.2538328369083604,""tardiness"":1.221154406923854},""3"":{""start"":0.9381699479302954,""completion_by_type"":[1.433793553565338,2.0051893141139066],""finish"":2.0051893141139066,""tardiness"":0.1253810757272995},""4"":{""start"":3.336962631809547,""completion_by_type"":[3.7307878860979957,4.351808067572461],""finish"":4.351808067572461,""tardiness"":0.0},""5"":{""start"":2.9385119866600875,""completion_by_type"":[3.3362456558574944,4.054338336166943],""finish"":4.054338336166943,""tardiness"":3.4587331090823117},""6"":{""start"":2.709833071960629,""completion_by_type"":[3.242033100863864,3.511063327198449],""finish"":3.511063327198449,""tardiness"":0.0},""7"":{""start"":1.7821912302996763,""completion_by_type"":[2.231168527179088,2.9113503040708135],""finish"":2.9113503040708135,""tardiness"":0.0},""8"":{""start"":1.7711426098934897,""completion_by_type"":[2.272773760614862,2.7057833734633197],""finish"":2.7057833734633197,""tardiness"":1.6103991752006497},""9"":{""start"":3.7794146085180005,""completion_by_type"":[4.317640582824499,4.601493748098649],""finish"":4.601493748098649,""tardiness"":0.0},""10"":{""start"":0.38426109213293513,""completion_by_type"":[0.8544773644186403,1.2515219851067376],""finish"":1.2515219851067376,""tardiness"":0.0}}","{""distance"":11.716674435967144,""tardiness"":6.846951781270621,""objective"":9.281813108618882,""task_times"":{""1"":{""start"":1.891285017208542,""completion_by_type"":[2.5074052436231535,2.9297392151718475],""finish"":2.9297392151718475,""tardiness"":0.4312840143365064},""2"":{""start"":4.160904990333393,""completion_by_type"":[4.685408707296621,5.2538328369083604],""finish"":5.2538328369083604,""tardiness"":1.221154406923854},""3"":{""start"":0.9381699479302954,""completion_by_type"":[1.433793553565338,2.0051893141139066],""finish"":2.0051893141139066,""tardiness"":0.1253810757272995},""4"":{""start"":3.336962631809547,""completion_by_type"":[3.7307878860979957,4.351808067572461],""finish"":4.351808067572461,""tardiness"":0.0},""5"":{""start"":2.9385119866600875,""completion_by_type"":[3.3362456558574944,4.054338336166943],""finish"":4.054338336166943,""tardiness"":3.4587331090823117},""6"":{""start"":2.709833071960629,""completion_by_type"":[3.242033100863864,3.511063327198449],""finish"":3.511063327198449,""tardiness"":0.0},""7"":{""start"":1.7821912302996763,""completion_by_type"":[2.231168527179088,2.9113503040708135],""finish"":2.9113503040708135,""tardiness"":0.0},""8"":{""start"":1.7711426098934897,""completion_by_type"":[2.272773760614862,2.7057833734633197],""finish"":2.7057833734633197,""tardiness"":1.6103991752006497},""9"":{""start"":3.7794146085180005,""completion_by_type"":[4.317640582824499,4.601493748098649],""finish"":4.601493748098649,""tardiness"":0.0},""10"":{""start"":0.38426109213293513,""completion_by_type"":[0.8544773644186403,1.2515219851067376],""finish"":1.2515219851067376,""tardiness"":0.0}}}","{""objective"":6.433974242270324e-08,""distance"":0.0,""tardiness"":1.2867948750994174e-07}",3600,1,0,100.0,manhattan,"[0.5,0.5]",True
k2_n10_i005,1,time_limit_feasible,2,10,5,N10_K2_M12_I5,9,TIME_LIMIT,True,False,9.21780111502748,12.420359977091211,6.015242252963749,8.77880517264012,8.77880517264012,0.047624800851005615,10,3600.0010001659393,4251.473334902333,1293239.0,38931550.0,,time_limit_feasible,,"{""1"":[8,2,7],""2"":[10,5,9],""3"":[6,1],""4"":[3,4],""5"":[],""6"":[],""7"":[8,1,7],""8"":[10,5,9],""9"":[],""10"":[],""11"":[3,4],""12"":[6,2]}","{""1"":{""start"":2.133242199090818,""completion_by_type"":[2.437353428348002,3.2058902413032913],""finish"":3.2058902413032913,""tardiness"":0.1032723896986294},""2"":{""start"":2.367817264358289,""completion_by_type"":[2.995257301727537,3.5213071490760965],""finish"":3.5213071490760965,""tardiness"":0.0},""3"":{""start"":1.5360202013852398,""completion_by_type"":[2.1215224243970106,2.392424222850358],""finish"":2.392424222850358,""tardiness"":1.464086002926416},""4"":{""start"":2.7603545841430903,""completion_by_type"":[3.213628306578392,3.8917138682826073],""finish"":3.8917138682826073,""tardiness"":1.2816014061036913},""5"":{""start"":2.195854507119745,""completion_by_type"":[2.6297371038361073,3.2049208824710673],""finish"":3.2049208824710673,""tardiness"":2.8779928358487115},""6"":{""start"":0.8571841700903124,""completion_by_type"":[1.4762850920864568,1.81708069285327],""finish"":1.81708069285327,""tardiness"":0.0},""7"":{""start"":3.5536289698012506,""completion_by_type"":[3.981784648389133,4.427488021144395],""finish"":4.427488021144395,""tardiness"":0.11426029312020436},""8"":{""start"":0.6264649282782765,""completion_by_type"":[1.0282250981444516,1.517684936702147],""finish"":1.517684936702147,""tardiness"":0.0},""9"":{""start"":3.2954986861091777,""completion_by_type"":[3.6368810464447465,4.154841831476894],""finish"":4.154841831476894,""tardiness"":0.0},""10"":{""start"":0.8432690837778538,""completion_by_type"":[1.344511504229383,1.7789191806118936],""finish"":1.7789191806118936,""tardiness"":0.17402957957096254}}","{""distance"":12.42035997709121,""tardiness"":6.015242507268615,""objective"":9.217801242179913,""task_times"":{""1"":{""start"":2.133242199090818,""completion_by_type"":[2.437353428348002,3.2058902413032913],""finish"":3.2058902413032913,""tardiness"":0.1032723896986294},""2"":{""start"":2.367817264358289,""completion_by_type"":[2.995257301727537,3.5213071490760965],""finish"":3.5213071490760965,""tardiness"":0.0},""3"":{""start"":1.5360202013852398,""completion_by_type"":[2.1215224243970106,2.392424222850358],""finish"":2.392424222850358,""tardiness"":1.464086002926416},""4"":{""start"":2.7603545841430903,""completion_by_type"":[3.213628306578392,3.8917138682826073],""finish"":3.8917138682826073,""tardiness"":1.2816014061036913},""5"":{""start"":2.195854507119745,""completion_by_type"":[2.6297371038361073,3.2049208824710673],""finish"":3.2049208824710673,""tardiness"":2.8779928358487115},""6"":{""start"":0.8571841700903124,""completion_by_type"":[1.4762850920864568,1.81708069285327],""finish"":1.81708069285327,""tardiness"":0.0},""7"":{""start"":3.5536289698012506,""completion_by_type"":[3.981784648389133,4.427488021144395],""finish"":4.427488021144395,""tardiness"":0.11426029312020436},""8"":{""start"":0.6264649282782765,""completion_by_type"":[1.0282250981444516,1.517684936702147],""finish"":1.517684936702147,""tardiness"":0.0},""9"":{""start"":3.2954986861091777,""completion_by_type"":[3.6368810464447465,4.154841831476894],""finish"":4.154841831476894,""tardiness"":0.0},""10"":{""start"":0.8432690837778538,""completion_by_type"":[1.344511504229383,1.7789191806118936],""finish"":1.7789191806118936,""tardiness"":0.17402957957096254}}}","{""objective"":1.271524325829887e-07,""distance"":1.7763568394002505e-15,""tardiness"":2.543048660541558e-07}",3600,1,0,100.0,manhattan,"[0.5,0.5]",True
k2_n10_i006,1,time_limit_feasible,2,10,6,N10_K2_M12_I6,9,TIME_LIMIT,True,False,10.901960909208846,12.08197431275066,9.721947505667032,10.400012637310459,10.400012637310459,0.04604201721860818,10,3600.0120000839233,4708.031205755459,776735.0,37561442.0,,time_limit_feasible,,"{""1"":[7,3,4],""2"":[],""3"":[10,5,9],""4"":[2,1,6,8],""5"":[],""6"":[],""7"":[3,4],""8"":[2],""9"":[7,6],""10"":[1,8],""11"":[],""12"":[10,5,9]}","{""1"":{""start"":1.855557077415653,""completion_by_type"":[2.321899950911577,2.927822952513732],""finish"":2.927822952513732,""tardiness"":1.1114902579714658},""2"":{""start"":0.9442851036358245,""completion_by_type"":[1.2815524853278126,2.027131355363321],""finish"":2.027131355363321,""tardiness"":0.0},""3"":{""start"":1.894301147392939,""completion_by_type"":[2.493596459165267,3.0205735928190696],""finish"":3.0205735928190696,""tardiness"":1.6020288535857066},""4"":{""start"":3.259035827571024,""completion_by_type"":[3.85565516792544,4.263138016103833],""finish"":4.263138016103833,""tardiness"":0.0},""5"":{""start"":1.794325176869111,""completion_by_type"":[2.269311278170944,2.602337421546498],""finish"":2.602337421546498,""tardiness"":0.0},""6"":{""start"":2.5432913441715916,""completion_by_type"":[3.0439967596344415,3.722753887631476],""finish"":3.722753887631476,""tardiness"":3.3685824501686543},""7"":{""start"":0.8423690548819449,""completion_by_type"":[1.2804355961644904,1.8735713206629399],""finish"":1.8735713206629399,""tardiness"":0.0},""8"":{""start"":3.3869909522141306,""completion_by_type"":[3.940293684075315,4.515149177529086],""finish"":4.515149177529086,""tardiness"":3.639846021738666},""9"":{""start"":2.937325126568356,""completion_by_type"":[3.5557463284567326,3.8235860135469277],""finish"":3.8235860135469277,""tardiness"":0.0},""10"":{""start"":0.7037075165914235,""completion_by_type"":[1.1384711544869444,1.7234136832030575],""finish"":1.7234136832030575,""tardiness"":0.0}}","{""distance"":12.081974312750665,""tardiness"":9.721947583464493,""objective"":10.901960948107579,""task_times"":{""1"":{""start"":1.855557077415653,""completion_by_type"":[2.321899950911577,2.927822952513732],""finish"":2.927822952513732,""tardiness"":1.1114902579714658},""2"":{""start"":0.9442851036358245,""completion_by_type"":[1.2815524853278126,2.027131355363321],""finish"":2.027131355363321,""tardiness"":0.0},""3"":{""start"":1.894301147392939,""completion_by_type"":[2.493596459165267,3.0205735928190696],""finish"":3.0205735928190696,""tardiness"":1.6020288535857066},""4"":{""start"":3.259035827571024,""completion_by_type"":[3.85565516792544,4.263138016103833],""finish"":4.263138016103833,""tardiness"":0.0},""5"":{""start"":1.794325176869111,""completion_by_type"":[2.269311278170944,2.602337421546498],""finish"":2.602337421546498,""tardiness"":0.0},""6"":{""start"":2.5432913441715916,""completion_by_type"":[3.0439967596344415,3.722753887631476],""finish"":3.722753887631476,""tardiness"":3.3685824501686543},""7"":{""start"":0.8423690548819449,""completion_by_type"":[1.2804355961644904,1.8735713206629399],""finish"":1.8735713206629399,""tardiness"":0.0},""8"":{""start"":3.3869909522141306,""completion_by_type"":[3.940293684075315,4.515149177529086],""finish"":4.515149177529086,""tardiness"":3.639846021738666},""9"":{""start"":2.937325126568356,""completion_by_type"":[3.5557463284567326,3.8235860135469277],""finish"":3.8235860135469277,""tardiness"":0.0},""10"":{""start"":0.7037075165914235,""completion_by_type"":[1.1384711544869444,1.7234136832030575],""finish"":1.7234136832030575,""tardiness"":0.0}}}","{""objective"":3.889873312346026e-08,""distance"":5.329070518200751e-15,""tardiness"":7.779746091785e-08}",3600,1,0,100.0,manhattan,"[0.5,0.5]",True
k2_n10_i007,1,optimal,2,10,7,N10_K2_M12_I7,2,OPTIMAL,True,True,6.780302851696067,10.23001558970908,3.330590113683056,6.780302851696067,6.780302851696069,0.0,10,57.51900005340576,64.09027792085752,18073.0,699149.0,,optimal,,"{""1"":[7,8],""2"":[2,3,9],""3"":[6,5,4],""4"":[10,1],""5"":[],""6"":[6],""7"":[2,3,9],""8"":[],""9"":[7,8],""10"":[10,1],""11"":[5,4],""12"":[]}","{""1"":{""start"":2.3096128810541763,""completion_by_type"":[2.7152319609163484,3.4477819693276013],""finish"":3.4477819693276013,""tardiness"":0.0},""2"":{""start"":0.5765428077827315,""completion_by_type"":[1.2435922903034595,1.385181544145428],""finish"":1.385181544145428,""tardiness"":0.0},""3"":{""start"":1.9793031642370411,""completion_by_type"":[2.5740632618640094,2.884261927480911],""finish"":2.884261927480911,""tardiness"":0.05105609093397501},""4"":{""start"":2.3012449380448796,""completion_by_type"":[2.8701267645058133,3.1634717273854003],""finish"":3.1634717273854003,""tardiness"":0.0},""5"":{""start"":1.1565645161894753,""completion_by_type"":[1.4835132963250695,2.164780953436433],""finish"":2.164780953436433,""tardiness"":0.0},""6"":{""start"":0.2257964507710995,""completion_by_type"":[0.5733470059487153,1.306175433671906],""finish"":1.306175433671906,""tardiness"":0.0},""7"":{""start"":0.6202568327819358,""completion_by_type"":[1.1367349110810165,1.5474589226280788],""finish"":1.5474589226280788,""tardiness"":1.052100516401077},""8"":{""start"":2.033314862023695,""completion_by_type"":[2.712401741496402,2.8893221352937206],""finish"":2.8893221352937206,""tardiness"":1.9057943812915197},""9"":{""start"":3.230161504701016,""completion_by_type"":[3.82857158596992,4.132917972987859],""finish"":4.132917972987859,""tardiness"":0.0},""10"":{""start"":1.125780231511523,""completion_by_type"":[1.461126232199561,2.00143826598897],""finish"":2.00143826598897,""tardiness"":0.3216391250567987}}","{""distance"":10.230015589709174,""tardiness"":3.33059011368337,""objective"":6.780302851696272,""task_times"":{""1"":{""start"":2.3096128810541763,""completion_by_type"":[2.7152319609163484,3.4477819693276013],""finish"":3.4477819693276013,""tardiness"":0.0},""2"":{""start"":0.5765428077827315,""completion_by_type"":[1.2435922903034595,1.385181544145428],""finish"":1.385181544145428,""tardiness"":0.0},""3"":{""start"":1.9793031642370411,""completion_by_type"":[2.5740632618640094,2.884261927480911],""finish"":2.884261927480911,""tardiness"":0.05105609093397501},""4"":{""start"":2.3012449380448796,""completion_by_type"":[2.8701267645058133,3.1634717273854003],""finish"":3.1634717273854003,""tardiness"":0.0},""5"":{""start"":1.1565645161894753,""completion_by_type"":[1.4835132963250695,2.164780953436433],""finish"":2.164780953436433,""tardiness"":0.0},""6"":{""start"":0.2257964507710995,""completion_by_type"":[0.5733470059487153,1.306175433671906],""finish"":1.306175433671906,""tardiness"":0.0},""7"":{""start"":0.6202568327819358,""completion_by_type"":[1.1367349110810165,1.5474589226280788],""finish"":1.5474589226280788,""tardiness"":1.052100516401077},""8"":{""start"":2.033314862023695,""completion_by_type"":[2.712401741496402,2.8893221352937206],""finish"":2.8893221352937206,""tardiness"":1.9057943812915197},""9"":{""start"":3.230161504701016,""completion_by_type"":[3.82857158596992,4.132917972987859],""finish"":4.132917972987859,""tardiness"":0.0},""10"":{""start"":1.125780231511523,""completion_by_type"":[1.461126232199561,2.00143826598897],""finish"":2.00143826598897,""tardiness"":0.3216391250567987}}}","{""objective"":2.042810365310288e-13,""distance"":9.414691248821327e-14,""tardiness"":3.1441516057384433e-13}",3600,1,0,100.0,manhattan,"[0.5,0.5]",True
k2_n10_i008,1,optimal,2,10,8,N10_K2_M12_I8,2,OPTIMAL,True,True,8.142261457619972,11.602355307991585,4.682167607248359,8.142261457619972,8.142261457619972,0.0,10,6.805000066757202,7.46776183074244,843.0,35061.0,,optimal,,"{""1"":[8,7,6,1],""2"":[4,5,2],""3"":[9,10],""4"":[3],""5"":[3],""6"":[],""7"":[],""8"":[4,5,2],""9"":[],""10"":[8,6],""11"":[7,1],""12"":[9,10]}","{""1"":{""start"":3.156321892449142,""completion_by_type"":[3.8552576484407686,4.355172895410296],""finish"":4.355172895410296,""tardiness"":0.0},""2"":{""start"":3.870439571140235,""completion_by_type"":[4.474909737431504,5.070241138960862],""finish"":5.070241138960862,""tardiness"":0.0},""3"":{""start"":0.5818562850506979,""completion_by_type"":[1.0821619281993275,1.5645952443922695],""finish"":1.5645952443922695,""tardiness"":0.0},""4"":{""start"":1.088872400069258,""completion_by_type"":[1.7112597359889894,2.1710471221081393],""finish"":2.1710471221081393,""tardiness"":1.787408580526391},""5"":{""start"":2.427431685345393,""completion_by_type"":[2.9486331096550145,3.3549885986003685],""finish"":3.3549885986003685,""tardiness"":0.0},""6"":{""start"":2.255629587921607,""completion_by_type"":[2.594217773278038,3.2688123974386647],""finish"":3.2688123974386647,""tardiness"":2.2833084806355064},""7"":{""start"":1.4154634727947712,""completion_by_type"":[1.7724035766797954,2.605706954396824],""finish"":2.605706954396824,""tardiness"":0.0},""8"":{""start"":0.8677699569675286,""completion_by_type"":[1.1789804328212456,1.9321010260232805],""finish"":1.9321010260232805,""tardiness"":0.6114505460864474},""9"":{""start"":0.5885810672890722,""completion_by_type"":[1.1369059537037316,1.499602321283844],""finish"":1.499602321283844,""tardiness"":0.0},""10"":{""start"":1.9211796830998127,""completion_by_type"":[2.282147778675455,3.0538670809791446],""finish"":3.0538670809791446,""tardiness"":0.0}}","{""distance"":11.602355307991584,""tardiness"":4.682167607248345,""objective"":8.142261457619965,""task_times"":{""1"":{""start"":3.156321892449142,""completion_by_type"":[3.8552576484407686,4.355172895410296],""finish"":4.355172895410296,""tardiness"":0.0},""2"":{""start"":3.870439571140235,""completion_by_type"":[4.474909737431504,5.070241138960862],""finish"":5.070241138960862,""tardiness"":0.0},""3"":{""start"":0.5818562850506979,""completion_by_type"":[1.0821619281993275,1.5645952443922695],""finish"":1.5645952443922695,""tardiness"":0.0},""4"":{""start"":1.088872400069258,""completion_by_type"":[1.7112597359889894,2.1710471221081393],""finish"":2.1710471221081393,""tardiness"":1.787408580526391},""5"":{""start"":2.427431685345393,""completion_by_type"":[2.9486331096550145,3.3549885986003685],""finish"":3.3549885986003685,""tardiness"":0.0},""6"":{""start"":2.255629587921607,""completion_by_type"":[2.594217773278038,3.2688123974386647],""finish"":3.2688123974386647,""tardiness"":2.2833084806355064},""7"":{""start"":1.4154634727947712,""completion_by_type"":[1.7724035766797954,2.605706954396824],""finish"":2.605706954396824,""tardiness"":0.0},""8"":{""start"":0.8677699569675286,""completion_by_type"":[1.1789804328212456,1.9321010260232805],""finish"":1.9321010260232805,""tardiness"":0.6114505460864474},""9"":{""start"":0.5885810672890722,""completion_by_type"":[1.1369059537037316,1.499602321283844],""finish"":1.499602321283844,""tardiness"":0.0},""10"":{""start"":1.9211796830998127,""completion_by_type"":[2.282147778675455,3.0538670809791446],""finish"":3.0538670809791446,""tardiness"":0.0}}}","{""objective"":7.105427357601002e-15,""distance"":1.7763568394002505e-15,""tardiness"":1.4210854715202004e-14}",3600,1,0,100.0,manhattan,"[0.5,0.5]",True
k2_n10_i009,1,optimal,2,10,9,N10_K2_M12_I9,2,OPTIMAL,True,True,7.933892246092471,11.154431590034994,4.713352902149949,7.9338921997588505,7.9338921997588505,5.839960899230289e-09,10,1613.300999879837,1853.1019663283826,792934.0,15964272.0,,optimal,,"{""1"":[3,2,5],""2"":[4,10,7,1],""3"":[8,9,6],""4"":[],""5"":[3,10],""6"":[2,5],""7"":[],""8"":[],""9"":[4,7,1],""10"":[8],""11"":[9,6],""12"":[]}","{""1"":{""start"":4.135623834797036,""completion_by_type"":[4.606482392646377,5.020526181753612],""finish"":5.020526181753612,""tardiness"":0.0},""2"":{""start"":1.3534027498993673,""completion_by_type"":[1.7023203220758383,2.3662992545125756],""finish"":2.3662992545125756,""tardiness"":0.9603618629831217},""3"":{""start"":0.9518202262834536,""completion_by_type"":[1.2863322622563165,1.9086292870067931],""finish"":1.9086292870067931,""tardiness"":1.2891711427151569},""4"":{""start"":1.5683076768356354,""completion_by_type"":[2.058263823300226,2.764097028270969],""finish"":2.764097028270969,""tardiness"":0.5878951619124502},""5"":{""start"":2.5887167259591646,""completion_by_type"":[3.2677844578788804,3.667873997954666],""finish"":3.667873997954666,""tardiness"":0.0},""6"":{""start"":2.882580908778892,""completion_by_type"":[3.201132388583585,4.067448074028964],""finish"":4.067448074028964,""tardiness"":0.0},""7"":{""start"":3.0585265287223633,""completion_by_type"":[3.3984921313185588,3.986217463164124],""finish"":3.986217463164124,""tardiness"":0.38816770079828666},""8"":{""start"":0.3788935536007803,""completion_by_type"":[0.7234956913101949,1.5136870631848511],""finish"":1.5136870631848511,""tardiness"":0.0},""9"":{""start"":1.3483086658846544,""completion_by_type"":[1.9434149263788407,2.4558519999429116],""finish"":2.4558519999429116,""tardiness"":1.2897044578833126},""10"":{""start"":2.3585119077494143,""completion_by_type"":[2.7968621605351474,3.2791633259794826],""finish"":3.2791633259794826,""tardiness"":0.19805257585760572}}","{""distance"":11.154431590035,""tardiness"":4.713352902149934,""objective"":7.933892246092467,""task_times"":{""1"":{""start"":4.135623834797036,""completion_by_type"":[4.606482392646377,5.020526181753612],""finish"":5.020526181753612,""tardiness"":0.0},""2"":{""start"":1.3534027498993673,""completion_by_type"":[1.7023203220758383,2.3662992545125756],""finish"":2.3662992545125756,""tardiness"":0.9603618629831217},""3"":{""start"":0.9518202262834536,""completion_by_type"":[1.2863322622563165,1.9086292870067931],""finish"":1.9086292870067931,""tardiness"":1.2891711427151569},""4"":{""start"":1.5683076768356354,""completion_by_type"":[2.058263823300226,2.764097028270969],""finish"":2.764097028270969,""tardiness"":0.5878951619124502},""5"":{""start"":2.5887167259591646,""completion_by_type"":[3.2677844578788804,3.667873997954666],""finish"":3.667873997954666,""tardiness"":0.0},""6"":{""start"":2.882580908778892,""completion_by_type"":[3.201132388583585,4.067448074028964],""finish"":4.067448074028964,""tardiness"":0.0},""7"":{""start"":3.0585265287223633,""completion_by_type"":[3.3984921313185588,3.986217463164124],""finish"":3.986217463164124,""tardiness"":0.38816770079828666},""8"":{""start"":0.3788935536007803,""completion_by_type"":[0.7234956913101949,1.5136870631848511],""finish"":1.5136870631848511,""tardiness"":0.0},""9"":{""start"":1.3483086658846544,""completion_by_type"":[1.9434149263788407,2.4558519999429116],""finish"":2.4558519999429116,""tardiness"":1.2897044578833126},""10"":{""start"":2.3585119077494143,""completion_by_type"":[2.7968621605351474,3.2791633259794826],""finish"":3.2791633259794826,""tardiness"":0.19805257585760572}}}","{""objective"":4.440892098500626e-15,""distance"":5.329070518200751e-15,""tardiness"":1.509903313490213e-14}",3600,1,0,100.0,manhattan,"[0.5,0.5]",True
k2_n10_i010,1,optimal,2,10,10,N10_K2_M12_I10,2,OPTIMAL,True,True,6.858416840736855,9.746266250296589,3.9705674311771215,6.858416471473062,6.858416471473062,5.384096672036374e-08,10,918.7939999103546,1158.1352433218758,323127.0,10533419.0,,optimal,,"{""1"":[9,2,3],""2"":[1,6,10],""3"":[8],""4"":[4,5,7],""5"":[5,7],""6"":[],""7"":[],""8"":[8],""9"":[9,2,3],""10"":[4,10],""11"":[1,6],""12"":[]}","{""1"":{""start"":0.9920621845371419,""completion_by_type"":[1.4272762895454632,1.979493995650981],""finish"":1.979493995650981,""tardiness"":1.4567494904171268},""2"":{""start"":1.6058801010252683,""completion_by_type"":[1.9417417876083383,2.438466514782657],""finish"":2.438466514782657,""tardiness"":0.3325623204827379},""3"":{""start"":2.783517569879521,""completion_by_type"":[3.454759704747004,3.84030634507923],""finish"":3.84030634507923,""tardiness"":0.0},""4"":{""start"":1.2246882318974697,""completion_by_type"":[1.6901248728482596,2.2983142540954478],""finish"":2.2983142540954478,""tardiness"":0.0},""5"":{""start"":1.8355966095051754,""completion_by_type"":[2.1464783057896284,2.7547297397231976],""finish"":2.7547297397231976,""tardiness"":1.5579997649600745},""6"":{""start"":2.0170478643798253,""completion_by_type"":[2.665985785922274,3.1473830254431636],""finish"":3.1473830254431636,""tardiness"":0.021294784248286458},""7"":{""start"":3.1003335087237924,""completion_by_type"":[3.6693164872851756,4.074236222556038],""finish"":4.074236222556038,""tardiness"":0.18487190080811855},""8"":{""start"":0.2298900673843786,""completion_by_type"":[0.6386609487787472,1.2790165893153165],""finish"":1.2790165893153165,""tardiness"":0.0},""9"":{""start"":0.43084081648769457,""completion_by_type"":[0.9127422815635675,1.3493345869014695],""finish"":1.3493345869014695,""tardiness"":0.0},""10"":{""start"":2.9274265695026114,""completion_by_type"":[3.4369048672383866,3.959836113050982],""finish"":3.959836113050982,""tardiness"":0.4170891702607489}}","{""distance"":9.746266250296589,""tardiness"":3.970567431177093,""objective"":6.858416840736841,""task_times"":{""1"":{""start"":0.9920621845371419,""completion_by_type"":[1.4272762895454632,1.979493995650981],""finish"":1.979493995650981,""tardiness"":1.4567494904171268},""2"":{""start"":1.6058801010252683,""completion_by_type"":[1.9417417876083383,2.438466514782657],""finish"":2.438466514782657,""tardiness"":0.3325623204827379},""3"":{""start"":2.783517569879521,""completion_by_type"":[3.454759704747004,3.84030634507923],""finish"":3.84030634507923,""tardiness"":0.0},""4"":{""start"":1.2246882318974697,""completion_by_type"":[1.6901248728482596,2.2983142540954478],""finish"":2.2983142540954478,""tardiness"":0.0},""5"":{""start"":1.8355966095051754,""completion_by_type"":[2.1464783057896284,2.7547297397231976],""finish"":2.7547297397231976,""tardiness"":1.5579997649600745},""6"":{""start"":2.0170478643798253,""completion_by_type"":[2.665985785922274,3.1473830254431636],""finish"":3.1473830254431636,""tardiness"":0.021294784248286458},""7"":{""start"":3.1003335087237924,""completion_by_type"":[3.6693164872851756,4.074236222556038],""finish"":4.074236222556038,""tardiness"":0.18487190080811855},""8"":{""start"":0.2298900673843786,""completion_by_type"":[0.6386609487787472,1.2790165893153165],""finish"":1.2790165893153165,""tardiness"":0.0},""9"":{""start"":0.43084081648769457,""completion_by_type"":[0.9127422815635675,1.3493345869014695],""finish"":1.3493345869014695,""tardiness"":0.0},""10"":{""start"":2.9274265695026114,""completion_by_type"":[3.4369048672383866,3.959836113050982],""finish"":3.959836113050982,""tardiness"":0.4170891702607489}}}","{""objective"":1.4210854715202004e-14,""distance"":0.0,""tardiness"":2.842170943040401e-14}",3600,1,0,100.0,manhattan,"[0.5,0.5]",True
k2_n10_i011,1,optimal,2,10,11,N10_K2_M12_I11,2,OPTIMAL,True,True,7.321924920032936,9.85442630181634,4.789423538249532,7.321924920032819,7.321924920032819,0.0,10,197.84500002861023,220.18132364092344,51905.0,1753469.0,,optimal,,"{""1"":[4,2,9],""2"":[5],""3"":[10,6,8],""4"":[7,1,3],""5"":[7,1,3],""6"":[],""7"":[5],""8"":[10,8],""9"":[6],""10"":[],""11"":[],""12"":[4,2,9]}","{""1"":{""start"":1.9139585945647175,""completion_by_type"":[2.4903054281692967,3.037943322136412],""finish"":3.037943322136412,""tardiness"":0.0},""2"":{""start"":1.9059945666342246,""completion_by_type"":[2.2901328006716364,2.710997062658172],""finish"":2.710997062658172,""tardiness"":0.0},""3"":{""start"":3.2476666526066906,""completion_by_type"":[3.824109992086185,4.200942598155098],""finish"":4.200942598155098,""tardiness"":0.0},""4"":{""start"":0.5658629539432407,""completion_by_type"":[0.9237012660051067,1.753499068957005],""finish"":1.753499068957005,""tardiness"":0.0},""5"":{""start"":0.8930392815989566,""completion_by_type"":[1.3793678361747699,1.884480571015441],""finish"":1.884480571015441,""tardiness"":0.9720120373434342},""6"":{""start"":1.7650231038479396,""completion_by_type"":[2.1755538958711793,2.8154158041294695],""finish"":2.8154158041294695,""tardiness"":2.4649711833398125},""7"":{""start"":0.3156856735115524,""completion_by_type"":[0.6709698230663612,1.3264466247972684],""finish"":1.3264466247972684,""tardiness"":0.0},""8"":{""start"":2.5975283936776163,""completion_by_type"":[3.1092417111579316,3.5723393686543394],""finish"":3.5723393686543394,""tardiness"":1.1856077533779565},""9"":{""start"":2.7766596739892018,""completion_by_type"":[3.1204899332535208,3.821646847618661],""finish"":3.821646847618661,""tardiness"":0.0},""10"":{""start"":0.9505378906797342,""completion_by_type"":[1.3961526522280807,2.118341697839721],""finish"":2.118341697839721,""tardiness"":0.16683256418831016}}","{""distance"":9.854426301816341,""tardiness"":4.789423538249514,""objective"":7.321924920032927,""task_times"":{""1"":{""start"":1.9139585945647175,""completion_by_type"":[2.4903054281692967,3.037943322136412],""finish"":3.037943322136412,""tardiness"":0.0},""2"":{""start"":1.9059945666342246,""completion_by_type"":[2.2901328006716364,2.710997062658172],""finish"":2.710997062658172,""tardiness"":0.0},""3"":{""start"":3.2476666526066906,""completion_by_type"":[3.824109992086185,4.200942598155098],""finish"":4.200942598155098,""tardiness"":0.0},""4"":{""start"":0.5658629539432407,""completion_by_type"":[0.9237012660051067,1.753499068957005],""finish"":1.753499068957005,""tardiness"":0.0},""5"":{""start"":0.8930392815989566,""completion_by_type"":[1.3793678361747699,1.884480571015441],""finish"":1.884480571015441,""tardiness"":0.9720120373434342},""6"":{""start"":1.7650231038479396,""completion_by_type"":[2.1755538958711793,2.8154158041294695],""finish"":2.8154158041294695,""tardiness"":2.4649711833398125},""7"":{""start"":0.3156856735115524,""completion_by_type"":[0.6709698230663612,1.3264466247972684],""finish"":1.3264466247972684,""tardiness"":0.0},""8"":{""start"":2.5975283936776163,""completion_by_type"":[3.1092417111579316,3.5723393686543394],""finish"":3.5723393686543394,""tardiness"":1.1856077533779565},""9"":{""start"":2.7766596739892018,""completion_by_type"":[3.1204899332535208,3.821646847618661],""finish"":3.821646847618661,""tardiness"":0.0},""10"":{""start"":0.9505378906797342,""completion_by_type"":[1.3961526522280807,2.118341697839721],""finish"":2.118341697839721,""tardiness"":0.16683256418831016}}}","{""objective"":8.881784197001252e-15,""distance"":1.7763568394002505e-15,""tardiness"":1.865174681370263e-14}",3600,1,0,100.0,manhattan,"[0.5,0.5]",True
k2_n10_i012,1,optimal,2,10,12,N10_K2_M12_I12,2,OPTIMAL,True,True,9.12832003477949,10.538912918448094,7.717727151110886,9.12832003477949,9.128319697986552,0.0,10,217.95900011062622,225.29433192033505,163205.0,2218330.0,,optimal,,"{""1"":[2,7,4],""2"":[3,6],""3"":[8,5],""4"":[9,1,10],""5"":[],""6"":[],""7"":[3,6],""8"":[9,1,10],""9"":[],""10"":[],""11"":[8,7,5],""12"":[2,4]}","{""1"":{""start"":2.7225404377096787,""completion_by_type"":[3.071678660364264,3.7844911613040155],""finish"":3.7844911613040155,""tardiness"":3.242575299368676},""2"":{""start"":0.9979240268232079,""completion_by_type"":[1.5651170807944066,2.1409168837272645],""finish"":2.1409168837272645,""tardiness"":1.0370477991026406},""3"":{""start"":0.57950040942926,""completion_by_type"":[1.042490311767465,1.7118040681617426],""finish"":1.7118040681617426,""tardiness"":0.0},""4"":{""start"":2.6335051120598134,""completion_by_type"":[3.123852766869279,3.5224037656376765],""finish"":3.5224037656376765,""tardiness"":1.0169041358339395},""5"":{""start"":3.1718225169988834,""completion_by_type"":[3.5228746007480463,4.038206390176066],""finish"":4.038206390176066,""tardiness"":0.0},""6"":{""start"":2.0008646822779355,""completion_by_type"":[2.372725261190853,3.0716449891186923],""finish"":3.0716449891186923,""tardiness"":0.0},""7"":{""start"":1.726848886093752,""completion_by_type"":[2.0410824726814782,2.8253249035703503],""finish"":2.8253249035703503,""tardiness"":0.024507402523135102},""8"":{""start"":0.4173861261796323,""completion_by_type"":[0.9924491694438122,1.2698836944382592],""finish"":1.2698836944382592,""tardiness"":0.0},""9"":{""start"":1.7296833733373944,""completion_by_type"":[2.3151631980721428,2.5895917552445074],""finish"":2.5895917552445074,""tardiness"":1.2409912065216604},""10"":{""start"":3.8411193619301347,""completion_by_type"":[4.2340289813218694,4.832355821380443],""finish"":4.832355821380443,""tardiness"":1.1557013077608045}}","{""distance"":10.538912918448096,""tardiness"":7.717727151110855,""objective"":9.128320034779476,""task_times"":{""1"":{""start"":2.7225404377096787,""completion_by_type"":[3.071678660364264,3.7844911613040155],""finish"":3.7844911613040155,""tardiness"":3.242575299368676},""2"":{""start"":0.9979240268232079,""completion_by_type"":[1.5651170807944066,2.1409168837272645],""finish"":2.1409168837272645,""tardiness"":1.0370477991026406},""3"":{""start"":0.57950040942926,""completion_by_type"":[1.042490311767465,1.7118040681617426],""finish"":1.7118040681617426,""tardiness"":0.0},""4"":{""start"":2.6335051120598134,""completion_by_type"":[3.123852766869279,3.5224037656376765],""finish"":3.5224037656376765,""tardiness"":1.0169041358339395},""5"":{""start"":3.1718225169988834,""completion_by_type"":[3.5228746007480463,4.038206390176066],""finish"":4.038206390176066,""tardiness"":0.0},""6"":{""start"":2.0008646822779355,""completion_by_type"":[2.372725261190853,3.0716449891186923],""finish"":3.0716449891186923,""tardiness"":0.0},""7"":{""start"":1.726848886093752,""completion_by_type"":[2.0410824726814782,2.8253249035703503],""finish"":2.8253249035703503,""tardiness"":0.024507402523135102},""8"":{""start"":0.4173861261796323,""completion_by_type"":[0.9924491694438122,1.2698836944382592],""finish"":1.2698836944382592,""tardiness"":0.0},""9"":{""start"":1.7296833733373944,""completion_by_type"":[2.3151631980721428,2.5895917552445074],""finish"":2.5895917552445074,""tardiness"":1.2409912065216604},""10"":{""start"":3.8411193619301347,""completion_by_type"":[4.2340289813218694,4.832355821380443],""finish"":4.832355821380443,""tardiness"":1.1557013077608045}}}","{""objective"":1.4210854715202004e-14,""distance"":1.7763568394002505e-15,""tardiness"":3.019806626980426e-14}",3600,1,0,100.0,manhattan,"[0.5,0.5]",True
k2_n10_i013,1,optimal,2,10,13,N10_K2_M12_I13,2,OPTIMAL,True,True,6.553970241941481,10.148307924885628,2.9596325589973334,6.553970241941481,6.553970241941481,0.0,10,7.866000175476074,8.781518630037807,1369.0,43062.0,,optimal,,"{""1"":[5,8,7],""2"":[3],""3"":[2,6,4],""4"":[1,9,10],""5"":[9],""6"":[],""7"":[2,6,4],""8"":[],""9"":[],""10"":[1,10],""11"":[3],""12"":[5,8,7]}","{""1"":{""start"":0.7518262786258029,""completion_by_type"":[1.131540246320421,1.621439755059134],""finish"":1.621439755059134,""tardiness"":0.0},""2"":{""start"":0.925204588092187,""completion_by_type"":[1.431556509165516,1.9334136247753237],""finish"":1.9334136247753237,""tardiness"":1.3128364257970855},""3"":{""start"":0.4171507948488852,""completion_by_type"":[1.0351467275561115,1.4598401402528278],""finish"":1.4598401402528278,""tardiness"":0.0},""4"":{""start"":3.3887850406792426,""completion_by_type"":[4.0026638402390455,4.364392153745029],""finish"":4.364392153745029,""tardiness"":0.0},""5"":{""start"":0.5375776026478425,""completion_by_type"":[1.218114309516052,1.4427627609414808],""finish"":1.4427627609414808,""tardiness"":0.5530285899272684},""6"":{""start"":2.216534783804984,""completion_by_type"":[2.8164954169552487,3.144676056045204],""finish"":3.144676056045204,""tardiness"":0.18304738143479016},""7"":{""start"":2.633793732684926,""completion_by_type"":[3.1955931217101976,3.829319460752825],""finish"":3.829319460752825,""tardiness"":0.0},""8"":{""start"":1.6626777865286317,""completion_by_type"":[2.0562006242015505,2.539389902553144],""finish"":2.539389902553144,""tardiness"":0.34474272938959105},""9"":{""start"":1.8914162647626405,""completion_by_type"":[2.243759343744266,2.9055011090783527],""finish"":2.9055011090783527,""tardiness"":0.5659774324489288},""10"":{""start"":2.731332451428723,""completion_by_type"":[3.033855622857535,3.604348596953975],""finish"":3.604348596953975,""tardiness"":0.0}}","{""distance"":10.148307924885634,""tardiness"":2.959632558997664,""objective"":6.553970241941649,""task_times"":{""1"":{""start"":0.7518262786258029,""completion_by_type"":[1.131540246320421,1.621439755059134],""finish"":1.621439755059134,""tardiness"":0.0},""2"":{""start"":0.925204588092187,""completion_by_type"":[1.431556509165516,1.9334136247753237],""finish"":1.9334136247753237,""tardiness"":1.3128364257970855},""3"":{""start"":0.4171507948488852,""completion_by_type"":[1.0351467275561115,1.4598401402528278],""finish"":1.4598401402528278,""tardiness"":0.0},""4"":{""start"":3.3887850406792426,""completion_by_type"":[4.0026638402390455,4.364392153745029],""finish"":4.364392153745029,""tardiness"":0.0},""5"":{""start"":0.5375776026478425,""completion_by_type"":[1.218114309516052,1.4427627609414808],""finish"":1.4427627609414808,""tardiness"":0.5530285899272684},""6"":{""start"":2.216534783804984,""completion_by_type"":[2.8164954169552487,3.144676056045204],""finish"":3.144676056045204,""tardiness"":0.18304738143479016},""7"":{""start"":2.633793732684926,""completion_by_type"":[3.1955931217101976,3.829319460752825],""finish"":3.829319460752825,""tardiness"":0.0},""8"":{""start"":1.6626777865286317,""completion_by_type"":[2.0562006242015505,2.539389902553144],""finish"":2.539389902553144,""tardiness"":0.34474272938959105},""9"":{""start"":1.8914162647626405,""completion_by_type"":[2.243759343744266,2.9055011090783527],""finish"":2.9055011090783527,""tardiness"":0.5659774324489288},""10"":{""start"":2.731332451428723,""completion_by_type"":[3.033855622857535,3.604348596953975],""finish"":3.604348596953975,""tardiness"":0.0}}}","{""objective"":1.6786572132332367e-13,""distance"":5.329070518200751e-15,""tardiness"":3.3084646133829665e-13}",3600,1,0,100.0,manhattan,"[0.5,0.5]",True
k2_n10_i014,1,optimal,2,10,14,N10_K2_M12_I14,2,OPTIMAL,True,True,8.243812170994733,10.4318418291993,6.0557825127901665,8.243812170994733,8.243812170994735,0.0,10,165.87600016593933,191.9050552419552,29516.0,1441817.0,,optimal,,"{""1"":[9,6,4],""2"":[7,2,1,5],""3"":[10,3],""4"":[8],""5"":[6,5],""6"":[],""7"":[],""8"":[7,2],""9"":[],""10"":[8,4],""11"":[9,1],""12"":[10,3]}","{""1"":{""start"":2.2502024621883017,""completion_by_type"":[2.6658111949350465,3.4386876094071153],""finish"":3.4386876094071153,""tardiness"":0.0},""2"":{""start"":1.5769148227903682,""completion_by_type"":[1.9568503786374147,2.4304060356365373],""finish"":2.4304060356365373,""tardiness"":0.0},""3"":{""start"":2.246826040243856,""completion_by_type"":[2.7327643364718255,3.2229811032216977],""finish"":3.2229811032216977,""tardiness"":1.3174424999200887},""4"":{""start"":2.687146149400737,""completion_by_type"":[3.0639396149127665,3.590525849714172],""finish"":3.590525849714172,""tardiness"":3.276857036721931},""5"":{""start"":2.9202735965457376,""completion_by_type"":[3.4379960282189965,3.7938500399294504],""finish"":3.7938500399294504,""tardiness"":0.0},""6"":{""start"":1.3845240288585092,""completion_by_type"":[1.886602515444465,2.5721651030481296],""finish"":2.5721651030481296,""tardiness"":0.07620179262727067},""7"":{""start"":0.3290477737963383,""completion_by_type"":[0.7540592369758304,1.3102703699453335],""finish"":1.3102703699453335,""tardiness"":0.0},""8"":{""start"":0.886922856659779,""completion_by_type"":[1.2476971248353776,1.7266179801906083],""finish"":1.7266179801906083,""tardiness"":0.2868932866392573},""9"":{""start"":0.4766894189972063,""completion_by_type"":[0.8176070134065573,1.5803501191980112],""finish"":1.5803501191980112,""tardiness"":0.0},""10"":{""start"":0.9872424529384287,""completion_by_type"":[1.3193681350055402,2.1456883325934877],""finish"":2.1456883325934877,""tardiness"":1.0983878992583087}}","{""distance"":10.431841829199302,""tardiness"":6.055782515166856,""objective"":8.243812172183079,""task_times"":{""1"":{""start"":2.2502024621883017,""completion_by_type"":[2.6658111949350465,3.4386876094071153],""finish"":3.4386876094071153,""tardiness"":0.0},""2"":{""start"":1.5769148227903682,""completion_by_type"":[1.9568503786374147,2.4304060356365373],""finish"":2.4304060356365373,""tardiness"":0.0},""3"":{""start"":2.246826040243856,""completion_by_type"":[2.7327643364718255,3.2229811032216977],""finish"":3.2229811032216977,""tardiness"":1.3174424999200887},""4"":{""start"":2.687146149400737,""completion_by_type"":[3.0639396149127665,3.590525849714172],""finish"":3.590525849714172,""tardiness"":3.276857036721931},""5"":{""start"":2.9202735965457376,""completion_by_type"":[3.4379960282189965,3.7938500399294504],""finish"":3.7938500399294504,""tardiness"":0.0},""6"":{""start"":1.3845240288585092,""completion_by_type"":[1.886602515444465,2.5721651030481296],""finish"":2.5721651030481296,""tardiness"":0.07620179262727067},""7"":{""start"":0.3290477737963383,""completion_by_type"":[0.7540592369758304,1.3102703699453335],""finish"":1.3102703699453335,""tardiness"":0.0},""8"":{""start"":0.886922856659779,""completion_by_type"":[1.2476971248353776,1.7266179801906083],""finish"":1.7266179801906083,""tardiness"":0.2868932866392573},""9"":{""start"":0.4766894189972063,""completion_by_type"":[0.8176070134065573,1.5803501191980112],""finish"":1.5803501191980112,""tardiness"":0.0},""10"":{""start"":0.9872424529384287,""completion_by_type"":[1.3193681350055402,2.1456883325934877],""finish"":2.1456883325934877,""tardiness"":1.0983878992583087}}}","{""objective"":1.1883454220651402e-09,""distance"":1.7763568394002505e-15,""tardiness"":2.376689067773441e-09}",3600,1,0,100.0,manhattan,"[0.5,0.5]",True
k2_n10_i015,1,optimal,2,10,15,N10_K2_M12_I15,2,OPTIMAL,True,True,6.425818700656358,9.060177341371704,3.791460059941013,6.425818700656358,6.425818700656358,0.0,10,10.714999914169312,10.614157001044537,1424.0,48318.0,,optimal,,"{""1"":[5,6,2],""2"":[3,4],""3"":[10,8,9],""4"":[1,7],""5"":[3,4],""6"":[5,2],""7"":[],""8"":[6],""9"":[],""10"":[],""11"":[1,7],""12"":[10,8,9]}","{""1"":{""start"":0.5814098221928703,""completion_by_type"":[1.177685746697545,1.663030339755951],""finish"":1.663030339755951,""tardiness"":0.3208252129806759},""2"":{""start"":2.331985481913718,""completion_by_type"":[2.886224391065916,3.4130959787908006],""finish"":3.4130959787908006,""tardiness"":0.7395353236882607},""3"":{""start"":0.20657192109134578,""completion_by_type"":[0.6166931997211766,1.159081274047417],""finish"":1.159081274047417,""tardiness"":0.0},""4"":{""start"":1.5712299914096088,""completion_by_type"":[2.1775524064555483,2.704631527789961],""finish"":2.704631527789961,""tardiness"":0.0},""5"":{""start"":0.8124837672234746,""completion_by_type"":[1.4647320414882445,1.7914020324137236],""finish"":1.7914020324137236,""tardiness"":0.7098557503648446},""6"":{""start"":1.6221875555912333,""completion_by_type"":[2.018415104867521,2.6972271135209827],""finish"":2.6972271135209827,""tardiness"":0.8432022309208447},""7"":{""start"":1.8175238278023045,""completion_by_type"":[2.415277609750034,2.894721608784898],""finish"":2.894721608784898,""tardiness"":0.0},""8"":{""start"":2.3017578735309234,""completion_by_type"":[2.8899950566928716,3.2999674438462643],""finish"":3.2999674438462643,""tardiness"":0.0},""9"":{""start"":3.4704641616067082,""completion_by_type"":[4.097143098961908,4.512012967039174],""finish"":4.512012967039174,""tardiness"":0.0},""10"":{""start"":0.7879047151471189,""completion_by_type"":[1.1963531239939988,1.8531738834812876],""finish"":1.8531738834812876,""tardiness"":1.1780415419867012}}","{""distance"":9.060177341371704,""tardiness"":3.7914600599413273,""objective"":6.4258187006565155,""task_times"":{""1"":{""start"":0.5814098221928703,""completion_by_type"":[1.177685746697545,1.663030339755951],""finish"":1.663030339755951,""tardiness"":0.3208252129806759},""2"":{""start"":2.331985481913718,""completion_by_type"":[2.886224391065916,3.4130959787908006],""finish"":3.4130959787908006,""tardiness"":0.7395353236882607},""3"":{""start"":0.20657192109134578,""completion_by_type"":[0.6166931997211766,1.159081274047417],""finish"":1.159081274047417,""tardiness"":0.0},""4"":{""start"":1.5712299914096088,""completion_by_type"":[2.1775524064555483,2.704631527789961],""finish"":2.704631527789961,""tardiness"":0.0},""5"":{""start"":0.8124837672234746,""completion_by_type"":[1.4647320414882445,1.7914020324137236],""finish"":1.7914020324137236,""tardiness"":0.7098557503648446},""6"":{""start"":1.6221875555912333,""completion_by_type"":[2.018415104867521,2.6972271135209827],""finish"":2.6972271135209827,""tardiness"":0.8432022309208447},""7"":{""start"":1.8175238278023045,""completion_by_type"":[2.415277609750034,2.894721608784898],""finish"":2.894721608784898,""tardiness"":0.0},""8"":{""start"":2.3017578735309234,""completion_by_type"":[2.8899950566928716,3.2999674438462643],""finish"":3.2999674438462643,""tardiness"":0.0},""9"":{""start"":3.4704641616067082,""completion_by_type"":[4.097143098961908,4.512012967039174],""finish"":4.512012967039174,""tardiness"":0.0},""10"":{""start"":0.7879047151471189,""completion_by_type"":[1.1963531239939988,1.8531738834812876],""finish"":1.8531738834812876,""tardiness"":1.1780415419867012}}}","{""objective"":1.5720758028692217e-13,""distance"":0.0,""tardiness"":3.1441516057384433e-13}",3600,1,0,100.0,manhattan,"[0.5,0.5]",True
k2_n10_i016,1,optimal,2,10,16,N10_K2_M12_I16,2,OPTIMAL,True,True,7.904840526408029,11.36481737138915,4.444863681426909,7.904840526408029,7.904840526408012,0.0,10,125.69199991226196,134.68598535761717,65810.0,1254234.0,,optimal,,"{""1"":[3,7,4],""2"":[10,5,2],""3"":[9,8],""4"":[1,6],""5"":[1,6],""6"":[],""7"":[3,7],""8"":[],""9"":[10,5,2],""10"":[],""11"":[9,8,4],""12"":[]}","{""1"":{""start"":0.7861835606997187,""completion_by_type"":[1.3289650241065776,1.7310124209464846],""finish"":1.7310124209464846,""tardiness"":0.0},""2"":{""start"":3.0479112420698895,""completion_by_type"":[3.4044769437408346,3.8630819957449956],""finish"":3.8630819957449956,""tardiness"":0.0},""3"":{""start"":1.6135423532504805,""completion_by_type"":[2.267513656649323,2.5910298137309744],""finish"":2.5910298137309744,""tardiness"":0.4325341881194853},""4"":{""start"":3.5196940200388123,""completion_by_type"":[3.9293408966908787,4.5567737808864806],""finish"":4.5567737808864806,""tardiness"":0.9989146844778576},""5"":{""start"":1.546938753084091,""completion_by_type"":[2.1963102176211566,2.541999855203706],""finish"":2.541999855203706,""tardiness"":0.0},""6"":{""start"":1.999362816794812,""completion_by_type"":[2.5088199029794493,2.8293364505688947],""finish"":2.8293364505688947,""tardiness"":0.0},""7"":{""start"":2.7823317668798024,""completion_by_type"":[3.255068182064935,3.9554365779272413],""finish"":3.9554365779272413,""tardiness"":0.0},""8"":{""start"":1.9704541313832973,""completion_by_type"":[2.370327213801062,2.8352944153114006],""finish"":2.8352944153114006,""tardiness"":2.304964488833302},""9"":{""start"":1.010171001276513,""completion_by_type"":[1.3318773461876041,1.836419756365887],""finish"":1.836419756365887,""tardiness"":0.7084503199962591},""10"":{""start"":0.4663195532269925,""completion_by_type"":[0.9740908940719246,1.2892199034876182],""finish"":1.2892199034876182,""tardiness"":0.0}}","{""distance"":11.364817371389147,""tardiness"":4.444863681426904,""objective"":7.904840526408026,""task_times"":{""1"":{""start"":0.7861835606997187,""completion_by_type"":[1.3289650241065776,1.7310124209464846],""finish"":1.7310124209464846,""tardiness"":0.0},""2"":{""start"":3.0479112420698895,""completion_by_type"":[3.4044769437408346,3.8630819957449956],""finish"":3.8630819957449956,""tardiness"":0.0},""3"":{""start"":1.6135423532504805,""completion_by_type"":[2.267513656649323,2.5910298137309744],""finish"":2.5910298137309744,""tardiness"":0.4325341881194853},""4"":{""start"":3.5196940200388123,""completion_by_type"":[3.9293408966908787,4.5567737808864806],""finish"":4.5567737808864806,""tardiness"":0.9989146844778576},""5"":{""start"":1.546938753084091,""completion_by_type"":[2.1963102176211566,2.541999855203706],""finish"":2.541999855203706,""tardiness"":0.0},""6"":{""start"":1.999362816794812,""completion_by_type"":[2.5088199029794493,2.8293364505688947],""finish"":2.8293364505688947,""tardiness"":0.0},""7"":{""start"":2.7823317668798024,""completion_by_type"":[3.255068182064935,3.9554365779272413],""finish"":3.9554365779272413,""tardiness"":0.0},""8"":{""start"":1.9704541313832973,""completion_by_type"":[2.370327213801062,2.8352944153114006],""finish"":2.8352944153114006,""tardiness"":2.304964488833302},""9"":{""start"":1.010171001276513,""completion_by_type"":[1.3318773461876041,1.836419756365887],""finish"":1.836419756365887,""tardiness"":0.7084503199962591},""10"":{""start"":0.4663195532269925,""completion_by_type"":[0.9740908940719246,1.2892199034876182],""finish"":1.2892199034876182,""tardiness"":0.0}}}","{""objective"":3.552713678800501e-15,""distance"":1.7763568394002505e-15,""tardiness"":5.329070518200751e-15}",3600,1,0,100.0,manhattan,"[0.5,0.5]",True
k2_n10_i017,1,optimal,2,10,17,N10_K2_M12_I17,2,OPTIMAL,True,True,7.617050744527349,10.247927098572118,4.986174390482579,7.617050744527349,7.617050744527351,0.0,10,37.36199998855591,41.6153224913295,11203.0,438422.0,,optimal,,"{""1"":[4,8,5],""2"":[9],""3"":[1,3,2],""4"":[7,10,6],""5"":[],""6"":[],""7"":[9,2],""8"":[7,10,6],""9"":[],""10"":[1,3],""11"":[],""12"":[4,8,5]}","{""1"":{""start"":1.2039544080500488,""completion_by_type"":[1.5306874963792336,2.3079000461406305],""finish"":2.3079000461406305,""tardiness"":0.0},""2"":{""start"":3.158861675504244,""completion_by_type"":[3.85495118487128,4.062002779796183],""finish"":4.062002779796183,""tardiness"":0.0},""3"":{""start"":2.4960292181420853,""completion_by_type"":[2.811791540331611,3.6667502817773707],""finish"":3.6667502817773707,""tardiness"":1.3508753272396459},""4"":{""start"":0.6326237353001594,""completion_by_type"":[1.3148949274642106,1.6974212631327399],""finish"":1.6974212631327399,""tardiness"":0.7915940341011355},""5"":{""start"":3.0686480102424665,""completion_by_type"":[3.5723393578207805,4.19906876129157],""finish"":4.19906876129157,""tardiness"":0.0},""6"":{""start"":3.1490834650163277,""completion_by_type"":[3.517590981893403,3.9568626990461846],""finish"":3.9568626990461846,""tardiness"":0.0},""7"":{""start"":0.8156325393376286,""completion_by_type"":[1.2285355223964438,1.762289509871025],""finish"":1.762289509871025,""tardiness"":0.0},""8"":{""start"":1.9278422455013078,""completion_by_type"":[2.6202672843673294,2.7953457350339006],""finish"":2.7953457350339006,""tardiness"":0.0},""9"":{""start"":1.0631381491379224,""completion_by_type"":[1.4893594388514289,2.178533455597445],""finish"":2.178533455597445,""tardiness"":1.4978844619152358},""10"":{""start"":1.9204902308144327,""completion_by_type"":[2.3612272745686855,2.9575475551424497],""finish"":2.9575475551424497,""tardiness"":1.3458205672265857}}","{""distance"":10.247927098572122,""tardiness"":4.986174390482603,""objective"":7.617050744527362,""task_times"":{""1"":{""start"":1.2039544080500488,""completion_by_type"":[1.5306874963792336,2.3079000461406305],""finish"":2.3079000461406305,""tardiness"":0.0},""2"":{""start"":3.158861675504244,""completion_by_type"":[3.85495118487128,4.062002779796183],""finish"":4.062002779796183,""tardiness"":0.0},""3"":{""start"":2.4960292181420853,""completion_by_type"":[2.811791540331611,3.6667502817773707],""finish"":3.6667502817773707,""tardiness"":1.3508753272396459},""4"":{""start"":0.6326237353001594,""completion_by_type"":[1.3148949274642106,1.6974212631327399],""finish"":1.6974212631327399,""tardiness"":0.7915940341011355},""5"":{""start"":3.0686480102424665,""completion_by_type"":[3.5723393578207805,4.19906876129157],""finish"":4.19906876129157,""tardiness"":0.0},""6"":{""start"":3.1490834650163277,""completion_by_type"":[3.517590981893403,3.9568626990461846],""finish"":3.9568626990461846,""tardiness"":0.0},""7"":{""start"":0.8156325393376286,""completion_by_type"":[1.2285355223964438,1.762289509871025],""finish"":1.762289509871025,""tardiness"":0.0},""8"":{""start"":1.9278422455013078,""completion_by_type"":[2.6202672843673294,2.7953457350339006],""finish"":2.7953457350339006,""tardiness"":0.0},""9"":{""start"":1.0631381491379224,""completion_by_type"":[1.4893594388514289,2.178533455597445],""finish"":2.178533455597445,""tardiness"":1.4978844619152358},""10"":{""start"":1.9204902308144327,""completion_by_type"":[2.3612272745686855,2.9575475551424497],""finish"":2.9575475551424497,""tardiness"":1.3458205672265857}}}","{""objective"":1.3322676295501878e-14,""distance"":3.552713678800501e-15,""tardiness"":2.398081733190338e-14}",3600,1,0,100.0,manhattan,"[0.5,0.5]",True
k2_n10_i018,1,optimal,2,10,18,N10_K2_M12_I18,2,OPTIMAL,True,True,7.520195076512028,10.218174161817803,4.822215991206252,7.520195076512028,7.520195076512028,0.0,10,28.426000118255615,30.77720430215663,13518.0,249114.0,,optimal,,"{""1"":[3,7,1],""2"":[5,10],""3"":[2,8,6],""4"":[4,9],""5"":[7,1],""6"":[5,10],""7"":[],""8"":[3,8],""9"":[],""10"":[2,6],""11"":[],""12"":[4,9]}","{""1"":{""start"":2.5954168898474355,""completion_by_type"":[2.9516101375955377,3.7060129076131165],""finish"":3.7060129076131165,""tardiness"":0.0},""2"":{""start"":0.9353120576255712,""completion_by_type"":[1.4601352995291408,2.1227612067529007],""finish"":2.1227612067529007,""tardiness"":1.1658846749690206},""3"":{""start"":0.6775824037014169,""completion_by_type"":[1.0393025604078574,1.7546891781394574],""finish"":1.7546891781394574,""tardiness"":0.0},""4"":{""start"":0.2698688176762386,""completion_by_type"":[0.9426393147168693,1.447674173586432],""finish"":1.447674173586432,""tardiness"":0.0},""5"":{""start"":0.9559034470353387,""completion_by_type"":[1.4199892674127166,1.8643729145387207],""finish"":1.8643729145387207,""tardiness"":0.49474835422245267},""6"":{""start"":2.5936290204531702,""completion_by_type"":[3.1018122025240134,3.738919202388657],""finish"":3.738919202388657,""tardiness"":0.0},""7"":{""start"":1.6369397044757492,""completion_by_type"":[2.019083822788831,2.48368327569372],""finish"":2.48368327569372,""tardiness"":1.8965980608968396},""8"":{""start"":1.950804844341337,""completion_by_type"":[2.353721283584294,3.119093628414324],""finish"":3.119093628414324,""tardiness"":0.31039246994329295},""9"":{""start"":1.8150675990092506,""completion_by_type"":[2.430591416055279,2.735297884052367],""finish"":2.735297884052367,""tardiness"":0.0},""10"":{""start"":2.349537339980472,""completion_by_type"":[2.906399960421237,3.398328170405123],""finish"":3.398328170405123,""tardiness"":0.9545924311746883}}","{""distance"":10.218174161817807,""tardiness"":4.822215991206294,""objective"":7.52019507651205,""task_times"":{""1"":{""start"":2.5954168898474355,""completion_by_type"":[2.9516101375955377,3.7060129076131165],""finish"":3.7060129076131165,""tardiness"":0.0},""2"":{""start"":0.9353120576255712,""completion_by_type"":[1.4601352995291408,2.1227612067529007],""finish"":2.1227612067529007,""tardiness"":1.1658846749690206},""3"":{""start"":0.6775824037014169,""completion_by_type"":[1.0393025604078574,1.7546891781394574],""finish"":1.7546891781394574,""tardiness"":0.0},""4"":{""start"":0.2698688176762386,""completion_by_type"":[0.9426393147168693,1.447674173586432],""finish"":1.447674173586432,""tardiness"":0.0},""5"":{""start"":0.9559034470353387,""completion_by_type"":[1.4199892674127166,1.8643729145387207],""finish"":1.8643729145387207,""tardiness"":0.49474835422245267},""6"":{""start"":2.5936290204531702,""completion_by_type"":[3.1018122025240134,3.738919202388657],""finish"":3.738919202388657,""tardiness"":0.0},""7"":{""start"":1.6369397044757492,""completion_by_type"":[2.019083822788831,2.48368327569372],""finish"":2.48368327569372,""tardiness"":1.8965980608968396},""8"":{""start"":1.950804844341337,""completion_by_type"":[2.353721283584294,3.119093628414324],""finish"":3.119093628414324,""tardiness"":0.31039246994329295},""9"":{""start"":1.8150675990092506,""completion_by_type"":[2.430591416055279,2.735297884052367],""finish"":2.735297884052367,""tardiness"":0.0},""10"":{""start"":2.349537339980472,""completion_by_type"":[2.906399960421237,3.398328170405123],""finish"":3.398328170405123,""tardiness"":0.9545924311746883}}}","{""objective"":2.220446049250313e-14,""distance"":3.552713678800501e-15,""tardiness"":4.1744385725905886e-14}",3600,1,0,100.0,manhattan,"[0.5,0.5]",True
k2_n10_i019,1,time_limit_feasible,2,10,19,N10_K2_M12_I19,9,TIME_LIMIT,True,False,9.331056409528385,13.099772039741529,5.562340779315241,9.24512524830261,9.24512524830261,0.009209156761503027,10,3600.00200009346,4359.025595230473,1372366.0,48188478.0,,time_limit_feasible,,"{""1"":[7,8,3],""2"":[2,5],""3"":[10,9],""4"":[1,4,6],""5"":[7,3],""6"":[10,9],""7"":[],""8"":[2,5],""9"":[1,4,6],""10"":[],""11"":[8],""12"":[]}","{""1"":{""start"":1.5343472227742208,""completion_by_type"":[2.1344863098088585,2.3859168775081487],""finish"":2.3859168775081487,""tardiness"":1.8867016840480213},""2"":{""start"":1.2593644209222814,""completion_by_type"":[1.8270432737798323,2.1470593620779885],""finish"":2.1470593620779885,""tardiness"":1.3447077328078798},""3"":{""start"":2.502385715763377,""completion_by_type"":[3.043753391764435,3.3063448725904494],""finish"":3.3063448725904494,""tardiness"":0.4422914165917522},""4"":{""start"":2.5121182134879207,""completion_by_type"":[2.9126342030858283,3.4316285694430437],""finish"":3.4316285694430437,""tardiness"":0.0},""5"":{""start"":2.6466141599812896,""completion_by_type"":[3.1476760219763222,3.781256954406392],""finish"":3.781256954406392,""tardiness"":0.26466848054222414},""6"":{""start"":3.7670726241158627,""completion_by_type"":[4.3752813486184206,4.680331286273757],""finish"":4.680331286273757,""tardiness"":0.0},""7"":{""start"":1.1560343478367083,""completion_by_type"":[1.655358390358678,2.165132703538889],""finish"":2.165132703538889,""tardiness"":0.8520582399902832},""8"":{""start"":1.7144038849776235,""completion_by_type"":[2.2104056676779336,2.6193580627855773],""finish"":2.6193580627855773,""tardiness"":0.7719136964192792},""9"":{""start"":1.5496723915903259,""completion_by_type"":[1.8889872678129374,2.397126345601423],""finish"":2.397126345601423,""tardiness"":0.0},""10"":{""start"":0.19700461741039252,""completion_by_type"":[0.7164874573735472,1.0525301026713714],""finish"":1.0525301026713714,""tardiness"":0.0}}","{""distance"":13.099772039741527,""tardiness"":5.56234125039944,""objective"":9.331056645070483,""task_times"":{""1"":{""start"":1.5343472227742208,""completion_by_type"":[2.1344863098088585,2.3859168775081487],""finish"":2.3859168775081487,""tardiness"":1.8867016840480213},""2"":{""start"":1.2593644209222814,""completion_by_type"":[1.8270432737798323,2.1470593620779885],""finish"":2.1470593620779885,""tardiness"":1.3447077328078798},""3"":{""start"":2.502385715763377,""completion_by_type"":[3.043753391764435,3.3063448725904494],""finish"":3.3063448725904494,""tardiness"":0.4422914165917522},""4"":{""start"":2.5121182134879207,""completion_by_type"":[2.9126342030858283,3.4316285694430437],""finish"":3.4316285694430437,""tardiness"":0.0},""5"":{""start"":2.6466141599812896,""completion_by_type"":[3.1476760219763222,3.781256954406392],""finish"":3.781256954406392,""tardiness"":0.26466848054222414},""6"":{""start"":3.7670726241158627,""completion_by_type"":[4.3752813486184206,4.680331286273757],""finish"":4.680331286273757,""tardiness"":0.0},""7"":{""start"":1.1560343478367083,""completion_by_type"":[1.655358390358678,2.165132703538889],""finish"":2.165132703538889,""tardiness"":0.8520582399902832},""8"":{""start"":1.7144038849776235,""completion_by_type"":[2.2104056676779336,2.6193580627855773],""finish"":2.6193580627855773,""tardiness"":0.7719136964192792},""9"":{""start"":1.5496723915903259,""completion_by_type"":[1.8889872678129374,2.397126345601423],""finish"":2.397126345601423,""tardiness"":0.0},""10"":{""start"":0.19700461741039252,""completion_by_type"":[0.7164874573735472,1.0525301026713714],""finish"":1.0525301026713714,""tardiness"":0.0}}}","{""objective"":2.3554209782616908e-07,""distance"":1.7763568394002505e-15,""tardiness"":4.7108419920505185e-07}",3600,1,0,100.0,manhattan,"[0.5,0.5]",True
k2_n10_i020,1,optimal,2,10,20,N10_K2_M12_I20,2,OPTIMAL,True,True,8.349114158560813,11.108149464670305,5.59007885245132,8.34911402502782,8.34911402502782,1.599367191863796e-08,10,3197.128000020981,3926.6425035648595,1273483.0,38022954.0,,optimal,,"{""1"":[],""2"":[7,4,3],""3"":[8,9,5,10],""4"":[2,6,1],""5"":[9,10],""6"":[],""7"":[],""8"":[2,6,1],""9"":[8,5],""10"":[],""11"":[],""12"":[7,4,3]}","{""1"":{""start"":3.5442555060739718,""completion_by_type"":[4.063487719303387,4.647409140049965],""finish"":4.647409140049965,""tardiness"":2.183891337290158},""2"":{""start"":1.314955793946012,""completion_by_type"":[1.8263482978892633,2.1484865753987537],""finish"":2.1484865753987537,""tardiness"":1.7653041903420479},""3"":{""start"":3.3970030461053664,""completion_by_type"":[4.044804018179523,4.316908848827999],""finish"":4.316908848827999,""tardiness"":0.0},""4"":{""start"":2.0013735316699695,""completion_by_type"":[2.332240177313322,3.110500522775107],""finish"":3.110500522775107,""tardiness"":0.0},""5"":{""start"":2.3239197059607966,""completion_by_type"":[2.816705038614511,3.1928558530018742],""finish"":3.1928558530018742,""tardiness"":0.0},""6"":{""start"":2.350345498255004,""completion_by_type"":[2.6588449020634983,3.1980679354869794],""finish"":3.1980679354869794,""tardiness"":0.04344251969391921},""7"":{""start"":0.31730280799396954,""completion_by_type"":[0.6710914507295749,1.2174875714215205],""finish"":1.2174875714215205,""tardiness"":0.0},""8"":{""start"":0.6103004009161892,""completion_by_type"":[0.9764561732768323,1.5692980816364765],""finish"":1.5692980816364765,""tardiness"":0.0},""9"":{""start"":1.4468008994636306,""completion_by_type"":[2.0073295063955534,2.512716910163425],""finish"":2.512716910163425,""tardiness"":1.5974408051252063},""10"":{""start"":3.463782949220261,""completion_by_type"":[3.8708216619072053,4.61490348342903],""finish"":4.61490348342903,""tardiness"":0.0}}","{""distance"":11.108149464670305,""tardiness"":5.590078852451331,""objective"":8.349114158560818,""task_times"":{""1"":{""start"":3.5442555060739718,""completion_by_type"":[4.063487719303387,4.647409140049965],""finish"":4.647409140049965,""tardiness"":2.183891337290158},""2"":{""start"":1.314955793946012,""completion_by_type"":[1.8263482978892633,2.1484865753987537],""finish"":2.1484865753987537,""tardiness"":1.7653041903420479},""3"":{""start"":3.3970030461053664,""completion_by_type"":[4.044804018179523,4.316908848827999],""finish"":4.316908848827999,""tardiness"":0.0},""4"":{""start"":2.0013735316699695,""completion_by_type"":[2.332240177313322,3.110500522775107],""finish"":3.110500522775107,""tardiness"":0.0},""5"":{""start"":2.3239197059607966,""completion_by_type"":[2.816705038614511,3.1928558530018742],""finish"":3.1928558530018742,""tardiness"":0.0},""6"":{""start"":2.350345498255004,""completion_by_type"":[2.6588449020634983,3.1980679354869794],""finish"":3.1980679354869794,""tardiness"":0.04344251969391921},""7"":{""start"":0.31730280799396954,""completion_by_type"":[0.6710914507295749,1.2174875714215205],""finish"":1.2174875714215205,""tardiness"":0.0},""8"":{""start"":0.6103004009161892,""completion_by_type"":[0.9764561732768323,1.5692980816364765],""finish"":1.5692980816364765,""tardiness"":0.0},""9"":{""start"":1.4468008994636306,""completion_by_type"":[2.0073295063955534,2.512716910163425],""finish"":2.512716910163425,""tardiness"":1.5974408051252063},""10"":{""start"":3.463782949220261,""completion_by_type"":[3.8708216619072053,4.61490348342903],""finish"":4.61490348342903,""tardiness"":0.0}}}","{""objective"":5.329070518200751e-15,""distance"":0.0,""tardiness"":1.0658141036401503e-14}",3600,1,0,100.0,manhattan,"[0.5,0.5]",True
k2_n10_i021,1,optimal,2,10,21,N10_K2_M12_I21,2,OPTIMAL,True,True,6.613325070621561,10.326089116749046,2.9005610244940763,6.6133250706215065,6.6133250706215065,0.0,10,517.3949999809265,635.2561217340484,176734.0,6672865.0,,optimal,,"{""1"":[2,5],""2"":[9,6,1,3],""3"":[10,7],""4"":[4,8],""5"":[],""6"":[],""7"":[10,7],""8"":[2,5],""9"":[4,8],""10"":[6,3],""11"":[9,1],""12"":[]}","{""1"":{""start"":2.4165316714838294,""completion_by_type"":[2.7374449656391144,3.4621606504570854],""finish"":3.4621606504570854,""tardiness"":0.0},""2"":{""start"":0.35540805633660844,""completion_by_type"":[0.968887862536508,1.4463211054091016],""finish"":1.4463211054091016,""tardiness"":0.09631008524557272},""3"":{""start"":2.9543937615588742,""completion_by_type"":[3.347779000764986,3.8804628223619866],""finish"":3.8804628223619866,""tardiness"":0.0},""4"":{""start"":0.21332311925109168,""completion_by_type"":[0.7911716207863112,1.0702225646376575],""finish"":1.0702225646376575,""tardiness"":0.0},""5"":{""start"":1.7184193702234971,""completion_by_type"":[2.0908417759106386,2.6545905661822733],""finish"":2.6545905661822733,""tardiness"":0.0},""6"":{""start"":1.7647982319814837,""completion_by_type"":[2.1174309829298625,2.666588572807132],""finish"":2.666588572807132,""tardiness"":0.7591915279221149},""7"":{""start"":2.4433359166139588,""completion_by_type"":[3.084644496991634,3.5154580550955217],""finish"":3.5154580550955217,""tardiness"":0.21521072279875852},""8"":{""start"":1.6619333486332235,""completion_by_type"":[2.2537722550926285,2.624707288313492],""finish"":2.624707288313492,""tardiness"":0.10886161458233401},""9"":{""start"":1.0728241370540954,""completion_by_type"":[1.3897041664805612,2.1337792364397976],""finish"":2.1337792364397976,""tardiness"":1.720987073945294},""10"":{""start"":0.8776933775942533,""completion_by_type"":[1.4471294304119589,1.8704183011774775],""finish"":1.8704183011774775,""tardiness"":0.0}}","{""distance"":10.326089116749047,""tardiness"":2.900561024494074,""objective"":6.613325070621561,""task_times"":{""1"":{""start"":2.4165316714838294,""completion_by_type"":[2.7374449656391144,3.4621606504570854],""finish"":3.4621606504570854,""tardiness"":0.0},""2"":{""start"":0.35540805633660844,""completion_by_type"":[0.968887862536508,1.4463211054091016],""finish"":1.4463211054091016,""tardiness"":0.09631008524557272},""3"":{""start"":2.9543937615588742,""completion_by_type"":[3.347779000764986,3.8804628223619866],""finish"":3.8804628223619866,""tardiness"":0.0},""4"":{""start"":0.21332311925109168,""completion_by_type"":[0.7911716207863112,1.0702225646376575],""finish"":1.0702225646376575,""tardiness"":0.0},""5"":{""start"":1.7184193702234971,""completion_by_type"":[2.0908417759106386,2.6545905661822733],""finish"":2.6545905661822733,""tardiness"":0.0},""6"":{""start"":1.7647982319814837,""completion_by_type"":[2.1174309829298625,2.666588572807132],""finish"":2.666588572807132,""tardiness"":0.7591915279221149},""7"":{""start"":2.4433359166139588,""completion_by_type"":[3.084644496991634,3.5154580550955217],""finish"":3.5154580550955217,""tardiness"":0.21521072279875852},""8"":{""start"":1.6619333486332235,""completion_by_type"":[2.2537722550926285,2.624707288313492],""finish"":2.624707288313492,""tardiness"":0.10886161458233401},""9"":{""start"":1.0728241370540954,""completion_by_type"":[1.3897041664805612,2.1337792364397976],""finish"":2.1337792364397976,""tardiness"":1.720987073945294},""10"":{""start"":0.8776933775942533,""completion_by_type"":[1.4471294304119589,1.8704183011774775],""finish"":1.8704183011774775,""tardiness"":0.0}}}","{""objective"":0.0,""distance"":1.7763568394002505e-15,""tardiness"":2.220446049250313e-15}",3600,1,0,100.0,manhattan,"[0.5,0.5]",True
k2_n10_i022,1,optimal,2,10,22,N10_K2_M12_I22,2,OPTIMAL,True,True,5.823584123798914,8.360974833300903,3.2861934142969247,5.823584123798914,5.8235841237989145,0.0,10,6.230999946594238,6.980044524447561,2362.0,48877.0,,optimal,,"{""1"":[3,9],""2"":[10,5,7,6,1],""3"":[4,2],""4"":[8],""5"":[3,9],""6"":[],""7"":[10,7,1],""8"":[8],""9"":[4,2],""10"":[5,6],""11"":[],""12"":[]}","{""1"":{""start"":3.6825759307489503,""completion_by_type"":[4.124118339329469,4.593839619598942],""finish"":4.593839619598942,""tardiness"":0.0},""2"":{""start"":1.2905489551654776,""completion_by_type"":[1.8280711675456143,2.4593284037252863],""finish"":2.4593284037252863,""tardiness"":0.0},""3"":{""start"":0.35610925953207717,""completion_by_type"":[0.9362812098620299,1.4930251106477597],""finish"":1.4930251106477597,""tardiness"":0.0},""4"":{""start"":0.11779227005992099,""completion_by_type"":[0.5469914041113556,1.1229200687926622],""finish"":1.1229200687926622,""tardiness"":0.0},""5"":{""start"":1.5413755393728195,""completion_by_type"":[2.022593603185811,2.506396931770742],""finish"":2.506396931770742,""tardiness"":1.4244013012566399},""6"":{""start"":3.0635299927779904,""completion_by_type"":[3.530462168944999,3.9122078648345533],""finish"":3.9122078648345533,""tardiness"":0.0},""7"":{""start"":2.5277145732015613,""completion_by_type"":[2.8393335957312695,3.566553975430808],""finish"":3.566553975430808,""tardiness"":0.6707044310660408},""8"":{""start"":0.9085827596902472,""completion_by_type"":[1.3692949612680203,1.9219802626816123],""finish"":1.9219802626816123,""tardiness"":0.0},""9"":{""start"":1.703698488237393,""completion_by_type"":[2.2057212549970835,2.8059922042291046],""finish"":2.8059922042291046,""tardiness"":0.0},""10"":{""start"":0.6218193090008259,""completion_by_type"":[1.0193296119706323,1.7332455218424287],""finish"":1.7332455218424287,""tardiness"":1.1910876819743645}}","{""distance"":8.360974864666133,""tardiness"":3.2861934142970455,""objective"":5.823584139481589,""task_times"":{""1"":{""start"":3.6825759307489503,""completion_by_type"":[4.124118339329469,4.593839619598942],""finish"":4.593839619598942,""tardiness"":0.0},""2"":{""start"":1.2905489551654776,""completion_by_type"":[1.8280711675456143,2.4593284037252863],""finish"":2.4593284037252863,""tardiness"":0.0},""3"":{""start"":0.35610925953207717,""completion_by_type"":[0.9362812098620299,1.4930251106477597],""finish"":1.4930251106477597,""tardiness"":0.0},""4"":{""start"":0.11779227005992099,""completion_by_type"":[0.5469914041113556,1.1229200687926622],""finish"":1.1229200687926622,""tardiness"":0.0},""5"":{""start"":1.5413755393728195,""completion_by_type"":[2.022593603185811,2.506396931770742],""finish"":2.506396931770742,""tardiness"":1.4244013012566399},""6"":{""start"":3.0635299927779904,""completion_by_type"":[3.530462168944999,3.9122078648345533],""finish"":3.9122078648345533,""tardiness"":0.0},""7"":{""start"":2.5277145732015613,""completion_by_type"":[2.8393335957312695,3.566553975430808],""finish"":3.566553975430808,""tardiness"":0.6707044310660408},""8"":{""start"":0.9085827596902472,""completion_by_type"":[1.3692949612680203,1.9219802626816123],""finish"":1.9219802626816123,""tardiness"":0.0},""9"":{""start"":1.703698488237393,""completion_by_type"":[2.2057212549970835,2.8059922042291046],""finish"":2.8059922042291046,""tardiness"":0.0},""10"":{""start"":0.6218193090008259,""completion_by_type"":[1.0193296119706323,1.7332455218424287],""finish"":1.7332455218424287,""tardiness"":1.1910876819743645}}}","{""objective"":1.5682675602590734e-08,""distance"":3.136523041291639e-08,""tardiness"":1.2079226507921703e-13}",3600,1,0,100.0,manhattan,"[0.5,0.5]",True
k2_n10_i023,1,optimal,2,10,23,N10_K2_M12_I23,2,OPTIMAL,True,True,8.099183830524204,11.863233091055507,4.335134569992901,8.099183830524204,8.099183830524112,0.0,10,205.0829999446869,229.76522459134367,93206.0,2870261.0,,optimal,,"{""1"":[3,4,8],""2"":[6,2,10,9],""3"":[5],""4"":[1,7],""5"":[2,9],""6"":[5],""7"":[],""8"":[3,4,8],""9"":[],""10"":[6,10],""11"":[],""12"":[1,7]}","{""1"":{""start"":1.2811325053152038,""completion_by_type"":[1.7105684067090412,2.3254742330508007],""finish"":2.3254742330508007,""tardiness"":1.3375634187228151},""2"":{""start"":1.7100918031237637,""completion_by_type"":[2.2317322719094603,2.7318615803169113],""finish"":2.7318615803169113,""tardiness"":2.113251473553614},""3"":{""start"":1.022827251712552,""completion_by_type"":[1.5269290232298536,1.9326351612859445],""finish"":1.9326351612859445,""tardiness"":0.5844522671203005},""4"":{""start"":2.0167202844412166,""completion_by_type"":[2.5761598926546387,3.1189544334246992],""finish"":3.1189544334246992,""tardiness"":0.0},""5"":{""start"":0.33379062973250523,""completion_by_type"":[0.9486682006083182,1.1568725153474544],""finish"":1.1568725153474544,""tardiness"":0.0},""6"":{""start"":1.0969422908662225,""completion_by_type"":[1.4913780654049762,2.0013000099120477],""finish"":2.0013000099120477,""tardiness"":0.0},""7"":{""start"":2.6470719623935413,""completion_by_type"":[3.295821224281132,3.4678690191391808],""finish"":3.4678690191391808,""tardiness"":0.0},""8"":{""start"":3.52312790183362,""completion_by_type"":[4.205510343258896,4.3556131987811195],""finish"":4.3556131987811195,""tardiness"":0.0},""9"":{""start"":3.0736715562002983,""completion_by_type"":[3.5057800656081732,4.02135967534983],""finish"":4.02135967534983,""tardiness"":0.0},""10"":{""start"":2.4150622998451308,""completion_by_type"":[2.720270045965235,3.283106881939344],""finish"":3.283106881939344,""tardiness"":0.29986741059617383}}","{""distance"":11.863233091055509,""tardiness"":4.335134569992904,""objective"":8.099183830524206,""task_times"":{""1"":{""start"":1.2811325053152038,""completion_by_type"":[1.7105684067090412,2.3254742330508007],""finish"":2.3254742330508007,""tardiness"":1.3375634187228151},""2"":{""start"":1.7100918031237637,""completion_by_type"":[2.2317322719094603,2.7318615803169113],""finish"":2.7318615803169113,""tardiness"":2.113251473553614},""3"":{""start"":1.022827251712552,""completion_by_type"":[1.5269290232298536,1.9326351612859445],""finish"":1.9326351612859445,""tardiness"":0.5844522671203005},""4"":{""start"":2.0167202844412166,""completion_by_type"":[2.5761598926546387,3.1189544334246992],""finish"":3.1189544334246992,""tardiness"":0.0},""5"":{""start"":0.33379062973250523,""completion_by_type"":[0.9486682006083182,1.1568725153474544],""finish"":1.1568725153474544,""tardiness"":0.0},""6"":{""start"":1.0969422908662225,""completion_by_type"":[1.4913780654049762,2.0013000099120477],""finish"":2.0013000099120477,""tardiness"":0.0},""7"":{""start"":2.6470719623935413,""completion_by_type"":[3.295821224281132,3.4678690191391808],""finish"":3.4678690191391808,""tardiness"":0.0},""8"":{""start"":3.52312790183362,""completion_by_type"":[4.205510343258896,4.3556131987811195],""finish"":4.3556131987811195,""tardiness"":0.0},""9"":{""start"":3.0736715562002983,""completion_by_type"":[3.5057800656081732,4.02135967534983],""finish"":4.02135967534983,""tardiness"":0.0},""10"":{""start"":2.4150622998451308,""completion_by_type"":[2.720270045965235,3.283106881939344],""finish"":3.283106881939344,""tardiness"":0.29986741059617383}}}","{""objective"":1.7763568394002505e-15,""distance"":1.7763568394002505e-15,""tardiness"":2.6645352591003757e-15}",3600,1,0,100.0,manhattan,"[0.5,0.5]",True
k2_n10_i024,1,time_limit_feasible,2,10,24,N10_K2_M12_I24,9,TIME_LIMIT,True,False,7.748391442450744,11.108494003883983,4.388288881017505,7.646579465922481,7.646579465922481,0.01313975646228594,10,3600.003000020981,4664.919605950609,1283395.0,42879094.0,,time_limit_feasible,,"{""1"":[4],""2"":[1,7,6,2,8],""3"":[10,5],""4"":[3,9],""5"":[7,5],""6"":[10],""7"":[4,8],""8"":[],""9"":[3,9],""10"":[1,6,2],""11"":[],""12"":[]}","{""1"":{""start"":0.5893899090260858,""completion_by_type"":[0.9101965119749812,1.6361583934379156],""finish"":1.6361583934379156,""tardiness"":1.1027036033327624},""2"":{""start"":3.018582107147573,""completion_by_type"":[3.5413411461048296,3.86412067296939],""finish"":3.86412067296939,""tardiness"":0.0},""3"":{""start"":1.446481823427895,""completion_by_type"":[2.022087099748271,2.613854179358025],""finish"":2.613854179358025,""tardiness"":1.1812979238319692},""4"":{""start"":0.40221554591610875,""completion_by_type"":[0.8281790999710236,1.5210620803282253],""finish"":1.5210620803282253,""tardiness"":0.0},""5"":{""start"":2.3436280699467247,""completion_by_type"":[2.8728024813080353,3.434970588347252],""finish"":3.434970588347252,""tardiness"":0.0},""6"":{""start"":1.9767380936401076,""completion_by_type"":[2.3220559662750118,2.8375221679571987],""finish"":2.8375221679571987,""tardiness"":0.1381415271862716},""7"":{""start"":1.2024963062798673,""completion_by_type"":[1.8371583937994216,2.1392073310036928],""finish"":2.1392073310036928,""tardiness"":0.0},""8"":{""start"":3.795283772310379,""completion_by_type"":[4.1827794501045945,4.820185778755642],""finish"":4.820185778755642,""tardiness"":0.0},""9"":{""start"":2.788195195804777,""completion_by_type"":[3.1263668850025965,3.936194206321703],""finish"":3.936194206321703,""tardiness"":0.6152843772076717},""10"":{""start"":1.36714850730599,""completion_by_type"":[1.9188749683684945,2.3260067591663924],""finish"":2.3260067591663924,""tardiness"":1.3508621074736609}}","{""distance"":11.108494003883983,""tardiness"":4.3882895390323355,""objective"":7.748391771458159,""task_times"":{""1"":{""start"":0.5893899090260858,""completion_by_type"":[0.9101965119749812,1.6361583934379156],""finish"":1.6361583934379156,""tardiness"":1.1027036033327624},""2"":{""start"":3.018582107147573,""completion_by_type"":[3.5413411461048296,3.86412067296939],""finish"":3.86412067296939,""tardiness"":0.0},""3"":{""start"":1.446481823427895,""completion_by_type"":[2.022087099748271,2.613854179358025],""finish"":2.613854179358025,""tardiness"":1.1812979238319692},""4"":{""start"":0.40221554591610875,""completion_by_type"":[0.8281790999710236,1.5210620803282253],""finish"":1.5210620803282253,""tardiness"":0.0},""5"":{""start"":2.3436280699467247,""completion_by_type"":[2.8728024813080353,3.434970588347252],""finish"":3.434970588347252,""tardiness"":0.0},""6"":{""start"":1.9767380936401076,""completion_by_type"":[2.3220559662750118,2.8375221679571987],""finish"":2.8375221679571987,""tardiness"":0.1381415271862716},""7"":{""start"":1.2024963062798673,""completion_by_type"":[1.8371583937994216,2.1392073310036928],""finish"":2.1392073310036928,""tardiness"":0.0},""8"":{""start"":3.795283772310379,""completion_by_type"":[4.1827794501045945,4.820185778755642],""finish"":4.820185778755642,""tardiness"":0.0},""9"":{""start"":2.788195195804777,""completion_by_type"":[3.1263668850025965,3.936194206321703],""finish"":3.936194206321703,""tardiness"":0.6152843772076717},""10"":{""start"":1.36714850730599,""completion_by_type"":[1.9188749683684945,2.3260067591663924],""finish"":2.3260067591663924,""tardiness"":1.3508621074736609}}}","{""objective"":3.290074150896771e-07,""distance"":0.0,""tardiness"":6.580148301793542e-07}",3600,1,0,100.0,manhattan,"[0.5,0.5]",True
k2_n10_i025,1,time_limit_feasible,2,10,25,N10_K2_M12_I25,9,TIME_LIMIT,True,False,8.942124645205723,11.18107830961818,6.703170980793267,8.466191384870374,8.466191384870374,0.053223733644835576,10,3600.0009999275208,4994.815794366741,676499.0,46935662.0,,time_limit_feasible,,"{""1"":[8,6,7,1],""2"":[3,2,4],""3"":[9,5],""4"":[10],""5"":[9,5],""6"":[],""7"":[2,7,1],""8"":[8,6],""9"":[],""10"":[10],""11"":[],""12"":[3,4]}","{""1"":{""start"":4.10338469158229,""completion_by_type"":[4.570880957072017,5.0073951747005845],""finish"":5.0073951747005845,""tardiness"":0.0},""2"":{""start"":1.6018203823541968,""completion_by_type"":[2.2217258567693783,2.7026559888095587],""finish"":2.7026559888095587,""tardiness"":2.2611466321898814},""3"":{""start"":1.1000355681441416,""completion_by_type"":[1.4222644259308566,2.047065088414652],""finish"":2.047065088414652,""tardiness"":0.492878226921748},""4"":{""start"":2.480393831568755,""completion_by_type"":[2.817838908968439,3.581409549186758],""finish"":3.581409549186758,""tardiness"":0.12303436858045824},""5"":{""start"":1.7201976500295788,""completion_by_type"":[2.0538899003317184,2.8963181004868868],""finish"":2.8963181004868868,""tardiness"":0.0},""6"":{""start"":2.1087032633034615,""completion_by_type"":[2.4870941558310236,3.0072942084212873],""finish"":3.0072942084212873,""tardiness"":0.45536260524824224},""7"":{""start"":2.9792425871345865,""completion_by_type"":[3.5514419743047787,4.006598570530333],""finish"":4.006598570530333,""tardiness"":2.09823133872722},""8"":{""start"":1.168456715164825,""completion_by_type"":[1.6856464701055196,1.975404635120615],""finish"":1.975404635120615,""tardiness"":0.0},""9"":{""start"":0.4528025840923322,""completion_by_type"":[1.1437618195195474,1.3730467336739505],""finish"":1.3730467336739505,""tardiness"":0.0},""10"":{""start"":1.2419051802084993,""completion_by_type"":[1.7083313978973549,2.175321360214002],""finish"":2.175321360214002,""tardiness"":1.2725180063976904}}","{""distance"":11.18107830961818,""tardiness"":6.703171178065239,""objective"":8.94212474384171,""task_times"":{""1"":{""start"":4.10338469158229,""completion_by_type"":[4.570880957072017,5.0073951747005845],""finish"":5.0073951747005845,""tardiness"":0.0},""2"":{""start"":1.6018203823541968,""completion_by_type"":[2.2217258567693783,2.7026559888095587],""finish"":2.7026559888095587,""tardiness"":2.2611466321898814},""3"":{""start"":1.1000355681441416,""completion_by_type"":[1.4222644259308566,2.047065088414652],""finish"":2.047065088414652,""tardiness"":0.492878226921748},""4"":{""start"":2.480393831568755,""completion_by_type"":[2.817838908968439,3.581409549186758],""finish"":3.581409549186758,""tardiness"":0.12303436858045824},""5"":{""start"":1.7201976500295788,""completion_by_type"":[2.0538899003317184,2.8963181004868868],""finish"":2.8963181004868868,""tardiness"":0.0},""6"":{""start"":2.1087032633034615,""completion_by_type"":[2.4870941558310236,3.0072942084212873],""finish"":3.0072942084212873,""tardiness"":0.45536260524824224},""7"":{""start"":2.9792425871345865,""completion_by_type"":[3.5514419743047787,4.006598570530333],""finish"":4.006598570530333,""tardiness"":2.09823133872722},""8"":{""start"":1.168456715164825,""completion_by_type"":[1.6856464701055196,1.975404635120615],""finish"":1.975404635120615,""tardiness"":0.0},""9"":{""start"":0.4528025840923322,""completion_by_type"":[1.1437618195195474,1.3730467336739505],""finish"":1.3730467336739505,""tardiness"":0.0},""10"":{""start"":1.2419051802084993,""completion_by_type"":[1.7083313978973549,2.175321360214002],""finish"":2.175321360214002,""tardiness"":1.2725180063976904}}}","{""objective"":9.863598648962579e-08,""distance"":0.0,""tardiness"":1.9727197209107317e-07}",3600,1,0,100.0,manhattan,"[0.5,0.5]",True
k2_n10_i026,1,optimal,2,10,26,N10_K2_M12_I26,2,OPTIMAL,True,True,6.420141011963919,10.034461653288206,2.8058203706396307,6.420141011963917,6.420141011963917,0.0,10,72.88800001144409,72.39716398812335,11131.0,333107.0,,optimal,,"{""1"":[7,1,3],""2"":[8,10],""3"":[2,4],""4"":[6,9,5],""5"":[],""6"":[7],""7"":[1,3],""8"":[6,9,5],""9"":[4],""10"":[],""11"":[2],""12"":[8,10]}","{""1"":{""start"":1.4922364581821177,""completion_by_type"":[2.037926429451575,2.4983538557733436],""finish"":2.4983538557733436,""tardiness"":0.0},""2"":{""start"":0.6413565729389953,""completion_by_type"":[1.0504540597110037,1.7894289717952523],""finish"":1.7894289717952523,""tardiness"":0.0},""3"":{""start"":2.8440158018807082,""completion_by_type"":[3.3731182981521606,3.683805677904674],""finish"":3.683805677904674,""tardiness"":0.0},""4"":{""start"":1.184477858290844,""completion_by_type"":[1.8510208658576142,2.3308557938573755],""finish"":2.3308557938573755,""tardiness"":1.1914824983077505},""5"":{""start"":3.4177348241009167,""completion_by_type"":[3.85704406429091,4.462344154857934],""finish"":4.462344154857934,""tardiness"":0.0},""6"":{""start"":1.1473467785598692,""completion_by_type"":[1.639017149350919,2.1544283569904024],""finish"":2.1544283569904024,""tardiness"":0.0},""7"":{""start"":0.6931495983935558,""completion_by_type"":[0.9956485892654909,1.8616938834255883],""finish"":1.8616938834255883,""tardiness"":1.5361301304024515},""8"":{""start"":0.5173776610624287,""completion_by_type"":[1.0453679866067218,1.481996928793416],""finish"":1.481996928793416,""tardiness"":0.0},""9"":{""start"":2.386972920961618,""completion_by_type"":[2.725729827973101,3.2368650113626676],""finish"":3.2368650113626676,""tardiness"":0.0},""10"":{""start"":1.9333265918158637,""completion_by_type"":[2.543637483437199,2.9232700684446487],""finish"":2.9232700684446487,""tardiness"":0.07820774192944668}}","{""distance"":10.034461653288208,""tardiness"":2.8058203706396485,""objective"":6.420141011963928,""task_times"":{""1"":{""start"":1.4922364581821177,""completion_by_type"":[2.037926429451575,2.4983538557733436],""finish"":2.4983538557733436,""tardiness"":0.0},""2"":{""start"":0.6413565729389953,""completion_by_type"":[1.0504540597110037,1.7894289717952523],""finish"":1.7894289717952523,""tardiness"":0.0},""3"":{""start"":2.8440158018807082,""completion_by_type"":[3.3731182981521606,3.683805677904674],""finish"":3.683805677904674,""tardiness"":0.0},""4"":{""start"":1.184477858290844,""completion_by_type"":[1.8510208658576142,2.3308557938573755],""finish"":2.3308557938573755,""tardiness"":1.1914824983077505},""5"":{""start"":3.4177348241009167,""completion_by_type"":[3.85704406429091,4.462344154857934],""finish"":4.462344154857934,""tardiness"":0.0},""6"":{""start"":1.1473467785598692,""completion_by_type"":[1.639017149350919,2.1544283569904024],""finish"":2.1544283569904024,""tardiness"":0.0},""7"":{""start"":0.6931495983935558,""completion_by_type"":[0.9956485892654909,1.8616938834255883],""finish"":1.8616938834255883,""tardiness"":1.5361301304024515},""8"":{""start"":0.5173776610624287,""completion_by_type"":[1.0453679866067218,1.481996928793416],""finish"":1.481996928793416,""tardiness"":0.0},""9"":{""start"":2.386972920961618,""completion_by_type"":[2.725729827973101,3.2368650113626676],""finish"":3.2368650113626676,""tardiness"":0.0},""10"":{""start"":1.9333265918158637,""completion_by_type"":[2.543637483437199,2.9232700684446487],""finish"":2.9232700684446487,""tardiness"":0.07820774192944668}}}","{""objective"":8.881784197001252e-15,""distance"":1.7763568394002505e-15,""tardiness"":1.7763568394002505e-14}",3600,1,0,100.0,manhattan,"[0.5,0.5]",True
k2_n10_i027,1,optimal,2,10,27,N10_K2_M12_I27,2,OPTIMAL,True,True,7.655210625900899,12.037008617862124,3.273412633939674,7.655210625900899,7.655210396029308,0.0,10,319.0629999637604,368.3918803931157,126649.0,3680723.0,,optimal,,"{""1"":[3,5,6],""2"":[4,10],""3"":[9,7,1],""4"":[2,8],""5"":[],""6"":[2,8],""7"":[4,10],""8"":[9],""9"":[7,1],""10"":[5],""11"":[],""12"":[3,6]}","{""1"":{""start"":3.0105045694923804,""completion_by_type"":[3.3838704198367986,3.8333105914140386],""finish"":3.8333105914140386,""tardiness"":0.0},""2"":{""start"":0.6839228753915705,""completion_by_type"":[1.0937560470766643,1.5604358409922374],""finish"":1.5604358409922374,""tardiness"":0.0},""3"":{""start"":0.8095106458088315,""completion_by_type"":[1.182122919579255,1.8382429837392997],""finish"":1.8382429837392997,""tardiness"":0.0},""4"":{""start"":1.1452584355579787,""completion_by_type"":[1.778668078973932,2.040665295093059],""finish"":2.040665295093059,""tardiness"":1.3798288482378014},""5"":{""start"":1.4687163233203575,""completion_by_type"":[1.8987995578083128,2.3808217478989255],""finish"":2.3808217478989255,""tardiness"":1.2155048855189254},""6"":{""start"":2.4429377691900713,""completion_by_type"":[3.129232104722203,3.6298727944786338],""finish"":3.6298727944786338,""tardiness"":0.20960589884909098},""7"":{""start"":1.6442342512401813,""completion_by_type"":[1.9536748946341818,2.816720322379825],""finish"":2.816720322379825,""tardiness"":0.35051404093045635},""8"":{""start"":1.9527612927070581,""completion_by_type"":[2.4869164562901354,2.9200126826604875],""finish"":2.9200126826604875,""tardiness"":0.11795896040338372},""9"":{""start"":0.3289692790847542,""completion_by_type"":[0.7781736957517028,1.2253946666681752],""finish"":1.2253946666681752,""tardiness"":0.0},""10"":{""start"":2.2260813217968627,""completion_by_type"":[2.664871203395029,3.412520665859031],""finish"":3.412520665859031,""tardiness"":0.0}}","{""distance"":12.037008617862126,""tardiness"":3.2734126339396576,""objective"":7.655210625900892,""task_times"":{""1"":{""start"":3.0105045694923804,""completion_by_type"":[3.3838704198367986,3.8333105914140386],""finish"":3.8333105914140386,""tardiness"":0.0},""2"":{""start"":0.6839228753915705,""completion_by_type"":[1.0937560470766643,1.5604358409922374],""finish"":1.5604358409922374,""tardiness"":0.0},""3"":{""start"":0.8095106458088315,""completion_by_type"":[1.182122919579255,1.8382429837392997],""finish"":1.8382429837392997,""tardiness"":0.0},""4"":{""start"":1.1452584355579787,""completion_by_type"":[1.778668078973932,2.040665295093059],""finish"":2.040665295093059,""tardiness"":1.3798288482378014},""5"":{""start"":1.4687163233203575,""completion_by_type"":[1.8987995578083128,2.3808217478989255],""finish"":2.3808217478989255,""tardiness"":1.2155048855189254},""6"":{""start"":2.4429377691900713,""completion_by_type"":[3.129232104722203,3.6298727944786338],""finish"":3.6298727944786338,""tardiness"":0.20960589884909098},""7"":{""start"":1.6442342512401813,""completion_by_type"":[1.9536748946341818,2.816720322379825],""finish"":2.816720322379825,""tardiness"":0.35051404093045635},""8"":{""start"":1.9527612927070581,""completion_by_type"":[2.4869164562901354,2.9200126826604875],""finish"":2.9200126826604875,""tardiness"":0.11795896040338372},""9"":{""start"":0.3289692790847542,""completion_by_type"":[0.7781736957517028,1.2253946666681752],""finish"":1.2253946666681752,""tardiness"":0.0},""10"":{""start"":2.2260813217968627,""completion_by_type"":[2.664871203395029,3.412520665859031],""finish"":3.412520665859031,""tardiness"":0.0}}}","{""objective"":7.105427357601002e-15,""distance"":1.7763568394002505e-15,""tardiness"":1.6431300764452317e-14}",3600,1,0,100.0,manhattan,"[0.5,0.5]",True
k2_n10_i028,1,optimal,2,10,28,N10_K2_M12_I28,2,OPTIMAL,True,True,7.740399167393912,10.744915150666188,4.7358831841216364,7.740399167393803,7.740399167393803,0.0,10,196.80599999427795,222.96920709082283,74441.0,2083580.0,,optimal,,"{""1"":[10],""2"":[3,2,9,4,1],""3"":[6,5],""4"":[7,8],""5"":[2,4],""6"":[10],""7"":[],""8"":[7,8],""9"":[6,5],""10"":[],""11"":[],""12"":[3,9,1]}","{""1"":{""start"":4.053337863546645,""completion_by_type"":[4.356574947670706,5.108013552068443],""finish"":5.108013552068443,""tardiness"":0.1873054668893852},""2"":{""start"":1.3281544884837693,""completion_by_type"":[1.7020423955443633,2.2904589259654284],""finish"":2.2904589259654284,""tardiness"":0.8094722609256575},""3"":{""start"":0.8052612351857114,""completion_by_type"":[1.1227657833757752,1.6475284343120515],""finish"":1.6475284343120515,""tardiness"":0.0},""4"":{""start"":3.355394539373358,""completion_by_type"":[3.7623176663969984,4.434449928328519],""finish"":4.434449928328519,""tardiness"":0.0},""5"":{""start"":1.9995321515537445,""completion_by_type"":[2.3826540258962456,2.880455974893504],""finish"":2.880455974893504,""tardiness"":0.41545853008616307},""6"":{""start"":0.9841842427448864,""completion_by_type"":[1.3515406235040643,1.9895225439096993],""finish"":1.9895225439096993,""tardiness"":1.1572956617232948},""7"":{""start"":0.2966285014792358,""completion_by_type"":[0.6884783642417761,1.470477318024683],""finish"":1.470477318024683,""tardiness"":0.0},""8"":{""start"":1.7542123190567969,""completion_by_type"":[2.3907012520843542,2.579852657679392],""finish"":2.579852657679392,""tardiness"":0.0},""9"":{""start"":2.6227075616224473,""completion_by_type"":[2.930023422939053,3.6561001430128677],""finish"":3.6561001430128677,""tardiness"":0.6150948106457328},""10"":{""start"":0.7763610665167114,""completion_by_type"":[1.3055081395530832,1.92681333177714],""finish"":1.92681333177714,""tardiness"":1.551256453851388}}","{""distance"":10.744915150666188,""tardiness"":4.735883184121621,""objective"":7.740399167393905,""task_times"":{""1"":{""start"":4.053337863546645,""completion_by_type"":[4.356574947670706,5.108013552068443],""finish"":5.108013552068443,""tardiness"":0.1873054668893852},""2"":{""start"":1.3281544884837693,""completion_by_type"":[1.7020423955443633,2.2904589259654284],""finish"":2.2904589259654284,""tardiness"":0.8094722609256575},""3"":{""start"":0.8052612351857114,""completion_by_type"":[1.1227657833757752,1.6475284343120515],""finish"":1.6475284343120515,""tardiness"":0.0},""4"":{""start"":3.355394539373358,""completion_by_type"":[3.7623176663969984,4.434449928328519],""finish"":4.434449928328519,""tardiness"":0.0},""5"":{""start"":1.9995321515537445,""completion_by_type"":[2.3826540258962456,2.880455974893504],""finish"":2.880455974893504,""tardiness"":0.41545853008616307},""6"":{""start"":0.9841842427448864,""completion_by_type"":[1.3515406235040643,1.9895225439096993],""finish"":1.9895225439096993,""tardiness"":1.1572956617232948},""7"":{""start"":0.2966285014792358,""completion_by_type"":[0.6884783642417761,1.470477318024683],""finish"":1.470477318024683,""tardiness"":0.0},""8"":{""start"":1.7542123190567969,""completion_by_type"":[2.3907012520843542,2.579852657679392],""finish"":2.579852657679392,""tardiness"":0.0},""9"":{""start"":2.6227075616224473,""completion_by_type"":[2.930023422939053,3.6561001430128677],""finish"":3.6561001430128677,""tardiness"":0.6150948106457328},""10"":{""start"":0.7763610665167114,""completion_by_type"":[1.3055081395530832,1.92681333177714],""finish"":1.92681333177714,""tardiness"":1.551256453851388}}}","{""objective"":7.105427357601002e-15,""distance"":0.0,""tardiness"":1.509903313490213e-14}",3600,1,0,100.0,manhattan,"[0.5,0.5]",True
k2_n10_i029,1,optimal,2,10,29,N10_K2_M12_I29,2,OPTIMAL,True,True,8.041953236217006,11.043295816931359,5.040610655502655,8.041953236217006,8.041952969763429,0.0,10,2140.213000059128,2644.5377856133027,774276.0,20766075.0,,optimal,,"{""1"":[2,3,9,7],""2"":[6,8],""3"":[5,4,1,10],""4"":[],""5"":[],""6"":[5,4,1,10],""7"":[6,8],""8"":[],""9"":[],""10"":[2,9],""11"":[3,7],""12"":[]}","{""1"":{""start"":2.696473051027438,""completion_by_type"":[3.049083625239516,3.6787893900210684],""finish"":3.6787893900210684,""tardiness"":0.0},""2"":{""start"":0.8671257799180893,""completion_by_type"":[1.45426282535714,1.7986362602692962],""finish"":1.7986362602692962,""tardiness"":1.4289808497787289},""3"":{""start"":1.8395177615614897,""completion_by_type"":[2.472083519761203,2.660617017434799],""finish"":2.660617017434799,""tardiness"":0.9924909555316632},""4"":{""start"":1.6563934357541115,""completion_by_type"":[2.140679584193585,2.5022310769318805],""finish"":2.5022310769318805,""tardiness"":0.0},""5"":{""start"":0.7123538782716841,""completion_by_type"":[1.0311259859141608,1.5465841811662955],""finish"":1.5465841811662955,""tardiness"":0.0},""6"":{""start"":1.1419871279756622,""completion_by_type"":[1.7615389054792843,1.9721974268000968],""finish"":1.9721974268000968,""tardiness"":0.8986392125459388},""7"":{""start"":3.226447295450868,""completion_by_type"":[3.849446207896617,4.169381503850831],""finish"":4.169381503850831,""tardiness"":0.0},""8"":{""start"":2.6717042680990337,""completion_by_type"":[3.1966382940376583,3.531404083085827],""finish"":3.531404083085827,""tardiness"":1.3839502069282887},""9"":{""start"":2.5436226378832147,""completion_by_type"":[2.8766532034076255,3.7062507363932147],""finish"":3.7062507363932147,""tardiness"":0.15403302300029154},""10"":{""start"":4.125684388218788,""completion_by_type"":[4.5140468333724,5.174075448650626],""finish"":5.174075448650626,""tardiness"":0.18251640771773747}}","{""distance"":11.043295816931357,""tardiness"":5.040610655502649,""objective"":8.041953236217003,""task_times"":{""1"":{""start"":2.696473051027438,""completion_by_type"":[3.049083625239516,3.6787893900210684],""finish"":3.6787893900210684,""tardiness"":0.0},""2"":{""start"":0.8671257799180893,""completion_by_type"":[1.45426282535714,1.7986362602692962],""finish"":1.7986362602692962,""tardiness"":1.4289808497787289},""3"":{""start"":1.8395177615614897,""completion_by_type"":[2.472083519761203,2.660617017434799],""finish"":2.660617017434799,""tardiness"":0.9924909555316632},""4"":{""start"":1.6563934357541115,""completion_by_type"":[2.140679584193585,2.5022310769318805],""finish"":2.5022310769318805,""tardiness"":0.0},""5"":{""start"":0.7123538782716841,""completion_by_type"":[1.0311259859141608,1.5465841811662955],""finish"":1.5465841811662955,""tardiness"":0.0},""6"":{""start"":1.1419871279756622,""completion_by_type"":[1.7615389054792843,1.9721974268000968],""finish"":1.9721974268000968,""tardiness"":0.8986392125459388},""7"":{""start"":3.226447295450868,""completion_by_type"":[3.849446207896617,4.169381503850831],""finish"":4.169381503850831,""tardiness"":0.0},""8"":{""start"":2.6717042680990337,""completion_by_type"":[3.1966382940376583,3.531404083085827],""finish"":3.531404083085827,""tardiness"":1.3839502069282887},""9"":{""start"":2.5436226378832147,""completion_by_type"":[2.8766532034076255,3.7062507363932147],""finish"":3.7062507363932147,""tardiness"":0.15403302300029154},""10"":{""start"":4.125684388218788,""completion_by_type"":[4.5140468333724,5.174075448650626],""finish"":5.174075448650626,""tardiness"":0.18251640771773747}}}","{""objective"":3.552713678800501e-15,""distance"":1.7763568394002505e-15,""tardiness"":6.217248937900877e-15}",3600,1,0,100.0,manhattan,"[0.5,0.5]",True
k2_n10_i030,1,optimal,2,10,30,N10_K2_M12_I30,2,OPTIMAL,True,True,7.968047374421946,11.108832919925664,4.827261828918227,7.968047374421909,7.968047374421909,0.0,10,156.42400002479553,178.8318917468437,50169.0,1417815.0,,optimal,,"{""1"":[4,1,2],""2"":[10,7],""3"":[3,9,8],""4"":[5,6],""5"":[],""6"":[],""7"":[10,6,7],""8"":[5,2],""9"":[4,1],""10"":[],""11"":[],""12"":[3,9,8]}","{""1"":{""start"":2.1259823148797583,""completion_by_type"":[2.5197764853966103,3.199885575404533],""finish"":3.199885575404533,""tardiness"":0.0},""2"":{""start"":3.060640010565535,""completion_by_type"":[3.74373670343992,4.241509989060973],""finish"":4.241509989060973,""tardiness"":1.8676159624970605},""3"":{""start"":0.43885529911086874,""completion_by_type"":[1.00659169670862,1.6128914289044063],""finish"":1.6128914289044063,""tardiness"":0.24855983592947628},""4"":{""start"":0.8189805597593108,""completion_by_type"":[1.2967021485327879,1.788562173060455],""finish"":1.788562173060455,""tardiness"":0.0},""5"":{""start"":1.0533571922364753,""completion_by_type"":[1.615672690827355,2.0821913690037386],""finish"":2.0821913690037386,""tardiness"":0.9398138825167106},""6"":{""start"":2.487150555334458,""completion_by_type"":[2.9928144506522463,3.4648815325814732],""finish"":3.4648815325814732,""tardiness"":0.6136195518446961},""7"":{""start"":4.132127076457036,""completion_by_type"":[4.5395241485216555,5.146934676065354],""finish"":5.146934676065354,""tardiness"":0.0239191078240939},""8"":{""start"":2.983964120001104,""completion_by_type"":[3.3197798975835093,4.134429399248404],""finish"":4.134429399248404,""tardiness"":0.0},""9"":{""start"":1.7126886612150778,""completion_by_type"":[2.0994438992266535,2.808964234604664],""finish"":2.808964234604664,""tardiness"":0.0},""10"":{""start"":0.6297972626068662,""completion_by_type"":[1.2835034145065118,1.4693483468699433],""finish"":1.4693483468699433,""tardiness"":1.133733488306158}}","{""distance"":11.108832919925662,""tardiness"":4.8272618289181946,""objective"":7.9680473744219285,""task_times"":{""1"":{""start"":2.1259823148797583,""completion_by_type"":[2.5197764853966103,3.199885575404533],""finish"":3.199885575404533,""tardiness"":0.0},""2"":{""start"":3.060640010565535,""completion_by_type"":[3.74373670343992,4.241509989060973],""finish"":4.241509989060973,""tardiness"":1.8676159624970605},""3"":{""start"":0.43885529911086874,""completion_by_type"":[1.00659169670862,1.6128914289044063],""finish"":1.6128914289044063,""tardiness"":0.24855983592947628},""4"":{""start"":0.8189805597593108,""completion_by_type"":[1.2967021485327879,1.788562173060455],""finish"":1.788562173060455,""tardiness"":0.0},""5"":{""start"":1.0533571922364753,""completion_by_type"":[1.615672690827355,2.0821913690037386],""finish"":2.0821913690037386,""tardiness"":0.9398138825167106},""6"":{""start"":2.487150555334458,""completion_by_type"":[2.9928144506522463,3.4648815325814732],""finish"":3.4648815325814732,""tardiness"":0.6136195518446961},""7"":{""start"":4.132127076457036,""completion_by_type"":[4.5395241485216555,5.146934676065354],""finish"":5.146934676065354,""tardiness"":0.0239191078240939},""8"":{""start"":2.983964120001104,""completion_by_type"":[3.3197798975835093,4.134429399248404],""finish"":4.134429399248404,""tardiness"":0.0},""9"":{""start"":1.7126886612150778,""completion_by_type"":[2.0994438992266535,2.808964234604664],""finish"":2.808964234604664,""tardiness"":0.0},""10"":{""start"":0.6297972626068662,""completion_by_type"":[1.2835034145065118,1.4693483468699433],""finish"":1.4693483468699433,""tardiness"":1.133733488306158}}}","{""objective"":1.7763568394002505e-14,""distance"":1.7763568394002505e-15,""tardiness"":3.2862601528904634e-14}",3600,1,0,100.0,manhattan,"[0.5,0.5]",True
k2_n10_i031,1,optimal,2,10,31,N10_K2_M12_I31,2,OPTIMAL,True,True,7.776213979048397,10.256318276992944,5.29610968110385,7.776213979048397,7.776213979048397,0.0,10,8.806999921798706,9.656014561705291,738.0,24927.0,,optimal,,"{""1"":[6,10,5],""2"":[4,1,9],""3"":[7,8,2],""4"":[3],""5"":[],""6"":[1,9],""7"":[3],""8"":[4],""9"":[7,8,2],""10"":[],""11"":[],""12"":[6,10,5]}","{""1"":{""start"":1.848205485389215,""completion_by_type"":[2.445841018999187,3.037187189579149],""finish"":3.037187189579149,""tardiness"":0.4610280309415171},""2"":{""start"":3.1679948824085047,""completion_by_type"":[3.5563930122827037,4.191178727233569],""finish"":4.191178727233569,""tardiness"":0.12364370690143911},""3"":{""start"":0.3797170424689841,""completion_by_type"":[0.8799262575817345,1.299546027868981],""finish"":1.299546027868981,""tardiness"":0.0},""4"":{""start"":0.7638510720946112,""completion_by_type"":[1.1162581051866725,1.9260607362071245],""finish"":1.9260607362071245,""tardiness"":1.6128546477162842},""5"":{""start"":3.509494059916207,""completion_by_type"":[3.835394570471447,4.450576857388941],""finish"":4.450576857388941,""tardiness"":0.0},""6"":{""start"":0.5904786429807822,""completion_by_type"":[1.082165828835676,1.5742402677646876],""finish"":1.5742402677646876,""tardiness"":0.0},""7"":{""start"":0.7128727820104591,""completion_by_type"":[1.1550313218713741,1.6643933026697917],""finish"":1.6643933026697917,""tardiness"":0.05872590945000278},""8"":{""start"":1.997104197459158,""completion_by_type"":[2.3519660587459676,2.870661893574635],""finish"":2.870661893574635,""tardiness"":1.9936993618898087},""9"":{""start"":3.17073574026279,""completion_by_type"":[3.691409971811283,4.124529714412358],""finish"":4.124529714412358,""tardiness"":1.0461580242051975},""10"":{""start"":1.999035557869991,""completion_by_type"":[2.569320891865061,3.1305151016366004],""finish"":3.1305151016366004,""tardiness"":0.0}}","{""distance"":10.256318276992944,""tardiness"":5.29610968110425,""objective"":7.776213979048597,""task_times"":{""1"":{""start"":1.848205485389215,""completion_by_type"":[2.445841018999187,3.037187189579149],""finish"":3.037187189579149,""tardiness"":0.4610280309415171},""2"":{""start"":3.1679948824085047,""completion_by_type"":[3.5563930122827037,4.191178727233569],""finish"":4.191178727233569,""tardiness"":0.12364370690143911},""3"":{""start"":0.3797170424689841,""completion_by_type"":[0.8799262575817345,1.299546027868981],""finish"":1.299546027868981,""tardiness"":0.0},""4"":{""start"":0.7638510720946112,""completion_by_type"":[1.1162581051866725,1.9260607362071245],""finish"":1.9260607362071245,""tardiness"":1.6128546477162842},""5"":{""start"":3.509494059916207,""completion_by_type"":[3.835394570471447,4.450576857388941],""finish"":4.450576857388941,""tardiness"":0.0},""6"":{""start"":0.5904786429807822,""completion_by_type"":[1.082165828835676,1.5742402677646876],""finish"":1.5742402677646876,""tardiness"":0.0},""7"":{""start"":0.7128727820104591,""completion_by_type"":[1.1550313218713741,1.6643933026697917],""finish"":1.6643933026697917,""tardiness"":0.05872590945000278},""8"":{""start"":1.997104197459158,""completion_by_type"":[2.3519660587459676,2.870661893574635],""finish"":2.870661893574635,""tardiness"":1.9936993618898087},""9"":{""start"":3.17073574026279,""completion_by_type"":[3.691409971811283,4.124529714412358],""finish"":4.124529714412358,""tardiness"":1.0461580242051975},""10"":{""start"":1.999035557869991,""completion_by_type"":[2.569320891865061,3.1305151016366004],""finish"":3.1305151016366004,""tardiness"":0.0}}}","{""objective"":1.9984014443252818e-13,""distance"":0.0,""tardiness"":3.9968028886505635e-13}",3600,1,0,100.0,manhattan,"[0.5,0.5]",True
k2_n10_i032,1,optimal,2,10,32,N10_K2_M12_I32,2,OPTIMAL,True,True,6.886418025662309,9.493630308087754,4.279205743236863,6.886418025662307,6.886418025662307,0.0,10,14.940999984741211,16.085037728166753,3902.0,105654.0,,optimal,,"{""1"":[9,1,10],""2"":[],""3"":[7,4,2],""4"":[8,3,5,6],""5"":[],""6"":[8,5,6],""7"":[9,10],""8"":[],""9"":[1],""10"":[3],""11"":[],""12"":[7,4,2]}","{""1"":{""start"":1.6364512644478955,""completion_by_type"":[2.2266039689111805,2.7572367320271507],""finish"":2.7572367320271507,""tardiness"":1.7691427013873413},""2"":{""start"":2.7714996298083276,""completion_by_type"":[3.169385093538647,3.8320432765105066],""finish"":3.8320432765105066,""tardiness"":0.0},""3"":{""start"":1.4949706850634557,""completion_by_type"":[2.053883089779651,2.563169121595025],""finish"":2.563169121595025,""tardiness"":0.0},""4"":{""start"":1.7865932822577502,""completion_by_type"":[2.307773027646348,2.6857293217260216],""finish"":2.6857293217260216,""tardiness"":0.6242687582467155},""5"":{""start"":2.3581857641272683,""completion_by_type"":[2.7674352330423773,3.4369114149319664],""finish"":3.4369114149319664,""tardiness"":0.0},""6"":{""start"":3.611583773377291,""completion_by_type"":[4.2297822786490995,4.468367839045905],""finish"":4.468367839045905,""tardiness"":0.0},""7"":{""start"":0.717034154920519,""completion_by_type"":[1.275079468944599,1.6003437145268502],""finish"":1.6003437145268502,""tardiness"":0.26448597446817623},""8"":{""start"":0.4475888502236615,""completion_by_type"":[0.9308276099341648,1.5943464640942735],""finish"":1.5943464640942735,""tardiness"":0.0},""9"":{""start"":0.8219169023508718,""completion_by_type"":[1.2051984662580177,2.0016958297113203],""finish"":2.0016958297113203,""tardiness"":1.4297725513310904},""10"":{""start"":2.543514203045954,""completion_by_type"":[2.927235341796539,3.701513526480454],""finish"":3.701513526480454,""tardiness"":0.19153575780385212}}","{""distance"":9.493630308087756,""tardiness"":4.279205743237174,""objective"":6.886418025662465,""task_times"":{""1"":{""start"":1.6364512644478955,""completion_by_type"":[2.2266039689111805,2.7572367320271507],""finish"":2.7572367320271507,""tardiness"":1.7691427013873413},""2"":{""start"":2.7714996298083276,""completion_by_type"":[3.169385093538647,3.8320432765105066],""finish"":3.8320432765105066,""tardiness"":0.0},""3"":{""start"":1.4949706850634557,""completion_by_type"":[2.053883089779651,2.563169121595025],""finish"":2.563169121595025,""tardiness"":0.0},""4"":{""start"":1.7865932822577502,""completion_by_type"":[2.307773027646348,2.6857293217260216],""finish"":2.6857293217260216,""tardiness"":0.6242687582467155},""5"":{""start"":2.3581857641272683,""completion_by_type"":[2.7674352330423773,3.4369114149319664],""finish"":3.4369114149319664,""tardiness"":0.0},""6"":{""start"":3.611583773377291,""completion_by_type"":[4.2297822786490995,4.468367839045905],""finish"":4.468367839045905,""tardiness"":0.0},""7"":{""start"":0.717034154920519,""completion_by_type"":[1.275079468944599,1.6003437145268502],""finish"":1.6003437145268502,""tardiness"":0.26448597446817623},""8"":{""start"":0.4475888502236615,""completion_by_type"":[0.9308276099341648,1.5943464640942735],""finish"":1.5943464640942735,""tardiness"":0.0},""9"":{""start"":0.8219169023508718,""completion_by_type"":[1.2051984662580177,2.0016958297113203],""finish"":2.0016958297113203,""tardiness"":1.4297725513310904},""10"":{""start"":2.543514203045954,""completion_by_type"":[2.927235341796539,3.701513526480454],""finish"":3.701513526480454,""tardiness"":0.19153575780385212}}}","{""objective"":1.5631940186722204e-13,""distance"":1.7763568394002505e-15,""tardiness"":3.1086244689504383e-13}",3600,1,0,100.0,manhattan,"[0.5,0.5]",True
k2_n10_i033,1,optimal,2,10,33,N10_K2_M12_I33,2,OPTIMAL,True,True,7.4418574361274334,9.518486052021423,5.365228820233444,7.441857352408199,7.441857352408199,1.1249776676098788e-08,10,382.8470001220703,435.00858834563206,201857.0,4185130.0,,optimal,,"{""1"":[5,10,9],""2"":[4,3],""3"":[6,2],""4"":[7,8,1],""5"":[4,3],""6"":[10],""7"":[6,2],""8"":[5,9],""9"":[],""10"":[7,8,1],""11"":[],""12"":[]}","{""1"":{""start"":2.9582134458115634,""completion_by_type"":[3.278997931819263,3.975027320086542],""finish"":3.975027320086542,""tardiness"":0.10731539366310816},""2"":{""start"":2.0019050640713627,""completion_by_type"":[2.4570697876465433,3.0382759891070394],""finish"":3.0382759891070394,""tardiness"":1.5055205433776204},""3"":{""start"":1.313324562937411,""completion_by_type"":[1.9051027148848583,2.3070937775173483],""finish"":2.3070937775173483,""tardiness"":0.0},""4"":{""start"":0.20457943734729134,""completion_by_type"":[0.5828955204341334,1.220092566808712],""finish"":1.220092566808712,""tardiness"":0.6784117442043427},""5"":{""start"":1.087665264486666,""completion_by_type"":[1.7812796490302056,2.1998845911773115],""finish"":2.1998845911773115,""tardiness"":0.0},""6"":{""start"":0.8999653199285813,""completion_by_type"":[1.5982664845087111,1.9801949089882813],""finish"":1.9801949089882813,""tardiness"":1.1216583354418481},""7"":{""start"":0.42156690270488006,""completion_by_type"":[0.9170434116989348,1.3017130966547694],""finish"":1.3017130966547694,""tardiness"":0.0},""8"":{""start"":1.6615344845262892,""completion_by_type"":[2.176215972167025,2.6720367481752865],""finish"":2.6720367481752865,""tardiness"":0.0},""9"":{""start"":3.006892023092786,""completion_by_type"":[3.3944780515766944,3.9222249371967],""finish"":3.9222249371967,""tardiness"":0.8758802832794221},""10"":{""start"":1.9651682236212316,""completion_by_type"":[2.442031652398942,3.1437402874194147],""finish"":3.1437402874194147,""tardiness"":1.0764425202671037}}","{""distance"":9.518486052021423,""tardiness"":5.365228820233446,""objective"":7.441857436127434,""task_times"":{""1"":{""start"":2.9582134458115634,""completion_by_type"":[3.278997931819263,3.975027320086542],""finish"":3.975027320086542,""tardiness"":0.10731539366310816},""2"":{""start"":2.0019050640713627,""completion_by_type"":[2.4570697876465433,3.0382759891070394],""finish"":3.0382759891070394,""tardiness"":1.5055205433776204},""3"":{""start"":1.313324562937411,""completion_by_type"":[1.9051027148848583,2.3070937775173483],""finish"":2.3070937775173483,""tardiness"":0.0},""4"":{""start"":0.20457943734729134,""completion_by_type"":[0.5828955204341334,1.220092566808712],""finish"":1.220092566808712,""tardiness"":0.6784117442043427},""5"":{""start"":1.087665264486666,""completion_by_type"":[1.7812796490302056,2.1998845911773115],""finish"":2.1998845911773115,""tardiness"":0.0},""6"":{""start"":0.8999653199285813,""completion_by_type"":[1.5982664845087111,1.9801949089882813],""finish"":1.9801949089882813,""tardiness"":1.1216583354418481},""7"":{""start"":0.42156690270488006,""completion_by_type"":[0.9170434116989348,1.3017130966547694],""finish"":1.3017130966547694,""tardiness"":0.0},""8"":{""start"":1.6615344845262892,""completion_by_type"":[2.176215972167025,2.6720367481752865],""finish"":2.6720367481752865,""tardiness"":0.0},""9"":{""start"":3.006892023092786,""completion_by_type"":[3.3944780515766944,3.9222249371967],""finish"":3.9222249371967,""tardiness"":0.8758802832794221},""10"":{""start"":1.9651682236212316,""completion_by_type"":[2.442031652398942,3.1437402874194147],""finish"":3.1437402874194147,""tardiness"":1.0764425202671037}}}","{""objective"":8.881784197001252e-16,""distance"":0.0,""tardiness"":1.7763568394002505e-15}",3600,1,0,100.0,manhattan,"[0.5,0.5]",True
k2_n10_i034,1,optimal,2,10,34,N10_K2_M12_I34,2,OPTIMAL,True,True,6.231283217182272,10.329684684689802,2.132881749674742,6.231283217182229,6.231283217182229,0.0,10,106.97300004959106,119.26565837335656,65899.0,999274.0,,optimal,,"{""1"":[5,4],""2"":[3,7],""3"":[2,1,10],""4"":[8,9,6],""5"":[9,4],""6"":[5],""7"":[8],""8"":[2,6],""9"":[1,10],""10"":[3,7],""11"":[],""12"":[]}","{""1"":{""start"":1.5782693015348697,""completion_by_type"":[2.1214364706450475,2.706939632923634],""finish"":2.706939632923634,""tardiness"":0.0},""2"":{""start"":0.7271902783651208,""completion_by_type"":[1.0815962908589987,1.6817577104926147],""finish"":1.6817577104926147,""tardiness"":1.006385737336007},""3"":{""start"":0.9001319619678141,""completion_by_type"":[1.5339731943739543,1.7726490258222714],""finish"":1.7726490258222714,""tardiness"":0.7344350491197944},""4"":{""start"":2.675573422435474,""completion_by_type"":[3.003213832630541,3.4862214284465667],""finish"":3.4862214284465667,""tardiness"":0.0},""5"":{""start"":0.25469836268281365,""completion_by_type"":[0.6297803058554624,1.3081367619940094],""finish"":1.3081367619940094,""tardiness"":0.0},""6"":{""start"":2.3351079916922908,""completion_by_type"":[2.7866690756249235,3.432788446265743],""finish"":3.432788446265743,""tardiness"":0.0},""7"":{""start"":1.9973057876930251,""completion_by_type"":[2.55375594237447,3.1202731389964304],""finish"":3.1202731389964304,""tardiness"":0.0},""8"":{""start"":0.5784045485689373,""completion_by_type"":[1.0052583406507636,1.7069788262363454],""finish"":1.7069788262363454,""tardiness"":0.0},""9"":{""start"":1.263202171254354,""completion_by_type"":[1.75698022614643,2.3930497337317167],""finish"":2.3930497337317167,""tardiness"":0.0},""10"":{""start"":3.0036900632327206,""completion_by_type"":[3.41152738565796,3.83446173614362],""finish"":3.83446173614362,""tardiness"":0.3920609632189431}}","{""distance"":10.329684684689804,""tardiness"":2.1328817496747448,""objective"":6.231283217182274,""task_times"":{""1"":{""start"":1.5782693015348697,""completion_by_type"":[2.1214364706450475,2.706939632923634],""finish"":2.706939632923634,""tardiness"":0.0},""2"":{""start"":0.7271902783651208,""completion_by_type"":[1.0815962908589987,1.6817577104926147],""finish"":1.6817577104926147,""tardiness"":1.006385737336007},""3"":{""start"":0.9001319619678141,""completion_by_type"":[1.5339731943739543,1.7726490258222714],""finish"":1.7726490258222714,""tardiness"":0.7344350491197944},""4"":{""start"":2.675573422435474,""completion_by_type"":[3.003213832630541,3.4862214284465667],""finish"":3.4862214284465667,""tardiness"":0.0},""5"":{""start"":0.25469836268281365,""completion_by_type"":[0.6297803058554624,1.3081367619940094],""finish"":1.3081367619940094,""tardiness"":0.0},""6"":{""start"":2.3351079916922908,""completion_by_type"":[2.7866690756249235,3.432788446265743],""finish"":3.432788446265743,""tardiness"":0.0},""7"":{""start"":1.9973057876930251,""completion_by_type"":[2.55375594237447,3.1202731389964304],""finish"":3.1202731389964304,""tardiness"":0.0},""8"":{""start"":0.5784045485689373,""completion_by_type"":[1.0052583406507636,1.7069788262363454],""finish"":1.7069788262363454,""tardiness"":0.0},""9"":{""start"":1.263202171254354,""completion_by_type"":[1.75698022614643,2.3930497337317167],""finish"":2.3930497337317167,""tardiness"":0.0},""10"":{""start"":3.0036900632327206,""completion_by_type"":[3.41152738565796,3.83446173614362],""finish"":3.83446173614362,""tardiness"":0.3920609632189431}}}","{""objective"":2.6645352591003757e-15,""distance"":1.7763568394002505e-15,""tardiness"":2.6645352591003757e-15}",3600,1,0,100.0,manhattan,"[0.5,0.5]",True
k2_n10_i035,1,optimal,2,10,35,N10_K2_M12_I35,2,OPTIMAL,True,True,6.7891209795525045,9.372805742460399,4.20543621664461,6.7891209795525045,6.789120979552505,0.0,10,3.873000144958496,4.26442111309519,879.0,22292.0,,optimal,,"{""1"":[1,7,9],""2"":[5,4,10,6],""3"":[3],""4"":[8,2],""5"":[7,9],""6"":[3],""7"":[],""8"":[1,4],""9"":[],""10"":[5,10,6],""11"":[],""12"":[8,2]}","{""1"":{""start"":0.23626451667069495,""completion_by_type"":[0.7294365670342722,1.0847057954107897],""finish"":1.0847057954107897,""tardiness"":0.0},""2"":{""start"":2.7176148726735443,""completion_by_type"":[3.2555857761540956,3.8625760693235716],""finish"":3.8625760693235716,""tardiness"":1.9446734948547666},""3"":{""start"":0.4586181573032495,""completion_by_type"":[1.0119746678012276,1.6239267182617938],""finish"":1.6239267182617938,""tardiness"":0.5289557657299977},""4"":{""start"":1.2007170500147326,""completion_by_type"":[1.63073070675686,2.1105269018844566],""finish"":2.1105269018844566,""tardiness"":0.0},""5"":{""start"":0.16459865125060014,""completion_by_type"":[0.5735541520894116,1.3011550141570238],""finish"":1.3011550141570238,""tardiness"":0.0},""6"":{""start"":3.304802098187607,""completion_by_type"":[3.7871632432198643,4.277474227536417],""finish"":4.277474227536417,""tardiness"":0.0},""7"":{""start"":1.409795934486687,""completion_by_type"":[1.9454146439874749,2.4673915432314866],""finish"":2.4673915432314866,""tardiness"":0.0},""8"":{""start"":1.2282692423198047,""completion_by_type"":[1.5388577347254264,2.0562144066388615],""finish"":2.0562144066388615,""tardiness"":1.7318069560598848},""9"":{""start"":2.5275274691970853,""completion_by_type"":[2.9522245042342443,3.7133743245459208],""finish"":3.7133743245459208,""tardiness"":0.0},""10"":{""start"":1.9708263335295437,""completion_by_type"":[2.3638723104942527,2.809304668526189],""finish"":2.809304668526189,""tardiness"":0.0}}","{""distance"":9.3728057424604,""tardiness"":4.2054362166446495,""objective"":6.789120979552525,""task_times"":{""1"":{""start"":0.23626451667069495,""completion_by_type"":[0.7294365670342722,1.0847057954107897],""finish"":1.0847057954107897,""tardiness"":0.0},""2"":{""start"":2.7176148726735443,""completion_by_type"":[3.2555857761540956,3.8625760693235716],""finish"":3.8625760693235716,""tardiness"":1.9446734948547666},""3"":{""start"":0.4586181573032495,""completion_by_type"":[1.0119746678012276,1.6239267182617938],""finish"":1.6239267182617938,""tardiness"":0.5289557657299977},""4"":{""start"":1.2007170500147326,""completion_by_type"":[1.63073070675686,2.1105269018844566],""finish"":2.1105269018844566,""tardiness"":0.0},""5"":{""start"":0.16459865125060014,""completion_by_type"":[0.5735541520894116,1.3011550141570238],""finish"":1.3011550141570238,""tardiness"":0.0},""6"":{""start"":3.304802098187607,""completion_by_type"":[3.7871632432198643,4.277474227536417],""finish"":4.277474227536417,""tardiness"":0.0},""7"":{""start"":1.409795934486687,""completion_by_type"":[1.9454146439874749,2.4673915432314866],""finish"":2.4673915432314866,""tardiness"":0.0},""8"":{""start"":1.2282692423198047,""completion_by_type"":[1.5388577347254264,2.0562144066388615],""finish"":2.0562144066388615,""tardiness"":1.7318069560598848},""9"":{""start"":2.5275274691970853,""completion_by_type"":[2.9522245042342443,3.7133743245459208],""finish"":3.7133743245459208,""tardiness"":0.0},""10"":{""start"":1.9708263335295437,""completion_by_type"":[2.3638723104942527,2.809304668526189],""finish"":2.809304668526189,""tardiness"":0.0}}}","{""objective"":2.042810365310288e-14,""distance"":1.7763568394002505e-15,""tardiness"":3.907985046680551e-14}",3600,1,0,100.0,manhattan,"[0.5,0.5]",True
k2_n10_i036,1,time_limit_feasible,2,10,36,N10_K2_M12_I36,9,TIME_LIMIT,True,False,6.4922739298524235,8.622768056173156,4.36177980353169,6.289308342287182,6.289308342287182,0.03126263459586574,10,3600.0090000629425,4372.202866517328,1392251.0,49113476.0,,time_limit_feasible,,"{""1"":[2,7,8],""2"":[4,9,10,6],""3"":[1,5,3],""4"":[],""5"":[],""6"":[],""7"":[],""8"":[7,6],""9"":[2,8],""10"":[4,9,10],""11"":[1,5,3],""12"":[]}","{""1"":{""start"":0.7102884492346537,""completion_by_type"":[1.0579855838715633,1.812525004953343],""finish"":1.812525004953343,""tardiness"":0.0},""2"":{""start"":1.0484127408089436,""completion_by_type"":[1.5464161149692848,2.2172973084419008],""finish"":2.2172973084419008,""tardiness"":0.8574837774804747},""3"":{""start"":3.152728017944104,""completion_by_type"":[3.6767670553052687,4.233196921004851],""finish"":4.233196921004851,""tardiness"":0.0},""4"":{""start"":0.1407090341498482,""completion_by_type"":[0.6381348434013827,1.049331810882458],""finish"":1.049331810882458,""tardiness"":0.0},""5"":{""start"":2.116946183778696,""completion_by_type"":[2.7365210785529346,3.052036819480522],""finish"":3.052036819480522,""tardiness"":0.0},""6"":{""start"":3.3737456643885912,""completion_by_type"":[3.8504713560848316,4.3751428712793565],""finish"":4.3751428712793565,""tardiness"":0.0},""7"":{""start"":1.7885285187065307,""completion_by_type"":[2.37432244339153,2.934825092619536],""finish"":2.934825092619536,""tardiness"":0.0},""8"":{""start"":2.713963249987721,""completion_by_type"":[3.32753182331282,3.9040488017204202],""finish"":3.9040488017204202,""tardiness"":3.3652661678645837},""9"":{""start"":1.0726995097536085,""completion_by_type"":[1.492218877985762,1.9268767893464336],""finish"":1.9268767893464336,""tardiness"":0.0},""10"":{""start"":2.4835588056495075,""completion_by_type"":[3.08703480511866,3.5586533238836817],""finish"":3.5586533238836817,""tardiness"":0.13902990453002362}}","{""distance"":8.622768056173157,""tardiness"":4.361779849875083,""objective"":6.49227395302412,""task_times"":{""1"":{""start"":0.7102884492346537,""completion_by_type"":[1.0579855838715633,1.812525004953343],""finish"":1.812525004953343,""tardiness"":0.0},""2"":{""start"":1.0484127408089436,""completion_by_type"":[1.5464161149692848,2.2172973084419008],""finish"":2.2172973084419008,""tardiness"":0.8574837774804747},""3"":{""start"":3.152728017944104,""completion_by_type"":[3.6767670553052687,4.233196921004851],""finish"":4.233196921004851,""tardiness"":0.0},""4"":{""start"":0.1407090341498482,""completion_by_type"":[0.6381348434013827,1.049331810882458],""finish"":1.049331810882458,""tardiness"":0.0},""5"":{""start"":2.116946183778696,""completion_by_type"":[2.7365210785529346,3.052036819480522],""finish"":3.052036819480522,""tardiness"":0.0},""6"":{""start"":3.3737456643885912,""completion_by_type"":[3.8504713560848316,4.3751428712793565],""finish"":4.3751428712793565,""tardiness"":0.0},""7"":{""start"":1.7885285187065307,""completion_by_type"":[2.37432244339153,2.934825092619536],""finish"":2.934825092619536,""tardiness"":0.0},""8"":{""start"":2.713963249987721,""completion_by_type"":[3.32753182331282,3.9040488017204202],""finish"":3.9040488017204202,""tardiness"":3.3652661678645837},""9"":{""start"":1.0726995097536085,""completion_by_type"":[1.492218877985762,1.9268767893464336],""finish"":1.9268767893464336,""tardiness"":0.0},""10"":{""start"":2.4835588056495075,""completion_by_type"":[3.08703480511866,3.5586533238836817],""finish"":3.5586533238836817,""tardiness"":0.13902990453002362}}}","{""objective"":2.3171696561519184e-08,""distance"":1.7763568394002505e-15,""tardiness"":4.634339223485995e-08}",3600,1,0,100.0,manhattan,"[0.5,0.5]",True
k2_n10_i037,1,optimal,2,10,37,N10_K2_M12_I37,2,OPTIMAL,True,True,7.96694529139773,11.41419234881227,4.51969823398319,7.96694529139773,7.966944978086856,0.0,10,1782.7330000400543,2176.0415207242736,818784.0,22391623.0,,optimal,,"{""1"":[8,10,4],""2"":[6,7,2],""3"":[5,9,1],""4"":[3],""5"":[3],""6"":[],""7"":[8,10,4],""8"":[6,2],""9"":[],""10"":[5,9,1],""11"":[7],""12"":[]}","{""1"":{""start"":3.558955030092014,""completion_by_type"":[3.9922789492857587,4.6334126461950795],""finish"":4.6334126461950795,""tardiness"":0.07914428960556119},""2"":{""start"":2.9616090011118765,""completion_by_type"":[3.6009599863537503,3.8469962088225875],""finish"":3.8469962088225875,""tardiness"":0.6672121312319605},""3"":{""start"":0.17819517947436248,""completion_by_type"":[0.5894612303288931,1.1786615600385186],""finish"":1.1786615600385186,""tardiness"":0.7992087461988365},""4"":{""start"":3.8792706736878513,""completion_by_type"":[4.457424495410747,4.954238706193557],""finish"":4.954238706193557,""tardiness"":0.0},""5"":{""start"":1.1756289972015528,""completion_by_type"":[1.5572006715788618,2.2386460234629837],""finish"":2.2386460234629837,""tardiness"":0.5434277548581117},""6"":{""start"":0.8893661506504038,""completion_by_type"":[1.2602630491886955,2.0869125951560665],""finish"":2.0869125951560665,""tardiness"":0.0},""7"":{""start"":1.7272219790307188,""completion_by_type"":[2.397712944727413,2.7850084211585866],""finish"":2.7850084211585866,""tardiness"":0.0},""8"":{""start"":0.9082635834079807,""completion_by_type"":[1.357219321517508,1.9289709094905634],""finish"":1.9289709094905634,""tardiness"":0.0},""9"":{""start"":2.3807352073755856,""completion_by_type"":[2.8087654342608097,3.481723613804351],""finish"":3.481723613804351,""tardiness"":0.061727679158738},""10"":{""start"":2.5084457046831914,""completion_by_type"":[3.0612368158747953,3.5171270357287807],""finish"":3.5171270357287807,""tardiness"":2.3689776329299748}}","{""distance"":11.41419234881227,""tardiness"":4.519698233983183,""objective"":7.966945291397726,""task_times"":{""1"":{""start"":3.558955030092014,""completion_by_type"":[3.9922789492857587,4.6334126461950795],""finish"":4.6334126461950795,""tardiness"":0.07914428960556119},""2"":{""start"":2.9616090011118765,""completion_by_type"":[3.6009599863537503,3.8469962088225875],""finish"":3.8469962088225875,""tardiness"":0.6672121312319605},""3"":{""start"":0.17819517947436248,""completion_by_type"":[0.5894612303288931,1.1786615600385186],""finish"":1.1786615600385186,""tardiness"":0.7992087461988365},""4"":{""start"":3.8792706736878513,""completion_by_type"":[4.457424495410747,4.954238706193557],""finish"":4.954238706193557,""tardiness"":0.0},""5"":{""start"":1.1756289972015528,""completion_by_type"":[1.5572006715788618,2.2386460234629837],""finish"":2.2386460234629837,""tardiness"":0.5434277548581117},""6"":{""start"":0.8893661506504038,""completion_by_type"":[1.2602630491886955,2.0869125951560665],""finish"":2.0869125951560665,""tardiness"":0.0},""7"":{""start"":1.7272219790307188,""completion_by_type"":[2.397712944727413,2.7850084211585866],""finish"":2.7850084211585866,""tardiness"":0.0},""8"":{""start"":0.9082635834079807,""completion_by_type"":[1.357219321517508,1.9289709094905634],""finish"":1.9289709094905634,""tardiness"":0.0},""9"":{""start"":2.3807352073755856,""completion_by_type"":[2.8087654342608097,3.481723613804351],""finish"":3.481723613804351,""tardiness"":0.061727679158738},""10"":{""start"":2.5084457046831914,""completion_by_type"":[3.0612368158747953,3.5171270357287807],""finish"":3.5171270357287807,""tardiness"":2.3689776329299748}}}","{""objective"":3.552713678800501e-15,""distance"":0.0,""tardiness"":7.105427357601002e-15}",3600,1,0,100.0,manhattan,"[0.5,0.5]",True
k2_n10_i038,1,optimal,2,10,38,N10_K2_M12_I38,2,OPTIMAL,True,True,6.384607604305742,9.436095643158719,3.333119565452765,6.384607604305742,6.384607604305744,0.0,10,43.44600009918213,45.47516696080736,15079.0,398790.0,,optimal,,"{""1"":[5,6,8],""2"":[3],""3"":[4,9,10],""4"":[7,1,2],""5"":[5,6,8],""6"":[3],""7"":[],""8"":[],""9"":[7,1,2],""10"":[4,9,10],""11"":[],""12"":[]}","{""1"":{""start"":2.2043052200588877,""completion_by_type"":[2.5212418648005013,3.3723062379578272],""finish"":3.3723062379578272,""tardiness"":0.8960997247402833},""2"":{""start"":3.5629768991223707,""completion_by_type"":[4.159200250305078,4.398511721572042],""finish"":4.398511721572042,""tardiness"":0.0},""3"":{""start"":0.7535979461040369,""completion_by_type"":[1.3021191198149524,1.9253010746084023],""finish"":1.9253010746084023,""tardiness"":1.106836775778162},""4"":{""start"":0.7312095512916442,""completion_by_type"":[1.1950497128761204,1.8629013176684008],""finish"":1.8629013176684008,""tardiness"":0.33209813307089187},""5"":{""start"":1.1948753163592924,""completion_by_type"":[1.6890745573252945,2.084761532606985],""finish"":2.084761532606985,""tardiness"":0.25114395275717105},""6"":{""start"":2.315530038748956,""completion_by_type"":[2.9743299197360327,3.138459531824732],""finish"":3.138459531824732,""tardiness"":0.0},""7"":{""start"":0.44964045201690117,""completion_by_type"":[1.0970656177119453,1.4440665115216675],""finish"":1.4440665115216675,""tardiness"":0.7469409791063008},""8"":{""start"":3.3372033764023175,""completion_by_type"":[3.7299298367559754,4.29785562955666],""finish"":4.29785562955666,""tardiness"":0.0},""9"":{""start"":1.9154115785754287,""completion_by_type"":[2.290865912770564,2.9408853904798864],""finish"":2.9408853904798864,""tardiness"":0.0},""10"":{""start"":3.0966779649590244,""completion_by_type"":[3.5292145558020525,3.951796582234733],""finish"":3.951796582234733,""tardiness"":0.0}}","{""distance"":9.436095643158723,""tardiness"":3.3331195654528094,""objective"":6.384607604305766,""task_times"":{""1"":{""start"":2.2043052200588877,""completion_by_type"":[2.5212418648005013,3.3723062379578272],""finish"":3.3723062379578272,""tardiness"":0.8960997247402833},""2"":{""start"":3.5629768991223707,""completion_by_type"":[4.159200250305078,4.398511721572042],""finish"":4.398511721572042,""tardiness"":0.0},""3"":{""start"":0.7535979461040369,""completion_by_type"":[1.3021191198149524,1.9253010746084023],""finish"":1.9253010746084023,""tardiness"":1.106836775778162},""4"":{""start"":0.7312095512916442,""completion_by_type"":[1.1950497128761204,1.8629013176684008],""finish"":1.8629013176684008,""tardiness"":0.33209813307089187},""5"":{""start"":1.1948753163592924,""completion_by_type"":[1.6890745573252945,2.084761532606985],""finish"":2.084761532606985,""tardiness"":0.25114395275717105},""6"":{""start"":2.315530038748956,""completion_by_type"":[2.9743299197360327,3.138459531824732],""finish"":3.138459531824732,""tardiness"":0.0},""7"":{""start"":0.44964045201690117,""completion_by_type"":[1.0970656177119453,1.4440665115216675],""finish"":1.4440665115216675,""tardiness"":0.7469409791063008},""8"":{""start"":3.3372033764023175,""completion_by_type"":[3.7299298367559754,4.29785562955666],""finish"":4.29785562955666,""tardiness"":0.0},""9"":{""start"":1.9154115785754287,""completion_by_type"":[2.290865912770564,2.9408853904798864],""finish"":2.9408853904798864,""tardiness"":0.0},""10"":{""start"":3.0966779649590244,""completion_by_type"":[3.5292145558020525,3.951796582234733],""finish"":3.951796582234733,""tardiness"":0.0}}}","{""objective"":2.398081733190338e-14,""distance"":3.552713678800501e-15,""tardiness"":4.440892098500626e-14}",3600,1,0,100.0,manhattan,"[0.5,0.5]",True
k2_n10_i039,1,optimal,2,10,39,N10_K2_M12_I39,2,OPTIMAL,True,True,6.0830474090241005,8.173119042095275,3.9929757759529254,6.0830474090241005,6.083047409024101,0.0,9,5.541000127792358,5.768375190413906,1180.0,36310.0,,optimal,,"{""1"":[1,6,9],""2"":[4,7],""3"":[8,3,5],""4"":[10,2],""5"":[],""6"":[10,2],""7"":[],""8"":[],""9"":[4,7],""10"":[8,3,5],""11"":[1,6,9],""12"":[]}","{""1"":{""start"":1.0950348957488687,""completion_by_type"":[1.4223966291286905,2.001859269793821],""finish"":2.001859269793821,""tardiness"":0.0},""2"":{""start"":1.6544418010439705,""completion_by_type"":[2.153964054563529,2.5441478979601406],""finish"":2.5441478979601406,""tardiness"":0.0},""3"":{""start"":2.271312681935167,""completion_by_type"":[2.772317261532722,3.436827009512915],""finish"":3.436827009512915,""tardiness"":0.0},""4"":{""start"":0.2751214137327602,""completion_by_type"":[0.746615465258576,1.0789872668651903],""finish"":1.0789872668651903,""tardiness"":0.0},""5"":{""start"":3.5280866308002046,""completion_by_type"":[4.145245830114971,4.583489602451506],""finish"":4.583489602451506,""tardiness"":0.09823100295769116},""6"":{""start"":2.513167078370627,""completion_by_type"":[2.973598760875586,3.568107817077757],""finish"":3.568107817077757,""tardiness"":2.439271653185168},""7"":{""start"":1.2863923899589158,""completion_by_type"":[1.9787327109788964,2.1493398051824473],""finish"":2.1493398051824473,""tardiness"":0.0},""8"":{""start"":0.7632814283655097,""completion_by_type"":[1.3215078227260673,1.7108474923477859],""finish"":1.7108474923477859,""tardiness"":0.25150070157286497},""9"":{""start"":3.644794070315162,""completion_by_type"":[4.331868159584793,4.824361360653079],""finish"":4.824361360653079,""tardiness"":0.010499036296577557},""10"":{""start"":0.4316998682075683,""completion_by_type"":[1.1234482588062624,1.5801438818336462],""finish"":1.5801438818336462,""tardiness"":1.1934733819407015}}","{""distance"":8.173119042095276,""tardiness"":3.9929757759530027,""objective"":6.0830474090241395,""task_times"":{""1"":{""start"":1.0950348957488687,""completion_by_type"":[1.4223966291286905,2.001859269793821],""finish"":2.001859269793821,""tardiness"":0.0},""2"":{""start"":1.6544418010439705,""completion_by_type"":[2.153964054563529,2.5441478979601406],""finish"":2.5441478979601406,""tardiness"":0.0},""3"":{""start"":2.271312681935167,""completion_by_type"":[2.772317261532722,3.436827009512915],""finish"":3.436827009512915,""tardiness"":0.0},""4"":{""start"":0.2751214137327602,""completion_by_type"":[0.746615465258576,1.0789872668651903],""finish"":1.0789872668651903,""tardiness"":0.0},""5"":{""start"":3.5280866308002046,""completion_by_type"":[4.145245830114971,4.583489602451506],""finish"":4.583489602451506,""tardiness"":0.09823100295769116},""6"":{""start"":2.513167078370627,""completion_by_type"":[2.973598760875586,3.568107817077757],""finish"":3.568107817077757,""tardiness"":2.439271653185168},""7"":{""start"":1.2863923899589158,""completion_by_type"":[1.9787327109788964,2.1493398051824473],""finish"":2.1493398051824473,""tardiness"":0.0},""8"":{""start"":0.7632814283655097,""completion_by_type"":[1.3215078227260673,1.7108474923477859],""finish"":1.7108474923477859,""tardiness"":0.25150070157286497},""9"":{""start"":3.644794070315162,""completion_by_type"":[4.331868159584793,4.824361360653079],""finish"":4.824361360653079,""tardiness"":0.010499036296577557},""10"":{""start"":0.4316998682075683,""completion_by_type"":[1.1234482588062624,1.5801438818336462],""finish"":1.5801438818336462,""tardiness"":1.1934733819407015}}}","{""objective"":3.907985046680551e-14,""distance"":1.7763568394002505e-15,""tardiness"":7.72715225139109e-14}",3600,1,0,100.0,manhattan,"[0.5,0.5]",True
k2_n10_i040,1,optimal,2,10,40,N10_K2_M12_I40,2,OPTIMAL,True,True,5.433805187237567,7.474169886797871,3.3934404876772635,5.433805187237567,5.433805187237567,0.0,10,8.082000017166138,8.362661084011505,1535.0,50195.0,,optimal,,"{""1"":[3,7,4,2],""2"":[10,6],""3"":[9,8],""4"":[5,1],""5"":[9,8],""6"":[5,4],""7"":[],""8"":[10,6],""9"":[1],""10"":[],""11"":[],""12"":[3,7,2]}","{""1"":{""start"":1.0532620843005152,""completion_by_type"":[1.4802211071571896,2.001928673093546],""finish"":2.001928673093546,""tardiness"":0.0},""2"":{""start"":3.034383947538532,""completion_by_type"":[3.5198094638306308,3.8580627112625026],""finish"":3.8580627112625026,""tardiness"":0.0},""3"":{""start"":0.63854720644145,""completion_by_type"":[0.9741710345576766,1.5833730178447372],""finish"":1.5833730178447372,""tardiness"":1.2115715262351952},""4"":{""start"":2.276853466973101,""completion_by_type"":[2.8487716659748945,3.449184750330164],""finish"":3.449184750330164,""tardiness"":0.020464753233076838},""5"":{""start"":0.22199405972991318,""completion_by_type"":[0.8448109272863689,1.3540966210615843],""finish"":1.3540966210615843,""tardiness"":0.0},""6"":{""start"":1.2644816723128276,""completion_by_type"":[1.871283236155791,2.0925171458641394],""finish"":2.0925171458641394,""tardiness"":0.0},""7"":{""start"":1.7167595892428467,""completion_by_type"":[2.159411528999626,2.7895468642682104],""finish"":2.7895468642682104,""tardiness"":0.0},""8"":{""start"":2.931865765551874,""completion_by_type"":[3.392817450850765,3.9258132789784637],""finish"":3.9258132789784637,""tardiness"":1.0818671554311745},""9"":{""start"":1.0216432114836613,""completion_by_type"":[1.6565331800628025,2.0944298547439333],""finish"":2.0944298547439333,""tardiness"":1.0795370527778183},""10"":{""start"":0.03657148738154581,""completion_by_type"":[0.6464917135977281,1.1778909373425908],""finish"":1.1778909373425908,""tardiness"":0.0}}","{""distance"":7.474169886797879,""tardiness"":3.393440487677265,""objective"":5.4338051872375726,""task_times"":{""1"":{""start"":1.0532620843005152,""completion_by_type"":[1.4802211071571896,2.001928673093546],""finish"":2.001928673093546,""tardiness"":0.0},""2"":{""start"":3.034383947538532,""completion_by_type"":[3.5198094638306308,3.8580627112625026],""finish"":3.8580627112625026,""tardiness"":0.0},""3"":{""start"":0.63854720644145,""completion_by_type"":[0.9741710345576766,1.5833730178447372],""finish"":1.5833730178447372,""tardiness"":1.2115715262351952},""4"":{""start"":2.276853466973101,""completion_by_type"":[2.8487716659748945,3.449184750330164],""finish"":3.449184750330164,""tardiness"":0.020464753233076838},""5"":{""start"":0.22199405972991318,""completion_by_type"":[0.8448109272863689,1.3540966210615843],""finish"":1.3540966210615843,""tardiness"":0.0},""6"":{""start"":1.2644816723128276,""completion_by_type"":[1.871283236155791,2.0925171458641394],""finish"":2.0925171458641394,""tardiness"":0.0},""7"":{""start"":1.7167595892428467,""completion_by_type"":[2.159411528999626,2.7895468642682104],""finish"":2.7895468642682104,""tardiness"":0.0},""8"":{""start"":2.931865765551874,""completion_by_type"":[3.392817450850765,3.9258132789784637],""finish"":3.9258132789784637,""tardiness"":1.0818671554311745},""9"":{""start"":1.0216432114836613,""completion_by_type"":[1.6565331800628025,2.0944298547439333],""finish"":2.0944298547439333,""tardiness"":1.0795370527778183},""10"":{""start"":0.03657148738154581,""completion_by_type"":[0.6464917135977281,1.1778909373425908],""finish"":1.1778909373425908,""tardiness"":0.0}}}","{""objective"":5.329070518200751e-15,""distance"":7.993605777301127e-15,""tardiness"":1.3322676295501878e-15}",3600,1,0,100.0,manhattan,"[0.5,0.5]",True
k2_n10_i041,1,optimal,2,10,41,N10_K2_M12_I41,2,OPTIMAL,True,True,6.311586115154838,7.725389077417818,4.897783152891858,6.311586115154838,6.31158611515484,0.0,10,4.809999942779541,5.385544482906339,807.0,21258.0,,optimal,,"{""1"":[4,3],""2"":[5,7,2,6],""3"":[8],""4"":[1,10,9],""5"":[4],""6"":[],""7"":[10,9],""8"":[8],""9"":[5,7,2,6],""10"":[],""11"":[1,3],""12"":[]}","{""1"":{""start"":0.7667058223812822,""completion_by_type"":[1.1021072468806534,1.7519015796515771],""finish"":1.7519015796515771,""tardiness"":1.3996003403215684},""2"":{""start"":2.3017626683585704,""completion_by_type"":[2.901535033498351,3.1563460259715943],""finish"":3.1563460259715943,""tardiness"":0.0},""3"":{""start"":2.2522224431692184,""completion_by_type"":[2.7828277927378187,3.09618236385874],""finish"":3.09618236385874,""tardiness"":2.1770822781660093},""4"":{""start"":0.7624269399854994,""completion_by_type"":[1.4295108842142183,1.9593611644610687],""finish"":1.9593611644610687,""tardiness"":0.6275528946449256},""5"":{""start"":0.053524333302843785,""completion_by_type"":[0.6792764351932946,0.9540714975955276],""finish"":0.9540714975955276,""tardiness"":0.0},""6"":{""start"":3.215354804373438,""completion_by_type"":[3.863257396237646,4.368605635666398],""finish"":4.368605635666398,""tardiness"":0.0},""7"":{""start"":1.0856655773995927,""completion_by_type"":[1.5727229848025337,2.203774124261691],""finish"":2.203774124261691,""tardiness"":0.0},""8"":{""start"":0.47267709318188433,""completion_by_type"":[0.8567416173162684,1.5826106594029032],""finish"":1.5826106594029032,""tardiness"":0.0},""9"":{""start"":2.6447749875782747,""completion_by_type"":[3.109890282169747,3.4838619160123927],""finish"":3.4838619160123927,""tardiness"":0.6368655230296278},""10"":{""start"":1.686519293262957,""completion_by_type"":[2.039940264783942,2.596231302312141],""finish"":2.596231302312141,""tardiness"":0.05668211673010903}}","{""distance"":7.725389077417817,""tardiness"":4.89778315289224,""objective"":6.311586115155029,""task_times"":{""1"":{""start"":0.7667058223812822,""completion_by_type"":[1.1021072468806534,1.7519015796515771],""finish"":1.7519015796515771,""tardiness"":1.3996003403215684},""2"":{""start"":2.3017626683585704,""completion_by_type"":[2.901535033498351,3.1563460259715943],""finish"":3.1563460259715943,""tardiness"":0.0},""3"":{""start"":2.2522224431692184,""completion_by_type"":[2.7828277927378187,3.09618236385874],""finish"":3.09618236385874,""tardiness"":2.1770822781660093},""4"":{""start"":0.7624269399854994,""completion_by_type"":[1.4295108842142183,1.9593611644610687],""finish"":1.9593611644610687,""tardiness"":0.6275528946449256},""5"":{""start"":0.053524333302843785,""completion_by_type"":[0.6792764351932946,0.9540714975955276],""finish"":0.9540714975955276,""tardiness"":0.0},""6"":{""start"":3.215354804373438,""completion_by_type"":[3.863257396237646,4.368605635666398],""finish"":4.368605635666398,""tardiness"":0.0},""7"":{""start"":1.0856655773995927,""completion_by_type"":[1.5727229848025337,2.203774124261691],""finish"":2.203774124261691,""tardiness"":0.0},""8"":{""start"":0.47267709318188433,""completion_by_type"":[0.8567416173162684,1.5826106594029032],""finish"":1.5826106594029032,""tardiness"":0.0},""9"":{""start"":2.6447749875782747,""completion_by_type"":[3.109890282169747,3.4838619160123927],""finish"":3.4838619160123927,""tardiness"":0.6368655230296278},""10"":{""start"":1.686519293262957,""completion_by_type"":[2.039940264783942,2.596231302312141],""finish"":2.596231302312141,""tardiness"":0.05668211673010903}}}","{""objective"":1.9095836023552692e-13,""distance"":8.881784197001252e-16,""tardiness"":3.8191672047105385e-13}",3600,1,0,100.0,manhattan,"[0.5,0.5]",True
k2_n10_i042,1,optimal,2,10,42,N10_K2_M12_I42,2,OPTIMAL,True,True,6.863572836324124,10.771831212547728,2.9553144601005212,6.863572836324117,6.863572836324117,0.0,10,138.93300008773804,153.19972349112155,79171.0,1604688.0,,optimal,,"{""1"":[6,4,10],""2"":[3],""3"":[5,8,1],""4"":[9,2,7],""5"":[5,8,1],""6"":[],""7"":[6,10],""8"":[9,2],""9"":[4,7],""10"":[3],""11"":[],""12"":[]}","{""1"":{""start"":3.1965713359357046,""completion_by_type"":[3.8147452783412286,4.031128474774185],""finish"":4.031128474774185,""tardiness"":0.0},""2"":{""start"":2.16159489651309,""completion_by_type"":[2.5296457563297072,3.186649030761427],""finish"":3.186649030761427,""tardiness"":0.0},""3"":{""start"":0.4089834901295126,""completion_by_type"":[1.0456605626428632,1.3848768492555783],""finish"":1.3848768492555783,""tardiness"":0.36284172286154726},""4"":{""start"":1.8743441467235449,""completion_by_type"":[2.230749432474812,2.953574433979237],""finish"":2.953574433979237,""tardiness"":0.0},""5"":{""start"":0.37446561504357057,""completion_by_type"":[0.9374533147487356,1.5658765949317783],""finish"":1.5658765949317783,""tardiness"":0.0},""6"":{""start"":1.1628271285199974,""completion_by_type"":[1.541429514312276,2.083034606119686],""finish"":2.083034606119686,""tardiness"":1.4795221901450613},""7"":{""start"":3.1390826053627814,""completion_by_type"":[3.7728541313826525,4.28759370986782],""finish"":4.28759370986782,""tardiness"":0.381111092217163},""8"":{""start"":1.7069777230570535,""completion_by_type"":[2.18185222426586,2.751437214329034],""finish"":2.751437214329034,""tardiness"":0.24447201936979202},""9"":{""start"":0.9512525968436119,""completion_by_type"":[1.346221206793343,1.9412678106248749],""finish"":1.9412678106248749,""tardiness"":0.12865721611232095},""10"":{""start"":2.697330310416192,""completion_by_type"":[3.078929450917065,3.7613267829594106],""finish"":3.7613267829594106,""tardiness"":0.35871021939462766}}","{""distance"":10.771831212547728,""tardiness"":2.955314460100512,""objective"":6.86357283632412,""task_times"":{""1"":{""start"":3.1965713359357046,""completion_by_type"":[3.8147452783412286,4.031128474774185],""finish"":4.031128474774185,""tardiness"":0.0},""2"":{""start"":2.16159489651309,""completion_by_type"":[2.5296457563297072,3.186649030761427],""finish"":3.186649030761427,""tardiness"":0.0},""3"":{""start"":0.4089834901295126,""completion_by_type"":[1.0456605626428632,1.3848768492555783],""finish"":1.3848768492555783,""tardiness"":0.36284172286154726},""4"":{""start"":1.8743441467235449,""completion_by_type"":[2.230749432474812,2.953574433979237],""finish"":2.953574433979237,""tardiness"":0.0},""5"":{""start"":0.37446561504357057,""completion_by_type"":[0.9374533147487356,1.5658765949317783],""finish"":1.5658765949317783,""tardiness"":0.0},""6"":{""start"":1.1628271285199974,""completion_by_type"":[1.541429514312276,2.083034606119686],""finish"":2.083034606119686,""tardiness"":1.4795221901450613},""7"":{""start"":3.1390826053627814,""completion_by_type"":[3.7728541313826525,4.28759370986782],""finish"":4.28759370986782,""tardiness"":0.381111092217163},""8"":{""start"":1.7069777230570535,""completion_by_type"":[2.18185222426586,2.751437214329034],""finish"":2.751437214329034,""tardiness"":0.24447201936979202},""9"":{""start"":0.9512525968436119,""completion_by_type"":[1.346221206793343,1.9412678106248749],""finish"":1.9412678106248749,""tardiness"":0.12865721611232095},""10"":{""start"":2.697330310416192,""completion_by_type"":[3.078929450917065,3.7613267829594106],""finish"":3.7613267829594106,""tardiness"":0.35871021939462766}}}","{""objective"":4.440892098500626e-15,""distance"":0.0,""tardiness"":9.325873406851315e-15}",3600,1,0,100.0,manhattan,"[0.5,0.5]",True
k2_n10_i043,1,optimal,2,10,43,N10_K2_M12_I43,2,OPTIMAL,True,True,7.261182776840929,9.421324389775428,5.101041163906431,7.2611827768409185,7.2611827768409185,0.0,10,818.4900000095367,967.9313957569857,349331.0,9757248.0,,optimal,,"{""1"":[8,7,3,4],""2"":[9,10,2,5],""3"":[],""4"":[1,6],""5"":[9],""6"":[],""7"":[7,3,4],""8"":[1,6],""9"":[10],""10"":[8,2,5],""11"":[],""12"":[]}","{""1"":{""start"":1.277131259313165,""completion_by_type"":[1.9409414605154294,2.448804171794224],""finish"":2.448804171794224,""tardiness"":1.410380150634751},""2"":{""start"":1.909540646161878,""completion_by_type"":[2.5021221908491453,2.7246218832130435],""finish"":2.7246218832130435,""tardiness"":0.23283881161844944},""3"":{""start"":2.8308195832947187,""completion_by_type"":[3.2938256599094022,3.81136909267026],""finish"":3.81136909267026,""tardiness"":0.0},""4"":{""start"":4.01268564982206,""completion_by_type"":[4.357500207128683,5.067974647721226],""finish"":5.067974647721226,""tardiness"":0.0},""5"":{""start"":2.8335789806994622,""completion_by_type"":[3.4947741456763706,4.018394590385166],""finish"":4.018394590385166,""tardiness"":0.0},""6"":{""start"":3.049408106900997,""completion_by_type"":[3.6272918442537705,4.059835033830599],""finish"":4.059835033830599,""tardiness"":2.569060974213685},""7"":{""start"":1.7549568515939045,""completion_by_type"":[2.300859756853754,2.761415368113453],""finish"":2.761415368113453,""tardiness"":0.0},""8"":{""start"":0.7308374936940129,""completion_by_type"":[1.192653965969153,1.569280421767246],""finish"":1.569280421767246,""tardiness"":0.888761227439543},""9"":{""start"":0.17444693791460864,""completion_by_type"":[0.8026559945490798,1.1241741535888503],""finish"":1.1241741535888503,""tardiness"":0.0},""10"":{""start"":0.9433124515570604,""completion_by_type"":[1.354706111215016,2.0043249302003536],""finish"":2.0043249302003536,""tardiness"":0.0}}","{""distance"":9.421324389775434,""tardiness"":5.101041163906429,""objective"":7.261182776840931,""task_times"":{""1"":{""start"":1.277131259313165,""completion_by_type"":[1.9409414605154294,2.448804171794224],""finish"":2.448804171794224,""tardiness"":1.410380150634751},""2"":{""start"":1.909540646161878,""completion_by_type"":[2.5021221908491453,2.7246218832130435],""finish"":2.7246218832130435,""tardiness"":0.23283881161844944},""3"":{""start"":2.8308195832947187,""completion_by_type"":[3.2938256599094022,3.81136909267026],""finish"":3.81136909267026,""tardiness"":0.0},""4"":{""start"":4.01268564982206,""completion_by_type"":[4.357500207128683,5.067974647721226],""finish"":5.067974647721226,""tardiness"":0.0},""5"":{""start"":2.8335789806994622,""completion_by_type"":[3.4947741456763706,4.018394590385166],""finish"":4.018394590385166,""tardiness"":0.0},""6"":{""start"":3.049408106900997,""completion_by_type"":[3.6272918442537705,4.059835033830599],""finish"":4.059835033830599,""tardiness"":2.569060974213685},""7"":{""start"":1.7549568515939045,""completion_by_type"":[2.300859756853754,2.761415368113453],""finish"":2.761415368113453,""tardiness"":0.0},""8"":{""start"":0.7308374936940129,""completion_by_type"":[1.192653965969153,1.569280421767246],""finish"":1.569280421767246,""tardiness"":0.888761227439543},""9"":{""start"":0.17444693791460864,""completion_by_type"":[0.8026559945490798,1.1241741535888503],""finish"":1.1241741535888503,""tardiness"":0.0},""10"":{""start"":0.9433124515570604,""completion_by_type"":[1.354706111215016,2.0043249302003536],""finish"":2.0043249302003536,""tardiness"":0.0}}}","{""objective"":1.7763568394002505e-15,""distance"":5.329070518200751e-15,""tardiness"":1.7763568394002505e-15}",3600,1,0,100.0,manhattan,"[0.5,0.5]",True
k2_n10_i044,1,optimal,2,10,44,N10_K2_M12_I44,2,OPTIMAL,True,True,7.856313098165991,10.885742196981704,4.826883999350278,7.856313098165924,7.856313098165924,0.0,10,220.21099996566772,253.7330337397987,59619.0,2523647.0,,optimal,,"{""1"":[9,2],""2"":[7,5,8],""3"":[1,3],""4"":[4,6,10],""5"":[9,2],""6"":[1,3],""7"":[4,6,10],""8"":[],""9"":[7,5,8],""10"":[],""11"":[],""12"":[]}","{""1"":{""start"":1.0815296452410572,""completion_by_type"":[1.7009746681331437,1.9860240763352466],""finish"":1.9860240763352466,""tardiness"":1.0713112291653692},""2"":{""start"":2.208813411062942,""completion_by_type"":[2.7407998254159205,3.0248418361899176],""finish"":3.0248418361899176,""tardiness"":0.0},""3"":{""start"":2.2460038584519717,""completion_by_type"":[2.5761109761400762,3.2154316612368024],""finish"":3.2154316612368024,""tardiness"":1.7622637498909663},""4"":{""start"":0.9879730075336461,""completion_by_type"":[1.4794152464573342,1.8127696884747473],""finish"":1.8127696884747473,""tardiness"":0.0},""5"":{""start"":2.4295099972645953,""completion_by_type"":[3.0728690041873374,3.5598772936786203],""finish"":3.5598772936786203,""tardiness"":0.10685647276504939},""6"":{""start"":1.8990671599628548,""completion_by_type"":[2.199356908573291,2.9883522173318937],""finish"":2.9883522173318937,""tardiness"":0.48849140757958276},""7"":{""start"":0.8765827940870465,""completion_by_type"":[1.565216593569835,2.0267197921823192],""finish"":2.0267197921823192,""tardiness"":0.0},""8"":{""start"":3.7881904761418115,""completion_by_type"":[4.1883595127629425,4.621055497519539],""finish"":4.621055497519539,""tardiness"":0.0},""9"":{""start"":0.997332554979167,""completion_by_type"":[1.673661519282692,1.9313273855817896],""finish"":1.9313273855817896,""tardiness"":1.397961139949298},""10"":{""start"":3.2329386473503767,""completion_by_type"":[3.7596985849238553,4.2811865385616485],""finish"":4.2811865385616485,""tardiness"":0.0}}","{""distance"":10.885742196981703,""tardiness"":4.826883999350265,""objective"":7.856313098165984,""task_times"":{""1"":{""start"":1.0815296452410572,""completion_by_type"":[1.7009746681331437,1.9860240763352466],""finish"":1.9860240763352466,""tardiness"":1.0713112291653692},""2"":{""start"":2.208813411062942,""completion_by_type"":[2.7407998254159205,3.0248418361899176],""finish"":3.0248418361899176,""tardiness"":0.0},""3"":{""start"":2.2460038584519717,""completion_by_type"":[2.5761109761400762,3.2154316612368024],""finish"":3.2154316612368024,""tardiness"":1.7622637498909663},""4"":{""start"":0.9879730075336461,""completion_by_type"":[1.4794152464573342,1.8127696884747473],""finish"":1.8127696884747473,""tardiness"":0.0},""5"":{""start"":2.4295099972645953,""completion_by_type"":[3.0728690041873374,3.5598772936786203],""finish"":3.5598772936786203,""tardiness"":0.10685647276504939},""6"":{""start"":1.8990671599628548,""completion_by_type"":[2.199356908573291,2.9883522173318937],""finish"":2.9883522173318937,""tardiness"":0.48849140757958276},""7"":{""start"":0.8765827940870465,""completion_by_type"":[1.565216593569835,2.0267197921823192],""finish"":2.0267197921823192,""tardiness"":0.0},""8"":{""start"":3.7881904761418115,""completion_by_type"":[4.1883595127629425,4.621055497519539],""finish"":4.621055497519539,""tardiness"":0.0},""9"":{""start"":0.997332554979167,""completion_by_type"":[1.673661519282692,1.9313273855817896],""finish"":1.9313273855817896,""tardiness"":1.397961139949298},""10"":{""start"":3.2329386473503767,""completion_by_type"":[3.7596985849238553,4.2811865385616485],""finish"":4.2811865385616485,""tardiness"":0.0}}}","{""objective"":7.105427357601002e-15,""distance"":1.7763568394002505e-15,""tardiness"":1.2434497875801753e-14}",3600,1,0,100.0,manhattan,"[0.5,0.5]",True
k2_n10_i045,1,optimal,2,10,45,N10_K2_M12_I45,2,OPTIMAL,True,True,7.509342062024886,10.989539015530967,4.029145108518804,7.509342062024883,7.509342062024883,0.0,10,89.68500018119812,97.0466903116099,42029.0,957961.0,,optimal,,"{""1"":[8,2,3],""2"":[4,5],""3"":[7,9,10],""4"":[6,1],""5"":[],""6"":[],""7"":[7,9,10],""8"":[2,3],""9"":[4,5],""10"":[],""11"":[8,1],""12"":[6]}","{""1"":{""start"":2.240676426391472,""completion_by_type"":[2.838875436853187,3.346082882429921],""finish"":3.346082882429921,""tardiness"":0.0},""2"":{""start"":1.6293165511267396,""completion_by_type"":[2.248912448233426,2.8037934711414856],""finish"":2.8037934711414856,""tardiness"":1.8170533607031358},""3"":{""start"":2.8528379865654228,""completion_by_type"":[3.164934270529733,3.7384904778344303],""finish"":3.7384904778344303,""tardiness"":0.0},""4"":{""start"":1.094831880592617,""completion_by_type"":[1.419264749948058,1.952876835595177],""finish"":1.952876835595177,""tardiness"":0.0},""5"":{""start"":2.4834797430918027,""completion_by_type"":[2.8769866829933504,3.613776058074813],""finish"":3.613776058074813,""tardiness"":0.2439315787520271},""6"":{""start"":0.3695842555763251,""completion_by_type"":[0.7684780498390541,1.245337623030393],""finish"":1.245337623030393,""tardiness"":0.0},""7"":{""start"":0.9762469636684997,""completion_by_type"":[1.2841340013149491,1.9955384027880378],""finish"":1.9955384027880378,""tardiness"":0.17613216490242478},""8"":{""start"":0.8167619031113387,""completion_by_type"":[1.2486111452142237,1.8990744581741485],""finish"":1.8990744581741485,""tardiness"":1.2951618003839442},""9"":{""start"":2.1648890392044633,""completion_by_type"":[2.559977619293636,3.061332170611286],""finish"":3.061332170611286,""tardiness"":0.09484814172090017},""10"":{""start"":3.3507309989159433,""completion_by_type"":[3.8930690676311452,4.3366518475810745],""finish"":4.3366518475810745,""tardiness"":0.40201806205635027}}","{""distance"":10.989539015530973,""tardiness"":4.029145108518783,""objective"":7.509342062024878,""task_times"":{""1"":{""start"":2.240676426391472,""completion_by_type"":[2.838875436853187,3.346082882429921],""finish"":3.346082882429921,""tardiness"":0.0},""2"":{""start"":1.6293165511267396,""completion_by_type"":[2.248912448233426,2.8037934711414856],""finish"":2.8037934711414856,""tardiness"":1.8170533607031358},""3"":{""start"":2.8528379865654228,""completion_by_type"":[3.164934270529733,3.7384904778344303],""finish"":3.7384904778344303,""tardiness"":0.0},""4"":{""start"":1.094831880592617,""completion_by_type"":[1.419264749948058,1.952876835595177],""finish"":1.952876835595177,""tardiness"":0.0},""5"":{""start"":2.4834797430918027,""completion_by_type"":[2.8769866829933504,3.613776058074813],""finish"":3.613776058074813,""tardiness"":0.2439315787520271},""6"":{""start"":0.3695842555763251,""completion_by_type"":[0.7684780498390541,1.245337623030393],""finish"":1.245337623030393,""tardiness"":0.0},""7"":{""start"":0.9762469636684997,""completion_by_type"":[1.2841340013149491,1.9955384027880378],""finish"":1.9955384027880378,""tardiness"":0.17613216490242478},""8"":{""start"":0.8167619031113387,""completion_by_type"":[1.2486111452142237,1.8990744581741485],""finish"":1.8990744581741485,""tardiness"":1.2951618003839442},""9"":{""start"":2.1648890392044633,""completion_by_type"":[2.559977619293636,3.061332170611286],""finish"":3.061332170611286,""tardiness"":0.09484814172090017},""10"":{""start"":3.3507309989159433,""completion_by_type"":[3.8930690676311452,4.3366518475810745],""finish"":4.3366518475810745,""tardiness"":0.40201806205635027}}}","{""objective"":7.993605777301127e-15,""distance"":5.329070518200751e-15,""tardiness"":2.1316282072803006e-14}",3600,1,0,100.0,manhattan,"[0.5,0.5]",True
k2_n10_i046,1,optimal,2,10,46,N10_K2_M12_I46,2,OPTIMAL,True,True,8.281543801663412,12.172641852405462,4.390445750921362,8.281543723148156,8.281543723148156,9.480751222110904e-09,10,307.94599986076355,357.9715514641661,102924.0,3708640.0,,optimal,,"{""1"":[1,10],""2"":[4],""3"":[2,5,7,8],""4"":[6,9,3],""5"":[4,9,3],""6"":[6,7,8],""7"":[],""8"":[],""9"":[],""10"":[],""11"":[2,5],""12"":[1,10]}","{""1"":{""start"":1.3000869952269278,""completion_by_type"":[1.7732968867186156,2.2273643303978967],""finish"":2.2273643303978967,""tardiness"":0.8323409363256127},""2"":{""start"":0.7799622060697358,""completion_by_type"":[1.1985652968876872,1.6479053063791493],""finish"":1.6479053063791493,""tardiness"":0.0},""3"":{""start"":3.430509854702507,""completion_by_type"":[3.7517818424879295,4.347506381757084],""finish"":4.347506381757084,""tardiness"":0.0},""4"":{""start"":0.3866831644301223,""completion_by_type"":[0.9940781114500413,1.4058826763909624],""finish"":1.4058826763909624,""tardiness"":0.8542759990156105},""5"":{""start"":2.172138629499363,""completion_by_type"":[2.58209328536965,3.1866322374625975],""finish"":3.1866322374625975,""tardiness"":0.08879949449665059},""6"":{""start"":1.003603199878219,""completion_by_type"":[1.5544488666785856,2.139812975132555],""finish"":2.139812975132555,""tardiness"":1.0803107197283122},""7"":{""start"":2.9450098861827754,""completion_by_type"":[3.3911005240314713,3.9713790760922283],""finish"":3.9713790760922283,""tardiness"":0.0},""8"":{""start"":4.3495998597596826,""completion_by_type"":[4.846978328949473,5.157376911798485],""finish"":5.157376911798485,""tardiness"":0.04018574142518361},""9"":{""start"":1.8082521950850647,""completion_by_type"":[2.371595740007934,2.931607822402289],""finish"":2.931607822402289,""tardiness"":0.0},""10"":{""start"":2.772812241085075,""completion_by_type"":[3.3383060023934616,3.7969528723619623],""finish"":3.7969528723619623,""tardiness"":1.4945328599299783}}","{""distance"":12.172641852405457,""tardiness"":4.390445750921348,""objective"":8.281543801663403,""task_times"":{""1"":{""start"":1.3000869952269278,""completion_by_type"":[1.7732968867186156,2.2273643303978967],""finish"":2.2273643303978967,""tardiness"":0.8323409363256127},""2"":{""start"":0.7799622060697358,""completion_by_type"":[1.1985652968876872,1.6479053063791493],""finish"":1.6479053063791493,""tardiness"":0.0},""3"":{""start"":3.430509854702507,""completion_by_type"":[3.7517818424879295,4.347506381757084],""finish"":4.347506381757084,""tardiness"":0.0},""4"":{""start"":0.3866831644301223,""completion_by_type"":[0.9940781114500413,1.4058826763909624],""finish"":1.4058826763909624,""tardiness"":0.8542759990156105},""5"":{""start"":2.172138629499363,""completion_by_type"":[2.58209328536965,3.1866322374625975],""finish"":3.1866322374625975,""tardiness"":0.08879949449665059},""6"":{""start"":1.003603199878219,""completion_by_type"":[1.5544488666785856,2.139812975132555],""finish"":2.139812975132555,""tardiness"":1.0803107197283122},""7"":{""start"":2.9450098861827754,""completion_by_type"":[3.3911005240314713,3.9713790760922283],""finish"":3.9713790760922283,""tardiness"":0.0},""8"":{""start"":4.3495998597596826,""completion_by_type"":[4.846978328949473,5.157376911798485],""finish"":5.157376911798485,""tardiness"":0.04018574142518361},""9"":{""start"":1.8082521950850647,""completion_by_type"":[2.371595740007934,2.931607822402289],""finish"":2.931607822402289,""tardiness"":0.0},""10"":{""start"":2.772812241085075,""completion_by_type"":[3.3383060023934616,3.7969528723619623],""finish"":3.7969528723619623,""tardiness"":1.4945328599299783}}}","{""objective"":8.881784197001252e-15,""distance"":5.329070518200751e-15,""tardiness"":1.4210854715202004e-14}",3600,1,0,100.0,manhattan,"[0.5,0.5]",True
k2_n10_i047,1,optimal,2,10,47,N10_K2_M12_I47,2,OPTIMAL,True,True,7.354606105187197,10.54974771273795,4.159464497636444,7.354606105187197,7.354606034348791,0.0,10,1528.3330001831055,1836.783053847226,645375.0,17592480.0,,optimal,,"{""1"":[1,10],""2"":[6,4,2],""3"":[9,3],""4"":[5,7,8],""5"":[4,2],""6"":[9,3],""7"":[1,10],""8"":[5,7,8],""9"":[6],""10"":[],""11"":[],""12"":[]}","{""1"":{""start"":0.9996091361117856,""completion_by_type"":[1.3717664806848162,1.800512331901528],""finish"":1.800512331901528,""tardiness"":1.203500282107039},""2"":{""start"":2.2985548194183387,""completion_by_type"":[2.8547095612263544,3.2568692327356796],""finish"":3.2568692327356796,""tardiness"":0.28610788438280155},""3"":{""start"":2.8808609093279167,""completion_by_type"":[3.1969711343623755,4.036805410147587],""finish"":4.036805410147587,""tardiness"":0.1646599207444872},""4"":{""start"":1.1738079041083558,""completion_by_type"":[1.6355930708115773,2.1332246906973302],""finish"":2.1332246906973302,""tardiness"":0.0},""5"":{""start"":0.8447570746035921,""completion_by_type"":[1.2630885115725943,1.8750463533811534],""finish"":1.8750463533811534,""tardiness"":0.0},""6"":{""start"":0.08468975195533124,""completion_by_type"":[0.5336842375679199,0.902469515830774],""finish"":0.902469515830774,""tardiness"":0.0},""7"":{""start"":2.133507295656533,""completion_by_type"":[2.7513446448846084,3.005586033710208],""finish"":3.005586033710208,""tardiness"":0.0},""8"":{""start"":3.1331595732977378,""completion_by_type"":[3.5142734645439733,4.182217610516812],""finish"":4.182217610516812,""tardiness"":0.0},""9"":{""start"":1.344393453451658,""completion_by_type"":[1.9743501245348065,2.145044194617136],""finish"":2.145044194617136,""tardiness"":1.1536751113245387},""10"":{""start"":1.832286904335335,""completion_by_type"":[2.222879982737494,3.000560303064611],""finish"":3.000560303064611,""tardiness"":1.3515212990775758}}","{""distance"":10.549747712737949,""tardiness"":4.159464497636442,""objective"":7.354606105187195,""task_times"":{""1"":{""start"":0.9996091361117856,""completion_by_type"":[1.3717664806848162,1.800512331901528],""finish"":1.800512331901528,""tardiness"":1.203500282107039},""2"":{""start"":2.2985548194183387,""completion_by_type"":[2.8547095612263544,3.2568692327356796],""finish"":3.2568692327356796,""tardiness"":0.28610788438280155},""3"":{""start"":2.8808609093279167,""completion_by_type"":[3.1969711343623755,4.036805410147587],""finish"":4.036805410147587,""tardiness"":0.1646599207444872},""4"":{""start"":1.1738079041083558,""completion_by_type"":[1.6355930708115773,2.1332246906973302],""finish"":2.1332246906973302,""tardiness"":0.0},""5"":{""start"":0.8447570746035921,""completion_by_type"":[1.2630885115725943,1.8750463533811534],""finish"":1.8750463533811534,""tardiness"":0.0},""6"":{""start"":0.08468975195533124,""completion_by_type"":[0.5336842375679199,0.902469515830774],""finish"":0.902469515830774,""tardiness"":0.0},""7"":{""start"":2.133507295656533,""completion_by_type"":[2.7513446448846084,3.005586033710208],""finish"":3.005586033710208,""tardiness"":0.0},""8"":{""start"":3.1331595732977378,""completion_by_type"":[3.5142734645439733,4.182217610516812],""finish"":4.182217610516812,""tardiness"":0.0},""9"":{""start"":1.344393453451658,""completion_by_type"":[1.9743501245348065,2.145044194617136],""finish"":2.145044194617136,""tardiness"":1.1536751113245387},""10"":{""start"":1.832286904335335,""completion_by_type"":[2.222879982737494,3.000560303064611],""finish"":3.000560303064611,""tardiness"":1.3515212990775758}}}","{""objective"":1.7763568394002505e-15,""distance"":1.7763568394002505e-15,""tardiness"":1.7763568394002505e-15}",3600,1,0,100.0,manhattan,"[0.5,0.5]",True
k2_n10_i048,1,time_limit_feasible,2,10,48,N10_K2_M12_I48,9,TIME_LIMIT,True,False,9.881838504375189,11.983396857817402,7.7802801509329775,8.883441764283639,8.883441764283639,0.101033500967407,10,3600.003000020981,4593.440999865815,774849.0,42978080.0,,time_limit_feasible,,"{""1"":[6,8,2,4],""2"":[5,3,10],""3"":[9,1,7],""4"":[],""5"":[3],""6"":[5,2,10],""7"":[9,7],""8"":[8,4],""9"":[],""10"":[],""11"":[],""12"":[6,1]}","{""1"":{""start"":2.6105486235249664,""completion_by_type"":[3.0107060268593444,3.7190483642988443],""finish"":3.7190483642988443,""tardiness"":0.23992819878183047},""2"":{""start"":2.3845134414196134,""completion_by_type"":[2.7483273838913527,3.3910601942034324],""finish"":3.3910601942034324,""tardiness"":0.0},""3"":{""start"":2.011924994452289,""completion_by_type"":[2.4939329687593,3.0114526649246374],""finish"":3.0114526649246374,""tardiness"":0.0},""4"":{""start"":3.047891954821803,""completion_by_type"":[3.622367886171167,3.9936446473500613],""finish"":3.9936446473500613,""tardiness"":1.5801426097282292},""5"":{""start"":0.9824503969318874,""completion_by_type"":[1.6371481598697517,2.0889845338578925],""finish"":2.0889845338578925,""tardiness"":1.165953233454748},""6"":{""start"":1.3352690389695652,""completion_by_type"":[1.6377679329517032,2.374909955873499],""finish"":2.374909955873499,""tardiness"":0.6801092796180292},""7"":{""start"":3.0559308195656065,""completion_by_type"":[3.553593437831379,4.181306286845544],""finish"":4.181306286845544,""tardiness"":2.207588279843165},""8"":{""start"":1.766551653749524,""completion_by_type"":[2.1721111931723156,2.829055880541254],""finish"":2.829055880541254,""tardiness"":0.0},""9"":{""start"":1.1767787285417066,""completion_by_type"":[1.8558737781243408,2.270714556137543],""finish"":2.270714556137543,""tardiness"":1.9013239807124203},""10"":{""start"":3.5924686719488643,""completion_by_type"":[4.0450820329118535,4.549971327954406],""finish"":4.549971327954406,""tardiness"":0.005235045569080832}}","{""distance"":11.983396857817405,""tardiness"":7.780280627707503,""objective"":9.881838742762454,""task_times"":{""1"":{""start"":2.6105486235249664,""completion_by_type"":[3.0107060268593444,3.7190483642988443],""finish"":3.7190483642988443,""tardiness"":0.23992819878183047},""2"":{""start"":2.3845134414196134,""completion_by_type"":[2.7483273838913527,3.3910601942034324],""finish"":3.3910601942034324,""tardiness"":0.0},""3"":{""start"":2.011924994452289,""completion_by_type"":[2.4939329687593,3.0114526649246374],""finish"":3.0114526649246374,""tardiness"":0.0},""4"":{""start"":3.047891954821803,""completion_by_type"":[3.622367886171167,3.9936446473500613],""finish"":3.9936446473500613,""tardiness"":1.5801426097282292},""5"":{""start"":0.9824503969318874,""completion_by_type"":[1.6371481598697517,2.0889845338578925],""finish"":2.0889845338578925,""tardiness"":1.165953233454748},""6"":{""start"":1.3352690389695652,""completion_by_type"":[1.6377679329517032,2.374909955873499],""finish"":2.374909955873499,""tardiness"":0.6801092796180292},""7"":{""start"":3.0559308195656065,""completion_by_type"":[3.553593437831379,4.181306286845544],""finish"":4.181306286845544,""tardiness"":2.207588279843165},""8"":{""start"":1.766551653749524,""completion_by_type"":[2.1721111931723156,2.829055880541254],""finish"":2.829055880541254,""tardiness"":0.0},""9"":{""start"":1.1767787285417066,""completion_by_type"":[1.8558737781243408,2.270714556137543],""finish"":2.270714556137543,""tardiness"":1.9013239807124203},""10"":{""start"":3.5924686719488643,""completion_by_type"":[4.0450820329118535,4.549971327954406],""finish"":4.549971327954406,""tardiness"":0.005235045569080832}}}","{""objective"":2.3838726548319755e-07,""distance"":3.552713678800501e-15,""tardiness"":4.767745256373246e-07}",3600,1,0,100.0,manhattan,"[0.5,0.5]",True
k2_n10_i049,1,optimal,2,10,49,N10_K2_M12_I49,2,OPTIMAL,True,True,7.466747167399108,10.29048993929246,4.6430043955057565,7.466747167399108,7.466747167399102,0.0,10,93.84299993515015,104.17779816305762,40037.0,1181346.0,,optimal,,"{""1"":[6,7,2],""2"":[1],""3"":[3,8],""4"":[10,9,4,5],""5"":[4],""6"":[10,9,5],""7"":[],""8"":[],""9"":[6,7,2],""10"":[],""11"":[3,8],""12"":[1]}","{""1"":{""start"":1.5693597328112863,""completion_by_type"":[1.9844439401714071,2.4986293901168426],""finish"":2.4986293901168426,""tardiness"":2.1398019008831897},""2"":{""start"":3.245715917814408,""completion_by_type"":[3.7459802466613144,4.335637276620573],""finish"":4.335637276620573,""tardiness"":0.0},""3"":{""start"":0.9399150943441311,""completion_by_type"":[1.3405597515328735,1.8014572285023158],""finish"":1.8014572285023158,""tardiness"":0.0},""4"":{""start"":2.291622110508304,""completion_by_type"":[2.6204797556161328,3.3909760896743926],""finish"":3.3909760896743926,""tardiness"":0.0},""5"":{""start"":2.874950218687804,""completion_by_type"":[3.5114989424009857,4.0222712817277655],""finish"":4.0222712817277655,""tardiness"":0.0},""6"":{""start"":0.4638707253250327,""completion_by_type"":[1.1376925630082857,1.5871273986019263],""finish"":1.5871273986019263,""tardiness"":0.0},""7"":{""start"":2.0036090258795802,""completion_by_type"":[2.4038184153619024,3.131987097342199],""finish"":3.131987097342199,""tardiness"":0.0},""8"":{""start"":2.4290247412002093,""completion_by_type"":[2.885160458680451,3.467240903257906],""finish"":3.467240903257906,""tardiness"":2.503202494622561},""9"":{""start"":1.552583370070295,""completion_by_type"":[2.1923062859729145,2.5094149472533624],""finish"":2.5094149472533624,""tardiness"":0.0},""10"":{""start"":0.446517608333592,""completion_by_type"":[1.111692275907894,1.4718773455591414],""finish"":1.4718773455591414,""tardiness"":0.0}}","{""distance"":10.29048993929246,""tardiness"":4.64300439550575,""objective"":7.466747167399105,""task_times"":{""1"":{""start"":1.5693597328112863,""completion_by_type"":[1.9844439401714071,2.4986293901168426],""finish"":2.4986293901168426,""tardiness"":2.1398019008831897},""2"":{""start"":3.245715917814408,""completion_by_type"":[3.7459802466613144,4.335637276620573],""finish"":4.335637276620573,""tardiness"":0.0},""3"":{""start"":0.9399150943441311,""completion_by_type"":[1.3405597515328735,1.8014572285023158],""finish"":1.8014572285023158,""tardiness"":0.0},""4"":{""start"":2.291622110508304,""completion_by_type"":[2.6204797556161328,3.3909760896743926],""finish"":3.3909760896743926,""tardiness"":0.0},""5"":{""start"":2.874950218687804,""completion_by_type"":[3.5114989424009857,4.0222712817277655],""finish"":4.0222712817277655,""tardiness"":0.0},""6"":{""start"":0.4638707253250327,""completion_by_type"":[1.1376925630082857,1.5871273986019263],""finish"":1.5871273986019263,""tardiness"":0.0},""7"":{""start"":2.0036090258795802,""completion_by_type"":[2.4038184153619024,3.131987097342199],""finish"":3.131987097342199,""tardiness"":0.0},""8"":{""start"":2.4290247412002093,""completion_by_type"":[2.885160458680451,3.467240903257906],""finish"":3.467240903257906,""tardiness"":2.503202494622561},""9"":{""start"":1.552583370070295,""completion_by_type"":[2.1923062859729145,2.5094149472533624],""finish"":2.5094149472533624,""tardiness"":0.0},""10"":{""start"":0.446517608333592,""completion_by_type"":[1.111692275907894,1.4718773455591414],""finish"":1.4718773455591414,""tardiness"":0.0}}}","{""objective"":2.6645352591003757e-15,""distance"":0.0,""tardiness"":6.217248937900877e-15}",3600,1,0,100.0,manhattan,"[0.5,0.5]",True
k2_n10_i050,1,time_limit_feasible,2,10,50,N10_K2_M12_I50,9,TIME_LIMIT,True,False,8.64306061426152,11.648877766438893,5.637243462084146,8.509301589079794,8.509301589079794,0.015475886511893341,10,3600.0009999275208,4649.296826830373,1173995.0,44870016.0,,time_limit_feasible,,"{""1"":[7,9],""2"":[4],""3"":[2,8,10,3,6],""4"":[1,5],""5"":[4],""6"":[],""7"":[],""8"":[1,5,6],""9"":[8,3],""10"":[7,9],""11"":[2,10],""12"":[]}","{""1"":{""start"":1.4938628288455897,""completion_by_type"":[2.070947440053045,2.43568791014458],""finish"":2.43568791014458,""tardiness"":0.4995979595410758},""2"":{""start"":0.8724625952134486,""completion_by_type"":[1.3547476947113481,1.76946571787038],""finish"":1.76946571787038,""tardiness"":0.6940128742277041},""3"":{""start"":3.2852381553867778,""completion_by_type"":[3.931264538009656,4.195165176417559],""finish"":4.195165176417559,""tardiness"":0.0},""4"":{""start"":0.35216808554916734,""completion_by_type"":[0.9481121750477333,1.2396268177975962],""finish"":1.2396268177975962,""tardiness"":0.0},""5"":{""start"":2.647414837933386,""completion_by_type"":[3.2976925623024895,3.8123632483015513],""finish"":3.8123632483015513,""tardiness"":2.4997645666969994},""6"":{""start"":4.1445115247542885,""completion_by_type"":[4.762569638229941,5.032564222635803],""finish"":5.032564222635803,""tardiness"":0.0},""7"":{""start"":1.3215687153213564,""completion_by_type"":[1.779536049760937,2.4419589826341097],""finish"":2.4419589826341097,""tardiness"":1.753716679962465},""8"":{""start"":1.4819286460405479,""completion_by_type"":[2.134347618001513,2.634480009375614],""finish"":2.634480009375614,""tardiness"":0.0},""9"":{""start"":2.7975535248030505,""completion_by_type"":[3.422864637575965,3.6953898707701973],""finish"":3.6953898707701973,""tardiness"":0.19015164700331733},""10"":{""start"":2.220355470185053,""completion_by_type"":[2.874051167255903,3.0655447034599206],""finish"":3.0655447034599206,""tardiness"":0.0}}","{""distance"":11.648877766438892,""tardiness"":5.637243727431562,""objective"":8.643060746935227,""task_times"":{""1"":{""start"":1.4938628288455897,""completion_by_type"":[2.070947440053045,2.43568791014458],""finish"":2.43568791014458,""tardiness"":0.4995979595410758},""2"":{""start"":0.8724625952134486,""completion_by_type"":[1.3547476947113481,1.76946571787038],""finish"":1.76946571787038,""tardiness"":0.6940128742277041},""3"":{""start"":3.2852381553867778,""completion_by_type"":[3.931264538009656,4.195165176417559],""finish"":4.195165176417559,""tardiness"":0.0},""4"":{""start"":0.35216808554916734,""completion_by_type"":[0.9481121750477333,1.2396268177975962],""finish"":1.2396268177975962,""tardiness"":0.0},""5"":{""start"":2.647414837933386,""completion_by_type"":[3.2976925623024895,3.8123632483015513],""finish"":3.8123632483015513,""tardiness"":2.4997645666969994},""6"":{""start"":4.1445115247542885,""completion_by_type"":[4.762569638229941,5.032564222635803],""finish"":5.032564222635803,""tardiness"":0.0},""7"":{""start"":1.3215687153213564,""completion_by_type"":[1.779536049760937,2.4419589826341097],""finish"":2.4419589826341097,""tardiness"":1.753716679962465},""8"":{""start"":1.4819286460405479,""completion_by_type"":[2.134347618001513,2.634480009375614],""finish"":2.634480009375614,""tardiness"":0.0},""9"":{""start"":2.7975535248030505,""completion_by_type"":[3.422864637575965,3.6953898707701973],""finish"":3.6953898707701973,""tardiness"":0.19015164700331733},""10"":{""start"":2.220355470185053,""completion_by_type"":[2.874051167255903,3.0655447034599206],""finish"":3.0655447034599206,""tardiness"":0.0}}}","{""objective"":1.326737066875694e-07,""distance"":1.7763568394002505e-15,""tardiness"":2.6534741603967404e-07}",3600,1,0,100.0,manhattan,"[0.5,0.5]",True
k2_n10_i051,1,optimal,2,10,51,N10_K2_M12_I51,2,OPTIMAL,True,True,9.062568463065078,11.38953848474938,6.735598441380778,9.062568463065034,9.062568463065034,0.0,10,73.95199990272522,81.82522849794402,36536.0,768977.0,,optimal,,"{""1"":[10,4,3],""2"":[5,9,1],""3"":[8,2],""4"":[7,6],""5"":[7,6],""6"":[5,4],""7"":[10,3],""8"":[8,2],""9"":[],""10"":[],""11"":[9,1],""12"":[]}","{""1"":{""start"":2.0795203687413797,""completion_by_type"":[2.6035129117716993,3.2124136696564776],""finish"":3.2124136696564776,""tardiness"":0.0},""2"":{""start"":2.027403554793671,""completion_by_type"":[2.571514143511242,2.9788177392748985],""finish"":2.9788177392748985,""tardiness"":1.9894989694328595},""3"":{""start"":2.7263644403222864,""completion_by_type"":[3.260054995932877,3.796234031316571],""finish"":3.796234031316571,""tardiness"":0.0},""4"":{""start"":2.096629643392162,""completion_by_type"":[2.558585406956672,3.115469724599323],""finish"":3.115469724599323,""tardiness"":0.1386282553073026},""5"":{""start"":0.3940566547113854,""completion_by_type"":[0.7942396318613589,1.333617642520211],""finish"":1.333617642520211,""tardiness"":0.0},""6"":{""start"":3.070091807694072,""completion_by_type"":[3.5209415363914838,4.207889120139445],""finish"":4.207889120139445,""tardiness"":1.69224027229438},""7"":{""start"":1.7302279065908879,""completion_by_type"":[2.0478969817568533,2.893876114159816],""finish"":2.893876114159816,""tardiness"":1.428301166422985},""8"":{""start"":0.9370920975883492,""completion_by_type"":[1.3682171368504104,1.8943437037617452],""finish"":1.8943437037617452,""tardiness"":1.357892386161946},""9"":{""start"":1.0565130366606401,""completion_by_type"":[1.7430606185702797,1.9102452841620488],""finish"":1.9102452841620488,""tardiness"":0.0},""10"":{""start"":0.9162652899335556,""completion_by_type"":[1.53446808904727,1.9513376786308085],""finish"":1.9513376786308085,""tardiness"":0.12903739176129259}}","{""distance"":11.389538484749377,""tardiness"":6.735598441380766,""objective"":9.062568463065071,""task_times"":{""1"":{""start"":2.0795203687413797,""completion_by_type"":[2.6035129117716993,3.2124136696564776],""finish"":3.2124136696564776,""tardiness"":0.0},""2"":{""start"":2.027403554793671,""completion_by_type"":[2.571514143511242,2.9788177392748985],""finish"":2.9788177392748985,""tardiness"":1.9894989694328595},""3"":{""start"":2.7263644403222864,""completion_by_type"":[3.260054995932877,3.796234031316571],""finish"":3.796234031316571,""tardiness"":0.0},""4"":{""start"":2.096629643392162,""completion_by_type"":[2.558585406956672,3.115469724599323],""finish"":3.115469724599323,""tardiness"":0.1386282553073026},""5"":{""start"":0.3940566547113854,""completion_by_type"":[0.7942396318613589,1.333617642520211],""finish"":1.333617642520211,""tardiness"":0.0},""6"":{""start"":3.070091807694072,""completion_by_type"":[3.5209415363914838,4.207889120139445],""finish"":4.207889120139445,""tardiness"":1.69224027229438},""7"":{""start"":1.7302279065908879,""completion_by_type"":[2.0478969817568533,2.893876114159816],""finish"":2.893876114159816,""tardiness"":1.428301166422985},""8"":{""start"":0.9370920975883492,""completion_by_type"":[1.3682171368504104,1.8943437037617452],""finish"":1.8943437037617452,""tardiness"":1.357892386161946},""9"":{""start"":1.0565130366606401,""completion_by_type"":[1.7430606185702797,1.9102452841620488],""finish"":1.9102452841620488,""tardiness"":0.0},""10"":{""start"":0.9162652899335556,""completion_by_type"":[1.53446808904727,1.9513376786308085],""finish"":1.9513376786308085,""tardiness"":0.12903739176129259}}}","{""objective"":7.105427357601002e-15,""distance"":3.552713678800501e-15,""tardiness"":1.1546319456101628e-14}",3600,1,0,100.0,manhattan,"[0.5,0.5]",True
k2_n10_i052,1,optimal,2,10,52,N10_K2_M12_I52,2,OPTIMAL,True,True,8.699170623511005,11.241367706838286,6.1569735401837224,8.699170160597648,8.699170160597648,5.321350476481017e-08,10,679.5410001277924,863.180422066809,182394.0,8703806.0,,optimal,,"{""1"":[5,9,10],""2"":[8,1],""3"":[4,7],""4"":[3,6,2],""5"":[4,7],""6"":[3,6],""7"":[],""8"":[8,1],""9"":[5,2],""10"":[9,10],""11"":[],""12"":[]}","{""1"":{""start"":2.618718028650793,""completion_by_type"":[3.1327338326103127,3.5623688821317354],""finish"":3.5623688821317354,""tardiness"":1.4545724348470404},""2"":{""start"":2.659113401776344,""completion_by_type"":[2.989677850940451,3.7710636517548703],""finish"":3.7710636517548703,""tardiness"":0.0},""3"":{""start"":0.4452159259545046,""completion_by_type"":[0.7850890703867772,1.5967029509518738],""finish"":1.5967029509518738,""tardiness"":0.0},""4"":{""start"":1.0868729465640232,""completion_by_type"":[1.5149863702475888,2.032306698039882],""finish"":2.032306698039882,""tardiness"":1.0721229952818645},""5"":{""start"":0.3727956126845538,""completion_by_type"":[0.7092731113770302,1.4102588164648315],""finish"":1.4102588164648315,""tardiness"":0.0},""6"":{""start"":1.9130072532992732,""completion_by_type"":[2.244258944856698,2.9852528317048703],""finish"":2.9852528317048703,""tardiness"":0.1532416226634714},""7"":{""start"":2.507652548107978,""completion_by_type"":[3.0160387189049924,3.426613656828173],""finish"":3.426613656828173,""tardiness"":1.7711277303198778},""8"":{""start"":1.1661456878518348,""completion_by_type"":[1.814663166843396,2.057528743855396],""finish"":2.057528743855396,""tardiness"":1.7059087570714453},""9"":{""start"":1.2709043514533365,""completion_by_type"":[1.5869807439553507,2.274699989848772],""finish"":2.274699989848772,""tardiness"":0.0},""10"":{""start"":2.4325068784351442,""completion_by_type"":[2.839902537824424,3.351424459957329],""finish"":3.351424459957329,""tardiness"":0.0}}","{""distance"":11.241367706838284,""tardiness"":6.1569735401837,""objective"":8.699170623510993,""task_times"":{""1"":{""start"":2.618718028650793,""completion_by_type"":[3.1327338326103127,3.5623688821317354],""finish"":3.5623688821317354,""tardiness"":1.4545724348470404},""2"":{""start"":2.659113401776344,""completion_by_type"":[2.989677850940451,3.7710636517548703],""finish"":3.7710636517548703,""tardiness"":0.0},""3"":{""start"":0.4452159259545046,""completion_by_type"":[0.7850890703867772,1.5967029509518738],""finish"":1.5967029509518738,""tardiness"":0.0},""4"":{""start"":1.0868729465640232,""completion_by_type"":[1.5149863702475888,2.032306698039882],""finish"":2.032306698039882,""tardiness"":1.0721229952818645},""5"":{""start"":0.3727956126845538,""completion_by_type"":[0.7092731113770302,1.4102588164648315],""finish"":1.4102588164648315,""tardiness"":0.0},""6"":{""start"":1.9130072532992732,""completion_by_type"":[2.244258944856698,2.9852528317048703],""finish"":2.9852528317048703,""tardiness"":0.1532416226634714},""7"":{""start"":2.507652548107978,""completion_by_type"":[3.0160387189049924,3.426613656828173],""finish"":3.426613656828173,""tardiness"":1.7711277303198778},""8"":{""start"":1.1661456878518348,""completion_by_type"":[1.814663166843396,2.057528743855396],""finish"":2.057528743855396,""tardiness"":1.7059087570714453},""9"":{""start"":1.2709043514533365,""completion_by_type"":[1.5869807439553507,2.274699989848772],""finish"":2.274699989848772,""tardiness"":0.0},""10"":{""start"":2.4325068784351442,""completion_by_type"":[2.839902537824424,3.351424459957329],""finish"":3.351424459957329,""tardiness"":0.0}}}","{""objective"":1.2434497875801753e-14,""distance"":1.7763568394002505e-15,""tardiness"":2.220446049250313e-14}",3600,1,0,100.0,manhattan,"[0.5,0.5]",True
k2_n10_i053,1,optimal,2,10,53,N10_K2_M12_I53,2,OPTIMAL,True,True,8.63475341862786,11.52961529715295,5.739891540102767,8.63475341862786,8.634753307797691,0.0,10,1253.106999874115,1494.548847565743,493260.0,13323807.0,,optimal,,"{""1"":[2,8,7],""2"":[9,3,1],""3"":[5,6],""4"":[4,10],""5"":[],""6"":[9,3,1],""7"":[],""8"":[5,6],""9"":[],""10"":[2,8,7],""11"":[],""12"":[4,10]}","{""1"":{""start"":2.9898651761670476,""completion_by_type"":[3.568853137060037,4.023018476183618],""finish"":4.023018476183618,""tardiness"":0.3731462406813364},""2"":{""start"":1.5936988468887532,""completion_by_type"":[2.0245993899410357,2.4133924838130425],""finish"":2.4133924838130425,""tardiness"":1.9234794980420953},""3"":{""start"":1.3484840900036628,""completion_by_type"":[1.8722607971873888,2.3800150803985787],""finish"":2.3800150803985787,""tardiness"":0.0},""4"":{""start"":1.5580261738212224,""completion_by_type"":[2.0551813964731487,2.5776010870951707],""finish"":2.5776010870951707,""tardiness"":0.6076466817764237},""5"":{""start"":0.6417437798746228,""completion_by_type"":[1.0924686854082217,1.5902551606799191],""finish"":1.5902551606799191,""tardiness"":0.0},""6"":{""start"":1.8289363816270099,""completion_by_type"":[2.141162533535446,2.838106462636336],""finish"":2.838106462636336,""tardiness"":0.0},""7"":{""start"":3.8098321226605947,""completion_by_type"":[4.4108283317085,4.824922839099524],""finish"":4.824922839099524,""tardiness"":0.17736857274985063},""8"":{""start"":2.563912374193821,""completion_by_type"":[3.124280634652947,3.59821077648919],""finish"":3.59821077648919,""tardiness"":2.645887709112706},""9"":{""start"":0.407674625685415,""completion_by_type"":[0.7962639514149967,1.312956315982755],""finish"":1.312956315982755,""tardiness"":0.0},""10"":{""start"":2.8950649821129817,""completion_by_type"":[3.4058373043037786,4.013766693680273],""finish"":4.013766693680273,""tardiness"":0.012362837740366395}}","{""distance"":11.529615297152949,""tardiness"":5.739891540102778,""objective"":8.634753418627863,""task_times"":{""1"":{""start"":2.9898651761670476,""completion_by_type"":[3.568853137060037,4.023018476183618],""finish"":4.023018476183618,""tardiness"":0.3731462406813364},""2"":{""start"":1.5936988468887532,""completion_by_type"":[2.0245993899410357,2.4133924838130425],""finish"":2.4133924838130425,""tardiness"":1.9234794980420953},""3"":{""start"":1.3484840900036628,""completion_by_type"":[1.8722607971873888,2.3800150803985787],""finish"":2.3800150803985787,""tardiness"":0.0},""4"":{""start"":1.5580261738212224,""completion_by_type"":[2.0551813964731487,2.5776010870951707],""finish"":2.5776010870951707,""tardiness"":0.6076466817764237},""5"":{""start"":0.6417437798746228,""completion_by_type"":[1.0924686854082217,1.5902551606799191],""finish"":1.5902551606799191,""tardiness"":0.0},""6"":{""start"":1.8289363816270099,""completion_by_type"":[2.141162533535446,2.838106462636336],""finish"":2.838106462636336,""tardiness"":0.0},""7"":{""start"":3.8098321226605947,""completion_by_type"":[4.4108283317085,4.824922839099524],""finish"":4.824922839099524,""tardiness"":0.17736857274985063},""8"":{""start"":2.563912374193821,""completion_by_type"":[3.124280634652947,3.59821077648919],""finish"":3.59821077648919,""tardiness"":2.645887709112706},""9"":{""start"":0.407674625685415,""completion_by_type"":[0.7962639514149967,1.312956315982755],""finish"":1.312956315982755,""tardiness"":0.0},""10"":{""start"":2.8950649821129817,""completion_by_type"":[3.4058373043037786,4.013766693680273],""finish"":4.013766693680273,""tardiness"":0.012362837740366395}}}","{""objective"":3.552713678800501e-15,""distance"":1.7763568394002505e-15,""tardiness"":1.0658141036401503e-14}",3600,1,0,100.0,manhattan,"[0.5,0.5]",True
k2_n10_i054,1,optimal,2,10,54,N10_K2_M12_I54,2,OPTIMAL,True,True,8.14814636156166,11.301200233046107,4.995092490077212,8.148146333759591,8.148146333759591,3.412072754895635e-09,10,2023.8440001010895,2425.4195782055663,781585.0,19907428.0,,optimal,,"{""1"":[4,6],""2"":[7,9],""3"":[5,8,1,10],""4"":[3,2],""5"":[3,2],""6"":[],""7"":[8,10],""8"":[4,6],""9"":[],""10"":[5,1],""11"":[],""12"":[7,9]}","{""1"":{""start"":2.5159510531412166,""completion_by_type"":[3.0870665539727233,3.5875084898153],""finish"":3.5875084898153,""tardiness"":0.0},""2"":{""start"":2.6047401484942228,""completion_by_type"":[3.1068321585586824,3.6922915732951136],""finish"":3.6922915732951136,""tardiness"":1.0308551704273237},""3"":{""start"":1.3851930230101073,""completion_by_type"":[2.0499600905247766,2.573428423682138],""finish"":2.573428423682138,""tardiness"":1.5977409906804692},""4"":{""start"":0.7738458995391833,""completion_by_type"":[1.3327138319666578,1.6706003334899306],""finish"":1.6706003334899306,""tardiness"":0.0},""5"":{""start"":0.7424485940857734,""completion_by_type"":[1.077761169412331,1.8600685224530076],""finish"":1.8600685224530076,""tardiness"":0.0},""6"":{""start"":2.0806079647993947,""completion_by_type"":[2.535565308100244,2.96981083744497],""finish"":2.96981083744497,""tardiness"":0.0},""7"":{""start"":0.4950591946116498,""completion_by_type"":[0.9803622019940024,1.498552872290504],""finish"":1.498552872290504,""tardiness"":0.025231588107333947},""8"":{""start"":1.8057831522178898,""completion_by_type"":[2.3264432836027233,2.789315259470454],""finish"":2.789315259470454,""tardiness"":2.3412647408620892},""9"":{""start"":1.6319109559130727,""completion_by_type"":[2.324346631022794,2.5927257871906164],""finish"":2.5927257871906164,""tardiness"":0.0},""10"":{""start"":3.2943038065904955,""completion_by_type"":[3.9678825231143886,4.306368853041485],""finish"":4.306368853041485,""tardiness"":0.0}}","{""distance"":11.301200233046105,""tardiness"":4.995092490077216,""objective"":8.148146361561661,""task_times"":{""1"":{""start"":2.5159510531412166,""completion_by_type"":[3.0870665539727233,3.5875084898153],""finish"":3.5875084898153,""tardiness"":0.0},""2"":{""start"":2.6047401484942228,""completion_by_type"":[3.1068321585586824,3.6922915732951136],""finish"":3.6922915732951136,""tardiness"":1.0308551704273237},""3"":{""start"":1.3851930230101073,""completion_by_type"":[2.0499600905247766,2.573428423682138],""finish"":2.573428423682138,""tardiness"":1.5977409906804692},""4"":{""start"":0.7738458995391833,""completion_by_type"":[1.3327138319666578,1.6706003334899306],""finish"":1.6706003334899306,""tardiness"":0.0},""5"":{""start"":0.7424485940857734,""completion_by_type"":[1.077761169412331,1.8600685224530076],""finish"":1.8600685224530076,""tardiness"":0.0},""6"":{""start"":2.0806079647993947,""completion_by_type"":[2.535565308100244,2.96981083744497],""finish"":2.96981083744497,""tardiness"":0.0},""7"":{""start"":0.4950591946116498,""completion_by_type"":[0.9803622019940024,1.498552872290504],""finish"":1.498552872290504,""tardiness"":0.025231588107333947},""8"":{""start"":1.8057831522178898,""completion_by_type"":[2.3264432836027233,2.789315259470454],""finish"":2.789315259470454,""tardiness"":2.3412647408620892},""9"":{""start"":1.6319109559130727,""completion_by_type"":[2.324346631022794,2.5927257871906164],""finish"":2.5927257871906164,""tardiness"":0.0},""10"":{""start"":3.2943038065904955,""completion_by_type"":[3.9678825231143886,4.306368853041485],""finish"":4.306368853041485,""tardiness"":0.0}}}","{""objective"":1.7763568394002505e-15,""distance"":1.7763568394002505e-15,""tardiness"":3.552713678800501e-15}",3600,1,0,100.0,manhattan,"[0.5,0.5]",True
k2_n10_i055,1,optimal,2,10,55,N10_K2_M12_I55,2,OPTIMAL,True,True,6.555525360677612,9.64006530359379,3.4709854177614337,6.555525360677612,6.555525360677612,0.0,10,12.759999990463257,13.659029658973584,3468.0,79403.0,,optimal,,"{""1"":[2],""2"":[6,7,3,10],""3"":[9],""4"":[8,5,1,4],""5"":[],""6"":[],""7"":[],""8"":[2,5,1],""9"":[8,4],""10"":[9],""11"":[6],""12"":[7,3,10]}","{""1"":{""start"":2.8061810967262453,""completion_by_type"":[3.1239422589806685,3.6122753327585064],""finish"":3.6122753327585064,""tardiness"":0.0},""2"":{""start"":0.246877885860794,""completion_by_type"":[0.6220806840681402,1.0557707264734686],""finish"":1.0557707264734686,""tardiness"":0.0},""3"":{""start"":2.7876500025451483,""completion_by_type"":[3.1100682913820124,3.700210016670831],""finish"":3.700210016670831,""tardiness"":0.2166776261427832},""4"":{""start"":3.407102274837094,""completion_by_type"":[4.001238044565654,4.373542789628678],""finish"":4.373542789628678,""tardiness"":0.0},""5"":{""start"":1.626477885116901,""completion_by_type"":[1.971851600757054,2.6307157342512575],""finish"":2.6307157342512575,""tardiness"":0.4545118184323096},""6"":{""start"":0.7430835879799255,""completion_by_type"":[1.0929946827667991,1.6854923082944548],""finish"":1.6854923082944548,""tardiness"":1.266174956848193},""7"":{""start"":1.485807254368955,""completion_by_type"":[1.9493961983307848,2.6160415103588877],""finish"":2.6160415103588877,""tardiness"":0.04257167921649252},""8"":{""start"":0.9318199438071877,""completion_by_type"":[1.4263766019608228,1.9678729199648712],""finish"":1.9678729199648712,""tardiness"":0.8157210150463512},""9"":{""start"":0.9979189837307251,""completion_by_type"":[1.3811998453239485,2.0491448624333555],""finish"":2.0491448624333555,""tardiness"":0.6753293103113145},""10"":{""start"":3.8597165872880197,""completion_by_type"":[4.4069280312642,4.6834981812123235],""finish"":4.6834981812123235,""tardiness"":0.0}}","{""distance"":9.64006530359379,""tardiness"":3.470986405997444,""objective"":6.555525854795617,""task_times"":{""1"":{""start"":2.8061810967262453,""completion_by_type"":[3.1239422589806685,3.6122753327585064],""finish"":3.6122753327585064,""tardiness"":0.0},""2"":{""start"":0.246877885860794,""completion_by_type"":[0.6220806840681402,1.0557707264734686],""finish"":1.0557707264734686,""tardiness"":0.0},""3"":{""start"":2.7876500025451483,""completion_by_type"":[3.1100682913820124,3.700210016670831],""finish"":3.700210016670831,""tardiness"":0.2166776261427832},""4"":{""start"":3.407102274837094,""completion_by_type"":[4.001238044565654,4.373542789628678],""finish"":4.373542789628678,""tardiness"":0.0},""5"":{""start"":1.626477885116901,""completion_by_type"":[1.971851600757054,2.6307157342512575],""finish"":2.6307157342512575,""tardiness"":0.4545118184323096},""6"":{""start"":0.7430835879799255,""completion_by_type"":[1.0929946827667991,1.6854923082944548],""finish"":1.6854923082944548,""tardiness"":1.266174956848193},""7"":{""start"":1.485807254368955,""completion_by_type"":[1.9493961983307848,2.6160415103588877],""finish"":2.6160415103588877,""tardiness"":0.04257167921649252},""8"":{""start"":0.9318199438071877,""completion_by_type"":[1.4263766019608228,1.9678729199648712],""finish"":1.9678729199648712,""tardiness"":0.8157210150463512},""9"":{""start"":0.9979189837307251,""completion_by_type"":[1.3811998453239485,2.0491448624333555],""finish"":2.0491448624333555,""tardiness"":0.6753293103113145},""10"":{""start"":3.8597165872880197,""completion_by_type"":[4.4069280312642,4.6834981812123235],""finish"":4.6834981812123235,""tardiness"":0.0}}}","{""objective"":4.941180051787342e-07,""distance"":0.0,""tardiness"":9.882360103574683e-07}",3600,1,0,100.0,manhattan,"[0.5,0.5]",True
k2_n10_i056,1,optimal,2,10,56,N10_K2_M12_I56,2,OPTIMAL,True,True,7.064470579413024,8.748202423596412,5.380738735229636,7.064470579413024,7.064470504569994,0.0,10,126.6489999294281,142.1179736253116,38929.0,1020562.0,,optimal,,"{""1"":[3,4,5,2],""2"":[],""3"":[8,9,10],""4"":[6,7,1],""5"":[],""6"":[6,7,1],""7"":[],""8"":[8,9,10],""9"":[],""10"":[4,2],""11"":[3,5],""12"":[]}","{""1"":{""start"":3.6732297927614437,""completion_by_type"":[4.288333949209264,4.843122014282619],""finish"":4.843122014282619,""tardiness"":0.0},""2"":{""start"":2.9135639628896812,""completion_by_type"":[3.437666930803413,3.754257010116597],""finish"":3.754257010116597,""tardiness"":0.4220655543646128},""3"":{""start"":0.5194420270845439,""completion_by_type"":[0.8978441382080669,1.4053607085677764],""finish"":1.4053607085677764,""tardiness"":0.9289490826346753},""4"":{""start"":1.6441527764610626,""completion_by_type"":[2.1275637823429494,2.6377641313874918],""finish"":2.6377641313874918,""tardiness"":0.07467983652747057},""5"":{""start"":2.3095068832020025,""completion_by_type"":[2.671861610254165,3.209555288424815],""finish"":3.209555288424815,""tardiness"":2.016839390251092},""6"":{""start"":0.8476757254517597,""completion_by_type"":[1.3745853278497466,1.9877250261172668],""finish"":1.9877250261172668,""tardiness"":0.0},""7"":{""start"":2.456930773729097,""completion_by_type"":[2.9175984776827923,3.335191606946352],""finish"":3.335191606946352,""tardiness"":1.9382048714517999},""8"":{""start"":0.06237486809892267,""completion_by_type"":[0.5554878498316683,1.203845291361934],""finish"":1.203845291361934,""tardiness"":0.0},""9"":{""start"":1.6171338818301548,""completion_by_type"":[2.236282045592306,2.5319801287390407],""finish"":2.5319801287390407,""tardiness"":0.0},""10"":{""start"":2.5611357147926697,""completion_by_type"":[2.926691004503607,3.727984733805085],""finish"":3.727984733805085,""tardiness"":0.0}}","{""distance"":8.748202423596414,""tardiness"":5.3807387352296505,""objective"":7.064470579413032,""task_times"":{""1"":{""start"":3.6732297927614437,""completion_by_type"":[4.288333949209264,4.843122014282619],""finish"":4.843122014282619,""tardiness"":0.0},""2"":{""start"":2.9135639628896812,""completion_by_type"":[3.437666930803413,3.754257010116597],""finish"":3.754257010116597,""tardiness"":0.4220655543646128},""3"":{""start"":0.5194420270845439,""completion_by_type"":[0.8978441382080669,1.4053607085677764],""finish"":1.4053607085677764,""tardiness"":0.9289490826346753},""4"":{""start"":1.6441527764610626,""completion_by_type"":[2.1275637823429494,2.6377641313874918],""finish"":2.6377641313874918,""tardiness"":0.07467983652747057},""5"":{""start"":2.3095068832020025,""completion_by_type"":[2.671861610254165,3.209555288424815],""finish"":3.209555288424815,""tardiness"":2.016839390251092},""6"":{""start"":0.8476757254517597,""completion_by_type"":[1.3745853278497466,1.9877250261172668],""finish"":1.9877250261172668,""tardiness"":0.0},""7"":{""start"":2.456930773729097,""completion_by_type"":[2.9175984776827923,3.335191606946352],""finish"":3.335191606946352,""tardiness"":1.9382048714517999},""8"":{""start"":0.06237486809892267,""completion_by_type"":[0.5554878498316683,1.203845291361934],""finish"":1.203845291361934,""tardiness"":0.0},""9"":{""start"":1.6171338818301548,""completion_by_type"":[2.236282045592306,2.5319801287390407],""finish"":2.5319801287390407,""tardiness"":0.0},""10"":{""start"":2.5611357147926697,""completion_by_type"":[2.926691004503607,3.727984733805085],""finish"":3.727984733805085,""tardiness"":0.0}}}","{""objective"":7.993605777301127e-15,""distance"":1.7763568394002505e-15,""tardiness"":1.4210854715202004e-14}",3600,1,0,100.0,manhattan,"[0.5,0.5]",True
k2_n10_i057,1,optimal,2,10,57,N10_K2_M12_I57,2,OPTIMAL,True,True,7.611406596854268,9.856297626534545,5.36651556717399,7.611406596854268,7.611406322858992,0.0,10,251.49900007247925,307.1018442125905,60586.0,2417078.0,,optimal,,"{""1"":[5,3],""2"":[8,2,7],""3"":[10,9],""4"":[6,1,4],""5"":[],""6"":[],""7"":[5,3],""8"":[10,9],""9"":[8,2,7],""10"":[],""11"":[6,1,4],""12"":[]}","{""1"":{""start"":2.3593646090585545,""completion_by_type"":[3.0398066952528113,3.313455794603981],""finish"":3.313455794603981,""tardiness"":0.9389427263541221},""2"":{""start"":2.6587908028721947,""completion_by_type"":[2.965231683892015,3.8244769425443756],""finish"":3.8244769425443756,""tardiness"":2.7169978850653216},""3"":{""start"":2.008657630447371,""completion_by_type"":[2.567463129825472,2.9233051277906985],""finish"":2.9233051277906985,""tardiness"":0.0},""4"":{""start"":3.465989430794653,""completion_by_type"":[4.131053589671712,4.517131895105481],""finish"":4.517131895105481,""tardiness"":0.0},""5"":{""start"":0.9715436907741748,""completion_by_type"":[1.5791458639257923,1.9557080752462785],""finish"":1.9557080752462785,""tardiness"":0.0},""6"":{""start"":0.8016788003110535,""completion_by_type"":[1.4855022632060624,1.711337988966991],""finish"":1.711337988966991,""tardiness"":0.0},""7"":{""start"":4.071876811029972,""completion_by_type"":[4.617262997804355,4.999589604383681],""finish"":4.999589604383681,""tardiness"":0.13785845550078157},""8"":{""start"":1.039443702999032,""completion_by_type"":[1.6562154886003406,2.2005654627766145],""finish"":2.2005654627766145,""tardiness"":0.7215372928856805},""9"":{""start"":1.7205520243629158,""completion_by_type"":[2.3104872669767524,2.5800591115587936],""finish"":2.5800591115587936,""tardiness"":0.0},""10"":{""start"":0.30752537421900344,""completion_by_type"":[0.7760741888909746,1.4717297994634109],""finish"":1.4717297994634109,""tardiness"":0.8511792073680772}}","{""distance"":9.856297626534547,""tardiness"":5.366515567173983,""objective"":7.611406596854264,""task_times"":{""1"":{""start"":2.3593646090585545,""completion_by_type"":[3.0398066952528113,3.313455794603981],""finish"":3.313455794603981,""tardiness"":0.9389427263541221},""2"":{""start"":2.6587908028721947,""completion_by_type"":[2.965231683892015,3.8244769425443756],""finish"":3.8244769425443756,""tardiness"":2.7169978850653216},""3"":{""start"":2.008657630447371,""completion_by_type"":[2.567463129825472,2.9233051277906985],""finish"":2.9233051277906985,""tardiness"":0.0},""4"":{""start"":3.465989430794653,""completion_by_type"":[4.131053589671712,4.517131895105481],""finish"":4.517131895105481,""tardiness"":0.0},""5"":{""start"":0.9715436907741748,""completion_by_type"":[1.5791458639257923,1.9557080752462785],""finish"":1.9557080752462785,""tardiness"":0.0},""6"":{""start"":0.8016788003110535,""completion_by_type"":[1.4855022632060624,1.711337988966991],""finish"":1.711337988966991,""tardiness"":0.0},""7"":{""start"":4.071876811029972,""completion_by_type"":[4.617262997804355,4.999589604383681],""finish"":4.999589604383681,""tardiness"":0.13785845550078157},""8"":{""start"":1.039443702999032,""completion_by_type"":[1.6562154886003406,2.2005654627766145],""finish"":2.2005654627766145,""tardiness"":0.7215372928856805},""9"":{""start"":1.7205520243629158,""completion_by_type"":[2.3104872669767524,2.5800591115587936],""finish"":2.5800591115587936,""tardiness"":0.0},""10"":{""start"":0.30752537421900344,""completion_by_type"":[0.7760741888909746,1.4717297994634109],""finish"":1.4717297994634109,""tardiness"":0.8511792073680772}}}","{""objective"":3.552713678800501e-15,""distance"":1.7763568394002505e-15,""tardiness"":7.105427357601002e-15}",3600,1,0,100.0,manhattan,"[0.5,0.5]",True
k2_n10_i058,1,optimal,2,10,58,N10_K2_M12_I58,2,OPTIMAL,True,True,6.830494768424138,10.913622364668234,2.7473671721800437,6.830494768424138,6.830494768424139,0.0,10,10.136000156402588,10.609314199503526,1478.0,58280.0,,optimal,,"{""1"":[8,7,6],""2"":[2,10,1,9],""3"":[3,5],""4"":[4],""5"":[],""6"":[8,7,6],""7"":[3,5],""8"":[2,1],""9"":[4],""10"":[10,9],""11"":[],""12"":[]}","{""1"":{""start"":2.055725537214848,""completion_by_type"":[2.725635582597385,3.2537035183030403],""finish"":3.2537035183030403,""tardiness"":0.0},""2"":{""start"":0.7770637049881876,""completion_by_type"":[1.3571075285832803,1.7660975896590774],""finish"":1.7660975896590774,""tardiness"":0.08565466268571931},""3"":{""start"":0.9610295398499091,""completion_by_type"":[1.2976843321166565,2.144726306284686],""finish"":2.144726306284686,""tardiness"":0.94692284518758},""4"":{""start"":0.8701627558014644,""completion_by_type"":[1.416821986475686,1.9957550937946995],""finish"":1.9957550937946995,""tardiness"":1.6366366348985797},""5"":{""start"":2.283179662647845,""completion_by_type"":[2.776417735082604,3.258940135493976],""finish"":3.258940135493976,""tardiness"":0.0},""6"":{""start"":3.08800329780761,""completion_by_type"":[3.6067508699802,4.1253444877350045],""finish"":4.1253444877350045,""tardiness"":0.0},""7"":{""start"":1.8827531439448562,""completion_by_type"":[2.541918042384021,2.8032006328015853],""finish"":2.8032006328015853,""tardiness"":0.0},""8"":{""start"":0.8173815602046944,""completion_by_type"":[1.1501461227738035,1.7167160673105983],""finish"":1.7167160673105983,""tardiness"":0.0},""9"":{""start"":3.324791931506387,""completion_by_type"":[3.762723968085626,4.285935822582894],""finish"":4.285935822582894,""tardiness"":0.0},""10"":{""start"":1.5831417092306985,""completion_by_type"":[1.9037012311620005,2.667025335423326],""finish"":2.667025335423326,""tardiness"":0.07815308580356817}}","{""distance"":10.913622364668234,""tardiness"":2.747367228575447,""objective"":6.83049479662184,""task_times"":{""1"":{""start"":2.055725537214848,""completion_by_type"":[2.725635582597385,3.2537035183030403],""finish"":3.2537035183030403,""tardiness"":0.0},""2"":{""start"":0.7770637049881876,""completion_by_type"":[1.3571075285832803,1.7660975896590774],""finish"":1.7660975896590774,""tardiness"":0.08565466268571931},""3"":{""start"":0.9610295398499091,""completion_by_type"":[1.2976843321166565,2.144726306284686],""finish"":2.144726306284686,""tardiness"":0.94692284518758},""4"":{""start"":0.8701627558014644,""completion_by_type"":[1.416821986475686,1.9957550937946995],""finish"":1.9957550937946995,""tardiness"":1.6366366348985797},""5"":{""start"":2.283179662647845,""completion_by_type"":[2.776417735082604,3.258940135493976],""finish"":3.258940135493976,""tardiness"":0.0},""6"":{""start"":3.08800329780761,""completion_by_type"":[3.6067508699802,4.1253444877350045],""finish"":4.1253444877350045,""tardiness"":0.0},""7"":{""start"":1.8827531439448562,""completion_by_type"":[2.541918042384021,2.8032006328015853],""finish"":2.8032006328015853,""tardiness"":0.0},""8"":{""start"":0.8173815602046944,""completion_by_type"":[1.1501461227738035,1.7167160673105983],""finish"":1.7167160673105983,""tardiness"":0.0},""9"":{""start"":3.324791931506387,""completion_by_type"":[3.762723968085626,4.285935822582894],""finish"":4.285935822582894,""tardiness"":0.0},""10"":{""start"":1.5831417092306985,""completion_by_type"":[1.9037012311620005,2.667025335423326],""finish"":2.667025335423326,""tardiness"":0.07815308580356817}}}","{""objective"":2.819770195117144e-08,""distance"":0.0,""tardiness"":5.639540345825367e-08}",3600,1,0,100.0,manhattan,"[0.5,0.5]",True
k2_n10_i059,1,optimal,2,10,59,N10_K2_M12_I59,2,OPTIMAL,True,True,7.361499090709804,10.163544703007695,4.559453478411914,7.361499090709804,7.361499090709806,0.0,10,8.726999998092651,9.31752176984549,2026.0,62301.0,,optimal,,"{""1"":[4,6,1,2],""2"":[5],""3"":[9,10,3],""4"":[8,7],""5"":[5,2],""6"":[],""7"":[],""8"":[],""9"":[],""10"":[8,7],""11"":[4,6,1],""12"":[9,10,3]}","{""1"":{""start"":3.3747889363392902,""completion_by_type"":[3.6868981932471065,4.273756089216808],""finish"":4.273756089216808,""tardiness"":0.0},""2"":{""start"":3.9916697684896336,""completion_by_type"":[4.464733149779246,5.044216886952071],""finish"":5.044216886952071,""tardiness"":0.0},""3"":{""start"":3.157997866212206,""completion_by_type"":[3.5655976936282605,4.1108196839965805],""finish"":4.1108196839965805,""tardiness"":0.11438748507260366},""4"":{""start"":0.9428622809362546,""completion_by_type"":[1.2562111298085323,1.9201997469621084],""finish"":1.9201997469621084,""tardiness"":0.9221449511648467},""5"":{""start"":0.5709111570603362,""completion_by_type"":[0.9108657002709784,1.4341220089496696],""finish"":1.4341220089496696,""tardiness"":0.0},""6"":{""start"":2.2474956332649096,""completion_by_type"":[2.896583145767898,3.295383118075691],""finish"":3.295383118075691,""tardiness"":0.2123655358038974},""7"":{""start"":2.5613918436335927,""completion_by_type"":[3.0325345861701543,3.6241231341185234],""finish"":3.6241231341185234,""tardiness"":2.0170834507977142},""8"":{""start"":1.1200720599611516,""completion_by_type"":[1.5793376691478729,1.990696741644261],""finish"":1.990696741644261,""tardiness"":0.0},""9"":{""start"":0.5925777574112977,""completion_by_type"":[0.9041856919027285,1.6764865581639739],""finish"":1.6764865581639739,""tardiness"":1.2934720555728696},""10"":{""start"":2.056592333688097,""completion_by_type"":[2.3780097606829274,2.970071948114814],""finish"":2.970071948114814,""tardiness"":0.0}}","{""distance"":10.163544703007695,""tardiness"":4.559453478411932,""objective"":7.361499090709813,""task_times"":{""1"":{""start"":3.3747889363392902,""completion_by_type"":[3.6868981932471065,4.273756089216808],""finish"":4.273756089216808,""tardiness"":0.0},""2"":{""start"":3.9916697684896336,""completion_by_type"":[4.464733149779246,5.044216886952071],""finish"":5.044216886952071,""tardiness"":0.0},""3"":{""start"":3.157997866212206,""completion_by_type"":[3.5655976936282605,4.1108196839965805],""finish"":4.1108196839965805,""tardiness"":0.11438748507260366},""4"":{""start"":0.9428622809362546,""completion_by_type"":[1.2562111298085323,1.9201997469621084],""finish"":1.9201997469621084,""tardiness"":0.9221449511648467},""5"":{""start"":0.5709111570603362,""completion_by_type"":[0.9108657002709784,1.4341220089496696],""finish"":1.4341220089496696,""tardiness"":0.0},""6"":{""start"":2.2474956332649096,""completion_by_type"":[2.896583145767898,3.295383118075691],""finish"":3.295383118075691,""tardiness"":0.2123655358038974},""7"":{""start"":2.5613918436335927,""completion_by_type"":[3.0325345861701543,3.6241231341185234],""finish"":3.6241231341185234,""tardiness"":2.0170834507977142},""8"":{""start"":1.1200720599611516,""completion_by_type"":[1.5793376691478729,1.990696741644261],""finish"":1.990696741644261,""tardiness"":0.0},""9"":{""start"":0.5925777574112977,""completion_by_type"":[0.9041856919027285,1.6764865581639739],""finish"":1.6764865581639739,""tardiness"":1.2934720555728696},""10"":{""start"":2.056592333688097,""completion_by_type"":[2.3780097606829274,2.970071948114814],""finish"":2.970071948114814,""tardiness"":0.0}}}","{""objective"":8.881784197001252e-15,""distance"":0.0,""tardiness"":1.7763568394002505e-14}",3600,1,0,100.0,manhattan,"[0.5,0.5]",True
k2_n10_i060,1,optimal,2,10,60,N10_K2_M12_I60,2,OPTIMAL,True,True,7.6489075272057345,10.774217371966634,4.5235976824448345,7.648907511022005,7.648907511022005,2.115822403942341e-09,10,781.8029999732971,923.1037265326148,376717.0,8575165.0,,optimal,,"{""1"":[9,10],""2"":[2,8,5],""3"":[1,4,6],""4"":[3,7],""5"":[2,8,5],""6"":[3,7],""7"":[],""8"":[],""9"":[9,10],""10"":[],""11"":[1,4,6],""12"":[]}","{""1"":{""start"":0.8462546977552456,""completion_by_type"":[1.1550788834649748,1.9320992543213256],""finish"":1.9320992543213256,""tardiness"":0.0},""2"":{""start"":0.552738673381701,""completion_by_type"":[0.9827340145862258,1.5095079590615637],""finish"":1.5095079590615637,""tardiness"":0.0},""3"":{""start"":0.8460027909123154,""completion_by_type"":[1.502941458794553,1.7550149532621186],""finish"":1.7550149532621186,""tardiness"":0.3239807584464536},""4"":{""start"":2.5347440759741158,""completion_by_type"":[3.1194843620495725,3.5963669521023234],""finish"":3.5963669521023234,""tardiness"":0.0},""5"":{""start"":2.896067707146323,""completion_by_type"":[3.20596258833464,4.057687904567568],""finish"":4.057687904567568,""tardiness"":0.0},""6"":{""start"":3.6348085138739443,""completion_by_type"":[4.10783737941286,4.630863817878808],""finish"":4.630863817878808,""tardiness"":0.018977186149315983},""7"":{""start"":2.7652495287395924,""completion_by_type"":[3.145570221239899,3.663964346972921],""finish"":3.663964346972921,""tardiness"":0.8218833797024581},""8"":{""start"":1.8524976901449133,""completion_by_type"":[2.2635916547896917,2.8842313969816953],""finish"":2.8842313969816953,""tardiness"":0.0},""9"":{""start"":1.1072950335238172,""completion_by_type"":[1.8019861406688382,2.002520577877732],""finish"":2.002520577877732,""tardiness"":1.5402130291742122},""10"":{""start"":2.0311910681381087,""completion_by_type"":[2.5983901706640014,3.003667483144887],""finish"":3.003667483144887,""tardiness"":1.8185433289724249}}","{""distance"":10.774217371966635,""tardiness"":4.523597682444865,""objective"":7.6489075272057505,""task_times"":{""1"":{""start"":0.8462546977552456,""completion_by_type"":[1.1550788834649748,1.9320992543213256],""finish"":1.9320992543213256,""tardiness"":0.0},""2"":{""start"":0.552738673381701,""completion_by_type"":[0.9827340145862258,1.5095079590615637],""finish"":1.5095079590615637,""tardiness"":0.0},""3"":{""start"":0.8460027909123154,""completion_by_type"":[1.502941458794553,1.7550149532621186],""finish"":1.7550149532621186,""tardiness"":0.3239807584464536},""4"":{""start"":2.5347440759741158,""completion_by_type"":[3.1194843620495725,3.5963669521023234],""finish"":3.5963669521023234,""tardiness"":0.0},""5"":{""start"":2.896067707146323,""completion_by_type"":[3.20596258833464,4.057687904567568],""finish"":4.057687904567568,""tardiness"":0.0},""6"":{""start"":3.6348085138739443,""completion_by_type"":[4.10783737941286,4.630863817878808],""finish"":4.630863817878808,""tardiness"":0.018977186149315983},""7"":{""start"":2.7652495287395924,""completion_by_type"":[3.145570221239899,3.663964346972921],""finish"":3.663964346972921,""tardiness"":0.8218833797024581},""8"":{""start"":1.8524976901449133,""completion_by_type"":[2.2635916547896917,2.8842313969816953],""finish"":2.8842313969816953,""tardiness"":0.0},""9"":{""start"":1.1072950335238172,""completion_by_type"":[1.8019861406688382,2.002520577877732],""finish"":2.002520577877732,""tardiness"":1.5402130291742122},""10"":{""start"":2.0311910681381087,""completion_by_type"":[2.5983901706640014,3.003667483144887],""finish"":3.003667483144887,""tardiness"":1.8185433289724249}}}","{""objective"":1.5987211554602254e-14,""distance"":1.7763568394002505e-15,""tardiness"":3.019806626980426e-14}",3600,1,0,100.0,manhattan,"[0.5,0.5]",True
k2_n10_i061,1,time_limit_feasible,2,10,61,N10_K2_M12_I61,9,TIME_LIMIT,True,False,9.336034971466301,13.512406501239186,5.159663441693415,8.913414787204852,8.913414787204852,0.04526763080398712,10,3600.0039999485016,5122.4764576489315,622180.0,47335219.0,,time_limit_feasible,,"{""1"":[4,5],""2"":[1,9,10],""3"":[2,6],""4"":[7,8,3],""5"":[4,5],""6"":[2,6],""7"":[],""8"":[8,10],""9"":[1,9],""10"":[7,3],""11"":[],""12"":[]}","{""1"":{""start"":1.0266485761929238,""completion_by_type"":[1.4826312876715064,1.9004842826509531],""finish"":1.9004842826509531,""tardiness"":0.0},""2"":{""start"":1.087743859588072,""completion_by_type"":[1.7026824834147885,2.2021914149876536],""finish"":2.2021914149876536,""tardiness"":0.0},""3"":{""start"":2.5392224328081068,""completion_by_type"":[3.234516787075134,3.4608128154767677],""finish"":3.4608128154767677,""tardiness"":0.0},""4"":{""start"":1.1905103106870034,""completion_by_type"":[1.823226407163993,2.319587278934954],""finish"":2.319587278934954,""tardiness"":0.881252905117706},""5"":{""start"":2.4660941359875896,""completion_by_type"":[3.1380609889019486,3.3249561395677647],""finish"":3.3249561395677647,""tardiness"":0.28284002233898287},""6"":{""start"":2.475474519140314,""completion_by_type"":[3.147831892817303,3.3457833574404376],""finish"":3.3457833574404376,""tardiness"":0.0},""7"":{""start"":0.7939908425730993,""completion_by_type"":[1.1213026113349138,1.9726227051929013],""finish"":1.9726227051929013,""tardiness"":0.0},""8"":{""start"":1.375723338548077,""completion_by_type"":[2.0198739451385785,2.449588034564149],""finish"":2.449588034564149,""tardiness"":1.2985612285776922},""9"":{""start"":2.394400998088429,""completion_by_type"":[2.8028402684384353,3.3227592110988655],""finish"":3.3227592110988655,""tardiness"":2.6970094193857164},""10"":{""start"":3.293490432745708,""completion_by_type"":[3.875132755182205,4.184571305325388],""finish"":4.184571305325388,""tardiness"":0.0}}","{""distance"":13.512406509587302,""tardiness"":5.1596635754200975,""objective"":9.336035042503699,""task_times"":{""1"":{""start"":1.0266485761929238,""completion_by_type"":[1.4826312876715064,1.9004842826509531],""finish"":1.9004842826509531,""tardiness"":0.0},""2"":{""start"":1.087743859588072,""completion_by_type"":[1.7026824834147885,2.2021914149876536],""finish"":2.2021914149876536,""tardiness"":0.0},""3"":{""start"":2.5392224328081068,""completion_by_type"":[3.234516787075134,3.4608128154767677],""finish"":3.4608128154767677,""tardiness"":0.0},""4"":{""start"":1.1905103106870034,""completion_by_type"":[1.823226407163993,2.319587278934954],""finish"":2.319587278934954,""tardiness"":0.881252905117706},""5"":{""start"":2.4660941359875896,""completion_by_type"":[3.1380609889019486,3.3249561395677647],""finish"":3.3249561395677647,""tardiness"":0.28284002233898287},""6"":{""start"":2.475474519140314,""completion_by_type"":[3.147831892817303,3.3457833574404376],""finish"":3.3457833574404376,""tardiness"":0.0},""7"":{""start"":0.7939908425730993,""completion_by_type"":[1.1213026113349138,1.9726227051929013],""finish"":1.9726227051929013,""tardiness"":0.0},""8"":{""start"":1.375723338548077,""completion_by_type"":[2.0198739451385785,2.449588034564149],""finish"":2.449588034564149,""tardiness"":1.2985612285776922},""9"":{""start"":2.394400998088429,""completion_by_type"":[2.8028402684384353,3.3227592110988655],""finish"":3.3227592110988655,""tardiness"":2.6970094193857164},""10"":{""start"":3.293490432745708,""completion_by_type"":[3.875132755182205,4.184571305325388],""finish"":4.184571305325388,""tardiness"":0.0}}}","{""objective"":7.103739818603572e-08,""distance"":8.348116864453914e-09,""tardiness"":1.3372668217215278e-07}",3600,1,0,100.0,manhattan,"[0.5,0.5]",True
k2_n10_i062,1,optimal,2,10,62,N10_K2_M12_I62,2,OPTIMAL,True,True,6.717050976238757,8.927809271279001,4.506292681198513,6.7170509762386885,6.7170509762386885,0.0,10,647.2269999980927,759.9278343861198,244785.0,7996353.0,,optimal,,"{""1"":[10,1,7],""2"":[3,5],""3"":[2,8],""4"":[4,6,9],""5"":[],""6"":[3,5],""7"":[],""8"":[4,6,9],""9"":[],""10"":[10,1,7],""11"":[2,8],""12"":[]}","{""1"":{""start"":2.267546463533772,""completion_by_type"":[2.8880319851846465,3.136568151342466],""finish"":3.136568151342466,""tardiness"":0.4623871821707519},""2"":{""start"":0.5274216024090146,""completion_by_type"":[0.8312049447435361,1.4789900623733483],""finish"":1.4789900623733483,""tardiness"":0.0},""3"":{""start"":0.9153002314800334,""completion_by_type"":[1.4494078893349291,2.025179586168868],""finish"":2.025179586168868,""tardiness"":0.3597944541772631},""4"":{""start"":0.8018338243503765,""completion_by_type"":[1.4954406559425086,1.9229389052376256],""finish"":1.9229389052376256,""tardiness"":0.9312479225271637},""5"":{""start"":2.144910735131231,""completion_by_type"":[2.4507013844573753,3.0562847867807124],""finish"":3.0562847867807124,""tardiness"":2.406096212341196},""6"":{""start"":2.141025513968808,""completion_by_type"":[2.5113470871308468,3.2350202427511827],""finish"":3.2350202427511827,""tardiness"":0.0},""7"":{""start"":3.1655754148905957,""completion_by_type"":[3.8047690634501974,3.9844211761537656],""finish"":3.9844211761537656,""tardiness"":0.34676690998214976},""8"":{""start"":1.8573745577195386,""completion_by_type"":[2.3470208014942027,2.8713877171720563],""finish"":2.8713877171720563,""tardiness"":0.0},""9"":{""start"":3.254530753925356,""completion_by_type"":[3.9523597933174246,4.402452518170681],""finish"":4.402452518170681,""tardiness"":0.0},""10"":{""start"":0.8982380523285078,""completion_by_type"":[1.408495233678985,1.711155566224242],""finish"":1.711155566224242,""tardiness"":0.0}}","{""distance"":8.927809271279,""tardiness"":4.506292681198524,""objective"":6.717050976238761,""task_times"":{""1"":{""start"":2.267546463533772,""completion_by_type"":[2.8880319851846465,3.136568151342466],""finish"":3.136568151342466,""tardiness"":0.4623871821707519},""2"":{""start"":0.5274216024090146,""completion_by_type"":[0.8312049447435361,1.4789900623733483],""finish"":1.4789900623733483,""tardiness"":0.0},""3"":{""start"":0.9153002314800334,""completion_by_type"":[1.4494078893349291,2.025179586168868],""finish"":2.025179586168868,""tardiness"":0.3597944541772631},""4"":{""start"":0.8018338243503765,""completion_by_type"":[1.4954406559425086,1.9229389052376256],""finish"":1.9229389052376256,""tardiness"":0.9312479225271637},""5"":{""start"":2.144910735131231,""completion_by_type"":[2.4507013844573753,3.0562847867807124],""finish"":3.0562847867807124,""tardiness"":2.406096212341196},""6"":{""start"":2.141025513968808,""completion_by_type"":[2.5113470871308468,3.2350202427511827],""finish"":3.2350202427511827,""tardiness"":0.0},""7"":{""start"":3.1655754148905957,""completion_by_type"":[3.8047690634501974,3.9844211761537656],""finish"":3.9844211761537656,""tardiness"":0.34676690998214976},""8"":{""start"":1.8573745577195386,""completion_by_type"":[2.3470208014942027,2.8713877171720563],""finish"":2.8713877171720563,""tardiness"":0.0},""9"":{""start"":3.254530753925356,""completion_by_type"":[3.9523597933174246,4.402452518170681],""finish"":4.402452518170681,""tardiness"":0.0},""10"":{""start"":0.8982380523285078,""completion_by_type"":[1.408495233678985,1.711155566224242],""finish"":1.711155566224242,""tardiness"":0.0}}}","{""objective"":4.440892098500626e-15,""distance"":1.7763568394002505e-15,""tardiness"":1.1546319456101628e-14}",3600,1,0,100.0,manhattan,"[0.5,0.5]",True
k2_n10_i063,1,optimal,2,10,63,N10_K2_M12_I63,2,OPTIMAL,True,True,5.509180434298094,9.267092261663718,1.75126860693247,5.509180434298092,5.509180434298092,0.0,10,114.1159999370575,126.30838005118922,22207.0,985095.0,,optimal,,"{""1"":[4,2,5,6],""2"":[7,3],""3"":[1,9],""4"":[10,8],""5"":[7,3],""6"":[],""7"":[2],""8"":[],""9"":[4,5,6],""10"":[],""11"":[1,9],""12"":[10,8]}","{""1"":{""start"":0.7115057013395568,""completion_by_type"":[1.1418095684523801,1.5459590820439804],""finish"":1.5459590820439804,""tardiness"":0.0},""2"":{""start"":2.2328587359893466,""completion_by_type"":[2.900155936028728,3.333475068005567],""finish"":3.333475068005567,""tardiness"":0.0},""3"":{""start"":1.1143612134119467,""completion_by_type"":[1.469591966064579,2.2242569010608575],""finish"":2.2242569010608575,""tardiness"":0.0},""4"":{""start"":1.0998294471534258,""completion_by_type"":[1.7717495298623087,1.9578773497101665],""finish"":1.9578773497101665,""tardiness"":0.12817690824546046},""5"":{""start"":3.131477273133469,""completion_by_type"":[3.7439282710334107,3.9682727792175045],""finish"":3.9682727792175045,""tardiness"":0.0},""6"":{""start"":4.183914875793114,""completion_by_type"":[4.813316383760078,5.220066569804693],""finish"":5.220066569804693,""tardiness"":0.04557436222438671},""7"":{""start"":0.17072904091997243,""completion_by_type"":[0.8640524890768184,1.0296451581015968],""finish"":1.0296451581015968,""tardiness"":0.17180301016576793},""8"":{""start"":2.196204410648006,""completion_by_type"":[2.6418209532321466,3.006480042144453],""finish"":3.006480042144453,""tardiness"":0.0},""9"":{""start"":1.7692283265439026,""completion_by_type"":[2.270939833060363,2.6309864117160937],""finish"":2.6309864117160937,""tardiness"":0.15786655137358752},""10"":{""start"":0.7054334188968162,""completion_by_type"":[1.306182490698533,1.5542526111520316],""finish"":1.5542526111520316,""tardiness"":1.247847774923321}}","{""distance"":9.267092261663718,""tardiness"":1.7512686069325236,""objective"":5.509180434298121,""task_times"":{""1"":{""start"":0.7115057013395568,""completion_by_type"":[1.1418095684523801,1.5459590820439804],""finish"":1.5459590820439804,""tardiness"":0.0},""2"":{""start"":2.2328587359893466,""completion_by_type"":[2.900155936028728,3.333475068005567],""finish"":3.333475068005567,""tardiness"":0.0},""3"":{""start"":1.1143612134119467,""completion_by_type"":[1.469591966064579,2.2242569010608575],""finish"":2.2242569010608575,""tardiness"":0.0},""4"":{""start"":1.0998294471534258,""completion_by_type"":[1.7717495298623087,1.9578773497101665],""finish"":1.9578773497101665,""tardiness"":0.12817690824546046},""5"":{""start"":3.131477273133469,""completion_by_type"":[3.7439282710334107,3.9682727792175045],""finish"":3.9682727792175045,""tardiness"":0.0},""6"":{""start"":4.183914875793114,""completion_by_type"":[4.813316383760078,5.220066569804693],""finish"":5.220066569804693,""tardiness"":0.04557436222438671},""7"":{""start"":0.17072904091997243,""completion_by_type"":[0.8640524890768184,1.0296451581015968],""finish"":1.0296451581015968,""tardiness"":0.17180301016576793},""8"":{""start"":2.196204410648006,""completion_by_type"":[2.6418209532321466,3.006480042144453],""finish"":3.006480042144453,""tardiness"":0.0},""9"":{""start"":1.7692283265439026,""completion_by_type"":[2.270939833060363,2.6309864117160937],""finish"":2.6309864117160937,""tardiness"":0.15786655137358752},""10"":{""start"":0.7054334188968162,""completion_by_type"":[1.306182490698533,1.5542526111520316],""finish"":1.5542526111520316,""tardiness"":1.247847774923321}}}","{""objective"":2.6645352591003757e-14,""distance"":0.0,""tardiness"":5.3512749786932545e-14}",3600,1,0,100.0,manhattan,"[0.5,0.5]",True
k2_n10_i064,1,optimal,2,10,64,N10_K2_M12_I64,2,OPTIMAL,True,True,8.75999720827431,11.867155051580843,5.652839364967777,8.75999720827431,8.75999720827431,0.0,10,11.468999862670898,11.050159110994661,2088.0,53378.0,,optimal,,"{""1"":[7,6,1],""2"":[4,5,9],""3"":[10],""4"":[8,2,3],""5"":[4,5,9],""6"":[],""7"":[10],""8"":[2],""9"":[8,3],""10"":[],""11"":[7,6,1],""12"":[]}","{""1"":{""start"":3.405162937429281,""completion_by_type"":[3.7131923419749144,4.322020532473795],""finish"":4.322020532473795,""tardiness"":0.0},""2"":{""start"":1.655238255904724,""completion_by_type"":[2.1846888627065875,2.6364353946240855],""finish"":2.6364353946240855,""tardiness"":2.1678857656672985},""3"":{""start"":2.34263175297532,""completion_by_type"":[2.754235582872794,3.4596010736233027],""finish"":3.4596010736233027,""tardiness"":0.027440561825961662},""4"":{""start"":1.575711782432771,""completion_by_type"":[2.152226165227298,2.63269228803311],""finish"":2.63269228803311,""tardiness"":1.476475822378234},""5"":{""start"":2.8059829125748106,""completion_by_type"":[3.4636390023991384,3.680659646209296],""finish"":3.680659646209296,""tardiness"":1.9810372150963032},""6"":{""start"":1.594459490091819,""completion_by_type"":[2.2098004937663536,2.7489958321212624],""finish"":2.7489958321212624,""tardiness"":0.0},""7"":{""start"":0.11136273886995551,""completion_by_type"":[0.5527728779373894,1.2478160163383962],""finish"":1.2478160163383962,""tardiness"":0.0},""8"":{""start"":1.025175329616423,""completion_by_type"":[1.3436203132644464,2.145655577930966],""finish"":2.145655577930966,""tardiness"":0.0},""9"":{""start"":3.9843003698816566,""completion_by_type"":[4.588637382974864,4.787460724118285],""finish"":4.787460724118285,""tardiness"":0.0},""10"":{""start"":0.7615711688271419,""completion_by_type"":[1.4583289379370323,1.9435643574672263],""finish"":1.9435643574672263,""tardiness"":0.0}}","{""distance"":11.867155051580843,""tardiness"":5.6528393649677975,""objective"":8.75999720827432,""task_times"":{""1"":{""start"":3.405162937429281,""completion_by_type"":[3.7131923419749144,4.322020532473795],""finish"":4.322020532473795,""tardiness"":0.0},""2"":{""start"":1.655238255904724,""completion_by_type"":[2.1846888627065875,2.6364353946240855],""finish"":2.6364353946240855,""tardiness"":2.1678857656672985},""3"":{""start"":2.34263175297532,""completion_by_type"":[2.754235582872794,3.4596010736233027],""finish"":3.4596010736233027,""tardiness"":0.027440561825961662},""4"":{""start"":1.575711782432771,""completion_by_type"":[2.152226165227298,2.63269228803311],""finish"":2.63269228803311,""tardiness"":1.476475822378234},""5"":{""start"":2.8059829125748106,""completion_by_type"":[3.4636390023991384,3.680659646209296],""finish"":3.680659646209296,""tardiness"":1.9810372150963032},""6"":{""start"":1.594459490091819,""completion_by_type"":[2.2098004937663536,2.7489958321212624],""finish"":2.7489958321212624,""tardiness"":0.0},""7"":{""start"":0.11136273886995551,""completion_by_type"":[0.5527728779373894,1.2478160163383962],""finish"":1.2478160163383962,""tardiness"":0.0},""8"":{""start"":1.025175329616423,""completion_by_type"":[1.3436203132644464,2.145655577930966],""finish"":2.145655577930966,""tardiness"":0.0},""9"":{""start"":3.9843003698816566,""completion_by_type"":[4.588637382974864,4.787460724118285],""finish"":4.787460724118285,""tardiness"":0.0},""10"":{""start"":0.7615711688271419,""completion_by_type"":[1.4583289379370323,1.9435643574672263],""finish"":1.9435643574672263,""tardiness"":0.0}}}","{""objective"":1.0658141036401503e-14,""distance"":0.0,""tardiness"":2.042810365310288e-14}",3600,1,0,100.0,manhattan,"[0.5,0.5]",True
k2_n10_i065,1,optimal,2,10,65,N10_K2_M12_I65,2,OPTIMAL,True,True,7.890724685351836,10.232624087283387,5.548825283420286,7.890724685351637,7.890724685351637,0.0,10,322.0639998912811,381.31222410805077,107442.0,3175098.0,,optimal,,"{""1"":[4,8],""2"":[6,7],""3"":[2,3,9,5],""4"":[1,10],""5"":[],""6"":[6,7],""7"":[3],""8"":[2,9,5],""9"":[4,8],""10"":[],""11"":[1,10],""12"":[]}","{""1"":{""start"":0.5612704420920218,""completion_by_type"":[1.017100408166616,1.3623725761090413],""finish"":1.3623725761090413,""tardiness"":0.0},""2"":{""start"":0.893575549881634,""completion_by_type"":[1.4107855481670943,1.9259253228597748],""finish"":1.9259253228597748,""tardiness"":0.0},""3"":{""start"":1.7564357294796125,""completion_by_type"":[2.271253899587021,2.7439994130096625],""finish"":2.7439994130096625,""tardiness"":0.05366896256343434},""4"":{""start"":1.1228847000263114,""completion_by_type"":[1.4985388239782762,2.1539657918989756],""finish"":2.1539657918989756,""tardiness"":1.5663668110139444},""5"":{""start"":3.81978955691314,""completion_by_type"":[4.317231781427431,4.814738879087105],""finish"":4.814738879087105,""tardiness"":3.6958159102804524},""6"":{""start"":0.268299543590957,""completion_by_type"":[0.7738620335021382,1.1208459640521973],""finish"":1.1208459640521973,""tardiness"":0.0},""7"":{""start"":1.2839976910856417,""completion_by_type"":[1.891304670676848,2.167170528002916],""finish"":2.167170528002916,""tardiness"":0.0},""8"":{""start"":2.3043816225306895,""completion_by_type"":[2.6484254539821412,3.3859294244422795],""finish"":3.3859294244422795,""tardiness"":0.0},""9"":{""start"":2.6059961985177758,""completion_by_type"":[3.300235812298997,3.5672408119310255],""finish"":3.5672408119310255,""tardiness"":0.23297359956245245},""10"":{""start"":1.7668543402574624,""completion_by_type"":[2.40452419827379,2.928386842450069],""finish"":2.928386842450069,""tardiness"":0.0}}","{""distance"":10.23262408728339,""tardiness"":5.548825283420284,""objective"":7.890724685351837,""task_times"":{""1"":{""start"":0.5612704420920218,""completion_by_type"":[1.017100408166616,1.3623725761090413],""finish"":1.3623725761090413,""tardiness"":0.0},""2"":{""start"":0.893575549881634,""completion_by_type"":[1.4107855481670943,1.9259253228597748],""finish"":1.9259253228597748,""tardiness"":0.0},""3"":{""start"":1.7564357294796125,""completion_by_type"":[2.271253899587021,2.7439994130096625],""finish"":2.7439994130096625,""tardiness"":0.05366896256343434},""4"":{""start"":1.1228847000263114,""completion_by_type"":[1.4985388239782762,2.1539657918989756],""finish"":2.1539657918989756,""tardiness"":1.5663668110139444},""5"":{""start"":3.81978955691314,""completion_by_type"":[4.317231781427431,4.814738879087105],""finish"":4.814738879087105,""tardiness"":3.6958159102804524},""6"":{""start"":0.268299543590957,""completion_by_type"":[0.7738620335021382,1.1208459640521973],""finish"":1.1208459640521973,""tardiness"":0.0},""7"":{""start"":1.2839976910856417,""completion_by_type"":[1.891304670676848,2.167170528002916],""finish"":2.167170528002916,""tardiness"":0.0},""8"":{""start"":2.3043816225306895,""completion_by_type"":[2.6484254539821412,3.3859294244422795],""finish"":3.3859294244422795,""tardiness"":0.0},""9"":{""start"":2.6059961985177758,""completion_by_type"":[3.300235812298997,3.5672408119310255],""finish"":3.5672408119310255,""tardiness"":0.23297359956245245},""10"":{""start"":1.7668543402574624,""completion_by_type"":[2.40452419827379,2.928386842450069],""finish"":2.928386842450069,""tardiness"":0.0}}}","{""objective"":8.881784197001252e-16,""distance"":3.552713678800501e-15,""tardiness"":2.6645352591003757e-15}",3600,1,0,100.0,manhattan,"[0.5,0.5]",True
k2_n10_i066,1,optimal,2,10,66,N10_K2_M12_I66,2,OPTIMAL,True,True,8.352304823520122,12.29443083764664,4.410178809393602,8.35230482352008,8.35230482352008,0.0,10,1412.0940001010895,1835.5222422300642,358935.0,18093639.0,,optimal,,"{""1"":[2,8,5,7],""2"":[4,10],""3"":[6,9],""4"":[3,1],""5"":[3,1],""6"":[],""7"":[6,9],""8"":[4,10],""9"":[2,5],""10"":[],""11"":[],""12"":[8,7]}","{""1"":{""start"":2.5285436073386176,""completion_by_type"":[3.1435254853068026,3.4725486246329043],""finish"":3.4725486246329043,""tardiness"":2.640673167749081},""2"":{""start"":0.5129616732937841,""completion_by_type"":[0.8811521691841044,1.4177523825484735],""finish"":1.4177523825484735,""tardiness"":0.0},""3"":{""start"":1.239340793689321,""completion_by_type"":[1.7451213132536878,2.1471068647612417],""finish"":2.1471068647612417,""tardiness"":1.479936548676634},""4"":{""start"":0.8314065737066574,""completion_by_type"":[1.4085067782508638,1.6559029662595346],""finish"":1.6559029662595346,""tardiness"":0.2895690929678816},""5"":{""start"":2.5957011598052064,""completion_by_type"":[3.1097498803291908,3.738486719383155],""finish"":3.738486719383155,""tardiness"":0.0},""6"":{""start"":0.9768820365251297,""completion_by_type"":[1.476844310489438,1.781031429355718],""finish"":1.781031429355718,""tardiness"":0.0},""7"":{""start"":3.1677765184307134,""completion_by_type"":[3.7552189472947504,4.059226127902042],""finish"":4.059226127902042,""tardiness"":0.0},""8"":{""start"":1.723718636258495,""completion_by_type"":[2.333164600794867,2.9070718595522496],""finish"":2.9070718595522496,""tardiness"":0.0},""9"":{""start"":2.079472746502451,""completion_by_type"":[2.5487596064209708,2.915275311428449],""finish"":2.915275311428449,""tardiness"":0.0},""10"":{""start"":1.8909658861723782,""completion_by_type"":[2.3577025086464367,2.907262207809213],""finish"":2.907262207809213,""tardiness"":0.0}}","{""distance"":12.294430837646638,""tardiness"":4.410178809393597,""objective"":8.352304823520118,""task_times"":{""1"":{""start"":2.5285436073386176,""completion_by_type"":[3.1435254853068026,3.4725486246329043],""finish"":3.4725486246329043,""tardiness"":2.640673167749081},""2"":{""start"":0.5129616732937841,""completion_by_type"":[0.8811521691841044,1.4177523825484735],""finish"":1.4177523825484735,""tardiness"":0.0},""3"":{""start"":1.239340793689321,""completion_by_type"":[1.7451213132536878,2.1471068647612417],""finish"":2.1471068647612417,""tardiness"":1.479936548676634},""4"":{""start"":0.8314065737066574,""completion_by_type"":[1.4085067782508638,1.6559029662595346],""finish"":1.6559029662595346,""tardiness"":0.2895690929678816},""5"":{""start"":2.5957011598052064,""completion_by_type"":[3.1097498803291908,3.738486719383155],""finish"":3.738486719383155,""tardiness"":0.0},""6"":{""start"":0.9768820365251297,""completion_by_type"":[1.476844310489438,1.781031429355718],""finish"":1.781031429355718,""tardiness"":0.0},""7"":{""start"":3.1677765184307134,""completion_by_type"":[3.7552189472947504,4.059226127902042],""finish"":4.059226127902042,""tardiness"":0.0},""8"":{""start"":1.723718636258495,""completion_by_type"":[2.333164600794867,2.9070718595522496],""finish"":2.9070718595522496,""tardiness"":0.0},""9"":{""start"":2.079472746502451,""completion_by_type"":[2.5487596064209708,2.915275311428449],""finish"":2.915275311428449,""tardiness"":0.0},""10"":{""start"":1.8909658861723782,""completion_by_type"":[2.3577025086464367,2.907262207809213],""finish"":2.907262207809213,""tardiness"":0.0}}}","{""objective"":3.552713678800501e-15,""distance"":1.7763568394002505e-15,""tardiness"":5.329070518200751e-15}",3600,1,0,100.0,manhattan,"[0.5,0.5]",True
k2_n10_i067,1,optimal,2,10,67,N10_K2_M12_I67,2,OPTIMAL,True,True,6.98664314953335,10.04900881539787,3.9242774836688303,6.98664314953335,6.98664314953335,0.0,10,120.70099997520447,133.72503185707603,14606.0,593990.0,,optimal,,"{""1"":[4,6,3,1,9],""2"":[10,7],""3"":[],""4"":[2,5,8],""5"":[10,3,9],""6"":[6,1],""7"":[],""8"":[],""9"":[],""10"":[],""11"":[4,7],""12"":[2,5,8]}","{""1"":{""start"":3.251289276372022,""completion_by_type"":[3.834873302002188,4.258301394314748],""finish"":4.258301394314748,""tardiness"":0.9516549078533845},""2"":{""start"":0.514351214401368,""completion_by_type"":[0.9522770240776215,1.3856153144422338],""finish"":1.3856153144422338,""tardiness"":0.30992301094029795},""3"":{""start"":2.6249369518057,""completion_by_type"":[3.090158388431263,3.579207572900209],""finish"":3.579207572900209,""tardiness"":0.3890179705715817},""4"":{""start"":0.9027516525994175,""completion_by_type"":[1.250196294728464,1.8902700136083992],""finish"":1.8902700136083992,""tardiness"":1.2666564918770116},""5"":{""start"":1.618344539227693,""completion_by_type"":[2.294268302231889,2.41955582202329],""finish"":2.41955582202329,""tardiness"":0.0},""6"":{""start"":1.6184929669410102,""completion_by_type"":[2.2993203541483904,2.6083071401153735],""finish"":2.6083071401153735,""tardiness"":0.6085316363965645},""7"":{""start"":2.2023807502114745,""completion_by_type"":[2.84684405155826,3.3921720888662223],""finish"":3.3921720888662223,""tardiness"":0.0},""8"":{""start"":2.5306032174340958,""completion_by_type"":[3.025321043640316,3.5071766448314783],""finish"":3.5071766448314783,""tardiness"":0.0},""9"":{""start"":4.005197243374505,""completion_by_type"":[4.341009882412013,4.938577405041343],""finish"":4.938577405041343,""tardiness"":0.0},""10"":{""start"":1.121299631910237,""completion_by_type"":[1.5078670659164422,2.091588432348318],""finish"":2.091588432348318,""tardiness"":0.3984934660299839}}","{""distance"":10.04900881539787,""tardiness"":3.924277483668824,""objective"":6.986643149533347,""task_times"":{""1"":{""start"":3.251289276372022,""completion_by_type"":[3.834873302002188,4.258301394314748],""finish"":4.258301394314748,""tardiness"":0.9516549078533845},""2"":{""start"":0.514351214401368,""completion_by_type"":[0.9522770240776215,1.3856153144422338],""finish"":1.3856153144422338,""tardiness"":0.30992301094029795},""3"":{""start"":2.6249369518057,""completion_by_type"":[3.090158388431263,3.579207572900209],""finish"":3.579207572900209,""tardiness"":0.3890179705715817},""4"":{""start"":0.9027516525994175,""completion_by_type"":[1.250196294728464,1.8902700136083992],""finish"":1.8902700136083992,""tardiness"":1.2666564918770116},""5"":{""start"":1.618344539227693,""completion_by_type"":[2.294268302231889,2.41955582202329],""finish"":2.41955582202329,""tardiness"":0.0},""6"":{""start"":1.6184929669410102,""completion_by_type"":[2.2993203541483904,2.6083071401153735],""finish"":2.6083071401153735,""tardiness"":0.6085316363965645},""7"":{""start"":2.2023807502114745,""completion_by_type"":[2.84684405155826,3.3921720888662223],""finish"":3.3921720888662223,""tardiness"":0.0},""8"":{""start"":2.5306032174340958,""completion_by_type"":[3.025321043640316,3.5071766448314783],""finish"":3.5071766448314783,""tardiness"":0.0},""9"":{""start"":4.005197243374505,""completion_by_type"":[4.341009882412013,4.938577405041343],""finish"":4.938577405041343,""tardiness"":0.0},""10"":{""start"":1.121299631910237,""completion_by_type"":[1.5078670659164422,2.091588432348318],""finish"":2.091588432348318,""tardiness"":0.3984934660299839}}}","{""objective"":2.6645352591003757e-15,""distance"":0.0,""tardiness"":6.217248937900877e-15}",3600,1,0,100.0,manhattan,"[0.5,0.5]",True
k2_n10_i068,1,optimal,2,10,68,N10_K2_M12_I68,2,OPTIMAL,True,True,7.637069048033927,10.977143758567916,4.296994337499938,7.637069048033926,7.637069048033926,0.0,10,40.89100003242493,42.47918201011842,17806.0,347240.0,,optimal,,"{""1"":[1,9],""2"":[4,7,2],""3"":[5,6,3],""4"":[8,10],""5"":[],""6"":[7,2],""7"":[],""8"":[1,9],""9"":[4],""10"":[5,6,10],""11"":[],""12"":[8,3]}","{""1"":{""start"":0.32972463772969307,""completion_by_type"":[0.9442654816212672,1.441959658870711],""finish"":1.441959658870711,""tardiness"":0.5675024839199723},""2"":{""start"":2.744614599314935,""completion_by_type"":[3.1889138846092115,3.742639596581583],""finish"":3.742639596581583,""tardiness"":0.0},""3"":{""start"":3.0832414690103627,""completion_by_type"":[3.605391399171625,4.277735515839632],""finish"":4.277735515839632,""tardiness"":1.4217478370749044},""4"":{""start"":0.33699928323650646,""completion_by_type"":[0.7352500692049562,1.4754728361180534],""finish"":1.4754728361180534,""tardiness"":1.0507726482227315},""5"":{""start"":1.0500062686964455,""completion_by_type"":[1.6259894022075119,2.0426514902578186],""finish"":2.0426514902578186,""tardiness"":0.5169060755696115},""6"":{""start"":2.3159198722026977,""completion_by_type"":[2.9074287519627777,3.5033001647662214],""finish"":3.5033001647662214,""tardiness"":0.1953735146257336},""7"":{""start"":1.5060367984582779,""completion_by_type"":[1.999992243325361,2.5285631315626786],""finish"":2.5285631315626786,""tardiness"":0.0},""8"":{""start"":1.5454112682340657,""completion_by_type"":[1.8752172751077378,2.490179905053349],""finish"":2.490179905053349,""tardiness"":0.544691778087331},""9"":{""start"":1.6408544967418341,""completion_by_type"":[2.298886685093902,2.758223881592447],""finish"":2.758223881592447,""tardiness"":0.0},""10"":{""start"":3.9067518227363554,""completion_by_type"":[4.524781832087462,4.824168970391335],""finish"":4.824168970391335,""tardiness"":0.0}}","{""distance"":10.977143758567916,""tardiness"":4.296994337500284,""objective"":7.6370690480341,""task_times"":{""1"":{""start"":0.32972463772969307,""completion_by_type"":[0.9442654816212672,1.441959658870711],""finish"":1.441959658870711,""tardiness"":0.5675024839199723},""2"":{""start"":2.744614599314935,""completion_by_type"":[3.1889138846092115,3.742639596581583],""finish"":3.742639596581583,""tardiness"":0.0},""3"":{""start"":3.0832414690103627,""completion_by_type"":[3.605391399171625,4.277735515839632],""finish"":4.277735515839632,""tardiness"":1.4217478370749044},""4"":{""start"":0.33699928323650646,""completion_by_type"":[0.7352500692049562,1.4754728361180534],""finish"":1.4754728361180534,""tardiness"":1.0507726482227315},""5"":{""start"":1.0500062686964455,""completion_by_type"":[1.6259894022075119,2.0426514902578186],""finish"":2.0426514902578186,""tardiness"":0.5169060755696115},""6"":{""start"":2.3159198722026977,""completion_by_type"":[2.9074287519627777,3.5033001647662214],""finish"":3.5033001647662214,""tardiness"":0.1953735146257336},""7"":{""start"":1.5060367984582779,""completion_by_type"":[1.999992243325361,2.5285631315626786],""finish"":2.5285631315626786,""tardiness"":0.0},""8"":{""start"":1.5454112682340657,""completion_by_type"":[1.8752172751077378,2.490179905053349],""finish"":2.490179905053349,""tardiness"":0.544691778087331},""9"":{""start"":1.6408544967418341,""completion_by_type"":[2.298886685093902,2.758223881592447],""finish"":2.758223881592447,""tardiness"":0.0},""10"":{""start"":3.9067518227363554,""completion_by_type"":[4.524781832087462,4.824168970391335],""finish"":4.824168970391335,""tardiness"":0.0}}}","{""objective"":1.723066134218243e-13,""distance"":0.0,""tardiness"":3.4638958368304884e-13}",3600,1,0,100.0,manhattan,"[0.5,0.5]",True
k2_n10_i069,1,time_limit_feasible,2,10,69,N10_K2_M12_I69,9,TIME_LIMIT,True,False,9.112790183297935,11.601789420374162,6.6237909462217095,8.392279799638416,8.392279799638416,0.07906583704517657,10,3600.0080001354218,3807.5841766439794,2240704.0,57683339.0,,time_limit_feasible,,"{""1"":[2,7],""2"":[9,1,8],""3"":[4,10,3],""4"":[6,5],""5"":[9,1,8],""6"":[5,3],""7"":[4,10],""8"":[6],""9"":[],""10"":[],""11"":[2,7],""12"":[]}","{""1"":{""start"":2.698733855469521,""completion_by_type"":[3.3798962290558894,3.883141668693821],""finish"":3.883141668693821,""tardiness"":0.0},""2"":{""start"":0.9384539492059956,""completion_by_type"":[1.3010036622671795,1.8804508627959025],""finish"":1.8804508627959025,""tardiness"":0.8753252203696125},""3"":{""start"":2.5763484019452854,""completion_by_type"":[3.066512093539139,3.5245714541990085],""finish"":3.5245714541990085,""tardiness"":0.0},""4"":{""start"":0.4123527023174499,""completion_by_type"":[0.9706495840223758,1.5906510644886747],""finish"":1.5906510644886747,""tardiness"":0.0},""5"":{""start"":1.337448605111896,""completion_by_type"":[1.755374082481684,2.1624378004977958],""finish"":2.1624378004977958,""tardiness"":0.02564225952815491},""6"":{""start"":0.8593436198963782,""completion_by_type"":[1.2201869881621046,2.0257989028012675],""finish"":2.0257989028012675,""tardiness"":0.0},""7"":{""start"":2.4490927405294216,""completion_by_type"":[2.7890599148416952,3.295084012255906],""finish"":3.295084012255906,""tardiness"":0.11046045445973407},""8"":{""start"":4.0357876228942615,""completion_by_type"":[4.642224981028303,5.212744412603184],""finish"":5.212744412603184,""tardiness"":4.862662405574015},""9"":{""start"":1.5018749143572387,""completion_by_type"":[2.0087622209704863,2.358355775387151],""finish"":2.358355775387151,""tardiness"":0.7497006901646519},""10"":{""start"":1.7574005503109955,""completion_by_type"":[2.2814643926170497,2.9029206998817583],""finish"":2.9029206998817583,""tardiness"":0.0}}","{""distance"":11.601789420374164,""tardiness"":6.623791030096168,""objective"":9.112790225235166,""task_times"":{""1"":{""start"":2.698733855469521,""completion_by_type"":[3.3798962290558894,3.883141668693821],""finish"":3.883141668693821,""tardiness"":0.0},""2"":{""start"":0.9384539492059956,""completion_by_type"":[1.3010036622671795,1.8804508627959025],""finish"":1.8804508627959025,""tardiness"":0.8753252203696125},""3"":{""start"":2.5763484019452854,""completion_by_type"":[3.066512093539139,3.5245714541990085],""finish"":3.5245714541990085,""tardiness"":0.0},""4"":{""start"":0.4123527023174499,""completion_by_type"":[0.9706495840223758,1.5906510644886747],""finish"":1.5906510644886747,""tardiness"":0.0},""5"":{""start"":1.337448605111896,""completion_by_type"":[1.755374082481684,2.1624378004977958],""finish"":2.1624378004977958,""tardiness"":0.02564225952815491},""6"":{""start"":0.8593436198963782,""completion_by_type"":[1.2201869881621046,2.0257989028012675],""finish"":2.0257989028012675,""tardiness"":0.0},""7"":{""start"":2.4490927405294216,""completion_by_type"":[2.7890599148416952,3.295084012255906],""finish"":3.295084012255906,""tardiness"":0.11046045445973407},""8"":{""start"":4.0357876228942615,""completion_by_type"":[4.642224981028303,5.212744412603184],""finish"":5.212744412603184,""tardiness"":4.862662405574015},""9"":{""start"":1.5018749143572387,""completion_by_type"":[2.0087622209704863,2.358355775387151],""finish"":2.358355775387151,""tardiness"":0.7497006901646519},""10"":{""start"":1.7574005503109955,""completion_by_type"":[2.2814643926170497,2.9029206998817583],""finish"":2.9029206998817583,""tardiness"":0.0}}}","{""objective"":4.1937230577104856e-08,""distance"":1.7763568394002505e-15,""tardiness"":8.387445848967445e-08}",3600,1,0,100.0,manhattan,"[0.5,0.5]",True
k2_n10_i070,1,optimal,2,10,70,N10_K2_M12_I70,2,OPTIMAL,True,True,8.522823394057202,10.243871370906394,6.8017754172080105,8.522823394057202,8.522823394057024,0.0,10,311.2519998550415,380.07762046517917,111646.0,2919068.0,,optimal,,"{""1"":[2,5,10],""2"":[3,6],""3"":[7,9],""4"":[8,4,1],""5"":[3,6],""6"":[],""7"":[],""8"":[],""9"":[2,5,10],""10"":[],""11"":[8,4,1],""12"":[7,9]}","{""1"":{""start"":3.3649768913850586,""completion_by_type"":[3.922331267346726,4.261521851841565],""finish"":4.261521851841565,""tardiness"":0.13177904135300356},""2"":{""start"":1.3708602753241295,""completion_by_type"":[1.8887334186355964,2.34987901640752],""finish"":2.34987901640752,""tardiness"":0.0},""3"":{""start"":0.37093942824767806,""completion_by_type"":[0.7549693860817704,1.4209338467169976],""finish"":1.4209338467169976,""tardiness"":0.0},""4"":{""start"":1.6981551394177783,""completion_by_type"":[2.207998193562925,2.6459695303160107],""finish"":2.6459695303160107,""tardiness"":0.0},""5"":{""start"":2.5657844887169725,""completion_by_type"":[2.99271633071821,3.701347090097139],""finish"":3.701347090097139,""tardiness"":0.14245379516617174},""6"":{""start"":1.6233119955657527,""completion_by_type"":[2.046780922611448,2.8232363421164424],""finish"":2.8232363421164424,""tardiness"":0.0},""7"":{""start"":0.9851166069846737,""completion_by_type"":[1.642380857582424,2.1056210550565213],""finish"":2.1056210550565213,""tardiness"":1.227089600406198},""8"":{""start"":0.46597560483592937,""completion_by_type"":[0.788010152156324,1.6086212034870857],""finish"":1.6086212034870857,""tardiness"":1.242167600196908},""9"":{""start"":2.5349503186403126,""completion_by_type"":[3.1027316538236693,3.5998892869473167],""finish"":3.5998892869473167,""tardiness"":0.7356250207646537},""10"":{""start"":3.9742366784161844,""completion_by_type"":[4.625885978552914,4.987089860861958],""finish"":4.987089860861958,""tardiness"":3.3226603593210458}}","{""distance"":10.243871370906392,""tardiness"":6.801775417207981,""objective"":8.522823394057188,""task_times"":{""1"":{""start"":3.3649768913850586,""completion_by_type"":[3.922331267346726,4.261521851841565],""finish"":4.261521851841565,""tardiness"":0.13177904135300356},""2"":{""start"":1.3708602753241295,""completion_by_type"":[1.8887334186355964,2.34987901640752],""finish"":2.34987901640752,""tardiness"":0.0},""3"":{""start"":0.37093942824767806,""completion_by_type"":[0.7549693860817704,1.4209338467169976],""finish"":1.4209338467169976,""tardiness"":0.0},""4"":{""start"":1.6981551394177783,""completion_by_type"":[2.207998193562925,2.6459695303160107],""finish"":2.6459695303160107,""tardiness"":0.0},""5"":{""start"":2.5657844887169725,""completion_by_type"":[2.99271633071821,3.701347090097139],""finish"":3.701347090097139,""tardiness"":0.14245379516617174},""6"":{""start"":1.6233119955657527,""completion_by_type"":[2.046780922611448,2.8232363421164424],""finish"":2.8232363421164424,""tardiness"":0.0},""7"":{""start"":0.9851166069846737,""completion_by_type"":[1.642380857582424,2.1056210550565213],""finish"":2.1056210550565213,""tardiness"":1.227089600406198},""8"":{""start"":0.46597560483592937,""completion_by_type"":[0.788010152156324,1.6086212034870857],""finish"":1.6086212034870857,""tardiness"":1.242167600196908},""9"":{""start"":2.5349503186403126,""completion_by_type"":[3.1027316538236693,3.5998892869473167],""finish"":3.5998892869473167,""tardiness"":0.7356250207646537},""10"":{""start"":3.9742366784161844,""completion_by_type"":[4.625885978552914,4.987089860861958],""finish"":4.987089860861958,""tardiness"":3.3226603593210458}}}","{""objective"":1.4210854715202004e-14,""distance"":1.7763568394002505e-15,""tardiness"":2.930988785010413e-14}",3600,1,0,100.0,manhattan,"[0.5,0.5]",True
k2_n10_i071,1,optimal,2,10,71,N10_K2_M12_I71,2,OPTIMAL,True,True,7.458572802446446,9.96613165215722,4.951013952735673,7.458572223169473,7.458572223169473,7.766592730262653e-08,10,2870.9400000572205,3363.32146142988,1446677.0,36707419.0,,optimal,,"{""1"":[7,1,2],""2"":[3,8,10],""3"":[5,4,6],""4"":[9],""5"":[],""6"":[],""7"":[],""8"":[5,4,6],""9"":[3,8,10],""10"":[9],""11"":[],""12"":[7,1,2]}","{""1"":{""start"":2.2580988569245664,""completion_by_type"":[2.70986129672944,3.2096343861807397],""finish"":3.2096343861807397,""tardiness"":2.2346280030312338},""2"":{""start"":3.4053853653446597,""completion_by_type"":[3.8419007282616158,4.259349588401276],""finish"":4.259349588401276,""tardiness"":0.0},""3"":{""start"":1.2155946082186726,""completion_by_type"":[1.7757909694646232,2.365394499950799],""finish"":2.365394499950799,""tardiness"":0.8647368637115751},""4"":{""start"":2.2382208310119114,""completion_by_type"":[2.6879657151747596,3.1864865927411623],""finish"":3.1864865927411623,""tardiness"":0.0},""5"":{""start"":0.9594288447319987,""completion_by_type"":[1.5402433899848686,2.0332001690020025],""finish"":2.0332001690020025,""tardiness"":0.0},""6"":{""start"":3.4636765790478248,""completion_by_type"":[3.9078073714246706,4.367700683496995],""finish"":4.367700683496995,""tardiness"":0.2496716289316332},""7"":{""start"":1.2870665382750608,""completion_by_type"":[1.9733754257385976,2.0965529068161675],""finish"":2.0965529068161675,""tardiness"":0.0},""8"":{""start"":2.96042915655718,""completion_by_type"":[3.4993328689452055,4.140907933131773],""finish"":4.140907933131773,""tardiness"":1.201567915215724},""9"":{""start"":0.04029144059663825,""completion_by_type"":[0.3568129971141138,0.8955030763673086],""finish"":0.8955030763673086,""tardiness"":0.4004095418455034},""10"":{""start"":4.18705009319274,""completion_by_type"":[4.844538773760201,5.16482174352023],""finish"":5.16482174352023,""tardiness"":0.0}}","{""distance"":9.966131652157216,""tardiness"":4.95101395273567,""objective"":7.458572802446443,""task_times"":{""1"":{""start"":2.2580988569245664,""completion_by_type"":[2.70986129672944,3.2096343861807397],""finish"":3.2096343861807397,""tardiness"":2.2346280030312338},""2"":{""start"":3.4053853653446597,""completion_by_type"":[3.8419007282616158,4.259349588401276],""finish"":4.259349588401276,""tardiness"":0.0},""3"":{""start"":1.2155946082186726,""completion_by_type"":[1.7757909694646232,2.365394499950799],""finish"":2.365394499950799,""tardiness"":0.8647368637115751},""4"":{""start"":2.2382208310119114,""completion_by_type"":[2.6879657151747596,3.1864865927411623],""finish"":3.1864865927411623,""tardiness"":0.0},""5"":{""start"":0.9594288447319987,""completion_by_type"":[1.5402433899848686,2.0332001690020025],""finish"":2.0332001690020025,""tardiness"":0.0},""6"":{""start"":3.4636765790478248,""completion_by_type"":[3.9078073714246706,4.367700683496995],""finish"":4.367700683496995,""tardiness"":0.2496716289316332},""7"":{""start"":1.2870665382750608,""completion_by_type"":[1.9733754257385976,2.0965529068161675],""finish"":2.0965529068161675,""tardiness"":0.0},""8"":{""start"":2.96042915655718,""completion_by_type"":[3.4993328689452055,4.140907933131773],""finish"":4.140907933131773,""tardiness"":1.201567915215724},""9"":{""start"":0.04029144059663825,""completion_by_type"":[0.3568129971141138,0.8955030763673086],""finish"":0.8955030763673086,""tardiness"":0.4004095418455034},""10"":{""start"":4.18705009319274,""completion_by_type"":[4.844538773760201,5.16482174352023],""finish"":5.16482174352023,""tardiness"":0.0}}}","{""objective"":3.552713678800501e-15,""distance"":3.552713678800501e-15,""tardiness"":3.552713678800501e-15}",3600,1,0,100.0,manhattan,"[0.5,0.5]",True
k2_n10_i072,1,optimal,2,10,72,N10_K2_M12_I72,2,OPTIMAL,True,True,7.479694902862383,10.73408006027374,4.2253097454510264,7.4796949028622475,7.4796949028622475,0.0,10,650.412999868393,880.9402408026873,186744.0,8440175.0,,optimal,,"{""1"":[3],""2"":[5,8,2],""3"":[4,10,9],""4"":[7,1,6],""5"":[],""6"":[8],""7"":[7,1,6],""8"":[5,2],""9"":[4,10,9],""10"":[],""11"":[],""12"":[3]}","{""1"":{""start"":2.21534424585017,""completion_by_type"":[2.810070268370911,3.2768669292113897],""finish"":3.2768669292113897,""tardiness"":0.18678288192468084},""2"":{""start"":2.330188398984704,""completion_by_type"":[2.827657760382387,3.4233906417872912],""finish"":3.4233906417872912,""tardiness"":0.07750300881486538},""3"":{""start"":0.3343739860025382,""completion_by_type"":[0.7370536923283981,1.4991241740743253],""finish"":1.4991241740743253,""tardiness"":0.0},""4"":{""start"":0.8864155676459853,""completion_by_type"":[1.299903701190383,1.7855168282837126],""finish"":1.7855168282837126,""tardiness"":0.41964788859238156},""5"":{""start"":1.1800008279194718,""completion_by_type"":[1.5665333976630307,2.0423717831101866],""finish"":2.0423717831101866,""tardiness"":1.719244648197445},""6"":{""start"":3.4542691066165103,""completion_by_type"":[3.9881166695239316,4.442434470106018],""finish"":4.442434470106018,""tardiness"":0.0},""7"":{""start"":0.8331286685802977,""completion_by_type"":[1.4903395612417303,1.984389212344771],""finish"":1.984389212344771,""tardiness"":0.971109444898705},""8"":{""start"":1.792512319224968,""completion_by_type"":[2.2852688492302207,2.885433616742107],""finish"":2.885433616742107,""tardiness"":0.21270889841667806},""9"":{""start"":3.671733407615244,""completion_by_type"":[4.0506990441406305,4.583138052118759],""finish"":4.583138052118759,""tardiness"":0.6383129746062961},""10"":{""start"":2.280934063212996,""completion_by_type"":[2.942196070591363,3.2433555024009753],""finish"":3.2433555024009753,""tardiness"":0.0}}","{""distance"":10.734080060273739,""tardiness"":4.225309745451052,""objective"":7.479694902862395,""task_times"":{""1"":{""start"":2.21534424585017,""completion_by_type"":[2.810070268370911,3.2768669292113897],""finish"":3.2768669292113897,""tardiness"":0.18678288192468084},""2"":{""start"":2.330188398984704,""completion_by_type"":[2.827657760382387,3.4233906417872912],""finish"":3.4233906417872912,""tardiness"":0.07750300881486538},""3"":{""start"":0.3343739860025382,""completion_by_type"":[0.7370536923283981,1.4991241740743253],""finish"":1.4991241740743253,""tardiness"":0.0},""4"":{""start"":0.8864155676459853,""completion_by_type"":[1.299903701190383,1.7855168282837126],""finish"":1.7855168282837126,""tardiness"":0.41964788859238156},""5"":{""start"":1.1800008279194718,""completion_by_type"":[1.5665333976630307,2.0423717831101866],""finish"":2.0423717831101866,""tardiness"":1.719244648197445},""6"":{""start"":3.4542691066165103,""completion_by_type"":[3.9881166695239316,4.442434470106018],""finish"":4.442434470106018,""tardiness"":0.0},""7"":{""start"":0.8331286685802977,""completion_by_type"":[1.4903395612417303,1.984389212344771],""finish"":1.984389212344771,""tardiness"":0.971109444898705},""8"":{""start"":1.792512319224968,""completion_by_type"":[2.2852688492302207,2.885433616742107],""finish"":2.885433616742107,""tardiness"":0.21270889841667806},""9"":{""start"":3.671733407615244,""completion_by_type"":[4.0506990441406305,4.583138052118759],""finish"":4.583138052118759,""tardiness"":0.6383129746062961},""10"":{""start"":2.280934063212996,""completion_by_type"":[2.942196070591363,3.2433555024009753],""finish"":3.2433555024009753,""tardiness"":0.0}}}","{""objective"":1.1546319456101628e-14,""distance"":1.7763568394002505e-15,""tardiness"":2.5757174171303632e-14}",3600,1,0,100.0,manhattan,"[0.5,0.5]",True
k2_n10_i073,1,optimal,2,10,73,N10_K2_M12_I73,2,OPTIMAL,True,True,7.01715513399354,9.411329881969998,4.6229803860170815,7.017155045294929,7.017155045294929,1.264025214502239e-08,10,1809.6110000610352,2225.924356990578,927687.0,19187356.0,,optimal,,"{""1"":[2,3,8,5],""2"":[1,7,4],""3"":[6,9,10],""4"":[],""5"":[],""6"":[9,8,5],""7"":[2,3],""8"":[],""9"":[6,10],""10"":[],""11"":[],""12"":[1,7,4]}","{""1"":{""start"":0.6134372789067076,""completion_by_type"":[0.9695138949065673,1.5093923392182562],""finish"":1.5093923392182562,""tardiness"":0.17478942776994022},""2"":{""start"":0.5029885961626932,""completion_by_type"":[1.0910325486338084,1.5041935517295704],""finish"":1.5041935517295704,""tardiness"":0.0},""3"":{""start"":1.8321612152541105,""completion_by_type"":[2.3464320227943025,2.8735534455068237],""finish"":2.8735534455068237,""tardiness"":0.0},""4"":{""start"":2.920374852954719,""completion_by_type"":[3.5552985414364766,3.890395272307112],""finish"":3.890395272307112,""tardiness"":0.008845200423437838},""5"":{""start"":4.14365008865069,""completion_by_type"":[4.771054829388005,5.151447267898796],""finish"":5.151447267898796,""tardiness"":0.2799955619211678},""6"":{""start"":1.0128028771408564,""completion_by_type"":[1.3364336880398109,1.9838220236894228],""finish"":1.9838220236894228,""tardiness"":0.8945169979668279},""7"":{""start"":1.8022846669511328,""completion_by_type"":[2.4265601625955657,2.7750049656225304],""finish"":2.7750049656225304,""tardiness"":0.8200036920629845},""8"":{""start"":3.025709891624267,""completion_by_type"":[3.33613429454773,3.9775803085276573],""finish"":3.9775803085276573,""tardiness"":0.0},""9"":{""start"":1.6599096612768403,""completion_by_type"":[2.053004678015881,2.6101990835763083],""finish"":2.6101990835763083,""tardiness"":2.1461233096881513},""10"":{""start"":2.3517587944102702,""completion_by_type"":[2.8345971317192395,3.279122297929646],""finish"":3.279122297929646,""tardiness"":0.29870619618458205}}","{""distance"":9.411329881969996,""tardiness"":4.622980386017092,""objective"":7.017155133993544,""task_times"":{""1"":{""start"":0.6134372789067076,""completion_by_type"":[0.9695138949065673,1.5093923392182562],""finish"":1.5093923392182562,""tardiness"":0.17478942776994022},""2"":{""start"":0.5029885961626932,""completion_by_type"":[1.0910325486338084,1.5041935517295704],""finish"":1.5041935517295704,""tardiness"":0.0},""3"":{""start"":1.8321612152541105,""completion_by_type"":[2.3464320227943025,2.8735534455068237],""finish"":2.8735534455068237,""tardiness"":0.0},""4"":{""start"":2.920374852954719,""completion_by_type"":[3.5552985414364766,3.890395272307112],""finish"":3.890395272307112,""tardiness"":0.008845200423437838},""5"":{""start"":4.14365008865069,""completion_by_type"":[4.771054829388005,5.151447267898796],""finish"":5.151447267898796,""tardiness"":0.2799955619211678},""6"":{""start"":1.0128028771408564,""completion_by_type"":[1.3364336880398109,1.9838220236894228],""finish"":1.9838220236894228,""tardiness"":0.8945169979668279},""7"":{""start"":1.8022846669511328,""completion_by_type"":[2.4265601625955657,2.7750049656225304],""finish"":2.7750049656225304,""tardiness"":0.8200036920629845},""8"":{""start"":3.025709891624267,""completion_by_type"":[3.33613429454773,3.9775803085276573],""finish"":3.9775803085276573,""tardiness"":0.0},""9"":{""start"":1.6599096612768403,""completion_by_type"":[2.053004678015881,2.6101990835763083],""finish"":2.6101990835763083,""tardiness"":2.1461233096881513},""10"":{""start"":2.3517587944102702,""completion_by_type"":[2.8345971317192395,3.279122297929646],""finish"":3.279122297929646,""tardiness"":0.29870619618458205}}}","{""objective"":4.440892098500626e-15,""distance"":1.7763568394002505e-15,""tardiness"":1.0658141036401503e-14}",3600,1,0,100.0,manhattan,"[0.5,0.5]",True
k2_n10_i074,1,optimal,2,10,74,N10_K2_M12_I74,2,OPTIMAL,True,True,5.807890500412073,8.723303085956855,2.89247791486729,5.807890500412073,5.807890500412074,0.0,10,21.812999963760376,23.14812466136901,10223.0,196261.0,,optimal,,"{""1"":[1,8,6],""2"":[7],""3"":[3,10,9,5],""4"":[2,4],""5"":[],""6"":[2],""7"":[],""8"":[1,8,6],""9"":[3,10,9,5],""10"":[7,4],""11"":[],""12"":[]}","{""1"":{""start"":1.1437933466911667,""completion_by_type"":[1.8203840760657064,2.047945505674731],""finish"":2.047945505674731,""tardiness"":0.1634518846918529},""2"":{""start"":1.5067659909881868,""completion_by_type"":[1.9116672640660148,2.6918831710996027],""finish"":2.6918831710996027,""tardiness"":1.5642847948414438},""3"":{""start"":0.16728342757293957,""completion_by_type"":[0.69382438020269,1.0732187491762608],""finish"":1.0732187491762608,""tardiness"":0.0},""4"":{""start"":2.3474030953625427,""completion_by_type"":[2.997800548516785,3.506796802775712],""finish"":3.506796802775712,""tardiness"":0.0},""5"":{""start"":3.0378396634281386,""completion_by_type"":[3.671441754376277,3.9824696379340816],""finish"":3.9824696379340816,""tardiness"":0.016662248438717775},""6"":{""start"":3.4207496828213944,""completion_by_type"":[3.86033605303989,4.5859103681906515],""finish"":4.5859103681906515,""tardiness"":0.0},""7"":{""start"":0.5356784436776582,""completion_by_type"":[1.1574047464183281,1.6691446486032047],""finish"":1.6691446486032047,""tardiness"":1.1436977932052768},""8"":{""start"":2.200407022585633,""completion_by_type"":[2.7142776339388988,3.346296169066341],""finish"":3.346296169066341,""tardiness"":0.0},""9"":{""start"":2.0863606608770895,""completion_by_type"":[2.656232212630415,2.9457217830426137],""finish"":2.9457217830426137,""tardiness"":0.004381299925262816},""10"":{""start"":1.1100617841828078,""completion_by_type"":[1.4847872309643608,1.9196500465419035],""finish"":1.9196500465419035,""tardiness"":0.0}}","{""distance"":8.723303085956859,""tardiness"":2.892478021102554,""objective"":5.807890553529706,""task_times"":{""1"":{""start"":1.1437933466911667,""completion_by_type"":[1.8203840760657064,2.047945505674731],""finish"":2.047945505674731,""tardiness"":0.1634518846918529},""2"":{""start"":1.5067659909881868,""completion_by_type"":[1.9116672640660148,2.6918831710996027],""finish"":2.6918831710996027,""tardiness"":1.5642847948414438},""3"":{""start"":0.16728342757293957,""completion_by_type"":[0.69382438020269,1.0732187491762608],""finish"":1.0732187491762608,""tardiness"":0.0},""4"":{""start"":2.3474030953625427,""completion_by_type"":[2.997800548516785,3.506796802775712],""finish"":3.506796802775712,""tardiness"":0.0},""5"":{""start"":3.0378396634281386,""completion_by_type"":[3.671441754376277,3.9824696379340816],""finish"":3.9824696379340816,""tardiness"":0.016662248438717775},""6"":{""start"":3.4207496828213944,""completion_by_type"":[3.86033605303989,4.5859103681906515],""finish"":4.5859103681906515,""tardiness"":0.0},""7"":{""start"":0.5356784436776582,""completion_by_type"":[1.1574047464183281,1.6691446486032047],""finish"":1.6691446486032047,""tardiness"":1.1436977932052768},""8"":{""start"":2.200407022585633,""completion_by_type"":[2.7142776339388988,3.346296169066341],""finish"":3.346296169066341,""tardiness"":0.0},""9"":{""start"":2.0863606608770895,""completion_by_type"":[2.656232212630415,2.9457217830426137],""finish"":2.9457217830426137,""tardiness"":0.004381299925262816},""10"":{""start"":1.1100617841828078,""completion_by_type"":[1.4847872309643608,1.9196500465419035],""finish"":1.9196500465419035,""tardiness"":0.0}}}","{""objective"":5.311763295878791e-08,""distance"":3.552713678800501e-15,""tardiness"":1.0623526414121898e-07}",3600,1,0,100.0,manhattan,"[0.5,0.5]",True
k2_n10_i075,1,optimal,2,10,75,N10_K2_M12_I75,2,OPTIMAL,True,True,7.9478292917295486,10.275516726949284,5.620141856509813,7.9478292917295486,7.947829291729486,0.0,10,200.63500022888184,266.61820888727954,37094.0,2071120.0,,optimal,,"{""1"":[3,10,8],""2"":[5,4],""3"":[1,6,2],""4"":[7,9],""5"":[4],""6"":[5,6],""7"":[3,10,8],""8"":[],""9"":[],""10"":[],""11"":[7,9],""12"":[1,2]}","{""1"":{""start"":0.8429247321276003,""completion_by_type"":[1.4576418422772,2.03165892161288],""finish"":2.03165892161288,""tardiness"":1.091875286816022},""2"":{""start"":2.353440459251112,""completion_by_type"":[2.9974371780836684,3.549370963103652],""finish"":3.549370963103652,""tardiness"":0.10508935531641628},""3"":{""start"":1.0778505358752226,""completion_by_type"":[1.5615497182018951,2.2179258324790605],""finish"":2.2179258324790605,""tardiness"":0.8513166815327955},""4"":{""start"":0.7231633073684436,""completion_by_type"":[1.2225097893068058,1.914353322181328],""finish"":1.914353322181328,""tardiness"":0.0},""5"":{""start"":0.19262784595170823,""completion_by_type"":[0.6688859311306761,1.0490101231478284],""finish"":1.0490101231478284,""tardiness"":0.0},""6"":{""start"":1.5876877314805764,""completion_by_type"":[2.1363556676984943,2.588899663950349],""finish"":2.588899663950349,""tardiness"":0.0},""7"":{""start"":1.6524035394597136,""completion_by_type"":[2.030297264589961,2.6680756573838433],""finish"":2.6680756573838433,""tardiness"":0.10598637278900913},""8"":{""start"":3.87019300397015,""completion_by_type"":[4.530349005922664,5.013968698056631],""finish"":5.013968698056631,""tardiness"":0.31563473031997713},""9"":{""start"":2.8682669258624833,""completion_by_type"":[3.5050963967475455,3.7648990556886157],""finish"":3.7648990556886157,""tardiness"":3.150239429735593},""10"":{""start"":2.562865060007373,""completion_by_type"":[2.8730447378610884,3.725033484306154],""finish"":3.725033484306154,""tardiness"":0.0}}","{""distance"":10.275516726949286,""tardiness"":5.620141856509813,""objective"":7.947829291729549,""task_times"":{""1"":{""start"":0.8429247321276003,""completion_by_type"":[1.4576418422772,2.03165892161288],""finish"":2.03165892161288,""tardiness"":1.091875286816022},""2"":{""start"":2.353440459251112,""completion_by_type"":[2.9974371780836684,3.549370963103652],""finish"":3.549370963103652,""tardiness"":0.10508935531641628},""3"":{""start"":1.0778505358752226,""completion_by_type"":[1.5615497182018951,2.2179258324790605],""finish"":2.2179258324790605,""tardiness"":0.8513166815327955},""4"":{""start"":0.7231633073684436,""completion_by_type"":[1.2225097893068058,1.914353322181328],""finish"":1.914353322181328,""tardiness"":0.0},""5"":{""start"":0.19262784595170823,""completion_by_type"":[0.6688859311306761,1.0490101231478284],""finish"":1.0490101231478284,""tardiness"":0.0},""6"":{""start"":1.5876877314805764,""completion_by_type"":[2.1363556676984943,2.588899663950349],""finish"":2.588899663950349,""tardiness"":0.0},""7"":{""start"":1.6524035394597136,""completion_by_type"":[2.030297264589961,2.6680756573838433],""finish"":2.6680756573838433,""tardiness"":0.10598637278900913},""8"":{""start"":3.87019300397015,""completion_by_type"":[4.530349005922664,5.013968698056631],""finish"":5.013968698056631,""tardiness"":0.31563473031997713},""9"":{""start"":2.8682669258624833,""completion_by_type"":[3.5050963967475455,3.7648990556886157],""finish"":3.7648990556886157,""tardiness"":3.150239429735593},""10"":{""start"":2.562865060007373,""completion_by_type"":[2.8730447378610884,3.725033484306154],""finish"":3.725033484306154,""tardiness"":0.0}}}","{""objective"":8.881784197001252e-16,""distance"":1.7763568394002505e-15,""tardiness"":0.0}",3600,1,0,100.0,manhattan,"[0.5,0.5]",True
k2_n10_i076,1,time_limit_feasible,2,10,76,N10_K2_M12_I76,9,TIME_LIMIT,True,False,8.019559096281892,9.807164654737443,6.231953537826339,7.549813752680459,7.549813752680459,0.05857495879283703,10,3600.0060000419617,4594.9722708516465,913155.0,45471702.0,,time_limit_feasible,,"{""1"":[2,4,1,3],""2"":[],""3"":[8,9,6],""4"":[10,7,5],""5"":[8,9],""6"":[],""7"":[2,1,3],""8"":[10],""9"":[],""10"":[4,6],""11"":[],""12"":[7,5]}","{""1"":{""start"":2.152511972664181,""completion_by_type"":[2.615095666937133,3.254831849515116],""finish"":3.254831849515116,""tardiness"":0.7311322425084557},""2"":{""start"":0.6763264088541096,""completion_by_type"":[1.0802754508043564,1.678423330203017],""finish"":1.678423330203017,""tardiness"":0.0},""3"":{""start"":3.2729887729395664,""completion_by_type"":[3.802424691110034,4.262617679806175],""finish"":4.262617679806175,""tardiness"":0.0},""4"":{""start"":1.4808888071025037,""completion_by_type"":[2.0258479987059395,2.4344473627596592],""finish"":2.4344473627596592,""tardiness"":0.2863538763132252},""5"":{""start"":2.3195465826080386,""completion_by_type"":[2.687741741638911,3.41266600051822],""finish"":3.41266600051822,""tardiness"":0.0},""6"":{""start"":3.1869838892949365,""completion_by_type"":[3.809944857902444,4.018904679152803],""finish"":4.018904679152803,""tardiness"":2.4148634129226103},""7"":{""start"":1.3960917563863697,""completion_by_type"":[1.9026069209644736,2.205742717745437],""finish"":2.205742717745437,""tardiness"":0.0},""8"":{""start"":1.339591750773475,""completion_by_type"":[1.9082279656967802,2.385349377994869],""finish"":2.385349377994869,""tardiness"":1.9500046463500191},""9"":{""start"":2.6652782138560256,""completion_by_type"":[2.99364490700409,3.8250598693737885],""finish"":3.8250598693737885,""tardiness"":0.44468634409817964},""10"":{""start"":0.1032075139400005,""completion_by_type"":[0.4909345228208756,1.2599054738816235],""finish"":1.2599054738816235,""tardiness"":0.4049131911114041}}","{""distance"":9.807164654737443,""tardiness"":6.231953713303895,""objective"":8.019559184020668,""task_times"":{""1"":{""start"":2.152511972664181,""completion_by_type"":[2.615095666937133,3.254831849515116],""finish"":3.254831849515116,""tardiness"":0.7311322425084557},""2"":{""start"":0.6763264088541096,""completion_by_type"":[1.0802754508043564,1.678423330203017],""finish"":1.678423330203017,""tardiness"":0.0},""3"":{""start"":3.2729887729395664,""completion_by_type"":[3.802424691110034,4.262617679806175],""finish"":4.262617679806175,""tardiness"":0.0},""4"":{""start"":1.4808888071025037,""completion_by_type"":[2.0258479987059395,2.4344473627596592],""finish"":2.4344473627596592,""tardiness"":0.2863538763132252},""5"":{""start"":2.3195465826080386,""completion_by_type"":[2.687741741638911,3.41266600051822],""finish"":3.41266600051822,""tardiness"":0.0},""6"":{""start"":3.1869838892949365,""completion_by_type"":[3.809944857902444,4.018904679152803],""finish"":4.018904679152803,""tardiness"":2.4148634129226103},""7"":{""start"":1.3960917563863697,""completion_by_type"":[1.9026069209644736,2.205742717745437],""finish"":2.205742717745437,""tardiness"":0.0},""8"":{""start"":1.339591750773475,""completion_by_type"":[1.9082279656967802,2.385349377994869],""finish"":2.385349377994869,""tardiness"":1.9500046463500191},""9"":{""start"":2.6652782138560256,""completion_by_type"":[2.99364490700409,3.8250598693737885],""finish"":3.8250598693737885,""tardiness"":0.44468634409817964},""10"":{""start"":0.1032075139400005,""completion_by_type"":[0.4909345228208756,1.2599054738816235],""finish"":1.2599054738816235,""tardiness"":0.4049131911114041}}}","{""objective"":8.773877624435045e-08,""distance"":0.0,""tardiness"":1.7547755604141457e-07}",3600,1,0,100.0,manhattan,"[0.5,0.5]",True
k2_n10_i077,1,optimal,2,10,77,N10_K2_M12_I77,2,OPTIMAL,True,True,8.459384373101095,12.453935233812807,4.464833512389383,8.459384373101095,8.459384277394328,0.0,10,967.8010001182556,1212.5914236302744,307419.0,13110837.0,,optimal,,"{""1"":[6,10,9],""2"":[1,5,4],""3"":[2,7],""4"":[3,8],""5"":[],""6"":[3,8],""7"":[1,5,4],""8"":[10],""9"":[2,7],""10"":[],""11"":[],""12"":[6,9]}","{""1"":{""start"":0.8302460519643816,""completion_by_type"":[1.1310178311960692,1.8742051654653902],""finish"":1.8742051654653902,""tardiness"":0.0},""2"":{""start"":0.6128622257007201,""completion_by_type"":[1.0080363356031787,1.4874413111160245],""finish"":1.4874413111160245,""tardiness"":1.100466236719483},""3"":{""start"":1.2152186835074859,""completion_by_type"":[1.664991153025145,2.2580560142578543],""finish"":2.2580560142578543,""tardiness"":0.5773314080175402},""4"":{""start"":3.2893475539222745,""completion_by_type"":[3.6398275232544295,4.411702760842703],""finish"":4.411702760842703,""tardiness"":0.2199535331571667},""5"":{""start"":2.0343581375966773,""completion_by_type"":[2.7342706203470923,3.128165918899513],""finish"":3.128165918899513,""tardiness"":0.0},""6"":{""start"":0.8249768225358682,""completion_by_type"":[1.4634726188032419,1.9757842081604005],""finish"":1.9757842081604005,""tardiness"":0.9897885402521194},""7"":{""start"":1.7233411014137676,""completion_by_type"":[2.167649293319199,2.6625113311618787],""finish"":2.6625113311618787,""tardiness"":0.0},""8"":{""start"":2.589282145136494,""completion_by_type"":[3.0316218509923116,3.517649696878303],""finish"":3.517649696878303,""tardiness"":1.3305547787263872},""9"":{""start"":3.5163774354922843,""completion_by_type"":[4.111343987801355,4.554246161769809],""finish"":4.554246161769809,""tardiness"":0.11849942842828831},""10"":{""start"":2.1117470322565373,""completion_by_type"":[2.7925528213472166,2.9715750073753266],""finish"":2.9715750073753266,""tardiness"":0.12823958708838745}}","{""distance"":12.453935233812809,""tardiness"":4.464833512389372,""objective"":8.459384373101091,""task_times"":{""1"":{""start"":0.8302460519643816,""completion_by_type"":[1.1310178311960692,1.8742051654653902],""finish"":1.8742051654653902,""tardiness"":0.0},""2"":{""start"":0.6128622257007201,""completion_by_type"":[1.0080363356031787,1.4874413111160245],""finish"":1.4874413111160245,""tardiness"":1.100466236719483},""3"":{""start"":1.2152186835074859,""completion_by_type"":[1.664991153025145,2.2580560142578543],""finish"":2.2580560142578543,""tardiness"":0.5773314080175402},""4"":{""start"":3.2893475539222745,""completion_by_type"":[3.6398275232544295,4.411702760842703],""finish"":4.411702760842703,""tardiness"":0.2199535331571667},""5"":{""start"":2.0343581375966773,""completion_by_type"":[2.7342706203470923,3.128165918899513],""finish"":3.128165918899513,""tardiness"":0.0},""6"":{""start"":0.8249768225358682,""completion_by_type"":[1.4634726188032419,1.9757842081604005],""finish"":1.9757842081604005,""tardiness"":0.9897885402521194},""7"":{""start"":1.7233411014137676,""completion_by_type"":[2.167649293319199,2.6625113311618787],""finish"":2.6625113311618787,""tardiness"":0.0},""8"":{""start"":2.589282145136494,""completion_by_type"":[3.0316218509923116,3.517649696878303],""finish"":3.517649696878303,""tardiness"":1.3305547787263872},""9"":{""start"":3.5163774354922843,""completion_by_type"":[4.111343987801355,4.554246161769809],""finish"":4.554246161769809,""tardiness"":0.11849942842828831},""10"":{""start"":2.1117470322565373,""completion_by_type"":[2.7925528213472166,2.9715750073753266],""finish"":2.9715750073753266,""tardiness"":0.12823958708838745}}}","{""objective"":3.552713678800501e-15,""distance"":1.7763568394002505e-15,""tardiness"":1.0658141036401503e-14}",3600,1,0,100.0,manhattan,"[0.5,0.5]",True
k2_n10_i078,1,time_limit_feasible,2,10,78,N10_K2_M12_I78,9,TIME_LIMIT,True,False,8.831343886646616,11.44414907799202,6.218538695301214,8.394302537374603,8.394302537374603,0.04948752476198315,10,3600.0099999904633,4532.93730612316,983541.0,45329839.0,,time_limit_feasible,,"{""1"":[10,2,9,4],""2"":[5,8,6],""3"":[],""4"":[7,3,1],""5"":[3],""6"":[2,6],""7"":[10,9,4],""8"":[],""9"":[7,1],""10"":[5,8],""11"":[],""12"":[]}","{""1"":{""start"":2.2328737145690467,""completion_by_type"":[2.6326929504373116,3.1343816389718384],""finish"":3.1343816389718384,""tardiness"":2.086676724101446},""2"":{""start"":1.1698988140295572,""completion_by_type"":[1.4954627712621338,1.9754233220935111],""finish"":1.9754233220935111,""tardiness"":0.0},""3"":{""start"":1.7113713685358287,""completion_by_type"":[2.01393248403609,2.9073004943921963],""finish"":2.9073004943921963,""tardiness"":2.4073343533736113},""4"":{""start"":3.6607111361224596,""completion_by_type"":[4.258266916104302,4.614395197851241],""finish"":4.614395197851241,""tardiness"":0.0},""5"":{""start"":0.9807190799787553,""completion_by_type"":[1.5614894071121725,1.8530683037756364],""finish"":1.8530683037756364,""tardiness"":0.0},""6"":{""start"":2.9694272127086188,""completion_by_type"":[3.6595172414866726,3.8679623864522084],""finish"":3.8679623864522084,""tardiness"":0.0},""7"":{""start"":1.0728655523037407,""completion_by_type"":[1.4428501290811835,1.9300809069931988],""finish"":1.9300809069931988,""tardiness"":0.29776062907255385},""8"":{""start"":2.035725585222392,""completion_by_type"":[2.6012286040440773,3.2101226294133354],""finish"":3.2101226294133354,""tardiness"":1.0486971334835293},""9"":{""start"":2.345000885514856,""completion_by_type"":[3.025916337800843,3.3702045249912773],""finish"":3.3702045249912773,""tardiness"":0.3780698552701365},""10"":{""start"":0.28670180203336537,""completion_by_type"":[0.6320356466723291,1.286888512440851],""finish"":1.286888512440851,""tardiness"":0.0}}","{""distance"":11.444149077992018,""tardiness"":6.218538695301278,""objective"":8.831343886646648,""task_times"":{""1"":{""start"":2.2328737145690467,""completion_by_type"":[2.6326929504373116,3.1343816389718384],""finish"":3.1343816389718384,""tardiness"":2.086676724101446},""2"":{""start"":1.1698988140295572,""completion_by_type"":[1.4954627712621338,1.9754233220935111],""finish"":1.9754233220935111,""tardiness"":0.0},""3"":{""start"":1.7113713685358287,""completion_by_type"":[2.01393248403609,2.9073004943921963],""finish"":2.9073004943921963,""tardiness"":2.4073343533736113},""4"":{""start"":3.6607111361224596,""completion_by_type"":[4.258266916104302,4.614395197851241],""finish"":4.614395197851241,""tardiness"":0.0},""5"":{""start"":0.9807190799787553,""completion_by_type"":[1.5614894071121725,1.8530683037756364],""finish"":1.8530683037756364,""tardiness"":0.0},""6"":{""start"":2.9694272127086188,""completion_by_type"":[3.6595172414866726,3.8679623864522084],""finish"":3.8679623864522084,""tardiness"":0.0},""7"":{""start"":1.0728655523037407,""completion_by_type"":[1.4428501290811835,1.9300809069931988],""finish"":1.9300809069931988,""tardiness"":0.29776062907255385},""8"":{""start"":2.035725585222392,""completion_by_type"":[2.6012286040440773,3.2101226294133354],""finish"":3.2101226294133354,""tardiness"":1.0486971334835293},""9"":{""start"":2.345000885514856,""completion_by_type"":[3.025916337800843,3.3702045249912773],""finish"":3.3702045249912773,""tardiness"":0.3780698552701365},""10"":{""start"":0.28670180203336537,""completion_by_type"":[0.6320356466723291,1.286888512440851],""finish"":1.286888512440851,""tardiness"":0.0}}}","{""objective"":3.197442310920451e-14,""distance"":1.7763568394002505e-15,""tardiness"":6.394884621840902e-14}",3600,1,0,100.0,manhattan,"[0.5,0.5]",True
k2_n10_i079,1,time_limit_feasible,2,10,79,N10_K2_M12_I79,9,TIME_LIMIT,True,False,8.23182583122965,10.683911922858055,5.7797397396012435,7.708179855869847,7.708179855869847,0.06361237301367698,10,3600.0250000953674,4030.6781230014044,1394459.0,38971447.0,,time_limit_feasible,,"{""1"":[9,2],""2"":[8,3,1,7,6],""3"":[],""4"":[10,4,5],""5"":[4,5],""6"":[8,1,6],""7"":[3,7],""8"":[],""9"":[9,2],""10"":[],""11"":[],""12"":[10]}","{""1"":{""start"":2.773057837940766,""completion_by_type"":[3.2689275584699793,3.80422561022119],""finish"":3.80422561022119,""tardiness"":0.0},""2"":{""start"":1.0704197943453422,""completion_by_type"":[1.7659888668145156,1.928361185632775],""finish"":1.928361185632775,""tardiness"":0.0},""3"":{""start"":2.1437173684205852,""completion_by_type"":[2.7138501320596236,3.1442716753201365],""finish"":3.1442716753201365,""tardiness"":0.0},""4"":{""start"":1.6666792948868059,""completion_by_type"":[2.3631576114535733,2.5553071434859054],""finish"":2.5553071434859054,""tardiness"":1.1615498684967214},""5"":{""start"":3.1403079013038724,""completion_by_type"":[3.495228776279535,4.088108189268511],""finish"":4.088108189268511,""tardiness"":3.1098257906219127},""6"":{""start"":4.182583335542544,""completion_by_type"":[4.5364971670016025,5.136754447369424],""finish"":5.136754447369424,""tardiness"":0.0},""7"":{""start"":3.590165328474621,""completion_by_type"":[4.013895362853886,4.67265092096893],""finish"":4.67265092096893,""tardiness"":0.1618505936175456},""8"":{""start"":0.9382465975583419,""completion_by_type"":[1.6351200541797386,2.0118295060954305],""finish"":2.0118295060954305,""tardiness"":0.0},""9"":{""start"":0.164371456574053,""completion_by_type"":[0.8426917093594943,1.0107389890973526],""finish"":1.0107389890973526,""tardiness"":0.0},""10"":{""start"":0.8611780813473842,""completion_by_type"":[1.1972941323277664,1.6705241095447292],""finish"":1.6705241095447292,""tardiness"":1.3465143702472266}}","{""distance"":10.683911922858057,""tardiness"":5.7797406229834065,""objective"":8.231826272920731,""task_times"":{""1"":{""start"":2.773057837940766,""completion_by_type"":[3.2689275584699793,3.80422561022119],""finish"":3.80422561022119,""tardiness"":0.0},""2"":{""start"":1.0704197943453422,""completion_by_type"":[1.7659888668145156,1.928361185632775],""finish"":1.928361185632775,""tardiness"":0.0},""3"":{""start"":2.1437173684205852,""completion_by_type"":[2.7138501320596236,3.1442716753201365],""finish"":3.1442716753201365,""tardiness"":0.0},""4"":{""start"":1.6666792948868059,""completion_by_type"":[2.3631576114535733,2.5553071434859054],""finish"":2.5553071434859054,""tardiness"":1.1615498684967214},""5"":{""start"":3.1403079013038724,""completion_by_type"":[3.495228776279535,4.088108189268511],""finish"":4.088108189268511,""tardiness"":3.1098257906219127},""6"":{""start"":4.182583335542544,""completion_by_type"":[4.5364971670016025,5.136754447369424],""finish"":5.136754447369424,""tardiness"":0.0},""7"":{""start"":3.590165328474621,""completion_by_type"":[4.013895362853886,4.67265092096893],""finish"":4.67265092096893,""tardiness"":0.1618505936175456},""8"":{""start"":0.9382465975583419,""completion_by_type"":[1.6351200541797386,2.0118295060954305],""finish"":2.0118295060954305,""tardiness"":0.0},""9"":{""start"":0.164371456574053,""completion_by_type"":[0.8426917093594943,1.0107389890973526],""finish"":1.0107389890973526,""tardiness"":0.0},""10"":{""start"":0.8611780813473842,""completion_by_type"":[1.1972941323277664,1.6705241095447292],""finish"":1.6705241095447292,""tardiness"":1.3465143702472266}}}","{""objective"":4.4169108193159445e-07,""distance"":1.7763568394002505e-15,""tardiness"":8.833821629750105e-07}",3600,1,0,100.0,manhattan,"[0.5,0.5]",True
k2_n10_i080,1,optimal,2,10,80,N10_K2_M12_I80,2,OPTIMAL,True,True,5.257834910713029,7.107622908611186,3.4080469128148714,5.2578349107130276,5.2578349107130276,0.0,10,10.924999952316284,11.953519883969815,6555.0,89271.0,,optimal,,"{""1"":[2,6,5,10],""2"":[],""3"":[9,3,4,8],""4"":[7,1],""5"":[],""6"":[],""7"":[7,1],""8"":[9,4,8],""9"":[2,5],""10"":[6,10],""11"":[],""12"":[3]}","{""1"":{""start"":2.240814617625262,""completion_by_type"":[2.573513864837813,3.2919920662542514],""finish"":3.2919920662542514,""tardiness"":1.5989357965549145},""2"":{""start"":0.30374769885672903,""completion_by_type"":[0.8386857035968208,1.3086060692010562],""finish"":1.3086060692010562,""tardiness"":0.9042328946157098},""3"":{""start"":0.965232600464965,""completion_by_type"":[1.5123746839308265,2.077509655339923],""finish"":2.077509655339923,""tardiness"":0.0},""4"":{""start"":1.6198451304395305,""completion_by_type"":[2.3069068327170488,2.734372464693088],""finish"":2.734372464693088,""tardiness"":0.0},""5"":{""start"":1.4022290058659261,""completion_by_type"":[1.7170699750818759,2.4298372356707745],""finish"":2.4298372356707745,""tardiness"":0.0},""6"":{""start"":0.883254483974809,""completion_by_type"":[1.347549467656938,1.899850175758918],""finish"":1.899850175758918,""tardiness"":0.0},""7"":{""start"":1.1772100527832323,""completion_by_type"":[1.7038588595302238,2.013424651030367],""finish"":2.013424651030367,""tardiness"":0.9048782407579041},""8"":{""start"":3.281768574293827,""completion_by_type"":[3.8188650284439114,4.2891340342672635],""finish"":4.2891340342672635,""tardiness"":0.0},""9"":{""start"":0.17416420817267378,""completion_by_type"":[0.8236419133867795,1.2036946328507887],""finish"":1.2036946328507887,""tardiness"":0.0},""10"":{""start"":2.378292808747771,""completion_by_type"":[2.7403300642408084,3.47021737321984],""finish"":3.47021737321984,""tardiness"":0.0}}","{""distance"":7.107622917970898,""tardiness"":3.4080469319285287,""objective"":5.257834924949713,""task_times"":{""1"":{""start"":2.240814617625262,""completion_by_type"":[2.573513864837813,3.2919920662542514],""finish"":3.2919920662542514,""tardiness"":1.5989357965549145},""2"":{""start"":0.30374769885672903,""completion_by_type"":[0.8386857035968208,1.3086060692010562],""finish"":1.3086060692010562,""tardiness"":0.9042328946157098},""3"":{""start"":0.965232600464965,""completion_by_type"":[1.5123746839308265,2.077509655339923],""finish"":2.077509655339923,""tardiness"":0.0},""4"":{""start"":1.6198451304395305,""completion_by_type"":[2.3069068327170488,2.734372464693088],""finish"":2.734372464693088,""tardiness"":0.0},""5"":{""start"":1.4022290058659261,""completion_by_type"":[1.7170699750818759,2.4298372356707745],""finish"":2.4298372356707745,""tardiness"":0.0},""6"":{""start"":0.883254483974809,""completion_by_type"":[1.347549467656938,1.899850175758918],""finish"":1.899850175758918,""tardiness"":0.0},""7"":{""start"":1.1772100527832323,""completion_by_type"":[1.7038588595302238,2.013424651030367],""finish"":2.013424651030367,""tardiness"":0.9048782407579041},""8"":{""start"":3.281768574293827,""completion_by_type"":[3.8188650284439114,4.2891340342672635],""finish"":4.2891340342672635,""tardiness"":0.0},""9"":{""start"":0.17416420817267378,""completion_by_type"":[0.8236419133867795,1.2036946328507887],""finish"":1.2036946328507887,""tardiness"":0.0},""10"":{""start"":2.378292808747771,""completion_by_type"":[2.7403300642408084,3.47021737321984],""finish"":3.47021737321984,""tardiness"":0.0}}}","{""objective"":1.4236683831825303e-08,""distance"":9.35971122828505e-09,""tardiness"":1.9113657323543976e-08}",3600,1,0,100.0,manhattan,"[0.5,0.5]",True
k2_n10_i081,1,optimal,2,10,81,N10_K2_M12_I81,2,OPTIMAL,True,True,7.612541609872746,10.53432352227569,4.690759697469803,7.612541609872746,7.612541609872746,0.0,10,127.31900000572205,155.77597990037856,22904.0,1415373.0,,optimal,,"{""1"":[6,1,7],""2"":[2,8,9],""3"":[4,10],""4"":[5,3],""5"":[],""6"":[],""7"":[4,10],""8"":[6,1,7],""9"":[],""10"":[2,8,9],""11"":[],""12"":[5,3]}","{""1"":{""start"":1.4623870379433666,""completion_by_type"":[2.1326363796378573,2.3590229585474347],""finish"":2.3590229585474347,""tardiness"":0.0},""2"":{""start"":1.3697974322554178,""completion_by_type"":[1.8760171780067623,2.4572051667439],""finish"":2.4572051667439,""tardiness"":0.881562673765891},""3"":{""start"":1.623832124923044,""completion_by_type"":[2.11521267282616,2.662084103024878],""finish"":2.662084103024878,""tardiness"":0.0},""4"":{""start"":1.1332094299132498,""completion_by_type"":[1.5916306020149826,1.9848481652282235],""finish"":1.9848481652282235,""tardiness"":0.05743536806104044},""5"":{""start"":0.38310263730414834,""completion_by_type"":[0.8229890221576237,1.286668011601504],""finish"":1.286668011601504,""tardiness"":0.12727267024326494},""6"":{""start"":0.20165888326567302,""completion_by_type"":[0.6345945439298916,1.1130720563565923],""finish"":1.1130720563565923,""tardiness"":0.0},""7"":{""start"":2.4814923698535147,""completion_by_type"":[3.0575142532092356,3.5163411824377544],""finish"":3.5163411824377544,""tardiness"":0.0},""8"":{""start"":2.8056812526792054,""completion_by_type"":[3.411640591420873,3.6537319282641327],""finish"":3.6537319282641327,""tardiness"":0.1097662688218568},""9"":{""start"":3.9355391057453977,""completion_by_type"":[4.619100778564133,4.989664168264275],""finish"":4.989664168264275,""tardiness"":0.3446543188304778},""10"":{""start"":2.72500977399681,""completion_by_type"":[3.202393277682949,3.680400675852274],""finish"":3.680400675852274,""tardiness"":3.1700689153903383}}","{""distance"":10.53432352227608,""tardiness"":4.690760215112869,""objective"":7.612541868694475,""task_times"":{""1"":{""start"":1.4623870379433666,""completion_by_type"":[2.1326363796378573,2.3590229585474347],""finish"":2.3590229585474347,""tardiness"":0.0},""2"":{""start"":1.3697974322554178,""completion_by_type"":[1.8760171780067623,2.4572051667439],""finish"":2.4572051667439,""tardiness"":0.881562673765891},""3"":{""start"":1.623832124923044,""completion_by_type"":[2.11521267282616,2.662084103024878],""finish"":2.662084103024878,""tardiness"":0.0},""4"":{""start"":1.1332094299132498,""completion_by_type"":[1.5916306020149826,1.9848481652282235],""finish"":1.9848481652282235,""tardiness"":0.05743536806104044},""5"":{""start"":0.38310263730414834,""completion_by_type"":[0.8229890221576237,1.286668011601504],""finish"":1.286668011601504,""tardiness"":0.12727267024326494},""6"":{""start"":0.20165888326567302,""completion_by_type"":[0.6345945439298916,1.1130720563565923],""finish"":1.1130720563565923,""tardiness"":0.0},""7"":{""start"":2.4814923698535147,""completion_by_type"":[3.0575142532092356,3.5163411824377544],""finish"":3.5163411824377544,""tardiness"":0.0},""8"":{""start"":2.8056812526792054,""completion_by_type"":[3.411640591420873,3.6537319282641327],""finish"":3.6537319282641327,""tardiness"":0.1097662688218568},""9"":{""start"":3.9355391057453977,""completion_by_type"":[4.619100778564133,4.989664168264275],""finish"":4.989664168264275,""tardiness"":0.3446543188304778},""10"":{""start"":2.72500977399681,""completion_by_type"":[3.202393277682949,3.680400675852274],""finish"":3.680400675852274,""tardiness"":3.1700689153903383}}}","{""objective"":2.588217284937855e-07,""distance"":3.907985046680551e-13,""tardiness"":5.176430661890663e-07}",3600,1,0,100.0,manhattan,"[0.5,0.5]",True
k2_n10_i082,1,optimal,2,10,82,N10_K2_M12_I82,2,OPTIMAL,True,True,7.203159320341033,10.508165812831365,3.8981528278507005,7.203159320341014,7.203159320341014,0.0,10,462.3230001926422,572.0162742329484,218522.0,4968710.0,,optimal,,"{""1"":[6,5,2],""2"":[10],""3"":[7,9,1,3],""4"":[4,8],""5"":[],""6"":[7],""7"":[10,2],""8"":[9,1,3],""9"":[4,8],""10"":[6,5],""11"":[],""12"":[]}","{""1"":{""start"":2.2162996835614788,""completion_by_type"":[2.600431497416791,3.28206979511797],""finish"":3.28206979511797,""tardiness"":0.0},""2"":{""start"":2.9581522690567423,""completion_by_type"":[3.4674358211184293,3.8855781470928],""finish"":3.8855781470928,""tardiness"":0.021048916462760747},""3"":{""start"":3.5070063074223805,""completion_by_type"":[4.187987549703871,4.495492083772747],""finish"":4.495492083772747,""tardiness"":0.0},""4"":{""start"":1.9139470926341797,""completion_by_type"":[2.4517110894482435,2.8558854559940636],""finish"":2.8558854559940636,""tardiness"":0.24095019667391648},""5"":{""start"":2.1603515793182173,""completion_by_type"":[2.620420757902588,3.3116986468342406],""finish"":3.3116986468342406,""tardiness"":0.0},""6"":{""start"":1.1827122236683931,""completion_by_type"":[1.8420893011473591,2.0332940717072],""finish"":2.0332940717072,""tardiness"":1.4824167887437425},""7"":{""start"":0.19240463231348987,""completion_by_type"":[0.6101697083158586,1.2056130019848488],""finish"":1.2056130019848488,""tardiness"":0.0},""8"":{""start"":2.9081157403500186,""completion_by_type"":[3.3642606862421776,3.9868379185480762],""finish"":3.9868379185480762,""tardiness"":1.0855301621928142},""9"":{""start"":0.8897070812541816,""completion_by_type"":[1.2060837996360023,2.027391732044247],""finish"":2.027391732044247,""tardiness"":0.7016904117238791},""10"":{""start"":0.4127085661223162,""completion_by_type"":[0.936726550533732,1.2936380385247186],""finish"":1.2936380385247186,""tardiness"":0.3665163520536068}}","{""distance"":10.508165812831363,""tardiness"":3.89815282785072,""objective"":7.203159320341042,""task_times"":{""1"":{""start"":2.2162996835614788,""completion_by_type"":[2.600431497416791,3.28206979511797],""finish"":3.28206979511797,""tardiness"":0.0},""2"":{""start"":2.9581522690567423,""completion_by_type"":[3.4674358211184293,3.8855781470928],""finish"":3.8855781470928,""tardiness"":0.021048916462760747},""3"":{""start"":3.5070063074223805,""completion_by_type"":[4.187987549703871,4.495492083772747],""finish"":4.495492083772747,""tardiness"":0.0},""4"":{""start"":1.9139470926341797,""completion_by_type"":[2.4517110894482435,2.8558854559940636],""finish"":2.8558854559940636,""tardiness"":0.24095019667391648},""5"":{""start"":2.1603515793182173,""completion_by_type"":[2.620420757902588,3.3116986468342406],""finish"":3.3116986468342406,""tardiness"":0.0},""6"":{""start"":1.1827122236683931,""completion_by_type"":[1.8420893011473591,2.0332940717072],""finish"":2.0332940717072,""tardiness"":1.4824167887437425},""7"":{""start"":0.19240463231348987,""completion_by_type"":[0.6101697083158586,1.2056130019848488],""finish"":1.2056130019848488,""tardiness"":0.0},""8"":{""start"":2.9081157403500186,""completion_by_type"":[3.3642606862421776,3.9868379185480762],""finish"":3.9868379185480762,""tardiness"":1.0855301621928142},""9"":{""start"":0.8897070812541816,""completion_by_type"":[1.2060837996360023,2.027391732044247],""finish"":2.027391732044247,""tardiness"":0.7016904117238791},""10"":{""start"":0.4127085661223162,""completion_by_type"":[0.936726550533732,1.2936380385247186],""finish"":1.2936380385247186,""tardiness"":0.3665163520536068}}}","{""objective"":8.881784197001252e-15,""distance"":1.7763568394002505e-15,""tardiness"":1.9539925233402755e-14}",3600,1,0,100.0,manhattan,"[0.5,0.5]",True
k2_n10_i083,1,optimal,2,10,83,N10_K2_M12_I83,2,OPTIMAL,True,True,8.1935886213527,11.9951552583729,4.392021984332498,8.193588621351536,8.193588621351536,0.0,10,98.63100004196167,102.62798919174621,51918.0,1096673.0,,optimal,,"{""1"":[8,1],""2"":[6,7,4],""3"":[10,9],""4"":[5,2,3],""5"":[10,9],""6"":[5,3],""7"":[],""8"":[6,7,4],""9"":[2],""10"":[],""11"":[],""12"":[8,1]}","{""1"":{""start"":2.4286789579097166,""completion_by_type"":[2.9531371383692493,3.2564832190232345],""finish"":3.2564832190232345,""tardiness"":2.933312951517674},""2"":{""start"":1.6642703042129545,""completion_by_type"":[2.216906226153779,2.8181037496508],""finish"":2.8181037496508,""tardiness"":0.43555751564476397},""3"":{""start"":2.679771318025726,""completion_by_type"":[3.222969980688577,3.741989052422663],""finish"":3.741989052422663,""tardiness"":0.076327229226409},""4"":{""start"":3.24274865855163,""completion_by_type"":[3.679204940821573,4.25530776182812],""finish"":4.25530776182812,""tardiness"":0.0},""5"":{""start"":0.9720071063310337,""completion_by_type"":[1.3032468860842872,2.1315217764626615],""finish"":2.1315217764626615,""tardiness"":0.4906250531685006},""6"":{""start"":0.2775084791531165,""completion_by_type"":[0.8104168344058217,1.4697776140914356],""finish"":1.4697776140914356,""tardiness"":0.39052468674982355},""7"":{""start"":1.699542002730956,""completion_by_type"":[2.021262975285456,2.8726971244116823],""finish"":2.8726971244116823,""tardiness"":0.0},""8"":{""start"":1.4278776649121823,""completion_by_type"":[2.1136087039446765,2.255142645985745],""finish"":2.255142645985745,""tardiness"":0.06567454802532113},""9"":{""start"":2.3525433546241588,""completion_by_type"":[2.73559527075629,3.524772814539852],""finish"":3.524772814539852,""tardiness"":0.0},""10"":{""start"":1.2956898116503737,""completion_by_type"":[1.7205200803010512,2.2382366875946214],""finish"":2.2382366875946214,""tardiness"":0.0}}","{""distance"":11.995155258372897,""tardiness"":4.392021984332493,""objective"":8.193588621352696,""task_times"":{""1"":{""start"":2.4286789579097166,""completion_by_type"":[2.9531371383692493,3.2564832190232345],""finish"":3.2564832190232345,""tardiness"":2.933312951517674},""2"":{""start"":1.6642703042129545,""completion_by_type"":[2.216906226153779,2.8181037496508],""finish"":2.8181037496508,""tardiness"":0.43555751564476397},""3"":{""start"":2.679771318025726,""completion_by_type"":[3.222969980688577,3.741989052422663],""finish"":3.741989052422663,""tardiness"":0.076327229226409},""4"":{""start"":3.24274865855163,""completion_by_type"":[3.679204940821573,4.25530776182812],""finish"":4.25530776182812,""tardiness"":0.0},""5"":{""start"":0.9720071063310337,""completion_by_type"":[1.3032468860842872,2.1315217764626615],""finish"":2.1315217764626615,""tardiness"":0.4906250531685006},""6"":{""start"":0.2775084791531165,""completion_by_type"":[0.8104168344058217,1.4697776140914356],""finish"":1.4697776140914356,""tardiness"":0.39052468674982355},""7"":{""start"":1.699542002730956,""completion_by_type"":[2.021262975285456,2.8726971244116823],""finish"":2.8726971244116823,""tardiness"":0.0},""8"":{""start"":1.4278776649121823,""completion_by_type"":[2.1136087039446765,2.255142645985745],""finish"":2.255142645985745,""tardiness"":0.06567454802532113},""9"":{""start"":2.3525433546241588,""completion_by_type"":[2.73559527075629,3.524772814539852],""finish"":3.524772814539852,""tardiness"":0.0},""10"":{""start"":1.2956898116503737,""completion_by_type"":[1.7205200803010512,2.2382366875946214],""finish"":2.2382366875946214,""tardiness"":0.0}}}","{""objective"":3.552713678800501e-15,""distance"":3.552713678800501e-15,""tardiness"":5.329070518200751e-15}",3600,1,0,100.0,manhattan,"[0.5,0.5]",True
k2_n10_i084,1,optimal,2,10,84,N10_K2_M12_I84,2,OPTIMAL,True,True,7.3791881568450375,9.720280030029832,5.038096283660243,7.379187926867923,7.379187926867923,3.1165639064490875e-08,10,1155.664999961853,1447.4777679004578,346811.0,12663044.0,,optimal,,"{""1"":[5,4,9],""2"":[],""3"":[1,3,8],""4"":[7,2,6,10],""5"":[],""6"":[5,4,9],""7"":[7,2],""8"":[],""9"":[1,8],""10"":[3,6,10],""11"":[],""12"":[]}","{""1"":{""start"":1.0635239491021684,""completion_by_type"":[1.481210156802986,1.9299634956818228],""finish"":1.9299634956818228,""tardiness"":0.3508824602912568},""2"":{""start"":1.926160848350279,""completion_by_type"":[2.2848696983631043,2.9428685241289703],""finish"":2.9428685241289703,""tardiness"":0.0},""3"":{""start"":1.7073422073249034,""completion_by_type"":[2.3120310862862565,2.524173864037323],""finish"":2.524173864037323,""tardiness"":2.101955387379526},""4"":{""start"":1.8057899692166401,""completion_by_type"":[2.142621123024918,2.8058303744870687],""finish"":2.8058303744870687,""tardiness"":0.0},""5"":{""start"":0.5627316301811662,""completion_by_type"":[1.2230592723530747,1.6010414906003805],""finish"":1.6010414906003805,""tardiness"":0.0},""6"":{""start"":2.7688305130819417,""completion_by_type"":[3.167530416775463,3.601378298645651],""finish"":3.601378298645651,""tardiness"":0.0},""7"":{""start"":0.9690854999431622,""completion_by_type"":[1.4912239546460393,1.9132126920026011],""finish"":1.9132126920026011,""tardiness"":0.9126039572138871},""8"":{""start"":2.8684022386826378,""completion_by_type"":[3.548732911997413,3.717112221174666],""finish"":3.717112221174666,""tardiness"":1.3555861058081229},""9"":{""start"":2.9855178793219666,""completion_by_type"":[3.649346405285529,3.9714329951100664],""finish"":3.9714329951100664,""tardiness"":0.31706837296748747},""10"":{""start"":3.8299205994726857,""completion_by_type"":[4.219761967182848,4.670325359875913],""finish"":4.670325359875913,""tardiness"":0.0}}","{""distance"":9.720280030029832,""tardiness"":5.0380962836602805,""objective"":7.379188156845056,""task_times"":{""1"":{""start"":1.0635239491021684,""completion_by_type"":[1.481210156802986,1.9299634956818228],""finish"":1.9299634956818228,""tardiness"":0.3508824602912568},""2"":{""start"":1.926160848350279,""completion_by_type"":[2.2848696983631043,2.9428685241289703],""finish"":2.9428685241289703,""tardiness"":0.0},""3"":{""start"":1.7073422073249034,""completion_by_type"":[2.3120310862862565,2.524173864037323],""finish"":2.524173864037323,""tardiness"":2.101955387379526},""4"":{""start"":1.8057899692166401,""completion_by_type"":[2.142621123024918,2.8058303744870687],""finish"":2.8058303744870687,""tardiness"":0.0},""5"":{""start"":0.5627316301811662,""completion_by_type"":[1.2230592723530747,1.6010414906003805],""finish"":1.6010414906003805,""tardiness"":0.0},""6"":{""start"":2.7688305130819417,""completion_by_type"":[3.167530416775463,3.601378298645651],""finish"":3.601378298645651,""tardiness"":0.0},""7"":{""start"":0.9690854999431622,""completion_by_type"":[1.4912239546460393,1.9132126920026011],""finish"":1.9132126920026011,""tardiness"":0.9126039572138871},""8"":{""start"":2.8684022386826378,""completion_by_type"":[3.548732911997413,3.717112221174666],""finish"":3.717112221174666,""tardiness"":1.3555861058081229},""9"":{""start"":2.9855178793219666,""completion_by_type"":[3.649346405285529,3.9714329951100664],""finish"":3.9714329951100664,""tardiness"":0.31706837296748747},""10"":{""start"":3.8299205994726857,""completion_by_type"":[4.219761967182848,4.670325359875913],""finish"":4.670325359875913,""tardiness"":0.0}}}","{""objective"":1.865174681370263e-14,""distance"":0.0,""tardiness"":3.730349362740526e-14}",3600,1,0,100.0,manhattan,"[0.5,0.5]",True
k2_n10_i085,1,time_limit_feasible,2,10,85,N10_K2_M12_I85,9,TIME_LIMIT,True,False,7.968207897442041,10.487251961182995,5.449163833701087,7.5957384217382025,7.5957384217382025,0.04674444749658315,10,3600.005000114441,4687.074971349447,748756.0,46827485.0,,time_limit_feasible,,"{""1"":[4,3,5],""2"":[2,8,6],""3"":[10],""4"":[7,9,1],""5"":[2,8,6],""6"":[10],""7"":[],""8"":[],""9"":[4,9,1],""10"":[7,3,5],""11"":[],""12"":[]}","{""1"":{""start"":3.504096299238608,""completion_by_type"":[4.0647928816140215,4.677382155680084],""finish"":4.677382155680084,""tardiness"":2.6165057414739095},""2"":{""start"":0.6779501865050799,""completion_by_type"":[1.2100207254243385,1.686397427093782],""finish"":1.686397427093782,""tardiness"":0.0},""3"":{""start"":2.1817964888620156,""completion_by_type"":[2.7481387391257335,3.1219223781101073],""finish"":3.1219223781101073,""tardiness"":0.0},""4"":{""start"":0.9015875191676693,""completion_by_type"":[1.245897954094378,1.7790724226987393],""finish"":1.7790724226987393,""tardiness"":0.3380417745172293},""5"":{""start"":3.3984414932588174,""completion_by_type"":[3.885368150072264,4.405636382735928],""finish"":4.405636382735928,""tardiness"":0.0},""6"":{""start"":2.8598852355702613,""completion_by_type"":[3.307947379549627,3.7134141586617937],""finish"":3.7134141586617937,""tardiness"":0.0},""7"":{""start"":1.0791332944895888,""completion_by_type"":[1.7166211980888715,2.083635393821477],""finish"":2.083635393821477,""tardiness"":1.195089085329822},""8"":{""start"":1.7973347068934964,""completion_by_type"":[2.1198037852589455,2.6599308289549466],""finish"":2.6599308289549466,""tardiness"":0.0},""9"":{""start"":2.296740983622813,""completion_by_type"":[2.893761253660921,3.188786844278366],""finish"":3.188786844278366,""tardiness"":0.0},""10"":{""start"":1.1084752071410489,""completion_by_type"":[1.510982338938928,1.9355816621842905],""finish"":1.9355816621842905,""tardiness"":1.2995272323802152}}","{""distance"":10.487251961182993,""tardiness"":5.449163833701175,""objective"":7.968207897442085,""task_times"":{""1"":{""start"":3.504096299238608,""completion_by_type"":[4.0647928816140215,4.677382155680084],""finish"":4.677382155680084,""tardiness"":2.6165057414739095},""2"":{""start"":0.6779501865050799,""completion_by_type"":[1.2100207254243385,1.686397427093782],""finish"":1.686397427093782,""tardiness"":0.0},""3"":{""start"":2.1817964888620156,""completion_by_type"":[2.7481387391257335,3.1219223781101073],""finish"":3.1219223781101073,""tardiness"":0.0},""4"":{""start"":0.9015875191676693,""completion_by_type"":[1.245897954094378,1.7790724226987393],""finish"":1.7790724226987393,""tardiness"":0.3380417745172293},""5"":{""start"":3.3984414932588174,""completion_by_type"":[3.885368150072264,4.405636382735928],""finish"":4.405636382735928,""tardiness"":0.0},""6"":{""start"":2.8598852355702613,""completion_by_type"":[3.307947379549627,3.7134141586617937],""finish"":3.7134141586617937,""tardiness"":0.0},""7"":{""start"":1.0791332944895888,""completion_by_type"":[1.7166211980888715,2.083635393821477],""finish"":2.083635393821477,""tardiness"":1.195089085329822},""8"":{""start"":1.7973347068934964,""completion_by_type"":[2.1198037852589455,2.6599308289549466],""finish"":2.6599308289549466,""tardiness"":0.0},""9"":{""start"":2.296740983622813,""completion_by_type"":[2.893761253660921,3.188786844278366],""finish"":3.188786844278366,""tardiness"":0.0},""10"":{""start"":1.1084752071410489,""completion_by_type"":[1.510982338938928,1.9355816621842905],""finish"":1.9355816621842905,""tardiness"":1.2995272323802152}}}","{""objective"":4.3520742565306136e-14,""distance"":1.7763568394002505e-15,""tardiness"":8.79296635503124e-14}",3600,1,0,100.0,manhattan,"[0.5,0.5]",True
k2_n10_i086,1,optimal,2,10,86,N10_K2_M12_I86,2,OPTIMAL,True,True,7.702473376563734,11.388327590856543,4.016619162270926,7.702473376563734,7.702473376563735,0.0,10,8.323000192642212,8.707010653161271,1590.0,49975.0,,optimal,,"{""1"":[7,1,3],""2"":[8,10],""3"":[6,9],""4"":[5,2,4],""5"":[7,1],""6"":[3],""7"":[5,2,4],""8"":[8,10],""9"":[],""10"":[],""11"":[],""12"":[6,9]}","{""1"":{""start"":1.7683232120320016,""completion_by_type"":[2.273932979862794,2.965215483996362],""finish"":2.965215483996362,""tardiness"":0.0},""2"":{""start"":1.96341051772462,""completion_by_type"":[2.6097253640998237,3.1452957998555577],""finish"":3.1452957998555577,""tardiness"":0.08154559110822568},""3"":{""start"":2.634991116927412,""completion_by_type"":[3.2805826026987788,3.6848518137502264],""finish"":3.6848518137502264,""tardiness"":0.0},""4"":{""start"":3.460541132699312,""completion_by_type"":[3.806579624035064,4.388028463072463],""finish"":4.388028463072463,""tardiness"":0.0},""5"":{""start"":0.8380917401016998,""completion_by_type"":[1.508654406676539,1.7236492466412572],""finish"":1.7236492466412572,""tardiness"":1.3084262133457825},""6"":{""start"":1.2472781257833678,""completion_by_type"":[1.6110667318917735,2.1746999858783758],""finish"":2.1746999858783758,""tardiness"":1.0538664250180927},""7"":{""start"":0.6679538896343953,""completion_by_type"":[1.0391140139074109,1.7265932225187124],""finish"":1.7265932225187124,""tardiness"":0.23924489260378046},""8"":{""start"":1.3646276125622767,""completion_by_type"":[1.8333973410839026,2.3227766312207434],""finish"":2.3227766312207434,""tardiness"":0.31056992952704654},""9"":{""start"":2.483346421313972,""completion_by_type"":[2.954996822790391,3.4748501625079915],""finish"":3.4748501625079915,""tardiness"":0.014386331092117288},""10"":{""start"":2.6447712035726476,""completion_by_type"":[3.1344586279097175,3.6356321224325368],""finish"":3.6356321224325368,""tardiness"":1.008579779575932}}","{""distance"":11.388327590856544,""tardiness"":4.0166191622709775,""objective"":7.702473376563761,""task_times"":{""1"":{""start"":1.7683232120320016,""completion_by_type"":[2.273932979862794,2.965215483996362],""finish"":2.965215483996362,""tardiness"":0.0},""2"":{""start"":1.96341051772462,""completion_by_type"":[2.6097253640998237,3.1452957998555577],""finish"":3.1452957998555577,""tardiness"":0.08154559110822568},""3"":{""start"":2.634991116927412,""completion_by_type"":[3.2805826026987788,3.6848518137502264],""finish"":3.6848518137502264,""tardiness"":0.0},""4"":{""start"":3.460541132699312,""completion_by_type"":[3.806579624035064,4.388028463072463],""finish"":4.388028463072463,""tardiness"":0.0},""5"":{""start"":0.8380917401016998,""completion_by_type"":[1.508654406676539,1.7236492466412572],""finish"":1.7236492466412572,""tardiness"":1.3084262133457825},""6"":{""start"":1.2472781257833678,""completion_by_type"":[1.6110667318917735,2.1746999858783758],""finish"":2.1746999858783758,""tardiness"":1.0538664250180927},""7"":{""start"":0.6679538896343953,""completion_by_type"":[1.0391140139074109,1.7265932225187124],""finish"":1.7265932225187124,""tardiness"":0.23924489260378046},""8"":{""start"":1.3646276125622767,""completion_by_type"":[1.8333973410839026,2.3227766312207434],""finish"":2.3227766312207434,""tardiness"":0.31056992952704654},""9"":{""start"":2.483346421313972,""completion_by_type"":[2.954996822790391,3.4748501625079915],""finish"":3.4748501625079915,""tardiness"":0.014386331092117288},""10"":{""start"":2.6447712035726476,""completion_by_type"":[3.1344586279097175,3.6356321224325368],""finish"":3.6356321224325368,""tardiness"":1.008579779575932}}}","{""objective"":2.6645352591003757e-14,""distance"":1.7763568394002505e-15,""tardiness"":5.1514348342607263e-14}",3600,1,0,100.0,manhattan,"[0.5,0.5]",True
k2_n10_i087,1,optimal,2,10,87,N10_K2_M12_I87,2,OPTIMAL,True,True,8.809186131124026,11.447505462724681,6.170866799523369,8.809186131123985,8.809186131123985,0.0,7,506.4359998703003,624.4724581523367,148346.0,5969611.0,,optimal,,"{""1"":[2,6],""2"":[5,9,7],""3"":[10],""4"":[3,8,1,4],""5"":[],""6"":[5,9,7],""7"":[10],""8"":[3,1],""9"":[2,6],""10"":[8,4],""11"":[],""12"":[]}","{""1"":{""start"":2.406504908862523,""completion_by_type"":[3.044621613807184,3.563487564648629],""finish"":3.563487564648629,""tardiness"":0.0},""2"":{""start"":1.0050772218976494,""completion_by_type"":[1.318955532257049,1.8267357626198213],""finish"":1.8267357626198213,""tardiness"":0.0},""3"":{""start"":1.2672877531874942,""completion_by_type"":[1.620361910308964,2.334423483128285],""finish"":2.334423483128285,""tardiness"":1.7958559307681439},""4"":{""start"":3.3258659539654296,""completion_by_type"":[3.876290775629737,4.382858845585348],""finish"":4.382858845585348,""tardiness"":0.0},""5"":{""start"":0.8459676396444445,""completion_by_type"":[1.5087719960942354,1.9504986892344331],""finish"":1.9504986892344331,""tardiness"":0.0},""6"":{""start"":2.049885854216018,""completion_by_type"":[2.415088290354851,3.057804877742867],""finish"":3.057804877742867,""tardiness"":1.3799734916701427},""7"":{""start"":3.3380623111796472,""completion_by_type"":[3.7639139775345574,4.366459803850539],""finish"":4.366459803850539,""tardiness"":0.0},""8"":{""start"":1.8011883057357736,""completion_by_type"":[2.158258134361111,2.926625269957397],""finish"":2.926625269957397,""tardiness"":0.7731351039965118},""9"":{""start"":2.244811274190028,""completion_by_type"":[2.87019271328507,3.22751206656754],""finish"":3.22751206656754,""tardiness"":2.221902273088591},""10"":{""start"":0.8222781265671713,""completion_by_type"":[1.4102352665785987,1.8649375000444963],""finish"":1.8649375000444963,""tardiness"":0.0}}","{""distance"":11.447505462724678,""tardiness"":6.170866799523389,""objective"":8.809186131124033,""task_times"":{""1"":{""start"":2.406504908862523,""completion_by_type"":[3.044621613807184,3.563487564648629],""finish"":3.563487564648629,""tardiness"":0.0},""2"":{""start"":1.0050772218976494,""completion_by_type"":[1.318955532257049,1.8267357626198213],""finish"":1.8267357626198213,""tardiness"":0.0},""3"":{""start"":1.2672877531874942,""completion_by_type"":[1.620361910308964,2.334423483128285],""finish"":2.334423483128285,""tardiness"":1.7958559307681439},""4"":{""start"":3.3258659539654296,""completion_by_type"":[3.876290775629737,4.382858845585348],""finish"":4.382858845585348,""tardiness"":0.0},""5"":{""start"":0.8459676396444445,""completion_by_type"":[1.5087719960942354,1.9504986892344331],""finish"":1.9504986892344331,""tardiness"":0.0},""6"":{""start"":2.049885854216018,""completion_by_type"":[2.415088290354851,3.057804877742867],""finish"":3.057804877742867,""tardiness"":1.3799734916701427},""7"":{""start"":3.3380623111796472,""completion_by_type"":[3.7639139775345574,4.366459803850539],""finish"":4.366459803850539,""tardiness"":0.0},""8"":{""start"":1.8011883057357736,""completion_by_type"":[2.158258134361111,2.926625269957397],""finish"":2.926625269957397,""tardiness"":0.7731351039965118},""9"":{""start"":2.244811274190028,""completion_by_type"":[2.87019271328507,3.22751206656754],""finish"":3.22751206656754,""tardiness"":2.221902273088591},""10"":{""start"":0.8222781265671713,""completion_by_type"":[1.4102352665785987,1.8649375000444963],""finish"":1.8649375000444963,""tardiness"":0.0}}}","{""objective"":7.105427357601002e-15,""distance"":3.552713678800501e-15,""tardiness"":2.042810365310288e-14}",3600,1,0,100.0,manhattan,"[0.5,0.5]",True
k2_n10_i088,1,time_limit_feasible,2,10,88,N10_K2_M12_I88,9,TIME_LIMIT,True,False,8.711513061042144,10.414306797191756,7.0087193248925335,8.41948393249982,8.41948393249982,0.033522205212350296,10,3600.005000114441,4746.634296050311,733349.0,48836432.0,,time_limit_feasible,,"{""1"":[4,9,2],""2"":[6,8,7],""3"":[],""4"":[10,5,1,3],""5"":[4,5,3],""6"":[9,2],""7"":[],""8"":[6,8,7],""9"":[],""10"":[],""11"":[],""12"":[10,1]}","{""1"":{""start"":2.8731180439682404,""completion_by_type"":[3.3754396438128493,4.07113919894512],""finish"":4.07113919894512,""tardiness"":0.0},""2"":{""start"":3.0490963055956435,""completion_by_type"":[3.5265676377135597,3.897833202258558],""finish"":3.897833202258558,""tardiness"":0.0},""3"":{""start"":3.6162318370585256,""completion_by_type"":[4.083669551955736,4.717634157880757],""finish"":4.717634157880757,""tardiness"":0.0},""4"":{""start"":0.6404361578084999,""completion_by_type"":[0.9650661417664841,1.5002256414079336],""finish"":1.5002256414079336,""tardiness"":0.0},""5"":{""start"":2.1080814784955946,""completion_by_type"":[2.6109628398090927,3.2174975008852584],""finish"":3.2174975008852584,""tardiness"":0.0},""6"":{""start"":1.4923449866152452,""completion_by_type"":[1.8829188398034378,2.367073226092862],""finish"":2.367073226092862,""tardiness"":1.7318281677564127},""7"":{""start"":3.4947168755929807,""completion_by_type"":[3.9204552968301107,4.536983697597177],""finish"":4.536983697597177,""tardiness"":1.5593414717544065},""8"":{""start"":2.612465807665293,""completion_by_type"":[2.980469517494018,3.4660840789180316],""finish"":3.4660840789180316,""tardiness"":2.0141635923625976},""9"":{""start"":1.5821573656589278,""completion_by_type"":[2.0432667728383618,2.7623895844027118],""finish"":2.7623895844027118,""tardiness"":1.7033864916674728},""10"":{""start"":0.6561846210803698,""completion_by_type"":[1.119199823491818,1.7708589489688062],""finish"":1.7708589489688062,""tardiness"":0.0}}","{""distance"":10.414306797191754,""tardiness"":7.0087197235408905,""objective"":8.711513260366322,""task_times"":{""1"":{""start"":2.8731180439682404,""completion_by_type"":[3.3754396438128493,4.07113919894512],""finish"":4.07113919894512,""tardiness"":0.0},""2"":{""start"":3.0490963055956435,""completion_by_type"":[3.5265676377135597,3.897833202258558],""finish"":3.897833202258558,""tardiness"":0.0},""3"":{""start"":3.6162318370585256,""completion_by_type"":[4.083669551955736,4.717634157880757],""finish"":4.717634157880757,""tardiness"":0.0},""4"":{""start"":0.6404361578084999,""completion_by_type"":[0.9650661417664841,1.5002256414079336],""finish"":1.5002256414079336,""tardiness"":0.0},""5"":{""start"":2.1080814784955946,""completion_by_type"":[2.6109628398090927,3.2174975008852584],""finish"":3.2174975008852584,""tardiness"":0.0},""6"":{""start"":1.4923449866152452,""completion_by_type"":[1.8829188398034378,2.367073226092862],""finish"":2.367073226092862,""tardiness"":1.7318281677564127},""7"":{""start"":3.4947168755929807,""completion_by_type"":[3.9204552968301107,4.536983697597177],""finish"":4.536983697597177,""tardiness"":1.5593414717544065},""8"":{""start"":2.612465807665293,""completion_by_type"":[2.980469517494018,3.4660840789180316],""finish"":3.4660840789180316,""tardiness"":2.0141635923625976},""9"":{""start"":1.5821573656589278,""completion_by_type"":[2.0432667728383618,2.7623895844027118],""finish"":2.7623895844027118,""tardiness"":1.7033864916674728},""10"":{""start"":0.6561846210803698,""completion_by_type"":[1.119199823491818,1.7708589489688062],""finish"":1.7708589489688062,""tardiness"":0.0}}}","{""objective"":1.9932417849588546e-07,""distance"":1.7763568394002505e-15,""tardiness"":3.986483569917709e-07}",3600,1,0,100.0,manhattan,"[0.5,0.5]",True
k2_n10_i089,1,time_limit_feasible,2,10,89,N10_K2_M12_I89,9,TIME_LIMIT,True,False,8.128272252387552,10.38771840872796,5.868826096047143,7.292522408091692,7.292522408091692,0.10282010965496037,10,3600.0039999485016,3395.334294514159,3076065.0,43918824.0,,time_limit_feasible,,"{""1"":[5,7,1],""2"":[6,8,9,3],""3"":[2,10],""4"":[4],""5"":[],""6"":[5,7,1],""7"":[],""8"":[8,9],""9"":[],""10"":[2],""11"":[6,10,3],""12"":[4]}","{""1"":{""start"":3.45383049701887,""completion_by_type"":[3.8974987531851606,4.333628376763921],""finish"":4.333628376763921,""tardiness"":0.0},""2"":{""start"":0.8592433119985716,""completion_by_type"":[1.3010313962813551,1.902256020008434],""finish"":1.902256020008434,""tardiness"":0.0},""3"":{""start"":3.886170276417075,""completion_by_type"":[4.455936810778083,4.963512144384256],""finish"":4.963512144384256,""tardiness"":0.0},""4"":{""start"":0.21027405524614007,""completion_by_type"":[0.5567199265221222,1.031416026400991],""finish"":1.031416026400991,""tardiness"":0.0},""5"":{""start"":0.8124825378377997,""completion_by_type"":[1.4268079583778563,2.001223776850339],""finish"":2.001223776850339,""tardiness"":0.3077743399695181},""6"":{""start"":1.3581723752432497,""completion_by_type"":[1.6697043066236268,2.2441260096603375],""finish"":2.2441260096603375,""tardiness"":0.3097016307941505},""7"":{""start"":2.315828852059835,""completion_by_type"":[2.6641683665546054,3.389006297504356],""finish"":3.389006297504356,""tardiness"":0.0},""8"":{""start"":1.6978183270353187,""completion_by_type"":[2.3518496760037775,2.8259718977172157],""finish"":2.8259718977172157,""tardiness"":1.9675144281854118},""9"":{""start"":2.9053376040803602,""completion_by_type"":[3.5140541295712167,3.8118103214372243],""finish"":3.8118103214372243,""tardiness"":0.2276214620105943},""10"":{""start"":2.5026255930975543,""completion_by_type"":[3.0386701820234614,3.5565397907442535],""finish"":3.5565397907442535,""tardiness"":3.0562151202114602}}","{""distance"":10.38771840872796,""tardiness"":5.868826981171135,""objective"":8.128272694949548,""task_times"":{""1"":{""start"":3.45383049701887,""completion_by_type"":[3.8974987531851606,4.333628376763921],""finish"":4.333628376763921,""tardiness"":0.0},""2"":{""start"":0.8592433119985716,""completion_by_type"":[1.3010313962813551,1.902256020008434],""finish"":1.902256020008434,""tardiness"":0.0},""3"":{""start"":3.886170276417075,""completion_by_type"":[4.455936810778083,4.963512144384256],""finish"":4.963512144384256,""tardiness"":0.0},""4"":{""start"":0.21027405524614007,""completion_by_type"":[0.5567199265221222,1.031416026400991],""finish"":1.031416026400991,""tardiness"":0.0},""5"":{""start"":0.8124825378377997,""completion_by_type"":[1.4268079583778563,2.001223776850339],""finish"":2.001223776850339,""tardiness"":0.3077743399695181},""6"":{""start"":1.3581723752432497,""completion_by_type"":[1.6697043066236268,2.2441260096603375],""finish"":2.2441260096603375,""tardiness"":0.3097016307941505},""7"":{""start"":2.315828852059835,""completion_by_type"":[2.6641683665546054,3.389006297504356],""finish"":3.389006297504356,""tardiness"":0.0},""8"":{""start"":1.6978183270353187,""completion_by_type"":[2.3518496760037775,2.8259718977172157],""finish"":2.8259718977172157,""tardiness"":1.9675144281854118},""9"":{""start"":2.9053376040803602,""completion_by_type"":[3.5140541295712167,3.8118103214372243],""finish"":3.8118103214372243,""tardiness"":0.2276214620105943},""10"":{""start"":2.5026255930975543,""completion_by_type"":[3.0386701820234614,3.5565397907442535],""finish"":3.5565397907442535,""tardiness"":3.0562151202114602}}}","{""objective"":4.4256199593917245e-07,""distance"":0.0,""tardiness"":8.851239918783449e-07}",3600,1,0,100.0,manhattan,"[0.5,0.5]",True
k2_n10_i090,1,optimal,2,10,90,N10_K2_M12_I90,2,OPTIMAL,True,True,6.534640775319687,9.911248870640062,3.1580326799993124,6.534640775319687,6.534640775319688,0.0,10,82.13599991798401,88.90246596993772,23571.0,702336.0,,optimal,,"{""1"":[8,6,10],""2"":[9,3],""3"":[1,2,7],""4"":[4,5],""5"":[4],""6"":[],""7"":[1,5],""8"":[3],""9"":[],""10"":[2,7],""11"":[8,6,10],""12"":[9]}","{""1"":{""start"":0.81128899406556,""completion_by_type"":[1.1670405353397664,1.7778753848356148],""finish"":1.7778753848356148,""tardiness"":0.0},""2"":{""start"":1.9358751804967445,""completion_by_type"":[2.2730774193433367,2.8853383794508307],""finish"":2.8853383794508307,""tardiness"":2.569784524118634},""3"":{""start"":1.0653317482786884,""completion_by_type"":[1.3882856823522671,1.8762924469321896],""finish"":1.8762924469321896,""tardiness"":0.0},""4"":{""start"":0.42864068080486856,""completion_by_type"":[1.059473127531726,1.2708934550271942],""finish"":1.2708934550271942,""tardiness"":0.0},""5"":{""start"":2.0502918914798745,""completion_by_type"":[2.4518496745707585,3.094920127530352],""finish"":3.094920127530352,""tardiness"":0.0},""6"":{""start"":2.150545568653769,""completion_by_type"":[2.7324590936985764,3.0377818354801285],""finish"":3.0377818354801285,""tardiness"":0.5370842139046714},""7"":{""start"":3.2419303612275914,""completion_by_type"":[3.89047968998074,4.1293662399608495],""finish"":4.1293662399608495,""tardiness"":0.0},""8"":{""start"":0.9459268115832454,""completion_by_type"":[1.3561121239117004,1.8634069901108508],""finish"":1.8634069901108508,""tardiness"":0.0},""9"":{""start"":0.14139098394522875,""completion_by_type"":[0.8029050729022081,1.1218597759200688],""finish"":1.1218597759200688,""tardiness"":0.0511639434625597},""10"":{""start"":3.13454627442679,""completion_by_type"":[3.761333170402409,4.002955393207093],""finish"":4.002955393207093,""tardiness"":0.0}}","{""distance"":9.911248890186306,""tardiness"":3.1580326814858655,""objective"":6.5346407858360855,""task_times"":{""1"":{""start"":0.81128899406556,""completion_by_type"":[1.1670405353397664,1.7778753848356148],""finish"":1.7778753848356148,""tardiness"":0.0},""2"":{""start"":1.9358751804967445,""completion_by_type"":[2.2730774193433367,2.8853383794508307],""finish"":2.8853383794508307,""tardiness"":2.569784524118634},""3"":{""start"":1.0653317482786884,""completion_by_type"":[1.3882856823522671,1.8762924469321896],""finish"":1.8762924469321896,""tardiness"":0.0},""4"":{""start"":0.42864068080486856,""completion_by_type"":[1.059473127531726,1.2708934550271942],""finish"":1.2708934550271942,""tardiness"":0.0},""5"":{""start"":2.0502918914798745,""completion_by_type"":[2.4518496745707585,3.094920127530352],""finish"":3.094920127530352,""tardiness"":0.0},""6"":{""start"":2.150545568653769,""completion_by_type"":[2.7324590936985764,3.0377818354801285],""finish"":3.0377818354801285,""tardiness"":0.5370842139046714},""7"":{""start"":3.2419303612275914,""completion_by_type"":[3.89047968998074,4.1293662399608495],""finish"":4.1293662399608495,""tardiness"":0.0},""8"":{""start"":0.9459268115832454,""completion_by_type"":[1.3561121239117004,1.8634069901108508],""finish"":1.8634069901108508,""tardiness"":0.0},""9"":{""start"":0.14139098394522875,""completion_by_type"":[0.8029050729022081,1.1218597759200688],""finish"":1.1218597759200688,""tardiness"":0.0511639434625597},""10"":{""start"":3.13454627442679,""completion_by_type"":[3.761333170402409,4.002955393207093],""finish"":4.002955393207093,""tardiness"":0.0}}}","{""objective"":1.05163984187584e-08,""distance"":1.9546243734680502e-08,""tardiness"":1.4865531028362966e-09}",3600,1,0,100.0,manhattan,"[0.5,0.5]",True
k2_n10_i091,1,optimal,2,10,91,N10_K2_M12_I91,2,OPTIMAL,True,True,6.511601573058422,9.53212370068344,3.4910794454334035,6.511601573058422,6.511601573058321,0.0,10,134.40000009536743,151.5222890740759,58721.0,1212027.0,,optimal,,"{""1"":[8,5,3],""2"":[1,10,4],""3"":[2,9,6],""4"":[7],""5"":[1],""6"":[],""7"":[8,10,4],""8"":[],""9"":[7],""10"":[5,3],""11"":[9],""12"":[2,6]}","{""1"":{""start"":0.4081280532484951,""completion_by_type"":[1.0303585693565882,1.4424441399310899],""finish"":1.4424441399310899,""tardiness"":0.4116173794312299},""2"":{""start"":0.6226791064614972,""completion_by_type"":[0.9472910069515081,1.6626850585097412],""finish"":1.6626850585097412,""tardiness"":0.33741204411196324},""3"":{""start"":2.9412035763763713,""completion_by_type"":[3.3895687863658064,4.032614900787932],""finish"":4.032614900787932,""tardiness"":0.6129518999762578},""4"":{""start"":3.5988430511848577,""completion_by_type"":[4.19491315991638,4.43230450298582],""finish"":4.43230450298582,""tardiness"":0.0},""5"":{""start"":1.5843864320448822,""completion_by_type"":[1.9666734649992148,2.5614658958883894],""finish"":2.5614658958883894,""tardiness"":0.0},""6"":{""start"":2.0524837106351814,""completion_by_type"":[2.3531625437491224,3.0046270715458108],""finish"":3.0046270715458108,""tardiness"":0.5263858459516668},""7"":{""start"":0.05594734764362785,""completion_by_type"":[0.5605684770727984,1.2131175498525384],""finish"":1.2131175498525384,""tardiness"":0.0},""8"":{""start"":0.7877136884759158,""completion_by_type"":[1.1353570769906316,1.809749474206102],""finish"":1.809749474206102,""tardiness"":0.0},""9"":{""start"":1.1057586162969586,""completion_by_type"":[1.651427116585333,2.2342678735870627],""finish"":2.2342678735870627,""tardiness"":1.6027122759622776},""10"":{""start"":2.1518916239945254,""completion_by_type"":[2.7988628534451743,3.1277049464616677],""finish"":3.1277049464616677,""tardiness"":0.0}}","{""distance"":9.532123700683439,""tardiness"":3.491079445433395,""objective"":6.511601573058417,""task_times"":{""1"":{""start"":0.4081280532484951,""completion_by_type"":[1.0303585693565882,1.4424441399310899],""finish"":1.4424441399310899,""tardiness"":0.4116173794312299},""2"":{""start"":0.6226791064614972,""completion_by_type"":[0.9472910069515081,1.6626850585097412],""finish"":1.6626850585097412,""tardiness"":0.33741204411196324},""3"":{""start"":2.9412035763763713,""completion_by_type"":[3.3895687863658064,4.032614900787932],""finish"":4.032614900787932,""tardiness"":0.6129518999762578},""4"":{""start"":3.5988430511848577,""completion_by_type"":[4.19491315991638,4.43230450298582],""finish"":4.43230450298582,""tardiness"":0.0},""5"":{""start"":1.5843864320448822,""completion_by_type"":[1.9666734649992148,2.5614658958883894],""finish"":2.5614658958883894,""tardiness"":0.0},""6"":{""start"":2.0524837106351814,""completion_by_type"":[2.3531625437491224,3.0046270715458108],""finish"":3.0046270715458108,""tardiness"":0.5263858459516668},""7"":{""start"":0.05594734764362785,""completion_by_type"":[0.5605684770727984,1.2131175498525384],""finish"":1.2131175498525384,""tardiness"":0.0},""8"":{""start"":0.7877136884759158,""completion_by_type"":[1.1353570769906316,1.809749474206102],""finish"":1.809749474206102,""tardiness"":0.0},""9"":{""start"":1.1057586162969586,""completion_by_type"":[1.651427116585333,2.2342678735870627],""finish"":2.2342678735870627,""tardiness"":1.6027122759622776},""10"":{""start"":2.1518916239945254,""completion_by_type"":[2.7988628534451743,3.1277049464616677],""finish"":3.1277049464616677,""tardiness"":0.0}}}","{""objective"":4.440892098500626e-15,""distance"":1.7763568394002505e-15,""tardiness"":8.43769498715119e-15}",3600,1,0,100.0,manhattan,"[0.5,0.5]",True
k2_n10_i092,1,optimal,2,10,92,N10_K2_M12_I92,2,OPTIMAL,True,True,7.884752178390036,9.719926878321932,6.049577478458141,7.8847521456050345,7.8847521456050345,4.1580255965723586e-09,10,803.8559999465942,925.1960554752119,418549.0,9121120.0,,optimal,,"{""1"":[6,7],""2"":[9,5,8],""3"":[4,10,3],""4"":[1,2],""5"":[1,2],""6"":[],""7"":[],""8"":[9,5,8],""9"":[4,10,3],""10"":[6,7],""11"":[],""12"":[]}","{""1"":{""start"":1.3096475374183978,""completion_by_type"":[1.7015804340857457,2.373343478530546],""finish"":2.373343478530546,""tardiness"":0.0},""2"":{""start"":2.454149696197177,""completion_by_type"":[3.029512536866105,3.3819623622206363],""finish"":3.3819623622206363,""tardiness"":0.3762757414001383},""3"":{""start"":2.5341790484770432,""completion_by_type"":[2.983823191567465,3.6395510452129267],""finish"":3.6395510452129267,""tardiness"":0.0347829362393699},""4"":{""start"":0.2843374742174164,""completion_by_type"":[0.8385268972510965,1.2508038464351388],""finish"":1.2508038464351388,""tardiness"":0.0},""5"":{""start"":2.7454738458615187,""completion_by_type"":[3.237958869583578,3.8572896701670616],""finish"":3.8572896701670616,""tardiness"":2.3726392434408083},""6"":{""start"":0.7160131386884004,""completion_by_type"":[1.321640726164068,1.7367430238220454],""finish"":1.7367430238220454,""tardiness"":1.1960316121746621},""7"":{""start"":1.9711428274791511,""completion_by_type"":[2.333357336742569,2.8707455969124647],""finish"":2.8707455969124647,""tardiness"":1.6986412529516117},""8"":{""start"":3.9589722433998045,""completion_by_type"":[4.412874632407329,5.1382361042154026],""finish"":5.1382361042154026,""tardiness"":0.0},""9"":{""start"":1.4423628680749239,""completion_by_type"":[1.9203959153862264,2.471442783919629],""finish"":2.471442783919629,""tardiness"":0.371206692251548},""10"":{""start"":1.5153327003417552,""completion_by_type"":[2.0726685758267815,2.3820251381202033],""finish"":2.3820251381202033,""tardiness"":0.0}}","{""distance"":9.719926878321928,""tardiness"":6.049577478458138,""objective"":7.884752178390033,""task_times"":{""1"":{""start"":1.3096475374183978,""completion_by_type"":[1.7015804340857457,2.373343478530546],""finish"":2.373343478530546,""tardiness"":0.0},""2"":{""start"":2.454149696197177,""completion_by_type"":[3.029512536866105,3.3819623622206363],""finish"":3.3819623622206363,""tardiness"":0.3762757414001383},""3"":{""start"":2.5341790484770432,""completion_by_type"":[2.983823191567465,3.6395510452129267],""finish"":3.6395510452129267,""tardiness"":0.0347829362393699},""4"":{""start"":0.2843374742174164,""completion_by_type"":[0.8385268972510965,1.2508038464351388],""finish"":1.2508038464351388,""tardiness"":0.0},""5"":{""start"":2.7454738458615187,""completion_by_type"":[3.237958869583578,3.8572896701670616],""finish"":3.8572896701670616,""tardiness"":2.3726392434408083},""6"":{""start"":0.7160131386884004,""completion_by_type"":[1.321640726164068,1.7367430238220454],""finish"":1.7367430238220454,""tardiness"":1.1960316121746621},""7"":{""start"":1.9711428274791511,""completion_by_type"":[2.333357336742569,2.8707455969124647],""finish"":2.8707455969124647,""tardiness"":1.6986412529516117},""8"":{""start"":3.9589722433998045,""completion_by_type"":[4.412874632407329,5.1382361042154026],""finish"":5.1382361042154026,""tardiness"":0.0},""9"":{""start"":1.4423628680749239,""completion_by_type"":[1.9203959153862264,2.471442783919629],""finish"":2.471442783919629,""tardiness"":0.371206692251548},""10"":{""start"":1.5153327003417552,""completion_by_type"":[2.0726685758267815,2.3820251381202033],""finish"":2.3820251381202033,""tardiness"":0.0}}}","{""objective"":2.6645352591003757e-15,""distance"":3.552713678800501e-15,""tardiness"":2.6645352591003757e-15}",3600,1,0,100.0,manhattan,"[0.5,0.5]",True
k2_n10_i093,1,optimal,2,10,93,N10_K2_M12_I93,2,OPTIMAL,True,True,7.780846594695564,11.436986798732521,4.1247063906586074,7.780846594695312,7.780846594695312,0.0,10,134.85099983215332,150.30538023003683,32183.0,1465463.0,,optimal,,"{""1"":[1,4,10],""2"":[9],""3"":[8,2,5],""4"":[3,7,6],""5"":[7,5],""6"":[],""7"":[8,2],""8"":[1,4,10],""9"":[9],""10"":[],""11"":[3,6],""12"":[]}","{""1"":{""start"":1.0746523467510913,""completion_by_type"":[1.7271826540491944,1.9846232511064734],""finish"":1.9846232511064734,""tardiness"":0.4368624265337624},""2"":{""start"":2.217542271785706,""completion_by_type"":[2.641653471029694,3.3314355293237283],""finish"":3.3314355293237283,""tardiness"":0.7687191082410854},""3"":{""start"":0.6173950968368018,""completion_by_type"":[1.1378529904668808,1.7293272230736696],""finish"":1.7293272230736696,""tardiness"":0.6575324250905397},""4"":{""start"":2.4810449314610628,""completion_by_type"":[3.1793225887769982,3.552201281483256],""finish"":3.552201281483256,""tardiness"":0.7393257822062909},""5"":{""start"":3.085820717607277,""completion_by_type"":[3.4431817395013504,4.230149229780217],""finish"":4.230149229780217,""tardiness"":0.0},""6"":{""start"":2.652160330442267,""completion_by_type"":[3.1269274397630507,3.6164981076043947],""finish"":3.6164981076043947,""tardiness"":0.0},""7"":{""start"":1.3151378120769603,""completion_by_type"":[1.8190249990183704,2.3532824986914944],""finish"":2.3532824986914944,""tardiness"":0.0},""8"":{""start"":0.9868231199837361,""completion_by_type"":[1.5367320670636668,2.020981688629626],""finish"":2.020981688629626,""tardiness"":0.14299654825517716},""9"":{""start"":0.7754002788743023,""completion_by_type"":[1.3115542547399963,1.914277976378568],""finish"":1.914277976378568,""tardiness"":1.3792701003317385},""10"":{""start"":3.6506523954142813,""completion_by_type"":[3.9976843493897714,4.5644296702553415],""finish"":4.5644296702553415,""tardiness"":0.0}}","{""distance"":11.436986798732521,""tardiness"":4.124706390658594,""objective"":7.780846594695557,""task_times"":{""1"":{""start"":1.0746523467510913,""completion_by_type"":[1.7271826540491944,1.9846232511064734],""finish"":1.9846232511064734,""tardiness"":0.4368624265337624},""2"":{""start"":2.217542271785706,""completion_by_type"":[2.641653471029694,3.3314355293237283],""finish"":3.3314355293237283,""tardiness"":0.7687191082410854},""3"":{""start"":0.6173950968368018,""completion_by_type"":[1.1378529904668808,1.7293272230736696],""finish"":1.7293272230736696,""tardiness"":0.6575324250905397},""4"":{""start"":2.4810449314610628,""completion_by_type"":[3.1793225887769982,3.552201281483256],""finish"":3.552201281483256,""tardiness"":0.7393257822062909},""5"":{""start"":3.085820717607277,""completion_by_type"":[3.4431817395013504,4.230149229780217],""finish"":4.230149229780217,""tardiness"":0.0},""6"":{""start"":2.652160330442267,""completion_by_type"":[3.1269274397630507,3.6164981076043947],""finish"":3.6164981076043947,""tardiness"":0.0},""7"":{""start"":1.3151378120769603,""completion_by_type"":[1.8190249990183704,2.3532824986914944],""finish"":2.3532824986914944,""tardiness"":0.0},""8"":{""start"":0.9868231199837361,""completion_by_type"":[1.5367320670636668,2.020981688629626],""finish"":2.020981688629626,""tardiness"":0.14299654825517716},""9"":{""start"":0.7754002788743023,""completion_by_type"":[1.3115542547399963,1.914277976378568],""finish"":1.914277976378568,""tardiness"":1.3792701003317385},""10"":{""start"":3.6506523954142813,""completion_by_type"":[3.9976843493897714,4.5644296702553415],""finish"":4.5644296702553415,""tardiness"":0.0}}}","{""objective"":7.105427357601002e-15,""distance"":0.0,""tardiness"":1.3322676295501878e-14}",3600,1,0,100.0,manhattan,"[0.5,0.5]",True
k2_n10_i094,1,time_limit_feasible,2,10,94,N10_K2_M12_I94,9,TIME_LIMIT,True,False,9.288426180102768,12.201487472923805,6.375364887281728,8.857843640008685,8.857843640008685,0.04635688885771159,10,3600.0080001354218,4386.068186965936,1175206.0,44148806.0,,time_limit_feasible,,"{""1"":[6,9],""2"":[8,3,2],""3"":[1,5],""4"":[7,4,10],""5"":[6,9],""6"":[7,4],""7"":[8,3,2],""8"":[],""9"":[],""10"":[1,5],""11"":[],""12"":[10]}","{""1"":{""start"":1.2801742168522452,""completion_by_type"":[1.8740463113917205,2.2748200316654383],""finish"":2.2748200316654383,""tardiness"":1.40702030647203},""2"":{""start"":3.388050689291823,""completion_by_type"":[3.949437685383302,4.282880645887693],""finish"":4.282880645887693,""tardiness"":0.0},""3"":{""start"":2.1727446170245255,""completion_by_type"":[2.6021082385921064,3.1871658654382564],""finish"":3.1871658654382564,""tardiness"":0.8740641049372253},""4"":{""start"":1.4085956135969095,""completion_by_type"":[2.0537680650865635,2.3011172430052],""finish"":2.3011172430052,""tardiness"":0.0},""5"":{""start"":2.764523269098201,""completion_by_type"":[3.3814745304385285,3.8261616780976015],""finish"":3.8261616780976015,""tardiness"":3.4926755073856595},""6"":{""start"":0.9453139911273261,""completion_by_type"":[1.4399162312727944,1.9186990100054881],""finish"":1.9186990100054881,""tardiness"":0.4350980897163501},""7"":{""start"":0.38764884176258463,""completion_by_type"":[0.9604448200786416,1.2077012109066594],""finish"":1.2077012109066594,""tardiness"":0.0},""8"":{""start"":1.114351474632364,""completion_by_type"":[1.6835379764668366,2.051134100788249],""finish"":2.051134100788249,""tardiness"":0.0},""9"":{""start"":2.4171945570625666,""completion_by_type"":[2.762477955709926,3.554665403991913],""finish"":3.554665403991913,""tardiness"":0.15513235236478407},""10"":{""start"":2.850912523646304,""completion_by_type"":[3.406071732677959,3.9926772523539387],""finish"":3.9926772523539387,""tardiness"":0.011374783826548551}}","{""distance"":12.201487472923807,""tardiness"":6.375365144702597,""objective"":9.288426308813202,""task_times"":{""1"":{""start"":1.2801742168522452,""completion_by_type"":[1.8740463113917205,2.2748200316654383],""finish"":2.2748200316654383,""tardiness"":1.40702030647203},""2"":{""start"":3.388050689291823,""completion_by_type"":[3.949437685383302,4.282880645887693],""finish"":4.282880645887693,""tardiness"":0.0},""3"":{""start"":2.1727446170245255,""completion_by_type"":[2.6021082385921064,3.1871658654382564],""finish"":3.1871658654382564,""tardiness"":0.8740641049372253},""4"":{""start"":1.4085956135969095,""completion_by_type"":[2.0537680650865635,2.3011172430052],""finish"":2.3011172430052,""tardiness"":0.0},""5"":{""start"":2.764523269098201,""completion_by_type"":[3.3814745304385285,3.8261616780976015],""finish"":3.8261616780976015,""tardiness"":3.4926755073856595},""6"":{""start"":0.9453139911273261,""completion_by_type"":[1.4399162312727944,1.9186990100054881],""finish"":1.9186990100054881,""tardiness"":0.4350980897163501},""7"":{""start"":0.38764884176258463,""completion_by_type"":[0.9604448200786416,1.2077012109066594],""finish"":1.2077012109066594,""tardiness"":0.0},""8"":{""start"":1.114351474632364,""completion_by_type"":[1.6835379764668366,2.051134100788249],""finish"":2.051134100788249,""tardiness"":0.0},""9"":{""start"":2.4171945570625666,""completion_by_type"":[2.762477955709926,3.554665403991913],""finish"":3.554665403991913,""tardiness"":0.15513235236478407},""10"":{""start"":2.850912523646304,""completion_by_type"":[3.406071732677959,3.9926772523539387],""finish"":3.9926772523539387,""tardiness"":0.011374783826548551}}}","{""objective"":1.2871043431061935e-07,""distance"":1.7763568394002505e-15,""tardiness"":2.574208686212387e-07}",3600,1,0,100.0,manhattan,"[0.5,0.5]",True
k2_n10_i095,1,time_limit_feasible,2,10,95,N10_K2_M12_I95,9,TIME_LIMIT,True,False,7.709523452022278,10.933336292471823,4.485710611572734,7.60738089029308,7.60738089029308,0.013248881382208531,10,3600.00200009346,4140.530193193492,1651414.0,43963100.0,,time_limit_feasible,,"{""1"":[9,10,5,8,4],""2"":[2,6],""3"":[3],""4"":[1,7],""5"":[],""6"":[9],""7"":[10,8],""8"":[1,7],""9"":[2,6],""10"":[3,5,4],""11"":[],""12"":[]}","{""1"":{""start"":1.2417544527155888,""completion_by_type"":[1.9268794254506265,2.1291659933972182],""finish"":2.1291659933972182,""tardiness"":1.0851864668590043},""2"":{""start"":1.307222134490748,""completion_by_type"":[1.9920387874648384,2.122045041783213],""finish"":2.122045041783213,""tardiness"":0.4495661453166968},""3"":{""start"":0.4927393705957872,""completion_by_type"":[1.1539108766446549,1.3018681986724854],""finish"":1.3018681986724854,""tardiness"":0.0},""4"":{""start"":3.1253369367172863,""completion_by_type"":[3.767916012890056,4.092502917084541],""finish"":4.092502917084541,""tardiness"":0.0},""5"":{""start"":2.0507810584763053,""completion_by_type"":[2.454435250576501,2.933378059300635],""finish"":2.933378059300635,""tardiness"":0.0},""6"":{""start"":2.4092654680972814,""completion_by_type"":[3.0254587458894955,3.3508647608549063],""finish"":3.3508647608549063,""tardiness"":0.0},""7"":{""start"":2.3512825125202528,""completion_by_type"":[2.984113547555441,3.2878525455565164],""finish"":3.2878525455565164,""tardiness"":2.7016579477529974},""8"":{""start"":2.6108325845217086,""completion_by_type"":[2.9560156464612435,3.6810339928515363],""finish"":3.6810339928515363,""tardiness"":0.2493000559356071},""9"":{""start"":0.10397328267685946,""completion_by_type"":[0.4648586867870699,1.0932671569755368],""finish"":1.0932671569755368,""tardiness"":0.0},""10"":{""start"":1.5285259584090332,""completion_by_type"":[1.9308812284968444,2.4464033921534396],""finish"":2.4464033921534396,""tardiness"":0.0}}","{""distance"":10.933336324215642,""tardiness"":4.485710615864305,""objective"":7.709523470039974,""task_times"":{""1"":{""start"":1.2417544527155888,""completion_by_type"":[1.9268794254506265,2.1291659933972182],""finish"":2.1291659933972182,""tardiness"":1.0851864668590043},""2"":{""start"":1.307222134490748,""completion_by_type"":[1.9920387874648384,2.122045041783213],""finish"":2.122045041783213,""tardiness"":0.4495661453166968},""3"":{""start"":0.4927393705957872,""completion_by_type"":[1.1539108766446549,1.3018681986724854],""finish"":1.3018681986724854,""tardiness"":0.0},""4"":{""start"":3.1253369367172863,""completion_by_type"":[3.767916012890056,4.092502917084541],""finish"":4.092502917084541,""tardiness"":0.0},""5"":{""start"":2.0507810584763053,""completion_by_type"":[2.454435250576501,2.933378059300635],""finish"":2.933378059300635,""tardiness"":0.0},""6"":{""start"":2.4092654680972814,""completion_by_type"":[3.0254587458894955,3.3508647608549063],""finish"":3.3508647608549063,""tardiness"":0.0},""7"":{""start"":2.3512825125202528,""completion_by_type"":[2.984113547555441,3.2878525455565164],""finish"":3.2878525455565164,""tardiness"":2.7016579477529974},""8"":{""start"":2.6108325845217086,""completion_by_type"":[2.9560156464612435,3.6810339928515363],""finish"":3.6810339928515363,""tardiness"":0.2493000559356071},""9"":{""start"":0.10397328267685946,""completion_by_type"":[0.4648586867870699,1.0932671569755368],""finish"":1.0932671569755368,""tardiness"":0.0},""10"":{""start"":1.5285259584090332,""completion_by_type"":[1.9308812284968444,2.4464033921534396],""finish"":2.4464033921534396,""tardiness"":0.0}}}","{""objective"":1.8017695779803944e-08,""distance"":3.174381824067041e-08,""tardiness"":4.291571542580641e-09}",3600,1,0,100.0,manhattan,"[0.5,0.5]",True
k2_n10_i096,1,optimal,2,10,96,N10_K2_M12_I96,2,OPTIMAL,True,True,7.980658451646389,11.282698039662879,4.678618863629898,7.980658451646389,7.980658451646367,0.0,10,647.5039999485016,739.7024634115637,265467.0,7408977.0,,optimal,,"{""1"":[4,2,6],""2"":[8,5],""3"":[9,1,7],""4"":[3,10],""5"":[4,2,6],""6"":[3,10],""7"":[],""8"":[8,5],""9"":[],""10"":[],""11"":[9,1,7],""12"":[]}","{""1"":{""start"":2.3334582550039786,""completion_by_type"":[2.7213880591308146,3.1629214163332526],""finish"":3.1629214163332526,""tardiness"":0.0},""2"":{""start"":2.2637382496390055,""completion_by_type"":[2.575075992931685,3.3531659494041186],""finish"":3.3531659494041186,""tardiness"":2.466329949977686},""3"":{""start"":1.0087061621921278,""completion_by_type"":[1.7068029615405258,2.0337270185261347],""finish"":2.0337270185261347,""tardiness"":1.4110639932434743},""4"":{""start"":1.1745527685459725,""completion_by_type"":[1.7331222296725817,2.0664175784754937],""finish"":2.0664175784754937,""tardiness"":0.6322994315799026},""5"":{""start"":2.4365953668956255,""completion_by_type"":[2.76033399416864,3.629433091410721],""finish"":3.629433091410721,""tardiness"":0.0},""6"":{""start"":3.3693142502994653,""completion_by_type"":[3.888418415578416,4.355648846914055],""finish"":4.355648846914055,""tardiness"":0.0},""7"":{""start"":3.2403795486458025,""completion_by_type"":[3.6920800934359312,4.303470308135692],""finish"":4.303470308135692,""tardiness"":0.0},""8"":{""start"":1.0284002648932011,""completion_by_type"":[1.562338955468796,1.836357775298307],""finish"":1.836357775298307,""tardiness"":0.0},""9"":{""start"":0.8729888488368195,""completion_by_type"":[1.4749712713425271,1.8171963171645147],""finish"":1.8171963171645147,""tardiness"":0.0},""10"":{""start"":2.183001360081263,""completion_by_type"":[2.762336145902398,3.314128329026188],""finish"":3.314128329026188,""tardiness"":0.16892548882882874}}","{""distance"":11.282698039662879,""tardiness"":4.678618863629892,""objective"":7.980658451646386,""task_times"":{""1"":{""start"":2.3334582550039786,""completion_by_type"":[2.7213880591308146,3.1629214163332526],""finish"":3.1629214163332526,""tardiness"":0.0},""2"":{""start"":2.2637382496390055,""completion_by_type"":[2.575075992931685,3.3531659494041186],""finish"":3.3531659494041186,""tardiness"":2.466329949977686},""3"":{""start"":1.0087061621921278,""completion_by_type"":[1.7068029615405258,2.0337270185261347],""finish"":2.0337270185261347,""tardiness"":1.4110639932434743},""4"":{""start"":1.1745527685459725,""completion_by_type"":[1.7331222296725817,2.0664175784754937],""finish"":2.0664175784754937,""tardiness"":0.6322994315799026},""5"":{""start"":2.4365953668956255,""completion_by_type"":[2.76033399416864,3.629433091410721],""finish"":3.629433091410721,""tardiness"":0.0},""6"":{""start"":3.3693142502994653,""completion_by_type"":[3.888418415578416,4.355648846914055],""finish"":4.355648846914055,""tardiness"":0.0},""7"":{""start"":3.2403795486458025,""completion_by_type"":[3.6920800934359312,4.303470308135692],""finish"":4.303470308135692,""tardiness"":0.0},""8"":{""start"":1.0284002648932011,""completion_by_type"":[1.562338955468796,1.836357775298307],""finish"":1.836357775298307,""tardiness"":0.0},""9"":{""start"":0.8729888488368195,""completion_by_type"":[1.4749712713425271,1.8171963171645147],""finish"":1.8171963171645147,""tardiness"":0.0},""10"":{""start"":2.183001360081263,""completion_by_type"":[2.762336145902398,3.314128329026188],""finish"":3.314128329026188,""tardiness"":0.16892548882882874}}}","{""objective"":2.6645352591003757e-15,""distance"":0.0,""tardiness"":6.217248937900877e-15}",3600,1,0,100.0,manhattan,"[0.5,0.5]",True
k2_n10_i097,1,optimal,2,10,97,N10_K2_M12_I97,2,OPTIMAL,True,True,7.3909189450521104,8.55741856800276,6.224419322101461,7.390918907909871,7.390918907909871,5.025388558902172e-09,10,560.7179999351501,770.6099213775968,107562.0,6998272.0,,optimal,,"{""1"":[10,4],""2"":[],""3"":[1,3,2,5],""4"":[6,8,9,7],""5"":[],""6"":[3,2,5],""7"":[],""8"":[6,9],""9"":[8,7],""10"":[10,4],""11"":[1],""12"":[]}","{""1"":{""start"":0.22828620549796355,""completion_by_type"":[0.6822665595824532,1.3466349506795596],""finish"":1.3466349506795596,""tardiness"":0.0},""2"":{""start"":1.8813438859418197,""completion_by_type"":[2.248858084186411,2.6993440661259256],""finish"":2.6993440661259256,""tardiness"":0.0},""3"":{""start"":0.866455996597874,""completion_by_type"":[1.3919020693800364,1.8368572535461198],""finish"":1.8368572535461198,""tardiness"":0.0},""4"":{""start"":2.081214097843767,""completion_by_type"":[2.737109433130922,2.954010824740639],""finish"":2.954010824740639,""tardiness"":0.0},""5"":{""start"":2.936376921212213,""completion_by_type"":[3.2658170403074536,4.014254566187972],""finish"":4.014254566187972,""tardiness"":0.0},""6"":{""start"":1.2539167568983536,""completion_by_type"":[1.5773095733877998,2.287402460985623],""finish"":2.287402460985623,""tardiness"":0.24265073556052608},""7"":{""start"":3.3757596326129264,""completion_by_type"":[3.8601813741528486,4.275908844652629],""finish"":4.275908844652629,""tardiness"":0.7969015044413772},""8"":{""start"":1.7318818495086092,""completion_by_type"":[2.2256926630014675,2.7216927818864476],""finish"":2.7216927818864476,""tardiness"":1.6647593929400677},""9"":{""start"":2.6082064552014805,""completion_by_type"":[3.2977311998719654,3.633462827023742],""finish"":3.633462827023742,""tardiness"":2.202654144852198},""10"":{""start"":0.9554730561647512,""completion_by_type"":[1.5395422461412647,2.0114137402747443],""finish"":2.0114137402747443,""tardiness"":1.3174535443073303}}","{""distance"":8.557418568002758,""tardiness"":6.224419322101499,""objective"":7.390918945052128,""task_times"":{""1"":{""start"":0.22828620549796355,""completion_by_type"":[0.6822665595824532,1.3466349506795596],""finish"":1.3466349506795596,""tardiness"":0.0},""2"":{""start"":1.8813438859418197,""completion_by_type"":[2.248858084186411,2.6993440661259256],""finish"":2.6993440661259256,""tardiness"":0.0},""3"":{""start"":0.866455996597874,""completion_by_type"":[1.3919020693800364,1.8368572535461198],""finish"":1.8368572535461198,""tardiness"":0.0},""4"":{""start"":2.081214097843767,""completion_by_type"":[2.737109433130922,2.954010824740639],""finish"":2.954010824740639,""tardiness"":0.0},""5"":{""start"":2.936376921212213,""completion_by_type"":[3.2658170403074536,4.014254566187972],""finish"":4.014254566187972,""tardiness"":0.0},""6"":{""start"":1.2539167568983536,""completion_by_type"":[1.5773095733877998,2.287402460985623],""finish"":2.287402460985623,""tardiness"":0.24265073556052608},""7"":{""start"":3.3757596326129264,""completion_by_type"":[3.8601813741528486,4.275908844652629],""finish"":4.275908844652629,""tardiness"":0.7969015044413772},""8"":{""start"":1.7318818495086092,""completion_by_type"":[2.2256926630014675,2.7216927818864476],""finish"":2.7216927818864476,""tardiness"":1.6647593929400677},""9"":{""start"":2.6082064552014805,""completion_by_type"":[3.2977311998719654,3.633462827023742],""finish"":3.633462827023742,""tardiness"":2.202654144852198},""10"":{""start"":0.9554730561647512,""completion_by_type"":[1.5395422461412647,2.0114137402747443],""finish"":2.0114137402747443,""tardiness"":1.3174535443073303}}}","{""objective"":1.7763568394002505e-14,""distance"":1.7763568394002505e-15,""tardiness"":3.8191672047105385e-14}",3600,1,0,100.0,manhattan,"[0.5,0.5]",True
k2_n10_i098,1,optimal,2,10,98,N10_K2_M12_I98,2,OPTIMAL,True,True,7.41069780817117,11.625010128980152,3.196385487362188,7.41069780817117,7.410697539196184,0.0,10,311.7550001144409,372.7398719607549,67837.0,3051207.0,,optimal,,"{""1"":[3,7],""2"":[8,10,4],""3"":[6],""4"":[9,5,2,1],""5"":[6],""6"":[10,4],""7"":[],""8"":[],""9"":[],""10"":[8],""11"":[3,7,2],""12"":[9,5,1]}","{""1"":{""start"":4.110482032826202,""completion_by_type"":[4.508473851544362,5.253103171199367],""finish"":5.253103171199367,""tardiness"":0.25081799177075137},""2"":{""start"":3.3856511385335244,""completion_by_type"":[3.9866918419624264,4.5828201246755995],""finish"":4.5828201246755995,""tardiness"":0.0},""3"":{""start"":1.0501831145061358,""completion_by_type"":[1.658648817493003,1.9325411434860902],""finish"":1.9325411434860902,""tardiness"":0.06634630535165109},""4"":{""start"":3.2057717766203115,""completion_by_type"":[3.6736378708271213,4.057231223786205],""finish"":4.057231223786205,""tardiness"":0.0},""5"":{""start"":2.597808875015708,""completion_by_type"":[2.9369221808291015,3.6421116938155342],""finish"":3.6421116938155342,""tardiness"":0.031003227012151413},""6"":{""start"":0.45499845916040343,""completion_by_type"":[0.9169266030953405,1.2620203229852418],""finish"":1.2620203229852418,""tardiness"":0.8214076853703238},""7"":{""start"":2.176994090065675,""completion_by_type"":[2.848255294857309,3.0046369835678672],""finish"":3.0046369835678672,""tardiness"":0.14300142798225313},""8"":{""start"":0.4858200964716758,""completion_by_type"":[0.8061338030884413,1.660324806526022],""finish"":1.660324806526022,""tardiness"":0.7546411727765298},""9"":{""start"":1.2327924565183839,""completion_by_type"":[1.9208576325628486,2.3528619089630194],""finish"":2.3528619089630194,""tardiness"":0.9986935126580203},""10"":{""start"":1.565688111617279,""completion_by_type"":[2.0846807966168965,2.6206615107142937],""finish"":2.6206615107142937,""tardiness"":0.13047416444050786}}","{""distance"":11.625010128980154,""tardiness"":3.1963854873621886,""objective"":7.410697808171172,""task_times"":{""1"":{""start"":4.110482032826202,""completion_by_type"":[4.508473851544362,5.253103171199367],""finish"":5.253103171199367,""tardiness"":0.25081799177075137},""2"":{""start"":3.3856511385335244,""completion_by_type"":[3.9866918419624264,4.5828201246755995],""finish"":4.5828201246755995,""tardiness"":0.0},""3"":{""start"":1.0501831145061358,""completion_by_type"":[1.658648817493003,1.9325411434860902],""finish"":1.9325411434860902,""tardiness"":0.06634630535165109},""4"":{""start"":3.2057717766203115,""completion_by_type"":[3.6736378708271213,4.057231223786205],""finish"":4.057231223786205,""tardiness"":0.0},""5"":{""start"":2.597808875015708,""completion_by_type"":[2.9369221808291015,3.6421116938155342],""finish"":3.6421116938155342,""tardiness"":0.031003227012151413},""6"":{""start"":0.45499845916040343,""completion_by_type"":[0.9169266030953405,1.2620203229852418],""finish"":1.2620203229852418,""tardiness"":0.8214076853703238},""7"":{""start"":2.176994090065675,""completion_by_type"":[2.848255294857309,3.0046369835678672],""finish"":3.0046369835678672,""tardiness"":0.14300142798225313},""8"":{""start"":0.4858200964716758,""completion_by_type"":[0.8061338030884413,1.660324806526022],""finish"":1.660324806526022,""tardiness"":0.7546411727765298},""9"":{""start"":1.2327924565183839,""completion_by_type"":[1.9208576325628486,2.3528619089630194],""finish"":2.3528619089630194,""tardiness"":0.9986935126580203},""10"":{""start"":1.565688111617279,""completion_by_type"":[2.0846807966168965,2.6206615107142937],""finish"":2.6206615107142937,""tardiness"":0.13047416444050786}}}","{""objective"":1.7763568394002505e-15,""distance"":1.7763568394002505e-15,""tardiness"":4.440892098500626e-16}",3600,1,0,100.0,manhattan,"[0.5,0.5]",True
k2_n10_i099,1,optimal,2,10,99,N10_K2_M12_I99,2,OPTIMAL,True,True,7.155461827015067,11.558803748125639,2.752119905904495,7.155461827015067,7.155461827015067,0.0,10,89.10400009155273,96.84984527600584,21746.0,666519.0,,optimal,,"{""1"":[9,8],""2"":[2,1,4],""3"":[6],""4"":[3,7,5,10],""5"":[7,4],""6"":[3,5,10],""7"":[9,8],""8"":[2],""9"":[6],""10"":[],""11"":[],""12"":[1]}","{""1"":{""start"":1.0503322790867722,""completion_by_type"":[1.5200724480509509,2.1460185195653416],""finish"":2.1460185195653416,""tardiness"":0.0},""2"":{""start"":0.3249291053025053,""completion_by_type"":[0.8886896016430821,1.4773225591672854],""finish"":1.4773225591672854,""tardiness"":0.8236523386083621},""3"":{""start"":1.2790416022999858,""completion_by_type"":[1.7324479360816272,2.2414446558598238],""finish"":2.2414446558598238,""tardiness"":0.7061355660130488},""4"":{""start"":3.517126058698019,""completion_by_type"":[4.042481233871633,4.6966536596499395],""finish"":4.6966536596499395,""tardiness"":0.0},""5"":{""start"":2.7027889806511536,""completion_by_type"":[3.192504554194745,3.5761013397824897],""finish"":3.5761013397824897,""tardiness"":0.0},""6"":{""start"":0.9987296805010738,""completion_by_type"":[1.600607797625985,2.1927877587582194],""finish"":2.1927877587582194,""tardiness"":1.0416301021787433},""7"":{""start"":1.9060563961535126,""completion_by_type"":[2.371309045028353,3.02315444222706],""finish"":3.02315444222706,""tardiness"":0.03713837883967619},""8"":{""start"":2.3034224008208897,""completion_by_type"":[2.735931140762607,3.270393082174188],""finish"":3.270393082174188,""tardiness"":0.0},""9"":{""start"":0.9953013905117349,""completion_by_type"":[1.3030704558313673,2.1224616270988323],""finish"":2.1224616270988323,""tardiness"":0.07893619263203533},""10"":{""start"":3.808873752840168,""completion_by_type"":[4.166139440857278,4.6157553227109185],""finish"":4.6157553227109185,""tardiness"":0.06462732763263546}}","{""distance"":11.558803748125637,""tardiness"":2.752119905904501,""objective"":7.155461827015069,""task_times"":{""1"":{""start"":1.0503322790867722,""completion_by_type"":[1.5200724480509509,2.1460185195653416],""finish"":2.1460185195653416,""tardiness"":0.0},""2"":{""start"":0.3249291053025053,""completion_by_type"":[0.8886896016430821,1.4773225591672854],""finish"":1.4773225591672854,""tardiness"":0.8236523386083621},""3"":{""start"":1.2790416022999858,""completion_by_type"":[1.7324479360816272,2.2414446558598238],""finish"":2.2414446558598238,""tardiness"":0.7061355660130488},""4"":{""start"":3.517126058698019,""completion_by_type"":[4.042481233871633,4.6966536596499395],""finish"":4.6966536596499395,""tardiness"":0.0},""5"":{""start"":2.7027889806511536,""completion_by_type"":[3.192504554194745,3.5761013397824897],""finish"":3.5761013397824897,""tardiness"":0.0},""6"":{""start"":0.9987296805010738,""completion_by_type"":[1.600607797625985,2.1927877587582194],""finish"":2.1927877587582194,""tardiness"":1.0416301021787433},""7"":{""start"":1.9060563961535126,""completion_by_type"":[2.371309045028353,3.02315444222706],""finish"":3.02315444222706,""tardiness"":0.03713837883967619},""8"":{""start"":2.3034224008208897,""completion_by_type"":[2.735931140762607,3.270393082174188],""finish"":3.270393082174188,""tardiness"":0.0},""9"":{""start"":0.9953013905117349,""completion_by_type"":[1.3030704558313673,2.1224616270988323],""finish"":2.1224616270988323,""tardiness"":0.07893619263203533},""10"":{""start"":3.808873752840168,""completion_by_type"":[4.166139440857278,4.6157553227109185],""finish"":4.6157553227109185,""tardiness"":0.06462732763263546}}}","{""objective"":1.7763568394002505e-15,""distance"":1.7763568394002505e-15,""tardiness"":6.217248937900877e-15}",3600,1,0,100.0,manhattan,"[0.5,0.5]",True
k2_n10_i100,1,time_limit_feasible,2,10,100,N10_K2_M12_I100,9,TIME_LIMIT,True,False,8.67162407600949,11.684811116397775,5.658437035621207,8.582390789668274,8.582390789668274,0.010290262303699763,10,3600.0019998550415,4793.552815300115,1897202.0,46386967.0,,time_limit_feasible,,"{""1"":[3,9,5,8],""2"":[4,7],""3"":[6,1,2],""4"":[10],""5"":[10],""6"":[4,7],""7"":[6,1,2],""8"":[9,8],""9"":[],""10"":[],""11"":[3,5],""12"":[]}","{""1"":{""start"":2.623041342055606,""completion_by_type"":[3.233498025786483,3.532628431107321],""finish"":3.532628431107321,""tardiness"":0.0},""2"":{""start"":3.777230935321887,""completion_by_type"":[4.223993973485835,4.907467252019917],""finish"":4.907467252019917,""tardiness"":0.0},""3"":{""start"":1.2202407566355533,""completion_by_type"":[1.7113981872821569,2.2078871835754086],""finish"":2.2078871835754086,""tardiness"":1.2354679371595771},""4"":{""start"":1.2166618634171797,""completion_by_type"":[1.7610452812075348,2.3351116710310653],""finish"":2.3351116710310653,""tardiness"":0.7466945173930084},""5"":{""start"":2.63531915583917,""completion_by_type"":[3.3166624225740087,3.8293867246510422],""finish"":3.8293867246510422,""tardiness"":0.31191343708557717},""6"":{""start"":1.0628566039974534,""completion_by_type"":[1.4832408400957033,2.241653820359827],""finish"":2.241653820359827,""tardiness"":0.20980945099142412},""7"":{""start"":2.5496207893107803,""completion_by_type"":[3.1983685470119663,3.507498357849489],""finish"":3.507498357849489,""tardiness"":3.1545519357566967},""8"":{""start"":3.3797105893725847,""completion_by_type"":[3.688170811284755,4.230998604574837],""finish"":4.230998604574837,""tardiness"":0.0},""9"":{""start"":2.0238837348898855,""completion_by_type"":[2.520179718474587,2.8746309895023],""finish"":2.8746309895023,""tardiness"":0.0},""10"":{""start"":0.3118605249208014,""completion_by_type"":[0.6966223066351644,1.4441009773506566],""finish"":1.4441009773506566,""tardiness"":0.0}}","{""distance"":11.684811116397775,""tardiness"":5.658437278386284,""objective"":8.67162419739203,""task_times"":{""1"":{""start"":2.623041342055606,""completion_by_type"":[3.233498025786483,3.532628431107321],""finish"":3.532628431107321,""tardiness"":0.0},""2"":{""start"":3.777230935321887,""completion_by_type"":[4.223993973485835,4.907467252019917],""finish"":4.907467252019917,""tardiness"":0.0},""3"":{""start"":1.2202407566355533,""completion_by_type"":[1.7113981872821569,2.2078871835754086],""finish"":2.2078871835754086,""tardiness"":1.2354679371595771},""4"":{""start"":1.2166618634171797,""completion_by_type"":[1.7610452812075348,2.3351116710310653],""finish"":2.3351116710310653,""tardiness"":0.7466945173930084},""5"":{""start"":2.63531915583917,""completion_by_type"":[3.3166624225740087,3.8293867246510422],""finish"":3.8293867246510422,""tardiness"":0.31191343708557717},""6"":{""start"":1.0628566039974534,""completion_by_type"":[1.4832408400957033,2.241653820359827],""finish"":2.241653820359827,""tardiness"":0.20980945099142412},""7"":{""start"":2.5496207893107803,""completion_by_type"":[3.1983685470119663,3.507498357849489],""finish"":3.507498357849489,""tardiness"":3.1545519357566967},""8"":{""start"":3.3797105893725847,""completion_by_type"":[3.688170811284755,4.230998604574837],""finish"":4.230998604574837,""tardiness"":0.0},""9"":{""start"":2.0238837348898855,""completion_by_type"":[2.520179718474587,2.8746309895023],""finish"":2.8746309895023,""tardiness"":0.0},""10"":{""start"":0.3118605249208014,""completion_by_type"":[0.6966223066351644,1.4441009773506566],""finish"":1.4441009773506566,""tardiness"":0.0}}}","{""objective"":1.2138253957516554e-07,""distance"":0.0,""tardiness"":2.4276507737397424e-07}",3600,1,0,100.0,manhattan,"[0.5,0.5]",True
