kappa,size,instance_index,instance_name,bks_objective,bks_source_category,bks_source_method,bks_source_mode,bks_source_rep,candidate_count,co_best_count_1e-6,co_best_sources_json
2,10,1,N10_K2_M12_I1,7.704159736633301,DRL,Co-HeT,greedy,,29,14,"[{""candidate_source"":""DRL"",""method"":""Co-HeT"",""mode"":""greedy"",""rep"":"""",""objective"":7.704159736633301},{""candidate_source"":""Gurobi"",""method"":""Gurobi"",""mode"":"""",""rep"":"""",""objective"":7.704160030921285},{""candidate_source"":""Metaheuristic"",""method"":""DABC"",""mode"":"""",""rep"":0,""objective"":7.704160030921296},{""candidate_source"":""Metaheuristic"",""method"":""DABC"",""mode"":"""",""rep"":1,""objective"":7.704160030921296},{""candidate_source"":""Metaheuristic"",""method"":""DABC"",""mode"":"""",""rep"":2,""objective"":7.704160030921296},{""candidate_source"":""Metaheuristic"",""method"":""DABC"",""mode"":"""",""rep"":3,""objective"":7.704160030921296},{""candidate_source"":""Metaheuristic"",""method"":""DIWO"",""mode"":"""",""rep"":0,""objective"":7.704160030921296},{""candidate_source"":""Metaheuristic"",""method"":""DIWO"",""mode"":"""",""rep"":1,""objective"":7.704160030921296},{""candidate_source"":""Metaheuristic"",""method"":""DIWO"",""mode"":"""",""rep"":2,""objective"":7.704160030921296},{""candidate_source"":""Metaheuristic"",""method"":""DIWO"",""mode"":"""",""rep"":3,""objective"":7.704160030921296},{""candidate_source"":""Metaheuristic"",""method"":""IGA"",""mode"":"""",""rep"":0,""objective"":7.704160030921296},{""candidate_source"":""Metaheuristic"",""method"":""IGA"",""mode"":"""",""rep"":2,""objective"":7.704160030921296},{""candidate_source"":""Metaheuristic"",""method"":""IGA"",""mode"":"""",""rep"":1,""objective"":7.704160030921297},{""candidate_source"":""DRL"",""method"":""Co-HeT"",""mode"":""sample1280"",""rep"":"""",""objective"":7.704160213470459}]"
2,10,2,N10_K2_M12_I2,9.674939975315992,Gurobi,Gurobi,,,29,7,"[{""candidate_source"":""Gurobi"",""method"":""Gurobi"",""mode"":"""",""rep"":"""",""objective"":9.674939975315992},{""candidate_source"":""Metaheuristic"",""method"":""DABC"",""mode"":"""",""rep"":0,""objective"":9.674939975316054},{""candidate_source"":""Metaheuristic"",""method"":""DABC"",""mode"":"""",""rep"":1,""objective"":9.674939975316054},{""candidate_source"":""Metaheuristic"",""method"":""DABC"",""mode"":"""",""rep"":2,""objective"":9.674939975316054},{""candidate_source"":""Metaheuristic"",""method"":""IGA"",""mode"":"""",""rep"":0,""objective"":9.674939975316054},{""candidate_source"":""Metaheuristic"",""method"":""IGA"",""mode"":"""",""rep"":2,""objective"":9.674939975316054},{""candidate_source"":""DRL"",""method"":""TDRL"",""mode"":""sample1280"",""rep"":"""",""objective"":9.67494010925293}]"
2,10,3,N10_K2_M12_I3,8.121420800530121,Gurobi,Gurobi,,,29,13,"[{""candidate_source"":""Gurobi"",""method"":""Gurobi"",""mode"":"""",""rep"":"""",""objective"":8.121420800530121},{""candidate_source"":""Metaheuristic"",""method"":""DIWO"",""mode"":"""",""rep"":0,""objective"":8.121420800530124},{""candidate_source"":""Metaheuristic"",""method"":""DIWO"",""mode"":"""",""rep"":1,""objective"":8.121420800530124},{""candidate_source"":""Metaheuristic"",""method"":""ALNS"",""mode"":"""",""rep"":3,""objective"":8.121420800530126},{""candidate_source"":""Metaheuristic"",""method"":""DABC"",""mode"":"""",""rep"":0,""objective"":8.121420800530126},{""candidate_source"":""Metaheuristic"",""method"":""DABC"",""mode"":"""",""rep"":1,""objective"":8.121420800530126},{""candidate_source"":""Metaheuristic"",""method"":""DABC"",""mode"":"""",""rep"":2,""objective"":8.121420800530126},{""candidate_source"":""Metaheuristic"",""method"":""DABC"",""mode"":"""",""rep"":3,""objective"":8.121420800530126},{""candidate_source"":""Metaheuristic"",""method"":""DIWO"",""mode"":"""",""rep"":2,""objective"":8.121420800530126},{""candidate_source"":""Metaheuristic"",""method"":""DIWO"",""mode"":"""",""rep"":3,""objective"":8.121420800530126},{""candidate_source"":""Metaheuristic"",""method"":""IGA"",""mode"":"""",""rep"":0,""objective"":8.121420800530126},{""candidate_source"":""Metaheuristic"",""method"":""IGA"",""mode"":"""",""rep"":2,""objective"":8.121420800530126},{""candidate_source"":""Metaheuristic"",""method"":""IGA"",""mode"":"""",""rep"":1,""objective"":8.121420800530128}]"
2,10,4,N10_K2_M12_I4,9.28181304427914,Gurobi,Gurobi,,,29,7,"[{""candidate_source"":""Gurobi"",""method"":""Gurobi"",""mode"":"""",""rep"":"""",""objective"":9.28181304427914},{""candidate_source"":""Metaheuristic"",""method"":""DABC"",""mode"":"""",""rep"":1,""objective"":9.28181310861888},{""candidate_source"":""Metaheuristic"",""method"":""DIWO"",""mode"":"""",""rep"":0,""objective"":9.28181310861888},{""candidate_source"":""Metaheuristic"",""method"":""DIWO"",""mode"":"""",""rep"":1,""objective"":9.28181310861888},{""candidate_source"":""Metaheuristic"",""method"":""IGA"",""mode"":"""",""rep"":2,""objective"":9.28181310861888},{""candidate_source"":""Metaheuristic"",""method"":""IGA"",""mode"":"""",""rep"":3,""objective"":9.28181310861888},{""candidate_source"":""Metaheuristic"",""method"":""DABC"",""mode"":"""",""rep"":3,""objective"":9.281813108618882}]"
2,10,5,N10_K2_M12_I5,9.21780111502748,Gurobi,Gurobi,,,29,9,"[{""candidate_source"":""Gurobi"",""method"":""Gurobi"",""mode"":"""",""rep"":"""",""objective"":9.21780111502748},{""candidate_source"":""Metaheuristic"",""method"":""DABC"",""mode"":"""",""rep"":0,""objective"":9.217801242179911},{""candidate_source"":""Metaheuristic"",""method"":""DABC"",""mode"":"""",""rep"":1,""objective"":9.217801242179911},{""candidate_source"":""Metaheuristic"",""method"":""DIWO"",""mode"":"""",""rep"":0,""objective"":9.217801242179911},{""candidate_source"":""Metaheuristic"",""method"":""DIWO"",""mode"":"""",""rep"":1,""objective"":9.217801242179911},{""candidate_source"":""Metaheuristic"",""method"":""DIWO"",""mode"":"""",""rep"":2,""objective"":9.217801242179911},{""candidate_source"":""Metaheuristic"",""method"":""IGA"",""mode"":"""",""rep"":1,""objective"":9.217801242179911},{""candidate_source"":""Metaheuristic"",""method"":""IGA"",""mode"":"""",""rep"":2,""objective"":9.217801242179911},{""candidate_source"":""Metaheuristic"",""method"":""IGA"",""mode"":"""",""rep"":3,""objective"":9.217801242179911}]"
2,10,6,N10_K2_M12_I6,10.901960909208846,Gurobi,Gurobi,,,29,9,"[{""candidate_source"":""Gurobi"",""method"":""Gurobi"",""mode"":"""",""rep"":"""",""objective"":10.901960909208846},{""candidate_source"":""Metaheuristic"",""method"":""DABC"",""mode"":"""",""rep"":0,""objective"":10.90196094810758},{""candidate_source"":""Metaheuristic"",""method"":""DABC"",""mode"":"""",""rep"":1,""objective"":10.90196094810758},{""candidate_source"":""Metaheuristic"",""method"":""DABC"",""mode"":"""",""rep"":3,""objective"":10.90196094810758},{""candidate_source"":""Metaheuristic"",""method"":""DIWO"",""mode"":"""",""rep"":0,""objective"":10.90196094810758},{""candidate_source"":""Metaheuristic"",""method"":""DIWO"",""mode"":"""",""rep"":1,""objective"":10.90196094810758},{""candidate_source"":""Metaheuristic"",""method"":""DIWO"",""mode"":"""",""rep"":2,""objective"":10.90196094810758},{""candidate_source"":""Metaheuristic"",""method"":""DIWO"",""mode"":"""",""rep"":3,""objective"":10.90196094810758},{""candidate_source"":""Metaheuristic"",""method"":""IGA"",""mode"":"""",""rep"":3,""objective"":10.90196094810758}]"
2,10,7,N10_K2_M12_I7,6.78030252456665,DRL,ECHO,sample1280,,29,12,"[{""candidate_source"":""DRL"",""method"":""ECHO"",""mode"":""sample1280"",""rep"":"""",""objective"":6.78030252456665},{""candidate_source"":""DRL"",""method"":""HDRL"",""mode"":""sample1280"",""rep"":"""",""objective"":6.78030252456665},{""candidate_source"":""Gurobi"",""method"":""Gurobi"",""mode"":"""",""rep"":"""",""objective"":6.780302851696067},{""candidate_source"":""Metaheuristic"",""method"":""ALNS"",""mode"":"""",""rep"":3,""objective"":6.78030285169627},{""candidate_source"":""Metaheuristic"",""method"":""DIWO"",""mode"":"""",""rep"":0,""objective"":6.78030285169627},{""candidate_source"":""Metaheuristic"",""method"":""DIWO"",""mode"":"""",""rep"":2,""objective"":6.78030285169627},{""candidate_source"":""Metaheuristic"",""method"":""IGA"",""mode"":"""",""rep"":1,""objective"":6.78030285169627},{""candidate_source"":""Metaheuristic"",""method"":""IGA"",""mode"":"""",""rep"":3,""objective"":6.78030285169627},{""candidate_source"":""Metaheuristic"",""method"":""DABC"",""mode"":"""",""rep"":1,""objective"":6.780302851696272},{""candidate_source"":""Metaheuristic"",""method"":""DABC"",""mode"":"""",""rep"":2,""objective"":6.780302851696272},{""candidate_source"":""Metaheuristic"",""method"":""DIWO"",""mode"":"""",""rep"":3,""objective"":6.780302851696272},{""candidate_source"":""DRL"",""method"":""TDRL"",""mode"":""sample1280"",""rep"":"""",""objective"":6.780303001403809}]"
2,10,8,N10_K2_M12_I8,8.142261457619963,Metaheuristic,DIWO,,1,29,9,"[{""candidate_source"":""Metaheuristic"",""method"":""DIWO"",""mode"":"""",""rep"":1,""objective"":8.142261457619963},{""candidate_source"":""Metaheuristic"",""method"":""DABC"",""mode"":"""",""rep"":0,""objective"":8.142261457619965},{""candidate_source"":""Metaheuristic"",""method"":""DABC"",""mode"":"""",""rep"":1,""objective"":8.142261457619965},{""candidate_source"":""Metaheuristic"",""method"":""DABC"",""mode"":"""",""rep"":3,""objective"":8.142261457619965},{""candidate_source"":""Metaheuristic"",""method"":""DIWO"",""mode"":"""",""rep"":2,""objective"":8.142261457619965},{""candidate_source"":""Metaheuristic"",""method"":""DIWO"",""mode"":"""",""rep"":3,""objective"":8.142261457619965},{""candidate_source"":""Metaheuristic"",""method"":""IGA"",""mode"":"""",""rep"":0,""objective"":8.142261457619965},{""candidate_source"":""Metaheuristic"",""method"":""IGA"",""mode"":"""",""rep"":2,""objective"":8.142261457619965},{""candidate_source"":""Gurobi"",""method"":""Gurobi"",""mode"":"""",""rep"":"""",""objective"":8.142261457619972}]"
2,10,9,N10_K2_M12_I9,7.933892246092465,Metaheuristic,DABC,,0,29,7,"[{""candidate_source"":""Metaheuristic"",""method"":""DABC"",""mode"":"""",""rep"":0,""objective"":7.933892246092465},{""candidate_source"":""Metaheuristic"",""method"":""DABC"",""mode"":"""",""rep"":1,""objective"":7.933892246092465},{""candidate_source"":""Metaheuristic"",""method"":""DIWO"",""mode"":"""",""rep"":1,""objective"":7.933892246092465},{""candidate_source"":""Metaheuristic"",""method"":""IGA"",""mode"":"""",""rep"":0,""objective"":7.933892246092465},{""candidate_source"":""Metaheuristic"",""method"":""IGA"",""mode"":"""",""rep"":1,""objective"":7.933892246092465},{""candidate_source"":""Metaheuristic"",""method"":""DABC"",""mode"":"""",""rep"":3,""objective"":7.933892246092466},{""candidate_source"":""Gurobi"",""method"":""Gurobi"",""mode"":"""",""rep"":"""",""objective"":7.933892246092471}]"
2,10,10,N10_K2_M12_I10,6.858416840736841,Metaheuristic,DABC,,0,29,11,"[{""candidate_source"":""Metaheuristic"",""method"":""DABC"",""mode"":"""",""rep"":0,""objective"":6.858416840736841},{""candidate_source"":""Metaheuristic"",""method"":""DABC"",""mode"":"""",""rep"":1,""objective"":6.858416840736841},{""candidate_source"":""Metaheuristic"",""method"":""DABC"",""mode"":"""",""rep"":2,""objective"":6.858416840736841},{""candidate_source"":""Metaheuristic"",""method"":""DABC"",""mode"":"""",""rep"":3,""objective"":6.858416840736841},{""candidate_source"":""Metaheuristic"",""method"":""DIWO"",""mode"":"""",""rep"":0,""objective"":6.858416840736841},{""candidate_source"":""Metaheuristic"",""method"":""DIWO"",""mode"":"""",""rep"":1,""objective"":6.858416840736841},{""candidate_source"":""Metaheuristic"",""method"":""DIWO"",""mode"":"""",""rep"":2,""objective"":6.858416840736841},{""candidate_source"":""Metaheuristic"",""method"":""DIWO"",""mode"":"""",""rep"":3,""objective"":6.858416840736841},{""candidate_source"":""Metaheuristic"",""method"":""IGA"",""mode"":"""",""rep"":2,""objective"":6.858416840736841},{""candidate_source"":""Metaheuristic"",""method"":""IGA"",""mode"":"""",""rep"":3,""objective"":6.858416840736842},{""candidate_source"":""Gurobi"",""method"":""Gurobi"",""mode"":"""",""rep"":"""",""objective"":6.858416840736855}]"
2,10,11,N10_K2_M12_I11,7.321924920032926,Metaheuristic,DABC,,0,29,10,"[{""candidate_source"":""Metaheuristic"",""method"":""DABC"",""mode"":"""",""rep"":0,""objective"":7.321924920032926},{""candidate_source"":""Metaheuristic"",""method"":""DABC"",""mode"":"""",""rep"":1,""objective"":7.321924920032926},{""candidate_source"":""Metaheuristic"",""method"":""DABC"",""mode"":"""",""rep"":2,""objective"":7.321924920032926},{""candidate_source"":""Metaheuristic"",""method"":""DIWO"",""mode"":"""",""rep"":0,""objective"":7.321924920032926},{""candidate_source"":""Metaheuristic"",""method"":""DIWO"",""mode"":"""",""rep"":1,""objective"":7.321924920032926},{""candidate_source"":""Metaheuristic"",""method"":""DIWO"",""mode"":"""",""rep"":2,""objective"":7.321924920032926},{""candidate_source"":""Metaheuristic"",""method"":""DIWO"",""mode"":"""",""rep"":3,""objective"":7.321924920032926},{""candidate_source"":""Metaheuristic"",""method"":""IGA"",""mode"":"""",""rep"":3,""objective"":7.321924920032926},{""candidate_source"":""Metaheuristic"",""method"":""IGA"",""mode"":"""",""rep"":1,""objective"":7.321924920032927},{""candidate_source"":""Gurobi"",""method"":""Gurobi"",""mode"":"""",""rep"":"""",""objective"":7.321924920032936}]"
2,10,12,N10_K2_M12_I12,9.12831974029541,DRL,ECHO,sample1280,,29,9,"[{""candidate_source"":""DRL"",""method"":""ECHO"",""mode"":""sample1280"",""rep"":"""",""objective"":9.12831974029541},{""candidate_source"":""Metaheuristic"",""method"":""DABC"",""mode"":"""",""rep"":0,""objective"":9.128320034779474},{""candidate_source"":""Metaheuristic"",""method"":""DABC"",""mode"":"""",""rep"":1,""objective"":9.128320034779474},{""candidate_source"":""Metaheuristic"",""method"":""DABC"",""mode"":"""",""rep"":2,""objective"":9.128320034779474},{""candidate_source"":""Metaheuristic"",""method"":""DIWO"",""mode"":"""",""rep"":1,""objective"":9.128320034779474},{""candidate_source"":""Metaheuristic"",""method"":""IGA"",""mode"":"""",""rep"":0,""objective"":9.128320034779474},{""candidate_source"":""Metaheuristic"",""method"":""IGA"",""mode"":"""",""rep"":1,""objective"":9.128320034779474},{""candidate_source"":""Metaheuristic"",""method"":""IGA"",""mode"":"""",""rep"":2,""objective"":9.128320034779474},{""candidate_source"":""Gurobi"",""method"":""Gurobi"",""mode"":"""",""rep"":"""",""objective"":9.12832003477949}]"
2,10,13,N10_K2_M12_I13,6.553970241941481,Gurobi,Gurobi,,,29,9,"[{""candidate_source"":""Gurobi"",""method"":""Gurobi"",""mode"":"""",""rep"":"""",""objective"":6.553970241941481},{""candidate_source"":""Metaheuristic"",""method"":""DABC"",""mode"":"""",""rep"":2,""objective"":6.553970241941647},{""candidate_source"":""Metaheuristic"",""method"":""DIWO"",""mode"":"""",""rep"":0,""objective"":6.553970241941647},{""candidate_source"":""Metaheuristic"",""method"":""DIWO"",""mode"":"""",""rep"":1,""objective"":6.553970241941647},{""candidate_source"":""Metaheuristic"",""method"":""DIWO"",""mode"":"""",""rep"":2,""objective"":6.553970241941647},{""candidate_source"":""Metaheuristic"",""method"":""DIWO"",""mode"":"""",""rep"":3,""objective"":6.553970241941647},{""candidate_source"":""Metaheuristic"",""method"":""ALNS"",""mode"":"""",""rep"":0,""objective"":6.553970241941648},{""candidate_source"":""Metaheuristic"",""method"":""IGA"",""mode"":"""",""rep"":3,""objective"":6.553970241941648},{""candidate_source"":""Metaheuristic"",""method"":""IGA"",""mode"":"""",""rep"":0,""objective"":6.553970241941649}]"
2,10,14,N10_K2_M12_I14,8.243812170994733,Gurobi,Gurobi,,,29,6,"[{""candidate_source"":""Gurobi"",""method"":""Gurobi"",""mode"":"""",""rep"":"""",""objective"":8.243812170994733},{""candidate_source"":""Metaheuristic"",""method"":""DABC"",""mode"":"""",""rep"":1,""objective"":8.243812172183077},{""candidate_source"":""Metaheuristic"",""method"":""DABC"",""mode"":"""",""rep"":3,""objective"":8.243812172183077},{""candidate_source"":""Metaheuristic"",""method"":""DIWO"",""mode"":"""",""rep"":1,""objective"":8.243812172183077},{""candidate_source"":""Metaheuristic"",""method"":""DIWO"",""mode"":"""",""rep"":2,""objective"":8.243812172183077},{""candidate_source"":""Metaheuristic"",""method"":""IGA"",""mode"":"""",""rep"":3,""objective"":8.243812172183077}]"
2,10,15,N10_K2_M12_I15,6.425818700656358,Gurobi,Gurobi,,,29,11,"[{""candidate_source"":""Gurobi"",""method"":""Gurobi"",""mode"":"""",""rep"":"""",""objective"":6.425818700656358},{""candidate_source"":""Metaheuristic"",""method"":""DABC"",""mode"":"""",""rep"":0,""objective"":6.425818700656515},{""candidate_source"":""Metaheuristic"",""method"":""DABC"",""mode"":"""",""rep"":1,""objective"":6.425818700656515},{""candidate_source"":""Metaheuristic"",""method"":""DABC"",""mode"":"""",""rep"":3,""objective"":6.425818700656515},{""candidate_source"":""Metaheuristic"",""method"":""DIWO"",""mode"":"""",""rep"":0,""objective"":6.425818700656515},{""candidate_source"":""Metaheuristic"",""method"":""DIWO"",""mode"":"""",""rep"":1,""objective"":6.425818700656515},{""candidate_source"":""Metaheuristic"",""method"":""DIWO"",""mode"":"""",""rep"":2,""objective"":6.425818700656515},{""candidate_source"":""Metaheuristic"",""method"":""DIWO"",""mode"":"""",""rep"":3,""objective"":6.425818700656515},{""candidate_source"":""Metaheuristic"",""method"":""IGA"",""mode"":"""",""rep"":2,""objective"":6.425818700656515},{""candidate_source"":""Metaheuristic"",""method"":""IGA"",""mode"":"""",""rep"":1,""objective"":6.425818700656516},{""candidate_source"":""DRL"",""method"":""Co-HeT"",""mode"":""sample1280"",""rep"":"""",""objective"":6.425818920135498}]"
2,10,16,N10_K2_M12_I16,7.904840526408025,Metaheuristic,DABC,,2,29,8,"[{""candidate_source"":""Metaheuristic"",""method"":""DABC"",""mode"":"""",""rep"":2,""objective"":7.904840526408025},{""candidate_source"":""Metaheuristic"",""method"":""DABC"",""mode"":"""",""rep"":3,""objective"":7.904840526408025},{""candidate_source"":""Metaheuristic"",""method"":""DIWO"",""mode"":"""",""rep"":0,""objective"":7.904840526408025},{""candidate_source"":""Metaheuristic"",""method"":""IGA"",""mode"":"""",""rep"":1,""objective"":7.904840526408025},{""candidate_source"":""Metaheuristic"",""method"":""IGA"",""mode"":"""",""rep"":3,""objective"":7.904840526408025},{""candidate_source"":""Metaheuristic"",""method"":""DIWO"",""mode"":"""",""rep"":3,""objective"":7.904840526408026},{""candidate_source"":""Metaheuristic"",""method"":""IGA"",""mode"":"""",""rep"":0,""objective"":7.904840526408026},{""candidate_source"":""Gurobi"",""method"":""Gurobi"",""mode"":"""",""rep"":"""",""objective"":7.904840526408029}]"
2,10,17,N10_K2_M12_I17,7.617050744527349,Gurobi,Gurobi,,,29,15,"[{""candidate_source"":""Gurobi"",""method"":""Gurobi"",""mode"":"""",""rep"":"""",""objective"":7.617050744527349},{""candidate_source"":""Metaheuristic"",""method"":""ALNS"",""mode"":"""",""rep"":1,""objective"":7.617050744527361},{""candidate_source"":""Metaheuristic"",""method"":""ALNS"",""mode"":"""",""rep"":3,""objective"":7.617050744527361},{""candidate_source"":""Metaheuristic"",""method"":""DABC"",""mode"":"""",""rep"":0,""objective"":7.617050744527361},{""candidate_source"":""Metaheuristic"",""method"":""DABC"",""mode"":"""",""rep"":1,""objective"":7.617050744527361},{""candidate_source"":""Metaheuristic"",""method"":""DABC"",""mode"":"""",""rep"":2,""objective"":7.617050744527361},{""candidate_source"":""Metaheuristic"",""method"":""DABC"",""mode"":"""",""rep"":3,""objective"":7.617050744527361},{""candidate_source"":""Metaheuristic"",""method"":""DIWO"",""mode"":"""",""rep"":0,""objective"":7.617050744527361},{""candidate_source"":""Metaheuristic"",""method"":""DIWO"",""mode"":"""",""rep"":1,""objective"":7.617050744527361},{""candidate_source"":""Metaheuristic"",""method"":""DIWO"",""mode"":"""",""rep"":2,""objective"":7.617050744527361},{""candidate_source"":""Metaheuristic"",""method"":""DIWO"",""mode"":"""",""rep"":3,""objective"":7.617050744527361},{""candidate_source"":""Metaheuristic"",""method"":""IGA"",""mode"":"""",""rep"":0,""objective"":7.617050744527361},{""candidate_source"":""Metaheuristic"",""method"":""IGA"",""mode"":"""",""rep"":1,""objective"":7.617050744527361},{""candidate_source"":""Metaheuristic"",""method"":""IGA"",""mode"":"""",""rep"":2,""objective"":7.617050744527361},{""candidate_source"":""Metaheuristic"",""method"":""IGA"",""mode"":"""",""rep"":3,""objective"":7.617050744527361}]"
2,10,18,N10_K2_M12_I18,7.520195076512028,Gurobi,Gurobi,,,29,15,"[{""candidate_source"":""Gurobi"",""method"":""Gurobi"",""mode"":"""",""rep"":"""",""objective"":7.520195076512028},{""candidate_source"":""Metaheuristic"",""method"":""ALNS"",""mode"":"""",""rep"":1,""objective"":7.520195076512048},{""candidate_source"":""Metaheuristic"",""method"":""ALNS"",""mode"":"""",""rep"":2,""objective"":7.520195076512048},{""candidate_source"":""Metaheuristic"",""method"":""DABC"",""mode"":"""",""rep"":0,""objective"":7.520195076512048},{""candidate_source"":""Metaheuristic"",""method"":""DABC"",""mode"":"""",""rep"":1,""objective"":7.520195076512048},{""candidate_source"":""Metaheuristic"",""method"":""DABC"",""mode"":"""",""rep"":2,""objective"":7.520195076512048},{""candidate_source"":""Metaheuristic"",""method"":""DABC"",""mode"":"""",""rep"":3,""objective"":7.520195076512048},{""candidate_source"":""Metaheuristic"",""method"":""DIWO"",""mode"":"""",""rep"":0,""objective"":7.520195076512048},{""candidate_source"":""Metaheuristic"",""method"":""DIWO"",""mode"":"""",""rep"":1,""objective"":7.520195076512048},{""candidate_source"":""Metaheuristic"",""method"":""DIWO"",""mode"":"""",""rep"":2,""objective"":7.520195076512048},{""candidate_source"":""Metaheuristic"",""method"":""DIWO"",""mode"":"""",""rep"":3,""objective"":7.520195076512048},{""candidate_source"":""Metaheuristic"",""method"":""IGA"",""mode"":"""",""rep"":0,""objective"":7.520195076512048},{""candidate_source"":""Metaheuristic"",""method"":""IGA"",""mode"":"""",""rep"":1,""objective"":7.520195076512048},{""candidate_source"":""Metaheuristic"",""method"":""IGA"",""mode"":"""",""rep"":2,""objective"":7.520195076512048},{""candidate_source"":""Metaheuristic"",""method"":""IGA"",""mode"":"""",""rep"":3,""objective"":7.520195076512048}]"
2,10,19,N10_K2_M12_I19,9.331056409528385,Gurobi,Gurobi,,,29,14,"[{""candidate_source"":""Gurobi"",""method"":""Gurobi"",""mode"":"""",""rep"":"""",""objective"":9.331056409528385},{""candidate_source"":""Metaheuristic"",""method"":""ALNS"",""mode"":"""",""rep"":0,""objective"":9.331056645070484},{""candidate_source"":""Metaheuristic"",""method"":""ALNS"",""mode"":"""",""rep"":1,""objective"":9.331056645070484},{""candidate_source"":""Metaheuristic"",""method"":""ALNS"",""mode"":"""",""rep"":3,""objective"":9.331056645070484},{""candidate_source"":""Metaheuristic"",""method"":""DABC"",""mode"":"""",""rep"":0,""objective"":9.331056645070484},{""candidate_source"":""Metaheuristic"",""method"":""DABC"",""mode"":"""",""rep"":1,""objective"":9.331056645070484},{""candidate_source"":""Metaheuristic"",""method"":""DABC"",""mode"":"""",""rep"":3,""objective"":9.331056645070484},{""candidate_source"":""Metaheuristic"",""method"":""DIWO"",""mode"":"""",""rep"":0,""objective"":9.331056645070484},{""candidate_source"":""Metaheuristic"",""method"":""DIWO"",""mode"":"""",""rep"":1,""objective"":9.331056645070484},{""candidate_source"":""Metaheuristic"",""method"":""DIWO"",""mode"":"""",""rep"":2,""objective"":9.331056645070484},{""candidate_source"":""Metaheuristic"",""method"":""IGA"",""mode"":"""",""rep"":0,""objective"":9.331056645070484},{""candidate_source"":""Metaheuristic"",""method"":""IGA"",""mode"":"""",""rep"":1,""objective"":9.331056645070484},{""candidate_source"":""Metaheuristic"",""method"":""IGA"",""mode"":"""",""rep"":2,""objective"":9.331056645070484},{""candidate_source"":""Metaheuristic"",""method"":""IGA"",""mode"":"""",""rep"":3,""objective"":9.331056645070484}]"
2,10,20,N10_K2_M12_I20,8.349114158560813,Gurobi,Gurobi,,,29,6,"[{""candidate_source"":""Gurobi"",""method"":""Gurobi"",""mode"":"""",""rep"":"""",""objective"":8.349114158560813},{""candidate_source"":""Metaheuristic"",""method"":""DABC"",""mode"":"""",""rep"":2,""objective"":8.349114158560816},{""candidate_source"":""Metaheuristic"",""method"":""DIWO"",""mode"":"""",""rep"":2,""objective"":8.349114158560816},{""candidate_source"":""Metaheuristic"",""method"":""DIWO"",""mode"":"""",""rep"":3,""objective"":8.349114158560816},{""candidate_source"":""Metaheuristic"",""method"":""IGA"",""mode"":"""",""rep"":1,""objective"":8.349114158560816},{""candidate_source"":""Metaheuristic"",""method"":""IGA"",""mode"":"""",""rep"":2,""objective"":8.349114158560816}]"
2,10,21,N10_K2_M12_I21,6.613325070621559,Metaheuristic,DABC,,0,29,10,"[{""candidate_source"":""Metaheuristic"",""method"":""DABC"",""mode"":"""",""rep"":0,""objective"":6.613325070621559},{""candidate_source"":""Metaheuristic"",""method"":""DIWO"",""mode"":"""",""rep"":0,""objective"":6.613325070621559},{""candidate_source"":""Metaheuristic"",""method"":""DIWO"",""mode"":"""",""rep"":1,""objective"":6.613325070621559},{""candidate_source"":""Metaheuristic"",""method"":""DIWO"",""mode"":"""",""rep"":2,""objective"":6.613325070621559},{""candidate_source"":""Metaheuristic"",""method"":""DIWO"",""mode"":"""",""rep"":3,""objective"":6.613325070621559},{""candidate_source"":""Metaheuristic"",""method"":""IGA"",""mode"":"""",""rep"":0,""objective"":6.613325070621559},{""candidate_source"":""Metaheuristic"",""method"":""DABC"",""mode"":"""",""rep"":1,""objective"":6.61332507062156},{""candidate_source"":""Metaheuristic"",""method"":""DABC"",""mode"":"""",""rep"":2,""objective"":6.61332507062156},{""candidate_source"":""Metaheuristic"",""method"":""DABC"",""mode"":"""",""rep"":3,""objective"":6.61332507062156},{""candidate_source"":""Gurobi"",""method"":""Gurobi"",""mode"":"""",""rep"":"""",""objective"":6.613325070621561}]"
2,10,22,N10_K2_M12_I22,5.823584123798914,Gurobi,Gurobi,,,29,15,"[{""candidate_source"":""Gurobi"",""method"":""Gurobi"",""mode"":"""",""rep"":"""",""objective"":5.823584123798914},{""candidate_source"":""Metaheuristic"",""method"":""ALNS"",""mode"":"""",""rep"":0,""objective"":5.823584139481588},{""candidate_source"":""Metaheuristic"",""method"":""ALNS"",""mode"":"""",""rep"":1,""objective"":5.823584139481588},{""candidate_source"":""Metaheuristic"",""method"":""DABC"",""mode"":"""",""rep"":0,""objective"":5.823584139481588},{""candidate_source"":""Metaheuristic"",""method"":""DABC"",""mode"":"""",""rep"":1,""objective"":5.823584139481588},{""candidate_source"":""Metaheuristic"",""method"":""DABC"",""mode"":"""",""rep"":2,""objective"":5.823584139481588},{""candidate_source"":""Metaheuristic"",""method"":""DABC"",""mode"":"""",""rep"":3,""objective"":5.823584139481588},{""candidate_source"":""Metaheuristic"",""method"":""DIWO"",""mode"":"""",""rep"":0,""objective"":5.823584139481588},{""candidate_source"":""Metaheuristic"",""method"":""DIWO"",""mode"":"""",""rep"":1,""objective"":5.823584139481588},{""candidate_source"":""Metaheuristic"",""method"":""DIWO"",""mode"":"""",""rep"":2,""objective"":5.823584139481588},{""candidate_source"":""Metaheuristic"",""method"":""DIWO"",""mode"":"""",""rep"":3,""objective"":5.823584139481588},{""candidate_source"":""Metaheuristic"",""method"":""IGA"",""mode"":"""",""rep"":0,""objective"":5.823584139481588},{""candidate_source"":""Metaheuristic"",""method"":""IGA"",""mode"":"""",""rep"":1,""objective"":5.823584139481588},{""candidate_source"":""Metaheuristic"",""method"":""IGA"",""mode"":"""",""rep"":2,""objective"":5.823584139481588},{""candidate_source"":""Metaheuristic"",""method"":""IGA"",""mode"":"""",""rep"":3,""objective"":5.823584139481588}]"
2,10,23,N10_K2_M12_I23,8.099183830524204,Gurobi,Gurobi,,,29,12,"[{""candidate_source"":""Gurobi"",""method"":""Gurobi"",""mode"":"""",""rep"":"""",""objective"":8.099183830524204},{""candidate_source"":""Metaheuristic"",""method"":""ALNS"",""mode"":"""",""rep"":1,""objective"":8.099183830524206},{""candidate_source"":""Metaheuristic"",""method"":""DABC"",""mode"":"""",""rep"":0,""objective"":8.099183830524206},{""candidate_source"":""Metaheuristic"",""method"":""DABC"",""mode"":"""",""rep"":1,""objective"":8.099183830524206},{""candidate_source"":""Metaheuristic"",""method"":""DABC"",""mode"":"""",""rep"":2,""objective"":8.099183830524206},{""candidate_source"":""Metaheuristic"",""method"":""DABC"",""mode"":"""",""rep"":3,""objective"":8.099183830524206},{""candidate_source"":""Metaheuristic"",""method"":""DIWO"",""mode"":"""",""rep"":0,""objective"":8.099183830524206},{""candidate_source"":""Metaheuristic"",""method"":""DIWO"",""mode"":"""",""rep"":2,""objective"":8.099183830524206},{""candidate_source"":""Metaheuristic"",""method"":""DIWO"",""mode"":"""",""rep"":3,""objective"":8.099183830524206},{""candidate_source"":""Metaheuristic"",""method"":""IGA"",""mode"":"""",""rep"":3,""objective"":8.099183830524206},{""candidate_source"":""DRL"",""method"":""Co-HeT"",""mode"":""greedy"",""rep"":"""",""objective"":8.099184036254883},{""candidate_source"":""DRL"",""method"":""Co-HeT"",""mode"":""sample1280"",""rep"":"""",""objective"":8.099184036254883}]"
2,10,24,N10_K2_M12_I24,7.748391442450744,Gurobi,Gurobi,,,29,8,"[{""candidate_source"":""Gurobi"",""method"":""Gurobi"",""mode"":"""",""rep"":"""",""objective"":7.748391442450744},{""candidate_source"":""Metaheuristic"",""method"":""DABC"",""mode"":"""",""rep"":0,""objective"":7.748391771458159},{""candidate_source"":""Metaheuristic"",""method"":""DABC"",""mode"":"""",""rep"":1,""objective"":7.748391771458159},{""candidate_source"":""Metaheuristic"",""method"":""DIWO"",""mode"":"""",""rep"":0,""objective"":7.748391771458159},{""candidate_source"":""Metaheuristic"",""method"":""DIWO"",""mode"":"""",""rep"":1,""objective"":7.748391771458159},{""candidate_source"":""Metaheuristic"",""method"":""DIWO"",""mode"":"""",""rep"":2,""objective"":7.748391771458159},{""candidate_source"":""Metaheuristic"",""method"":""DIWO"",""mode"":"""",""rep"":3,""objective"":7.748391771458159},{""candidate_source"":""Metaheuristic"",""method"":""IGA"",""mode"":"""",""rep"":1,""objective"":7.748391771458159}]"
2,10,25,N10_K2_M12_I25,8.942124645205723,Gurobi,Gurobi,,,29,2,"[{""candidate_source"":""Gurobi"",""method"":""Gurobi"",""mode"":"""",""rep"":"""",""objective"":8.942124645205723},{""candidate_source"":""Metaheuristic"",""method"":""DABC"",""mode"":"""",""rep"":0,""objective"":8.94212474384171}]"
2,10,26,N10_K2_M12_I26,6.420141011963919,Gurobi,Gurobi,,,29,8,"[{""candidate_source"":""Gurobi"",""method"":""Gurobi"",""mode"":"""",""rep"":"""",""objective"":6.420141011963919},{""candidate_source"":""Metaheuristic"",""method"":""ALNS"",""mode"":"""",""rep"":2,""objective"":6.420141011963926},{""candidate_source"":""Metaheuristic"",""method"":""DABC"",""mode"":"""",""rep"":2,""objective"":6.420141011963926},{""candidate_source"":""Metaheuristic"",""method"":""DABC"",""mode"":"""",""rep"":3,""objective"":6.420141011963926},{""candidate_source"":""Metaheuristic"",""method"":""DIWO"",""mode"":"""",""rep"":1,""objective"":6.420141011963926},{""candidate_source"":""Metaheuristic"",""method"":""DIWO"",""mode"":"""",""rep"":2,""objective"":6.420141011963926},{""candidate_source"":""Metaheuristic"",""method"":""IGA"",""mode"":"""",""rep"":2,""objective"":6.420141011963926},{""candidate_source"":""Metaheuristic"",""method"":""DABC"",""mode"":"""",""rep"":1,""objective"":6.420141011963928}]"
2,10,27,N10_K2_M12_I27,7.65521062590089,Metaheuristic,DABC,,0,29,9,"[{""candidate_source"":""Metaheuristic"",""method"":""DABC"",""mode"":"""",""rep"":0,""objective"":7.65521062590089},{""candidate_source"":""Metaheuristic"",""method"":""DABC"",""mode"":"""",""rep"":1,""objective"":7.65521062590089},{""candidate_source"":""Metaheuristic"",""method"":""DABC"",""mode"":"""",""rep"":2,""objective"":7.65521062590089},{""candidate_source"":""Metaheuristic"",""method"":""DABC"",""mode"":"""",""rep"":3,""objective"":7.65521062590089},{""candidate_source"":""Metaheuristic"",""method"":""DIWO"",""mode"":"""",""rep"":0,""objective"":7.65521062590089},{""candidate_source"":""Metaheuristic"",""method"":""DIWO"",""mode"":"""",""rep"":1,""objective"":7.65521062590089},{""candidate_source"":""Metaheuristic"",""method"":""DIWO"",""mode"":"""",""rep"":2,""objective"":7.65521062590089},{""candidate_source"":""Metaheuristic"",""method"":""DIWO"",""mode"":"""",""rep"":3,""objective"":7.65521062590089},{""candidate_source"":""Gurobi"",""method"":""Gurobi"",""mode"":"""",""rep"":"""",""objective"":7.655210625900899}]"
2,10,28,N10_K2_M12_I28,7.740399167393903,Metaheuristic,DABC,,0,29,11,"[{""candidate_source"":""Metaheuristic"",""method"":""DABC"",""mode"":"""",""rep"":0,""objective"":7.740399167393903},{""candidate_source"":""Metaheuristic"",""method"":""DABC"",""mode"":"""",""rep"":1,""objective"":7.740399167393903},{""candidate_source"":""Metaheuristic"",""method"":""DABC"",""mode"":"""",""rep"":2,""objective"":7.740399167393903},{""candidate_source"":""Metaheuristic"",""method"":""DABC"",""mode"":"""",""rep"":3,""objective"":7.740399167393903},{""candidate_source"":""Metaheuristic"",""method"":""DIWO"",""mode"":"""",""rep"":0,""objective"":7.740399167393903},{""candidate_source"":""Metaheuristic"",""method"":""DIWO"",""mode"":"""",""rep"":1,""objective"":7.740399167393903},{""candidate_source"":""Metaheuristic"",""method"":""DIWO"",""mode"":"""",""rep"":2,""objective"":7.740399167393903},{""candidate_source"":""Metaheuristic"",""method"":""DIWO"",""mode"":"""",""rep"":3,""objective"":7.740399167393903},{""candidate_source"":""Metaheuristic"",""method"":""IGA"",""mode"":"""",""rep"":1,""objective"":7.740399167393903},{""candidate_source"":""Metaheuristic"",""method"":""IGA"",""mode"":"""",""rep"":2,""objective"":7.740399167393903},{""candidate_source"":""Gurobi"",""method"":""Gurobi"",""mode"":"""",""rep"":"""",""objective"":7.740399167393912}]"
2,10,29,N10_K2_M12_I29,8.041953236217001,Metaheuristic,DIWO,,2,29,4,"[{""candidate_source"":""Metaheuristic"",""method"":""DIWO"",""mode"":"""",""rep"":2,""objective"":8.041953236217001},{""candidate_source"":""Metaheuristic"",""method"":""IGA"",""mode"":"""",""rep"":3,""objective"":8.041953236217001},{""candidate_source"":""Metaheuristic"",""method"":""DABC"",""mode"":"""",""rep"":2,""objective"":8.041953236217003},{""candidate_source"":""Gurobi"",""method"":""Gurobi"",""mode"":"""",""rep"":"""",""objective"":8.041953236217006}]"
2,10,30,N10_K2_M12_I30,7.968047374421928,Metaheuristic,DABC,,0,29,9,"[{""candidate_source"":""Metaheuristic"",""method"":""DABC"",""mode"":"""",""rep"":0,""objective"":7.968047374421928},{""candidate_source"":""Metaheuristic"",""method"":""DABC"",""mode"":"""",""rep"":1,""objective"":7.968047374421928},{""candidate_source"":""Metaheuristic"",""method"":""DABC"",""mode"":"""",""rep"":3,""objective"":7.968047374421928},{""candidate_source"":""Metaheuristic"",""method"":""DIWO"",""mode"":"""",""rep"":0,""objective"":7.968047374421928},{""candidate_source"":""Metaheuristic"",""method"":""DIWO"",""mode"":"""",""rep"":1,""objective"":7.968047374421928},{""candidate_source"":""Metaheuristic"",""method"":""DIWO"",""mode"":"""",""rep"":2,""objective"":7.968047374421928},{""candidate_source"":""Metaheuristic"",""method"":""DIWO"",""mode"":"""",""rep"":3,""objective"":7.968047374421928},{""candidate_source"":""Metaheuristic"",""method"":""IGA"",""mode"":"""",""rep"":0,""objective"":7.968047374421928},{""candidate_source"":""Gurobi"",""method"":""Gurobi"",""mode"":"""",""rep"":"""",""objective"":7.968047374421946}]"
2,10,31,N10_K2_M12_I31,7.776213979048397,Gurobi,Gurobi,,,29,17,"[{""candidate_source"":""Gurobi"",""method"":""Gurobi"",""mode"":"""",""rep"":"""",""objective"":7.776213979048397},{""candidate_source"":""Metaheuristic"",""method"":""ALNS"",""mode"":"""",""rep"":0,""objective"":7.776213979048595},{""candidate_source"":""Metaheuristic"",""method"":""ALNS"",""mode"":"""",""rep"":1,""objective"":7.776213979048595},{""candidate_source"":""Metaheuristic"",""method"":""ALNS"",""mode"":"""",""rep"":2,""objective"":7.776213979048595},{""candidate_source"":""Metaheuristic"",""method"":""ALNS"",""mode"":"""",""rep"":3,""objective"":7.776213979048595},{""candidate_source"":""Metaheuristic"",""method"":""DABC"",""mode"":"""",""rep"":0,""objective"":7.776213979048595},{""candidate_source"":""Metaheuristic"",""method"":""DABC"",""mode"":"""",""rep"":1,""objective"":7.776213979048595},{""candidate_source"":""Metaheuristic"",""method"":""DABC"",""mode"":"""",""rep"":2,""objective"":7.776213979048595},{""candidate_source"":""Metaheuristic"",""method"":""DABC"",""mode"":"""",""rep"":3,""objective"":7.776213979048595},{""candidate_source"":""Metaheuristic"",""method"":""DIWO"",""mode"":"""",""rep"":0,""objective"":7.776213979048595},{""candidate_source"":""Metaheuristic"",""method"":""DIWO"",""mode"":"""",""rep"":1,""objective"":7.776213979048595},{""candidate_source"":""Metaheuristic"",""method"":""DIWO"",""mode"":"""",""rep"":2,""objective"":7.776213979048595},{""candidate_source"":""Metaheuristic"",""method"":""DIWO"",""mode"":"""",""rep"":3,""objective"":7.776213979048595},{""candidate_source"":""Metaheuristic"",""method"":""IGA"",""mode"":"""",""rep"":0,""objective"":7.776213979048595},{""candidate_source"":""Metaheuristic"",""method"":""IGA"",""mode"":"""",""rep"":1,""objective"":7.776213979048595},{""candidate_source"":""Metaheuristic"",""method"":""IGA"",""mode"":"""",""rep"":2,""objective"":7.776213979048595},{""candidate_source"":""Metaheuristic"",""method"":""IGA"",""mode"":"""",""rep"":3,""objective"":7.776213979048595}]"
2,10,32,N10_K2_M12_I32,6.886418025662309,Gurobi,Gurobi,,,29,10,"[{""candidate_source"":""Gurobi"",""method"":""Gurobi"",""mode"":"""",""rep"":"""",""objective"":6.886418025662309},{""candidate_source"":""Metaheuristic"",""method"":""DABC"",""mode"":"""",""rep"":0,""objective"":6.886418025662463},{""candidate_source"":""Metaheuristic"",""method"":""DABC"",""mode"":"""",""rep"":1,""objective"":6.886418025662463},{""candidate_source"":""Metaheuristic"",""method"":""DABC"",""mode"":"""",""rep"":3,""objective"":6.886418025662463},{""candidate_source"":""Metaheuristic"",""method"":""DIWO"",""mode"":"""",""rep"":0,""objective"":6.886418025662463},{""candidate_source"":""Metaheuristic"",""method"":""DIWO"",""mode"":"""",""rep"":1,""objective"":6.886418025662463},{""candidate_source"":""Metaheuristic"",""method"":""DIWO"",""mode"":"""",""rep"":2,""objective"":6.886418025662463},{""candidate_source"":""Metaheuristic"",""method"":""IGA"",""mode"":"""",""rep"":0,""objective"":6.886418025662463},{""candidate_source"":""Metaheuristic"",""method"":""IGA"",""mode"":"""",""rep"":2,""objective"":6.886418025662463},{""candidate_source"":""Metaheuristic"",""method"":""IGA"",""mode"":"""",""rep"":3,""objective"":6.886418025662464}]"
2,10,33,N10_K2_M12_I33,7.4418574361274334,Gurobi,Gurobi,,,29,12,"[{""candidate_source"":""Gurobi"",""method"":""Gurobi"",""mode"":"""",""rep"":"""",""objective"":7.4418574361274334},{""candidate_source"":""Metaheuristic"",""method"":""ALNS"",""mode"":"""",""rep"":3,""objective"":7.4418574361274334},{""candidate_source"":""Metaheuristic"",""method"":""DABC"",""mode"":"""",""rep"":2,""objective"":7.4418574361274334},{""candidate_source"":""Metaheuristic"",""method"":""DABC"",""mode"":"""",""rep"":3,""objective"":7.4418574361274334},{""candidate_source"":""Metaheuristic"",""method"":""DIWO"",""mode"":"""",""rep"":0,""objective"":7.4418574361274334},{""candidate_source"":""Metaheuristic"",""method"":""DIWO"",""mode"":"""",""rep"":1,""objective"":7.4418574361274334},{""candidate_source"":""Metaheuristic"",""method"":""DIWO"",""mode"":"""",""rep"":2,""objective"":7.4418574361274334},{""candidate_source"":""Metaheuristic"",""method"":""DIWO"",""mode"":"""",""rep"":3,""objective"":7.4418574361274334},{""candidate_source"":""Metaheuristic"",""method"":""IGA"",""mode"":"""",""rep"":0,""objective"":7.4418574361274334},{""candidate_source"":""Metaheuristic"",""method"":""IGA"",""mode"":"""",""rep"":2,""objective"":7.4418574361274334},{""candidate_source"":""Metaheuristic"",""method"":""IGA"",""mode"":"""",""rep"":1,""objective"":7.441857436127434},{""candidate_source"":""Metaheuristic"",""method"":""IGA"",""mode"":"""",""rep"":3,""objective"":7.441857436127434}]"
2,10,34,N10_K2_M12_I34,6.231283217182272,Gurobi,Gurobi,,,29,9,"[{""candidate_source"":""Gurobi"",""method"":""Gurobi"",""mode"":"""",""rep"":"""",""objective"":6.231283217182272},{""candidate_source"":""Metaheuristic"",""method"":""DABC"",""mode"":"""",""rep"":0,""objective"":6.2312832171822725},{""candidate_source"":""Metaheuristic"",""method"":""DABC"",""mode"":"""",""rep"":1,""objective"":6.2312832171822725},{""candidate_source"":""Metaheuristic"",""method"":""DABC"",""mode"":"""",""rep"":2,""objective"":6.2312832171822725},{""candidate_source"":""Metaheuristic"",""method"":""DABC"",""mode"":"""",""rep"":3,""objective"":6.2312832171822725},{""candidate_source"":""Metaheuristic"",""method"":""DIWO"",""mode"":"""",""rep"":0,""objective"":6.2312832171822725},{""candidate_source"":""Metaheuristic"",""method"":""DIWO"",""mode"":"""",""rep"":1,""objective"":6.2312832171822725},{""candidate_source"":""Metaheuristic"",""method"":""DIWO"",""mode"":"""",""rep"":2,""objective"":6.2312832171822725},{""candidate_source"":""Metaheuristic"",""method"":""DIWO"",""mode"":"""",""rep"":3,""objective"":6.2312832171822725}]"
2,10,35,N10_K2_M12_I35,6.7891209795525045,Gurobi,Gurobi,,,29,11,"[{""candidate_source"":""Gurobi"",""method"":""Gurobi"",""mode"":"""",""rep"":"""",""objective"":6.7891209795525045},{""candidate_source"":""Metaheuristic"",""method"":""DABC"",""mode"":"""",""rep"":0,""objective"":6.789120979552523},{""candidate_source"":""Metaheuristic"",""method"":""DABC"",""mode"":"""",""rep"":1,""objective"":6.789120979552523},{""candidate_source"":""Metaheuristic"",""method"":""DABC"",""mode"":"""",""rep"":2,""objective"":6.789120979552523},{""candidate_source"":""Metaheuristic"",""method"":""DABC"",""mode"":"""",""rep"":3,""objective"":6.789120979552523},{""candidate_source"":""Metaheuristic"",""method"":""DIWO"",""mode"":"""",""rep"":0,""objective"":6.789120979552523},{""candidate_source"":""Metaheuristic"",""method"":""DIWO"",""mode"":"""",""rep"":1,""objective"":6.789120979552523},{""candidate_source"":""Metaheuristic"",""method"":""DIWO"",""mode"":"""",""rep"":2,""objective"":6.789120979552523},{""candidate_source"":""Metaheuristic"",""method"":""DIWO"",""mode"":"""",""rep"":3,""objective"":6.789120979552523},{""candidate_source"":""Metaheuristic"",""method"":""IGA"",""mode"":"""",""rep"":0,""objective"":6.789120979552524},{""candidate_source"":""Metaheuristic"",""method"":""IGA"",""mode"":"""",""rep"":2,""objective"":6.789120979552524}]"
2,10,36,N10_K2_M12_I36,6.492273929852424,Gurobi,Gurobi,,,29,8,"[{""candidate_source"":""Gurobi"",""method"":""Gurobi"",""mode"":"""",""rep"":"""",""objective"":6.492273929852424},{""candidate_source"":""Metaheuristic"",""method"":""DABC"",""mode"":"""",""rep"":0,""objective"":6.492273953024119},{""candidate_source"":""Metaheuristic"",""method"":""DABC"",""mode"":"""",""rep"":1,""objective"":6.492273953024119},{""candidate_source"":""Metaheuristic"",""method"":""DABC"",""mode"":"""",""rep"":2,""objective"":6.492273953024119},{""candidate_source"":""Metaheuristic"",""method"":""DIWO"",""mode"":"""",""rep"":0,""objective"":6.492273953024119},{""candidate_source"":""Metaheuristic"",""method"":""DIWO"",""mode"":"""",""rep"":1,""objective"":6.492273953024119},{""candidate_source"":""Metaheuristic"",""method"":""DIWO"",""mode"":"""",""rep"":2,""objective"":6.492273953024119},{""candidate_source"":""Metaheuristic"",""method"":""IGA"",""mode"":"""",""rep"":3,""objective"":6.492273953024119}]"
2,10,37,N10_K2_M12_I37,7.966945291397725,Metaheuristic,DABC,,1,29,10,"[{""candidate_source"":""Metaheuristic"",""method"":""DABC"",""mode"":"""",""rep"":1,""objective"":7.966945291397725},{""candidate_source"":""Metaheuristic"",""method"":""DABC"",""mode"":"""",""rep"":2,""objective"":7.966945291397725},{""candidate_source"":""Metaheuristic"",""method"":""DABC"",""mode"":"""",""rep"":3,""objective"":7.966945291397725},{""candidate_source"":""Metaheuristic"",""method"":""DIWO"",""mode"":"""",""rep"":0,""objective"":7.966945291397725},{""candidate_source"":""Metaheuristic"",""method"":""DIWO"",""mode"":"""",""rep"":1,""objective"":7.966945291397725},{""candidate_source"":""Metaheuristic"",""method"":""DIWO"",""mode"":"""",""rep"":2,""objective"":7.966945291397725},{""candidate_source"":""Metaheuristic"",""method"":""DIWO"",""mode"":"""",""rep"":3,""objective"":7.966945291397725},{""candidate_source"":""Metaheuristic"",""method"":""IGA"",""mode"":"""",""rep"":1,""objective"":7.966945291397726},{""candidate_source"":""Metaheuristic"",""method"":""IGA"",""mode"":"""",""rep"":2,""objective"":7.966945291397726},{""candidate_source"":""Gurobi"",""method"":""Gurobi"",""mode"":"""",""rep"":"""",""objective"":7.96694529139773}]"
2,10,38,N10_K2_M12_I38,6.384607604305742,Gurobi,Gurobi,,,29,12,"[{""candidate_source"":""Gurobi"",""method"":""Gurobi"",""mode"":"""",""rep"":"""",""objective"":6.384607604305742},{""candidate_source"":""Metaheuristic"",""method"":""DABC"",""mode"":"""",""rep"":2,""objective"":6.384607604305764},{""candidate_source"":""Metaheuristic"",""method"":""DABC"",""mode"":"""",""rep"":3,""objective"":6.384607604305764},{""candidate_source"":""Metaheuristic"",""method"":""DIWO"",""mode"":"""",""rep"":0,""objective"":6.384607604305764},{""candidate_source"":""Metaheuristic"",""method"":""DIWO"",""mode"":"""",""rep"":3,""objective"":6.384607604305764},{""candidate_source"":""Metaheuristic"",""method"":""ALNS"",""mode"":"""",""rep"":3,""objective"":6.384607604305765},{""candidate_source"":""Metaheuristic"",""method"":""DABC"",""mode"":"""",""rep"":0,""objective"":6.384607604305765},{""candidate_source"":""Metaheuristic"",""method"":""DABC"",""mode"":"""",""rep"":1,""objective"":6.384607604305765},{""candidate_source"":""Metaheuristic"",""method"":""DIWO"",""mode"":"""",""rep"":2,""objective"":6.384607604305765},{""candidate_source"":""Metaheuristic"",""method"":""IGA"",""mode"":"""",""rep"":0,""objective"":6.384607604305765},{""candidate_source"":""Metaheuristic"",""method"":""IGA"",""mode"":"""",""rep"":1,""objective"":6.384607604305765},{""candidate_source"":""Metaheuristic"",""method"":""IGA"",""mode"":"""",""rep"":2,""objective"":6.384607604305765}]"
2,10,39,N10_K2_M12_I39,6.083047389984131,DRL,ECHO,greedy,,29,22,"[{""candidate_source"":""DRL"",""method"":""ECHO"",""mode"":""greedy"",""rep"":"""",""objective"":6.083047389984131},{""candidate_source"":""DRL"",""method"":""TDRL"",""mode"":""sample1280"",""rep"":"""",""objective"":6.083047389984131},{""candidate_source"":""Gurobi"",""method"":""Gurobi"",""mode"":"""",""rep"":"""",""objective"":6.0830474090241005},{""candidate_source"":""Metaheuristic"",""method"":""DABC"",""mode"":"""",""rep"":0,""objective"":6.083047409024138},{""candidate_source"":""Metaheuristic"",""method"":""DABC"",""mode"":"""",""rep"":1,""objective"":6.083047409024138},{""candidate_source"":""Metaheuristic"",""method"":""DABC"",""mode"":"""",""rep"":3,""objective"":6.083047409024138},{""candidate_source"":""Metaheuristic"",""method"":""DIWO"",""mode"":"""",""rep"":1,""objective"":6.083047409024138},{""candidate_source"":""Metaheuristic"",""method"":""DIWO"",""mode"":"""",""rep"":3,""objective"":6.083047409024138},{""candidate_source"":""Metaheuristic"",""method"":""ALNS"",""mode"":"""",""rep"":0,""objective"":6.083047409024139},{""candidate_source"":""Metaheuristic"",""method"":""ALNS"",""mode"":"""",""rep"":1,""objective"":6.083047409024139},{""candidate_source"":""Metaheuristic"",""method"":""ALNS"",""mode"":"""",""rep"":3,""objective"":6.083047409024139},{""candidate_source"":""Metaheuristic"",""method"":""DABC"",""mode"":"""",""rep"":2,""objective"":6.083047409024139},{""candidate_source"":""Metaheuristic"",""method"":""DIWO"",""mode"":"""",""rep"":0,""objective"":6.083047409024139},{""candidate_source"":""Metaheuristic"",""method"":""DIWO"",""mode"":"""",""rep"":2,""objective"":6.083047409024139},{""candidate_source"":""Metaheuristic"",""method"":""IGA"",""mode"":"""",""rep"":0,""objective"":6.083047409024139},{""candidate_source"":""Metaheuristic"",""method"":""IGA"",""mode"":"""",""rep"":1,""objective"":6.083047409024139},{""candidate_source"":""Metaheuristic"",""method"":""IGA"",""mode"":"""",""rep"":2,""objective"":6.083047409024139},{""candidate_source"":""Metaheuristic"",""method"":""IGA"",""mode"":"""",""rep"":3,""objective"":6.083047409024139},{""candidate_source"":""DRL"",""method"":""ECHO"",""mode"":""sample1280"",""rep"":"""",""objective"":6.083047866821289},{""candidate_source"":""DRL"",""method"":""HDRL"",""mode"":""greedy"",""rep"":"""",""objective"":6.083047866821289},{""candidate_source"":""DRL"",""method"":""HDRL"",""mode"":""sample1280"",""rep"":"""",""objective"":6.083047866821289},{""candidate_source"":""DRL"",""method"":""MVMoE"",""mode"":""sample1280"",""rep"":"""",""objective"":6.083047866821289}]"
2,10,40,N10_K2_M12_I40,5.433805187237567,Gurobi,Gurobi,,,29,13,"[{""candidate_source"":""Gurobi"",""method"":""Gurobi"",""mode"":"""",""rep"":"""",""objective"":5.433805187237567},{""candidate_source"":""Metaheuristic"",""method"":""DABC"",""mode"":"""",""rep"":0,""objective"":5.433805187237571},{""candidate_source"":""Metaheuristic"",""method"":""DABC"",""mode"":"""",""rep"":1,""objective"":5.433805187237571},{""candidate_source"":""Metaheuristic"",""method"":""DABC"",""mode"":"""",""rep"":2,""objective"":5.433805187237571},{""candidate_source"":""Metaheuristic"",""method"":""DABC"",""mode"":"""",""rep"":3,""objective"":5.433805187237571},{""candidate_source"":""Metaheuristic"",""method"":""DIWO"",""mode"":"""",""rep"":0,""objective"":5.433805187237571},{""candidate_source"":""Metaheuristic"",""method"":""DIWO"",""mode"":"""",""rep"":1,""objective"":5.433805187237571},{""candidate_source"":""Metaheuristic"",""method"":""DIWO"",""mode"":"""",""rep"":2,""objective"":5.433805187237571},{""candidate_source"":""Metaheuristic"",""method"":""DIWO"",""mode"":"""",""rep"":3,""objective"":5.433805187237571},{""candidate_source"":""Metaheuristic"",""method"":""IGA"",""mode"":"""",""rep"":0,""objective"":5.433805187237571},{""candidate_source"":""Metaheuristic"",""method"":""IGA"",""mode"":"""",""rep"":1,""objective"":5.433805187237571},{""candidate_source"":""Metaheuristic"",""method"":""IGA"",""mode"":"""",""rep"":2,""objective"":5.433805187237571},{""candidate_source"":""Metaheuristic"",""method"":""IGA"",""mode"":"""",""rep"":3,""objective"":5.433805187237571}]"
2,10,41,N10_K2_M12_I41,6.311586115154838,Gurobi,Gurobi,,,29,16,"[{""candidate_source"":""Gurobi"",""method"":""Gurobi"",""mode"":"""",""rep"":"""",""objective"":6.311586115154838},{""candidate_source"":""Metaheuristic"",""method"":""ALNS"",""mode"":"""",""rep"":1,""objective"":6.311586115155029},{""candidate_source"":""Metaheuristic"",""method"":""ALNS"",""mode"":"""",""rep"":2,""objective"":6.311586115155029},{""candidate_source"":""Metaheuristic"",""method"":""ALNS"",""mode"":"""",""rep"":3,""objective"":6.311586115155029},{""candidate_source"":""Metaheuristic"",""method"":""DABC"",""mode"":"""",""rep"":0,""objective"":6.311586115155029},{""candidate_source"":""Metaheuristic"",""method"":""DABC"",""mode"":"""",""rep"":1,""objective"":6.311586115155029},{""candidate_source"":""Metaheuristic"",""method"":""DABC"",""mode"":"""",""rep"":2,""objective"":6.311586115155029},{""candidate_source"":""Metaheuristic"",""method"":""DABC"",""mode"":"""",""rep"":3,""objective"":6.311586115155029},{""candidate_source"":""Metaheuristic"",""method"":""DIWO"",""mode"":"""",""rep"":0,""objective"":6.311586115155029},{""candidate_source"":""Metaheuristic"",""method"":""DIWO"",""mode"":"""",""rep"":1,""objective"":6.311586115155029},{""candidate_source"":""Metaheuristic"",""method"":""DIWO"",""mode"":"""",""rep"":2,""objective"":6.311586115155029},{""candidate_source"":""Metaheuristic"",""method"":""DIWO"",""mode"":"""",""rep"":3,""objective"":6.311586115155029},{""candidate_source"":""Metaheuristic"",""method"":""IGA"",""mode"":"""",""rep"":0,""objective"":6.311586115155029},{""candidate_source"":""Metaheuristic"",""method"":""IGA"",""mode"":"""",""rep"":1,""objective"":6.311586115155029},{""candidate_source"":""Metaheuristic"",""method"":""IGA"",""mode"":"""",""rep"":2,""objective"":6.311586115155029},{""candidate_source"":""Metaheuristic"",""method"":""IGA"",""mode"":"""",""rep"":3,""objective"":6.311586115155029}]"
2,10,42,N10_K2_M12_I42,6.863572836324119,Metaheuristic,DABC,,1,29,10,"[{""candidate_source"":""Metaheuristic"",""method"":""DABC"",""mode"":"""",""rep"":1,""objective"":6.863572836324119},{""candidate_source"":""Metaheuristic"",""method"":""DABC"",""mode"":"""",""rep"":3,""objective"":6.863572836324119},{""candidate_source"":""Metaheuristic"",""method"":""DIWO"",""mode"":"""",""rep"":1,""objective"":6.863572836324119},{""candidate_source"":""Metaheuristic"",""method"":""DIWO"",""mode"":"""",""rep"":2,""objective"":6.863572836324119},{""candidate_source"":""Metaheuristic"",""method"":""DIWO"",""mode"":"""",""rep"":3,""objective"":6.863572836324119},{""candidate_source"":""Metaheuristic"",""method"":""IGA"",""mode"":"""",""rep"":0,""objective"":6.863572836324119},{""candidate_source"":""Metaheuristic"",""method"":""IGA"",""mode"":"""",""rep"":2,""objective"":6.863572836324119},{""candidate_source"":""Metaheuristic"",""method"":""IGA"",""mode"":"""",""rep"":3,""objective"":6.863572836324119},{""candidate_source"":""Gurobi"",""method"":""Gurobi"",""mode"":"""",""rep"":"""",""objective"":6.863572836324124},{""candidate_source"":""DRL"",""method"":""Co-HeT"",""mode"":""sample1280"",""rep"":"""",""objective"":6.86357307434082}]"
2,10,43,N10_K2_M12_I43,7.261182776840928,Metaheuristic,DABC,,2,29,9,"[{""candidate_source"":""Metaheuristic"",""method"":""DABC"",""mode"":"""",""rep"":2,""objective"":7.261182776840928},{""candidate_source"":""Metaheuristic"",""method"":""DIWO"",""mode"":"""",""rep"":0,""objective"":7.261182776840928},{""candidate_source"":""Metaheuristic"",""method"":""DIWO"",""mode"":"""",""rep"":1,""objective"":7.261182776840928},{""candidate_source"":""Metaheuristic"",""method"":""DIWO"",""mode"":"""",""rep"":2,""objective"":7.261182776840928},{""candidate_source"":""Metaheuristic"",""method"":""DIWO"",""mode"":"""",""rep"":3,""objective"":7.261182776840928},{""candidate_source"":""Gurobi"",""method"":""Gurobi"",""mode"":"""",""rep"":"""",""objective"":7.261182776840929},{""candidate_source"":""Metaheuristic"",""method"":""DABC"",""mode"":"""",""rep"":3,""objective"":7.261182776840929},{""candidate_source"":""Metaheuristic"",""method"":""IGA"",""mode"":"""",""rep"":0,""objective"":7.261182776840929},{""candidate_source"":""Metaheuristic"",""method"":""IGA"",""mode"":"""",""rep"":3,""objective"":7.261182776840929}]"
2,10,44,N10_K2_M12_I44,7.8563127517700195,DRL,AM,sample1280,,29,15,"[{""candidate_source"":""DRL"",""method"":""AM"",""mode"":""sample1280"",""rep"":"""",""objective"":7.8563127517700195},{""candidate_source"":""DRL"",""method"":""ECHO"",""mode"":""sample1280"",""rep"":"""",""objective"":7.8563127517700195},{""candidate_source"":""DRL"",""method"":""HDRL"",""mode"":""sample1280"",""rep"":"""",""objective"":7.8563127517700195},{""candidate_source"":""Metaheuristic"",""method"":""ALNS"",""mode"":"""",""rep"":3,""objective"":7.856313098165984},{""candidate_source"":""Metaheuristic"",""method"":""DABC"",""mode"":"""",""rep"":0,""objective"":7.856313098165984},{""candidate_source"":""Metaheuristic"",""method"":""DABC"",""mode"":"""",""rep"":1,""objective"":7.856313098165984},{""candidate_source"":""Metaheuristic"",""method"":""DABC"",""mode"":"""",""rep"":2,""objective"":7.856313098165984},{""candidate_source"":""Metaheuristic"",""method"":""DABC"",""mode"":"""",""rep"":3,""objective"":7.856313098165984},{""candidate_source"":""Metaheuristic"",""method"":""DIWO"",""mode"":"""",""rep"":0,""objective"":7.856313098165984},{""candidate_source"":""Metaheuristic"",""method"":""DIWO"",""mode"":"""",""rep"":1,""objective"":7.856313098165984},{""candidate_source"":""Metaheuristic"",""method"":""DIWO"",""mode"":"""",""rep"":2,""objective"":7.856313098165984},{""candidate_source"":""Metaheuristic"",""method"":""IGA"",""mode"":"""",""rep"":1,""objective"":7.856313098165984},{""candidate_source"":""Metaheuristic"",""method"":""IGA"",""mode"":"""",""rep"":2,""objective"":7.856313098165984},{""candidate_source"":""Gurobi"",""method"":""Gurobi"",""mode"":"""",""rep"":"""",""objective"":7.856313098165991},{""candidate_source"":""DRL"",""method"":""Co-HeT"",""mode"":""sample1280"",""rep"":"""",""objective"":7.856313228607178}]"
2,10,45,N10_K2_M12_I45,7.509342062024876,Metaheuristic,DABC,,0,29,6,"[{""candidate_source"":""Metaheuristic"",""method"":""DABC"",""mode"":"""",""rep"":0,""objective"":7.509342062024876},{""candidate_source"":""Metaheuristic"",""method"":""DIWO"",""mode"":"""",""rep"":0,""objective"":7.509342062024876},{""candidate_source"":""Metaheuristic"",""method"":""DIWO"",""mode"":"""",""rep"":1,""objective"":7.509342062024876},{""candidate_source"":""Metaheuristic"",""method"":""DIWO"",""mode"":"""",""rep"":2,""objective"":7.509342062024876},{""candidate_source"":""Metaheuristic"",""method"":""DIWO"",""mode"":"""",""rep"":3,""objective"":7.509342062024876},{""candidate_source"":""Gurobi"",""method"":""Gurobi"",""mode"":"""",""rep"":"""",""objective"":7.509342062024886}]"
2,10,46,N10_K2_M12_I46,8.281543801663403,Metaheuristic,DABC,,1,29,6,"[{""candidate_source"":""Metaheuristic"",""method"":""DABC"",""mode"":"""",""rep"":1,""objective"":8.281543801663403},{""candidate_source"":""Metaheuristic"",""method"":""DABC"",""mode"":"""",""rep"":2,""objective"":8.281543801663403},{""candidate_source"":""Metaheuristic"",""method"":""DABC"",""mode"":"""",""rep"":3,""objective"":8.281543801663403},{""candidate_source"":""Metaheuristic"",""method"":""DIWO"",""mode"":"""",""rep"":2,""objective"":8.281543801663403},{""candidate_source"":""Metaheuristic"",""method"":""DIWO"",""mode"":"""",""rep"":3,""objective"":8.281543801663403},{""candidate_source"":""Gurobi"",""method"":""Gurobi"",""mode"":"""",""rep"":"""",""objective"":8.281543801663412}]"
2,10,47,N10_K2_M12_I47,7.354605674743652,DRL,TDRL,sample1280,,29,11,"[{""candidate_source"":""DRL"",""method"":""TDRL"",""mode"":""sample1280"",""rep"":"""",""objective"":7.354605674743652},{""candidate_source"":""Metaheuristic"",""method"":""ALNS"",""mode"":"""",""rep"":1,""objective"":7.354606105187194},{""candidate_source"":""Metaheuristic"",""method"":""DABC"",""mode"":"""",""rep"":0,""objective"":7.354606105187194},{""candidate_source"":""Metaheuristic"",""method"":""DABC"",""mode"":"""",""rep"":1,""objective"":7.354606105187194},{""candidate_source"":""Metaheuristic"",""method"":""IGA"",""mode"":"""",""rep"":0,""objective"":7.354606105187194},{""candidate_source"":""Metaheuristic"",""method"":""IGA"",""mode"":"""",""rep"":1,""objective"":7.354606105187194},{""candidate_source"":""Metaheuristic"",""method"":""IGA"",""mode"":"""",""rep"":3,""objective"":7.354606105187194},{""candidate_source"":""Gurobi"",""method"":""Gurobi"",""mode"":"""",""rep"":"""",""objective"":7.354606105187197},{""candidate_source"":""DRL"",""method"":""AM"",""mode"":""sample1280"",""rep"":"""",""objective"":7.35460615158081},{""candidate_source"":""DRL"",""method"":""ECHO"",""mode"":""greedy"",""rep"":"""",""objective"":7.35460615158081},{""candidate_source"":""DRL"",""method"":""ECHO"",""mode"":""sample1280"",""rep"":"""",""objective"":7.35460615158081}]"
2,10,48,N10_K2_M12_I48,9.815303822844784,Metaheuristic,DABC,,0,29,3,"[{""candidate_source"":""Metaheuristic"",""method"":""DABC"",""mode"":"""",""rep"":0,""objective"":9.815303822844784},{""candidate_source"":""Metaheuristic"",""method"":""DABC"",""mode"":"""",""rep"":3,""objective"":9.815303822844784},{""candidate_source"":""Metaheuristic"",""method"":""IGA"",""mode"":"""",""rep"":0,""objective"":9.815303822844784}]"
2,10,49,N10_K2_M12_I49,7.466747167399103,Metaheuristic,DABC,,0,29,13,"[{""candidate_source"":""Metaheuristic"",""method"":""DABC"",""mode"":"""",""rep"":0,""objective"":7.466747167399103},{""candidate_source"":""Metaheuristic"",""method"":""DABC"",""mode"":"""",""rep"":1,""objective"":7.466747167399103},{""candidate_source"":""Metaheuristic"",""method"":""DABC"",""mode"":"""",""rep"":2,""objective"":7.466747167399103},{""candidate_source"":""Metaheuristic"",""method"":""DABC"",""mode"":"""",""rep"":3,""objective"":7.466747167399103},{""candidate_source"":""Metaheuristic"",""method"":""DIWO"",""mode"":"""",""rep"":0,""objective"":7.466747167399103},{""candidate_source"":""Metaheuristic"",""method"":""DIWO"",""mode"":"""",""rep"":1,""objective"":7.466747167399103},{""candidate_source"":""Metaheuristic"",""method"":""DIWO"",""mode"":"""",""rep"":2,""objective"":7.466747167399103},{""candidate_source"":""Metaheuristic"",""method"":""DIWO"",""mode"":"""",""rep"":3,""objective"":7.466747167399103},{""candidate_source"":""Metaheuristic"",""method"":""IGA"",""mode"":"""",""rep"":0,""objective"":7.466747167399103},{""candidate_source"":""Metaheuristic"",""method"":""IGA"",""mode"":"""",""rep"":1,""objective"":7.466747167399103},{""candidate_source"":""Metaheuristic"",""method"":""IGA"",""mode"":"""",""rep"":2,""objective"":7.466747167399103},{""candidate_source"":""Metaheuristic"",""method"":""IGA"",""mode"":"""",""rep"":3,""objective"":7.466747167399103},{""candidate_source"":""Gurobi"",""method"":""Gurobi"",""mode"":"""",""rep"":"""",""objective"":7.466747167399108}]"
2,10,50,N10_K2_M12_I50,8.64306061426152,Gurobi,Gurobi,,,29,10,"[{""candidate_source"":""Gurobi"",""method"":""Gurobi"",""mode"":"""",""rep"":"""",""objective"":8.64306061426152},{""candidate_source"":""Metaheuristic"",""method"":""DABC"",""mode"":"""",""rep"":0,""objective"":8.643060746935227},{""candidate_source"":""Metaheuristic"",""method"":""DABC"",""mode"":"""",""rep"":1,""objective"":8.643060746935227},{""candidate_source"":""Metaheuristic"",""method"":""DABC"",""mode"":"""",""rep"":2,""objective"":8.643060746935227},{""candidate_source"":""Metaheuristic"",""method"":""DABC"",""mode"":"""",""rep"":3,""objective"":8.643060746935227},{""candidate_source"":""Metaheuristic"",""method"":""DIWO"",""mode"":"""",""rep"":0,""objective"":8.643060746935227},{""candidate_source"":""Metaheuristic"",""method"":""DIWO"",""mode"":"""",""rep"":1,""objective"":8.643060746935227},{""candidate_source"":""Metaheuristic"",""method"":""DIWO"",""mode"":"""",""rep"":2,""objective"":8.643060746935227},{""candidate_source"":""Metaheuristic"",""method"":""DIWO"",""mode"":"""",""rep"":3,""objective"":8.643060746935227},{""candidate_source"":""Metaheuristic"",""method"":""IGA"",""mode"":"""",""rep"":1,""objective"":8.643060746935227}]"
2,10,51,N10_K2_M12_I51,9.06256846306507,Metaheuristic,DABC,,0,29,10,"[{""candidate_source"":""Metaheuristic"",""method"":""DABC"",""mode"":"""",""rep"":0,""objective"":9.06256846306507},{""candidate_source"":""Metaheuristic"",""method"":""DABC"",""mode"":"""",""rep"":1,""objective"":9.06256846306507},{""candidate_source"":""Metaheuristic"",""method"":""DABC"",""mode"":"""",""rep"":2,""objective"":9.06256846306507},{""candidate_source"":""Metaheuristic"",""method"":""DIWO"",""mode"":"""",""rep"":0,""objective"":9.06256846306507},{""candidate_source"":""Metaheuristic"",""method"":""DIWO"",""mode"":"""",""rep"":1,""objective"":9.06256846306507},{""candidate_source"":""Metaheuristic"",""method"":""DIWO"",""mode"":"""",""rep"":2,""objective"":9.06256846306507},{""candidate_source"":""Metaheuristic"",""method"":""DIWO"",""mode"":"""",""rep"":3,""objective"":9.06256846306507},{""candidate_source"":""Metaheuristic"",""method"":""IGA"",""mode"":"""",""rep"":0,""objective"":9.06256846306507},{""candidate_source"":""Metaheuristic"",""method"":""DABC"",""mode"":"""",""rep"":3,""objective"":9.062568463065071},{""candidate_source"":""Gurobi"",""method"":""Gurobi"",""mode"":"""",""rep"":"""",""objective"":9.062568463065078}]"
2,10,52,N10_K2_M12_I52,8.699170623510991,Metaheuristic,DABC,,0,29,14,"[{""candidate_source"":""Metaheuristic"",""method"":""DABC"",""mode"":"""",""rep"":0,""objective"":8.699170623510991},{""candidate_source"":""Metaheuristic"",""method"":""DABC"",""mode"":"""",""rep"":1,""objective"":8.699170623510991},{""candidate_source"":""Metaheuristic"",""method"":""DABC"",""mode"":"""",""rep"":2,""objective"":8.699170623510991},{""candidate_source"":""Metaheuristic"",""method"":""DABC"",""mode"":"""",""rep"":3,""objective"":8.699170623510991},{""candidate_source"":""Metaheuristic"",""method"":""DIWO"",""mode"":"""",""rep"":0,""objective"":8.699170623510991},{""candidate_source"":""Metaheuristic"",""method"":""DIWO"",""mode"":"""",""rep"":1,""objective"":8.699170623510991},{""candidate_source"":""Metaheuristic"",""method"":""DIWO"",""mode"":"""",""rep"":2,""objective"":8.699170623510991},{""candidate_source"":""Metaheuristic"",""method"":""IGA"",""mode"":"""",""rep"":0,""objective"":8.699170623510991},{""candidate_source"":""Metaheuristic"",""method"":""IGA"",""mode"":"""",""rep"":1,""objective"":8.699170623510991},{""candidate_source"":""Metaheuristic"",""method"":""IGA"",""mode"":"""",""rep"":2,""objective"":8.699170623510991},{""candidate_source"":""Metaheuristic"",""method"":""IGA"",""mode"":"""",""rep"":3,""objective"":8.699170623510991},{""candidate_source"":""Gurobi"",""method"":""Gurobi"",""mode"":"""",""rep"":"""",""objective"":8.699170623511005},{""candidate_source"":""DRL"",""method"":""ECHO"",""mode"":""sample1280"",""rep"":"""",""objective"":8.69917106628418},{""candidate_source"":""DRL"",""method"":""HDRL"",""mode"":""sample1280"",""rep"":"""",""objective"":8.69917106628418}]"
2,10,53,N10_K2_M12_I53,8.634753227233887,DRL,Co-HeT,greedy,,29,16,"[{""candidate_source"":""DRL"",""method"":""Co-HeT"",""mode"":""greedy"",""rep"":"""",""objective"":8.634753227233887},{""candidate_source"":""DRL"",""method"":""Co-HeT"",""mode"":""sample1280"",""rep"":"""",""objective"":8.634753227233887},{""candidate_source"":""DRL"",""method"":""HDRL"",""mode"":""sample1280"",""rep"":"""",""objective"":8.634753227233887},{""candidate_source"":""DRL"",""method"":""TDRL"",""mode"":""greedy"",""rep"":"""",""objective"":8.634753227233887},{""candidate_source"":""DRL"",""method"":""TDRL"",""mode"":""sample1280"",""rep"":"""",""objective"":8.634753227233887},{""candidate_source"":""Gurobi"",""method"":""Gurobi"",""mode"":"""",""rep"":"""",""objective"":8.63475341862786},{""candidate_source"":""Metaheuristic"",""method"":""ALNS"",""mode"":"""",""rep"":2,""objective"":8.634753418627863},{""candidate_source"":""Metaheuristic"",""method"":""DABC"",""mode"":"""",""rep"":0,""objective"":8.634753418627863},{""candidate_source"":""Metaheuristic"",""method"":""DABC"",""mode"":"""",""rep"":1,""objective"":8.634753418627863},{""candidate_source"":""Metaheuristic"",""method"":""DABC"",""mode"":"""",""rep"":2,""objective"":8.634753418627863},{""candidate_source"":""Metaheuristic"",""method"":""DABC"",""mode"":"""",""rep"":3,""objective"":8.634753418627863},{""candidate_source"":""Metaheuristic"",""method"":""DIWO"",""mode"":"""",""rep"":0,""objective"":8.634753418627863},{""candidate_source"":""Metaheuristic"",""method"":""DIWO"",""mode"":"""",""rep"":1,""objective"":8.634753418627863},{""candidate_source"":""Metaheuristic"",""method"":""DIWO"",""mode"":"""",""rep"":2,""objective"":8.634753418627863},{""candidate_source"":""Metaheuristic"",""method"":""DIWO"",""mode"":"""",""rep"":3,""objective"":8.634753418627863},{""candidate_source"":""Metaheuristic"",""method"":""IGA"",""mode"":"""",""rep"":3,""objective"":8.634753418627863}]"
2,10,54,N10_K2_M12_I54,8.14814636156166,Gurobi,Gurobi,,,29,8,"[{""candidate_source"":""Gurobi"",""method"":""Gurobi"",""mode"":"""",""rep"":"""",""objective"":8.14814636156166},{""candidate_source"":""Metaheuristic"",""method"":""ALNS"",""mode"":"""",""rep"":0,""objective"":8.148146361561661},{""candidate_source"":""Metaheuristic"",""method"":""ALNS"",""mode"":"""",""rep"":3,""objective"":8.148146361561661},{""candidate_source"":""Metaheuristic"",""method"":""DABC"",""mode"":"""",""rep"":0,""objective"":8.148146361561661},{""candidate_source"":""Metaheuristic"",""method"":""DABC"",""mode"":"""",""rep"":1,""objective"":8.148146361561661},{""candidate_source"":""Metaheuristic"",""method"":""DABC"",""mode"":"""",""rep"":3,""objective"":8.148146361561661},{""candidate_source"":""Metaheuristic"",""method"":""DIWO"",""mode"":"""",""rep"":0,""objective"":8.148146361561661},{""candidate_source"":""Metaheuristic"",""method"":""IGA"",""mode"":"""",""rep"":2,""objective"":8.148146361561661}]"
2,10,55,N10_K2_M12_I55,6.555525360677612,Gurobi,Gurobi,,,29,5,"[{""candidate_source"":""Gurobi"",""method"":""Gurobi"",""mode"":"""",""rep"":"""",""objective"":6.555525360677612},{""candidate_source"":""Metaheuristic"",""method"":""DIWO"",""mode"":"""",""rep"":0,""objective"":6.555525854795617},{""candidate_source"":""Metaheuristic"",""method"":""DIWO"",""mode"":"""",""rep"":1,""objective"":6.555525854795617},{""candidate_source"":""Metaheuristic"",""method"":""DIWO"",""mode"":"""",""rep"":2,""objective"":6.555525854795617},{""candidate_source"":""Metaheuristic"",""method"":""IGA"",""mode"":"""",""rep"":3,""objective"":6.555525854795617}]"
2,10,56,N10_K2_M12_I56,7.064470579413024,Gurobi,Gurobi,,,29,9,"[{""candidate_source"":""Gurobi"",""method"":""Gurobi"",""mode"":"""",""rep"":"""",""objective"":7.064470579413024},{""candidate_source"":""Metaheuristic"",""method"":""DIWO"",""mode"":"""",""rep"":0,""objective"":7.064470579413031},{""candidate_source"":""Metaheuristic"",""method"":""DIWO"",""mode"":"""",""rep"":1,""objective"":7.064470579413031},{""candidate_source"":""Metaheuristic"",""method"":""DABC"",""mode"":"""",""rep"":0,""objective"":7.064470579413032},{""candidate_source"":""Metaheuristic"",""method"":""DABC"",""mode"":"""",""rep"":1,""objective"":7.064470579413032},{""candidate_source"":""Metaheuristic"",""method"":""DABC"",""mode"":"""",""rep"":2,""objective"":7.064470579413032},{""candidate_source"":""Metaheuristic"",""method"":""DABC"",""mode"":"""",""rep"":3,""objective"":7.064470579413032},{""candidate_source"":""Metaheuristic"",""method"":""DIWO"",""mode"":"""",""rep"":2,""objective"":7.064470579413032},{""candidate_source"":""Metaheuristic"",""method"":""IGA"",""mode"":"""",""rep"":3,""objective"":7.064470579413032}]"
2,10,57,N10_K2_M12_I57,7.611406596854263,Metaheuristic,DABC,,0,29,12,"[{""candidate_source"":""Metaheuristic"",""method"":""DABC"",""mode"":"""",""rep"":0,""objective"":7.611406596854263},{""candidate_source"":""Metaheuristic"",""method"":""DABC"",""mode"":"""",""rep"":1,""objective"":7.611406596854263},{""candidate_source"":""Metaheuristic"",""method"":""DABC"",""mode"":"""",""rep"":3,""objective"":7.611406596854263},{""candidate_source"":""Metaheuristic"",""method"":""DIWO"",""mode"":"""",""rep"":1,""objective"":7.611406596854263},{""candidate_source"":""Metaheuristic"",""method"":""DIWO"",""mode"":"""",""rep"":3,""objective"":7.611406596854263},{""candidate_source"":""Metaheuristic"",""method"":""IGA"",""mode"":"""",""rep"":3,""objective"":7.611406596854263},{""candidate_source"":""Metaheuristic"",""method"":""ALNS"",""mode"":"""",""rep"":0,""objective"":7.611406596854264},{""candidate_source"":""Metaheuristic"",""method"":""ALNS"",""mode"":"""",""rep"":3,""objective"":7.611406596854264},{""candidate_source"":""Metaheuristic"",""method"":""DABC"",""mode"":"""",""rep"":2,""objective"":7.611406596854264},{""candidate_source"":""Metaheuristic"",""method"":""IGA"",""mode"":"""",""rep"":1,""objective"":7.611406596854264},{""candidate_source"":""Metaheuristic"",""method"":""IGA"",""mode"":"""",""rep"":2,""objective"":7.611406596854264},{""candidate_source"":""Gurobi"",""method"":""Gurobi"",""mode"":"""",""rep"":"""",""objective"":7.611406596854268}]"
2,10,58,N10_K2_M12_I58,6.830494768424138,Gurobi,Gurobi,,,29,16,"[{""candidate_source"":""Gurobi"",""method"":""Gurobi"",""mode"":"""",""rep"":"""",""objective"":6.830494768424138},{""candidate_source"":""Metaheuristic"",""method"":""ALNS"",""mode"":"""",""rep"":2,""objective"":6.83049479662184},{""candidate_source"":""Metaheuristic"",""method"":""DABC"",""mode"":"""",""rep"":0,""objective"":6.83049479662184},{""candidate_source"":""Metaheuristic"",""method"":""DABC"",""mode"":"""",""rep"":1,""objective"":6.83049479662184},{""candidate_source"":""Metaheuristic"",""method"":""DABC"",""mode"":"""",""rep"":2,""objective"":6.83049479662184},{""candidate_source"":""Metaheuristic"",""method"":""DABC"",""mode"":"""",""rep"":3,""objective"":6.83049479662184},{""candidate_source"":""Metaheuristic"",""method"":""DIWO"",""mode"":"""",""rep"":0,""objective"":6.83049479662184},{""candidate_source"":""Metaheuristic"",""method"":""DIWO"",""mode"":"""",""rep"":1,""objective"":6.83049479662184},{""candidate_source"":""Metaheuristic"",""method"":""DIWO"",""mode"":"""",""rep"":2,""objective"":6.83049479662184},{""candidate_source"":""Metaheuristic"",""method"":""DIWO"",""mode"":"""",""rep"":3,""objective"":6.83049479662184},{""candidate_source"":""Metaheuristic"",""method"":""IGA"",""mode"":"""",""rep"":0,""objective"":6.83049479662184},{""candidate_source"":""Metaheuristic"",""method"":""IGA"",""mode"":"""",""rep"":1,""objective"":6.83049479662184},{""candidate_source"":""Metaheuristic"",""method"":""IGA"",""mode"":"""",""rep"":2,""objective"":6.83049479662184},{""candidate_source"":""Metaheuristic"",""method"":""IGA"",""mode"":"""",""rep"":3,""objective"":6.83049479662184},{""candidate_source"":""DRL"",""method"":""Co-HeT"",""mode"":""sample1280"",""rep"":"""",""objective"":6.8304948806762695},{""candidate_source"":""DRL"",""method"":""Co-HeT"",""mode"":""greedy"",""rep"":"""",""objective"":6.830495357513428}]"
2,10,59,N10_K2_M12_I59,7.361499090709804,Gurobi,Gurobi,,,29,13,"[{""candidate_source"":""Gurobi"",""method"":""Gurobi"",""mode"":"""",""rep"":"""",""objective"":7.361499090709804},{""candidate_source"":""Metaheuristic"",""method"":""ALNS"",""mode"":"""",""rep"":1,""objective"":7.361499090709813},{""candidate_source"":""Metaheuristic"",""method"":""DABC"",""mode"":"""",""rep"":0,""objective"":7.361499090709813},{""candidate_source"":""Metaheuristic"",""method"":""DABC"",""mode"":"""",""rep"":1,""objective"":7.361499090709813},{""candidate_source"":""Metaheuristic"",""method"":""DABC"",""mode"":"""",""rep"":2,""objective"":7.361499090709813},{""candidate_source"":""Metaheuristic"",""method"":""DABC"",""mode"":"""",""rep"":3,""objective"":7.361499090709813},{""candidate_source"":""Metaheuristic"",""method"":""DIWO"",""mode"":"""",""rep"":0,""objective"":7.361499090709813},{""candidate_source"":""Metaheuristic"",""method"":""DIWO"",""mode"":"""",""rep"":1,""objective"":7.361499090709813},{""candidate_source"":""Metaheuristic"",""method"":""DIWO"",""mode"":"""",""rep"":2,""objective"":7.361499090709813},{""candidate_source"":""Metaheuristic"",""method"":""DIWO"",""mode"":"""",""rep"":3,""objective"":7.361499090709813},{""candidate_source"":""Metaheuristic"",""method"":""IGA"",""mode"":"""",""rep"":0,""objective"":7.361499090709813},{""candidate_source"":""Metaheuristic"",""method"":""IGA"",""mode"":"""",""rep"":2,""objective"":7.361499090709813},{""candidate_source"":""Metaheuristic"",""method"":""IGA"",""mode"":"""",""rep"":3,""objective"":7.361499090709813}]"
2,10,60,N10_K2_M12_I60,7.6489075272057345,Gurobi,Gurobi,,,29,8,"[{""candidate_source"":""Gurobi"",""method"":""Gurobi"",""mode"":"""",""rep"":"""",""objective"":7.6489075272057345},{""candidate_source"":""Metaheuristic"",""method"":""DABC"",""mode"":"""",""rep"":2,""objective"":7.6489075272057505},{""candidate_source"":""Metaheuristic"",""method"":""DIWO"",""mode"":"""",""rep"":0,""objective"":7.6489075272057505},{""candidate_source"":""Metaheuristic"",""method"":""DIWO"",""mode"":"""",""rep"":1,""objective"":7.6489075272057505},{""candidate_source"":""Metaheuristic"",""method"":""DIWO"",""mode"":"""",""rep"":2,""objective"":7.6489075272057505},{""candidate_source"":""Metaheuristic"",""method"":""DIWO"",""mode"":"""",""rep"":3,""objective"":7.6489075272057505},{""candidate_source"":""Metaheuristic"",""method"":""IGA"",""mode"":"""",""rep"":0,""objective"":7.6489075272057505},{""candidate_source"":""Metaheuristic"",""method"":""IGA"",""mode"":"""",""rep"":3,""objective"":7.6489075272057505}]"
2,10,61,N10_K2_M12_I61,9.3360349714663,Gurobi,Gurobi,,,29,8,"[{""candidate_source"":""Gurobi"",""method"":""Gurobi"",""mode"":"""",""rep"":"""",""objective"":9.3360349714663},{""candidate_source"":""Metaheuristic"",""method"":""ALNS"",""mode"":"""",""rep"":2,""objective"":9.3360350425037},{""candidate_source"":""Metaheuristic"",""method"":""DABC"",""mode"":"""",""rep"":0,""objective"":9.3360350425037},{""candidate_source"":""Metaheuristic"",""method"":""DABC"",""mode"":"""",""rep"":1,""objective"":9.3360350425037},{""candidate_source"":""Metaheuristic"",""method"":""DABC"",""mode"":"""",""rep"":2,""objective"":9.3360350425037},{""candidate_source"":""Metaheuristic"",""method"":""DABC"",""mode"":"""",""rep"":3,""objective"":9.3360350425037},{""candidate_source"":""Metaheuristic"",""method"":""DIWO"",""mode"":"""",""rep"":0,""objective"":9.3360350425037},{""candidate_source"":""Metaheuristic"",""method"":""IGA"",""mode"":"""",""rep"":1,""objective"":9.3360350425037}]"
2,10,62,N10_K2_M12_I62,6.717050976238757,Gurobi,Gurobi,,,29,3,"[{""candidate_source"":""Gurobi"",""method"":""Gurobi"",""mode"":"""",""rep"":"""",""objective"":6.717050976238757},{""candidate_source"":""Metaheuristic"",""method"":""DABC"",""mode"":"""",""rep"":3,""objective"":6.717050976238761},{""candidate_source"":""Metaheuristic"",""method"":""IGA"",""mode"":"""",""rep"":1,""objective"":6.717050976238761}]"
2,10,63,N10_K2_M12_I63,5.509180434298094,Gurobi,Gurobi,,,29,10,"[{""candidate_source"":""Gurobi"",""method"":""Gurobi"",""mode"":"""",""rep"":"""",""objective"":5.509180434298094},{""candidate_source"":""Metaheuristic"",""method"":""DABC"",""mode"":"""",""rep"":1,""objective"":5.509180434298119},{""candidate_source"":""Metaheuristic"",""method"":""DIWO"",""mode"":"""",""rep"":0,""objective"":5.509180434298119},{""candidate_source"":""Metaheuristic"",""method"":""DIWO"",""mode"":"""",""rep"":1,""objective"":5.509180434298119},{""candidate_source"":""Metaheuristic"",""method"":""DIWO"",""mode"":"""",""rep"":3,""objective"":5.509180434298119},{""candidate_source"":""Metaheuristic"",""method"":""DABC"",""mode"":"""",""rep"":0,""objective"":5.50918043429812},{""candidate_source"":""Metaheuristic"",""method"":""DABC"",""mode"":"""",""rep"":2,""objective"":5.50918043429812},{""candidate_source"":""Metaheuristic"",""method"":""DABC"",""mode"":"""",""rep"":3,""objective"":5.50918043429812},{""candidate_source"":""Metaheuristic"",""method"":""DIWO"",""mode"":"""",""rep"":2,""objective"":5.50918043429812},{""candidate_source"":""Metaheuristic"",""method"":""IGA"",""mode"":"""",""rep"":0,""objective"":5.50918043429812}]"
2,10,64,N10_K2_M12_I64,8.75999720827431,Gurobi,Gurobi,,,29,12,"[{""candidate_source"":""Gurobi"",""method"":""Gurobi"",""mode"":"""",""rep"":"""",""objective"":8.75999720827431},{""candidate_source"":""Metaheuristic"",""method"":""DIWO"",""mode"":"""",""rep"":0,""objective"":8.759997208274317},{""candidate_source"":""Metaheuristic"",""method"":""DIWO"",""mode"":"""",""rep"":1,""objective"":8.759997208274317},{""candidate_source"":""Metaheuristic"",""method"":""DIWO"",""mode"":"""",""rep"":2,""objective"":8.759997208274317},{""candidate_source"":""Metaheuristic"",""method"":""DIWO"",""mode"":"""",""rep"":3,""objective"":8.759997208274317},{""candidate_source"":""Metaheuristic"",""method"":""ALNS"",""mode"":"""",""rep"":0,""objective"":8.759997208274319},{""candidate_source"":""Metaheuristic"",""method"":""DABC"",""mode"":"""",""rep"":0,""objective"":8.759997208274319},{""candidate_source"":""Metaheuristic"",""method"":""DABC"",""mode"":"""",""rep"":1,""objective"":8.759997208274319},{""candidate_source"":""Metaheuristic"",""method"":""DABC"",""mode"":"""",""rep"":2,""objective"":8.759997208274319},{""candidate_source"":""Metaheuristic"",""method"":""DABC"",""mode"":"""",""rep"":3,""objective"":8.759997208274319},{""candidate_source"":""Metaheuristic"",""method"":""IGA"",""mode"":"""",""rep"":1,""objective"":8.759997208274319},{""candidate_source"":""Metaheuristic"",""method"":""IGA"",""mode"":"""",""rep"":2,""objective"":8.759997208274319}]"
2,10,65,N10_K2_M12_I65,7.890724685351836,Gurobi,Gurobi,,,29,11,"[{""candidate_source"":""Gurobi"",""method"":""Gurobi"",""mode"":"""",""rep"":"""",""objective"":7.890724685351836},{""candidate_source"":""Metaheuristic"",""method"":""ALNS"",""mode"":"""",""rep"":0,""objective"":7.890724685351836},{""candidate_source"":""Metaheuristic"",""method"":""ALNS"",""mode"":"""",""rep"":1,""objective"":7.890724685351836},{""candidate_source"":""Metaheuristic"",""method"":""DABC"",""mode"":"""",""rep"":1,""objective"":7.890724685351836},{""candidate_source"":""Metaheuristic"",""method"":""DIWO"",""mode"":"""",""rep"":0,""objective"":7.890724685351836},{""candidate_source"":""Metaheuristic"",""method"":""IGA"",""mode"":"""",""rep"":0,""objective"":7.890724685351836},{""candidate_source"":""Metaheuristic"",""method"":""IGA"",""mode"":"""",""rep"":1,""objective"":7.890724685351836},{""candidate_source"":""Metaheuristic"",""method"":""IGA"",""mode"":"""",""rep"":2,""objective"":7.890724685351836},{""candidate_source"":""Metaheuristic"",""method"":""DABC"",""mode"":"""",""rep"":0,""objective"":7.890724685351837},{""candidate_source"":""Metaheuristic"",""method"":""DABC"",""mode"":"""",""rep"":2,""objective"":7.890724685351837},{""candidate_source"":""Metaheuristic"",""method"":""DABC"",""mode"":"""",""rep"":3,""objective"":7.890724685351837}]"
2,10,66,N10_K2_M12_I66,8.352304458618164,DRL,AM,sample1280,,29,15,"[{""candidate_source"":""DRL"",""method"":""AM"",""mode"":""sample1280"",""rep"":"""",""objective"":8.352304458618164},{""candidate_source"":""DRL"",""method"":""Co-HeT"",""mode"":""sample1280"",""rep"":"""",""objective"":8.352304458618164},{""candidate_source"":""Metaheuristic"",""method"":""DIWO"",""mode"":"""",""rep"":0,""objective"":8.352304823520116},{""candidate_source"":""Metaheuristic"",""method"":""DIWO"",""mode"":"""",""rep"":1,""objective"":8.352304823520116},{""candidate_source"":""Metaheuristic"",""method"":""DIWO"",""mode"":"""",""rep"":2,""objective"":8.352304823520116},{""candidate_source"":""Metaheuristic"",""method"":""DIWO"",""mode"":"""",""rep"":3,""objective"":8.352304823520116},{""candidate_source"":""Metaheuristic"",""method"":""IGA"",""mode"":"""",""rep"":0,""objective"":8.352304823520116},{""candidate_source"":""Metaheuristic"",""method"":""ALNS"",""mode"":"""",""rep"":2,""objective"":8.352304823520118},{""candidate_source"":""Metaheuristic"",""method"":""DABC"",""mode"":"""",""rep"":0,""objective"":8.352304823520118},{""candidate_source"":""Metaheuristic"",""method"":""DABC"",""mode"":"""",""rep"":2,""objective"":8.352304823520118},{""candidate_source"":""Metaheuristic"",""method"":""DABC"",""mode"":"""",""rep"":3,""objective"":8.352304823520118},{""candidate_source"":""Metaheuristic"",""method"":""IGA"",""mode"":"""",""rep"":1,""objective"":8.352304823520118},{""candidate_source"":""Metaheuristic"",""method"":""IGA"",""mode"":"""",""rep"":2,""objective"":8.352304823520118},{""candidate_source"":""Metaheuristic"",""method"":""IGA"",""mode"":"""",""rep"":3,""objective"":8.352304823520118},{""candidate_source"":""Gurobi"",""method"":""Gurobi"",""mode"":"""",""rep"":"""",""objective"":8.352304823520122}]"
2,10,67,N10_K2_M12_I67,6.986643149533346,Metaheuristic,DIWO,,0,29,7,"[{""candidate_source"":""Metaheuristic"",""method"":""DIWO"",""mode"":"""",""rep"":0,""objective"":6.986643149533346},{""candidate_source"":""Metaheuristic"",""method"":""DIWO"",""mode"":"""",""rep"":3,""objective"":6.986643149533346},{""candidate_source"":""Metaheuristic"",""method"":""IGA"",""mode"":"""",""rep"":2,""objective"":6.986643149533346},{""candidate_source"":""Metaheuristic"",""method"":""DABC"",""mode"":"""",""rep"":3,""objective"":6.9866431495333465},{""candidate_source"":""Metaheuristic"",""method"":""IGA"",""mode"":"""",""rep"":3,""objective"":6.9866431495333465},{""candidate_source"":""Metaheuristic"",""method"":""DABC"",""mode"":"""",""rep"":2,""objective"":6.986643149533347},{""candidate_source"":""Gurobi"",""method"":""Gurobi"",""mode"":"""",""rep"":"""",""objective"":6.98664314953335}]"
2,10,68,N10_K2_M12_I68,7.637069048033927,Gurobi,Gurobi,,,29,9,"[{""candidate_source"":""Gurobi"",""method"":""Gurobi"",""mode"":"""",""rep"":"""",""objective"":7.637069048033927},{""candidate_source"":""Metaheuristic"",""method"":""DABC"",""mode"":"""",""rep"":0,""objective"":7.637069048034098},{""candidate_source"":""Metaheuristic"",""method"":""DABC"",""mode"":"""",""rep"":1,""objective"":7.637069048034098},{""candidate_source"":""Metaheuristic"",""method"":""DABC"",""mode"":"""",""rep"":3,""objective"":7.637069048034098},{""candidate_source"":""Metaheuristic"",""method"":""DIWO"",""mode"":"""",""rep"":0,""objective"":7.637069048034098},{""candidate_source"":""Metaheuristic"",""method"":""DIWO"",""mode"":"""",""rep"":1,""objective"":7.637069048034098},{""candidate_source"":""Metaheuristic"",""method"":""DIWO"",""mode"":"""",""rep"":2,""objective"":7.637069048034098},{""candidate_source"":""Metaheuristic"",""method"":""IGA"",""mode"":"""",""rep"":1,""objective"":7.637069048034098},{""candidate_source"":""Metaheuristic"",""method"":""IGA"",""mode"":"""",""rep"":3,""objective"":7.637069048034098}]"
2,10,69,N10_K2_M12_I69,9.112790183297935,Gurobi,Gurobi,,,29,11,"[{""candidate_source"":""Gurobi"",""method"":""Gurobi"",""mode"":"""",""rep"":"""",""objective"":9.112790183297935},{""candidate_source"":""Metaheuristic"",""method"":""DABC"",""mode"":"""",""rep"":0,""objective"":9.112790225235164},{""candidate_source"":""Metaheuristic"",""method"":""DABC"",""mode"":"""",""rep"":1,""objective"":9.112790225235164},{""candidate_source"":""Metaheuristic"",""method"":""DABC"",""mode"":"""",""rep"":2,""objective"":9.112790225235164},{""candidate_source"":""Metaheuristic"",""method"":""DABC"",""mode"":"""",""rep"":3,""objective"":9.112790225235164},{""candidate_source"":""Metaheuristic"",""method"":""DIWO"",""mode"":"""",""rep"":0,""objective"":9.112790225235164},{""candidate_source"":""Metaheuristic"",""method"":""DIWO"",""mode"":"""",""rep"":1,""objective"":9.112790225235164},{""candidate_source"":""Metaheuristic"",""method"":""DIWO"",""mode"":"""",""rep"":2,""objective"":9.112790225235164},{""candidate_source"":""Metaheuristic"",""method"":""DIWO"",""mode"":"""",""rep"":3,""objective"":9.112790225235164},{""candidate_source"":""Metaheuristic"",""method"":""IGA"",""mode"":"""",""rep"":2,""objective"":9.112790225235164},{""candidate_source"":""Metaheuristic"",""method"":""IGA"",""mode"":"""",""rep"":1,""objective"":9.112790225235166}]"
2,10,70,N10_K2_M12_I70,8.522823333740234,DRL,MVMoE,sample1280,,29,10,"[{""candidate_source"":""DRL"",""method"":""MVMoE"",""mode"":""sample1280"",""rep"":"""",""objective"":8.522823333740234},{""candidate_source"":""DRL"",""method"":""TDRL"",""mode"":""sample1280"",""rep"":"""",""objective"":8.522823333740234},{""candidate_source"":""Metaheuristic"",""method"":""DABC"",""mode"":"""",""rep"":0,""objective"":8.522823394057186},{""candidate_source"":""Metaheuristic"",""method"":""DABC"",""mode"":"""",""rep"":1,""objective"":8.522823394057186},{""candidate_source"":""Metaheuristic"",""method"":""DABC"",""mode"":"""",""rep"":2,""objective"":8.522823394057186},{""candidate_source"":""Metaheuristic"",""method"":""DIWO"",""mode"":"""",""rep"":0,""objective"":8.522823394057186},{""candidate_source"":""Metaheuristic"",""method"":""DIWO"",""mode"":"""",""rep"":1,""objective"":8.522823394057186},{""candidate_source"":""Metaheuristic"",""method"":""DIWO"",""mode"":"""",""rep"":2,""objective"":8.522823394057186},{""candidate_source"":""Metaheuristic"",""method"":""DIWO"",""mode"":"""",""rep"":3,""objective"":8.522823394057186},{""candidate_source"":""Gurobi"",""method"":""Gurobi"",""mode"":"""",""rep"":"""",""objective"":8.522823394057202}]"
2,10,71,N10_K2_M12_I71,7.458572387695312,DRL,Co-HeT,greedy,,29,10,"[{""candidate_source"":""DRL"",""method"":""Co-HeT"",""mode"":""greedy"",""rep"":"""",""objective"":7.458572387695312},{""candidate_source"":""Metaheuristic"",""method"":""ALNS"",""mode"":"""",""rep"":2,""objective"":7.458572802446442},{""candidate_source"":""Metaheuristic"",""method"":""DABC"",""mode"":"""",""rep"":0,""objective"":7.458572802446442},{""candidate_source"":""Metaheuristic"",""method"":""DIWO"",""mode"":"""",""rep"":0,""objective"":7.458572802446442},{""candidate_source"":""Metaheuristic"",""method"":""DIWO"",""mode"":"""",""rep"":3,""objective"":7.458572802446442},{""candidate_source"":""Metaheuristic"",""method"":""IGA"",""mode"":"""",""rep"":3,""objective"":7.458572802446442},{""candidate_source"":""Metaheuristic"",""method"":""DABC"",""mode"":"""",""rep"":2,""objective"":7.458572802446443},{""candidate_source"":""Metaheuristic"",""method"":""IGA"",""mode"":"""",""rep"":1,""objective"":7.458572802446443},{""candidate_source"":""Gurobi"",""method"":""Gurobi"",""mode"":"""",""rep"":"""",""objective"":7.458572802446446},{""candidate_source"":""DRL"",""method"":""Co-HeT"",""mode"":""sample1280"",""rep"":"""",""objective"":7.458573341369629}]"
2,10,72,N10_K2_M12_I72,7.479694902862383,Gurobi,Gurobi,,,29,9,"[{""candidate_source"":""Gurobi"",""method"":""Gurobi"",""mode"":"""",""rep"":"""",""objective"":7.479694902862383},{""candidate_source"":""Metaheuristic"",""method"":""DABC"",""mode"":"""",""rep"":0,""objective"":7.479694902862395},{""candidate_source"":""Metaheuristic"",""method"":""DABC"",""mode"":"""",""rep"":1,""objective"":7.479694902862395},{""candidate_source"":""Metaheuristic"",""method"":""DABC"",""mode"":"""",""rep"":3,""objective"":7.479694902862395},{""candidate_source"":""Metaheuristic"",""method"":""DIWO"",""mode"":"""",""rep"":0,""objective"":7.479694902862395},{""candidate_source"":""Metaheuristic"",""method"":""DIWO"",""mode"":"""",""rep"":1,""objective"":7.479694902862395},{""candidate_source"":""Metaheuristic"",""method"":""DIWO"",""mode"":"""",""rep"":2,""objective"":7.479694902862395},{""candidate_source"":""Metaheuristic"",""method"":""DIWO"",""mode"":"""",""rep"":3,""objective"":7.479694902862395},{""candidate_source"":""Metaheuristic"",""method"":""IGA"",""mode"":"""",""rep"":3,""objective"":7.479694902862395}]"
2,10,73,N10_K2_M12_I73,7.01715513399354,Gurobi,Gurobi,,,29,3,"[{""candidate_source"":""Gurobi"",""method"":""Gurobi"",""mode"":"""",""rep"":"""",""objective"":7.01715513399354},{""candidate_source"":""Metaheuristic"",""method"":""IGA"",""mode"":"""",""rep"":1,""objective"":7.017155133993544},{""candidate_source"":""Metaheuristic"",""method"":""IGA"",""mode"":"""",""rep"":3,""objective"":7.017155133993544}]"
2,10,74,N10_K2_M12_I74,5.807890500412073,Gurobi,Gurobi,,,29,15,"[{""candidate_source"":""Gurobi"",""method"":""Gurobi"",""mode"":"""",""rep"":"""",""objective"":5.807890500412073},{""candidate_source"":""Metaheuristic"",""method"":""ALNS"",""mode"":"""",""rep"":1,""objective"":5.807890553529704},{""candidate_source"":""Metaheuristic"",""method"":""ALNS"",""mode"":"""",""rep"":3,""objective"":5.807890553529704},{""candidate_source"":""Metaheuristic"",""method"":""DABC"",""mode"":"""",""rep"":0,""objective"":5.807890553529704},{""candidate_source"":""Metaheuristic"",""method"":""DABC"",""mode"":"""",""rep"":1,""objective"":5.807890553529704},{""candidate_source"":""Metaheuristic"",""method"":""DABC"",""mode"":"""",""rep"":2,""objective"":5.807890553529704},{""candidate_source"":""Metaheuristic"",""method"":""DABC"",""mode"":"""",""rep"":3,""objective"":5.807890553529704},{""candidate_source"":""Metaheuristic"",""method"":""DIWO"",""mode"":"""",""rep"":0,""objective"":5.807890553529704},{""candidate_source"":""Metaheuristic"",""method"":""DIWO"",""mode"":"""",""rep"":1,""objective"":5.807890553529704},{""candidate_source"":""Metaheuristic"",""method"":""DIWO"",""mode"":"""",""rep"":2,""objective"":5.807890553529704},{""candidate_source"":""Metaheuristic"",""method"":""DIWO"",""mode"":"""",""rep"":3,""objective"":5.807890553529704},{""candidate_source"":""Metaheuristic"",""method"":""IGA"",""mode"":"""",""rep"":0,""objective"":5.807890553529704},{""candidate_source"":""Metaheuristic"",""method"":""IGA"",""mode"":"""",""rep"":1,""objective"":5.807890553529704},{""candidate_source"":""Metaheuristic"",""method"":""IGA"",""mode"":"""",""rep"":2,""objective"":5.807890553529704},{""candidate_source"":""Metaheuristic"",""method"":""IGA"",""mode"":"""",""rep"":3,""objective"":5.807890553529704}]"
2,10,75,N10_K2_M12_I75,7.947829246520996,DRL,Co-HeT,sample1280,,29,10,"[{""candidate_source"":""DRL"",""method"":""Co-HeT"",""mode"":""sample1280"",""rep"":"""",""objective"":7.947829246520996},{""candidate_source"":""Metaheuristic"",""method"":""ALNS"",""mode"":"""",""rep"":0,""objective"":7.947829291729548},{""candidate_source"":""Metaheuristic"",""method"":""DABC"",""mode"":"""",""rep"":1,""objective"":7.947829291729548},{""candidate_source"":""Metaheuristic"",""method"":""DABC"",""mode"":"""",""rep"":2,""objective"":7.947829291729548},{""candidate_source"":""Metaheuristic"",""method"":""DIWO"",""mode"":"""",""rep"":0,""objective"":7.947829291729548},{""candidate_source"":""Metaheuristic"",""method"":""DIWO"",""mode"":"""",""rep"":1,""objective"":7.947829291729548},{""candidate_source"":""Metaheuristic"",""method"":""DIWO"",""mode"":"""",""rep"":2,""objective"":7.947829291729548},{""candidate_source"":""Metaheuristic"",""method"":""IGA"",""mode"":"""",""rep"":1,""objective"":7.947829291729548},{""candidate_source"":""Metaheuristic"",""method"":""IGA"",""mode"":"""",""rep"":2,""objective"":7.947829291729548},{""candidate_source"":""Gurobi"",""method"":""Gurobi"",""mode"":"""",""rep"":"""",""objective"":7.9478292917295486}]"
2,10,76,N10_K2_M12_I76,8.019559096281892,Gurobi,Gurobi,,,29,9,"[{""candidate_source"":""Gurobi"",""method"":""Gurobi"",""mode"":"""",""rep"":"""",""objective"":8.019559096281892},{""candidate_source"":""Metaheuristic"",""method"":""ALNS"",""mode"":"""",""rep"":0,""objective"":8.019559184020668},{""candidate_source"":""Metaheuristic"",""method"":""DABC"",""mode"":"""",""rep"":0,""objective"":8.019559184020668},{""candidate_source"":""Metaheuristic"",""method"":""DABC"",""mode"":"""",""rep"":3,""objective"":8.019559184020668},{""candidate_source"":""Metaheuristic"",""method"":""DIWO"",""mode"":"""",""rep"":1,""objective"":8.019559184020668},{""candidate_source"":""Metaheuristic"",""method"":""DIWO"",""mode"":"""",""rep"":2,""objective"":8.019559184020668},{""candidate_source"":""Metaheuristic"",""method"":""DIWO"",""mode"":"""",""rep"":3,""objective"":8.019559184020668},{""candidate_source"":""Metaheuristic"",""method"":""IGA"",""mode"":"""",""rep"":1,""objective"":8.019559184020668},{""candidate_source"":""Metaheuristic"",""method"":""IGA"",""mode"":"""",""rep"":3,""objective"":8.019559184020668}]"
2,10,77,N10_K2_M12_I77,8.45938437310109,Metaheuristic,ALNS,,1,29,9,"[{""candidate_source"":""Metaheuristic"",""method"":""ALNS"",""mode"":"""",""rep"":1,""objective"":8.45938437310109},{""candidate_source"":""Metaheuristic"",""method"":""DIWO"",""mode"":"""",""rep"":1,""objective"":8.45938437310109},{""candidate_source"":""Metaheuristic"",""method"":""DIWO"",""mode"":"""",""rep"":2,""objective"":8.45938437310109},{""candidate_source"":""Metaheuristic"",""method"":""DIWO"",""mode"":"""",""rep"":3,""objective"":8.45938437310109},{""candidate_source"":""Metaheuristic"",""method"":""IGA"",""mode"":"""",""rep"":0,""objective"":8.45938437310109},{""candidate_source"":""Metaheuristic"",""method"":""IGA"",""mode"":"""",""rep"":3,""objective"":8.45938437310109},{""candidate_source"":""Metaheuristic"",""method"":""DABC"",""mode"":"""",""rep"":0,""objective"":8.459384373101091},{""candidate_source"":""Metaheuristic"",""method"":""IGA"",""mode"":"""",""rep"":1,""objective"":8.459384373101091},{""candidate_source"":""Gurobi"",""method"":""Gurobi"",""mode"":"""",""rep"":"""",""objective"":8.459384373101095}]"
2,10,78,N10_K2_M12_I78,8.831343886646616,Gurobi,Gurobi,,,29,8,"[{""candidate_source"":""Gurobi"",""method"":""Gurobi"",""mode"":"""",""rep"":"""",""objective"":8.831343886646616},{""candidate_source"":""Metaheuristic"",""method"":""DABC"",""mode"":"""",""rep"":2,""objective"":8.831343886646646},{""candidate_source"":""Metaheuristic"",""method"":""DABC"",""mode"":"""",""rep"":3,""objective"":8.831343886646646},{""candidate_source"":""Metaheuristic"",""method"":""DIWO"",""mode"":"""",""rep"":0,""objective"":8.831343886646646},{""candidate_source"":""Metaheuristic"",""method"":""DIWO"",""mode"":"""",""rep"":1,""objective"":8.831343886646646},{""candidate_source"":""Metaheuristic"",""method"":""DIWO"",""mode"":"""",""rep"":2,""objective"":8.831343886646646},{""candidate_source"":""Metaheuristic"",""method"":""DIWO"",""mode"":"""",""rep"":3,""objective"":8.831343886646646},{""candidate_source"":""Metaheuristic"",""method"":""IGA"",""mode"":"""",""rep"":3,""objective"":8.831343886646646}]"
2,10,79,N10_K2_M12_I79,8.23182583122965,Gurobi,Gurobi,,,29,4,"[{""candidate_source"":""Gurobi"",""method"":""Gurobi"",""mode"":"""",""rep"":"""",""objective"":8.23182583122965},{""candidate_source"":""Metaheuristic"",""method"":""DABC"",""mode"":"""",""rep"":2,""objective"":8.231826272920731},{""candidate_source"":""Metaheuristic"",""method"":""DIWO"",""mode"":"""",""rep"":3,""objective"":8.231826272920731},{""candidate_source"":""Metaheuristic"",""method"":""DABC"",""mode"":"""",""rep"":3,""objective"":8.231826272920733}]"
2,10,80,N10_K2_M12_I80,5.257834910713029,Gurobi,Gurobi,,,29,15,"[{""candidate_source"":""Gurobi"",""method"":""Gurobi"",""mode"":"""",""rep"":"""",""objective"":5.257834910713029},{""candidate_source"":""DRL"",""method"":""Co-HeT"",""mode"":""sample1280"",""rep"":"""",""objective"":5.257834911346436},{""candidate_source"":""Metaheuristic"",""method"":""ALNS"",""mode"":"""",""rep"":3,""objective"":5.257834924949711},{""candidate_source"":""Metaheuristic"",""method"":""DABC"",""mode"":"""",""rep"":0,""objective"":5.257834924949711},{""candidate_source"":""Metaheuristic"",""method"":""DABC"",""mode"":"""",""rep"":1,""objective"":5.257834924949711},{""candidate_source"":""Metaheuristic"",""method"":""DABC"",""mode"":"""",""rep"":2,""objective"":5.257834924949711},{""candidate_source"":""Metaheuristic"",""method"":""DABC"",""mode"":"""",""rep"":3,""objective"":5.257834924949711},{""candidate_source"":""Metaheuristic"",""method"":""DIWO"",""mode"":"""",""rep"":0,""objective"":5.257834924949711},{""candidate_source"":""Metaheuristic"",""method"":""DIWO"",""mode"":"""",""rep"":1,""objective"":5.257834924949711},{""candidate_source"":""Metaheuristic"",""method"":""DIWO"",""mode"":"""",""rep"":2,""objective"":5.257834924949711},{""candidate_source"":""Metaheuristic"",""method"":""DIWO"",""mode"":"""",""rep"":3,""objective"":5.257834924949711},{""candidate_source"":""Metaheuristic"",""method"":""IGA"",""mode"":"""",""rep"":0,""objective"":5.257834924949711},{""candidate_source"":""Metaheuristic"",""method"":""IGA"",""mode"":"""",""rep"":1,""objective"":5.257834924949711},{""candidate_source"":""Metaheuristic"",""method"":""IGA"",""mode"":"""",""rep"":2,""objective"":5.257834924949711},{""candidate_source"":""Metaheuristic"",""method"":""IGA"",""mode"":"""",""rep"":3,""objective"":5.257834924949712}]"
2,10,81,N10_K2_M12_I81,7.612541609872746,Gurobi,Gurobi,,,29,15,"[{""candidate_source"":""Gurobi"",""method"":""Gurobi"",""mode"":"""",""rep"":"""",""objective"":7.612541609872746},{""candidate_source"":""DRL"",""method"":""TDRL"",""mode"":""sample1280"",""rep"":"""",""objective"":7.612541675567627},{""candidate_source"":""Metaheuristic"",""method"":""DIWO"",""mode"":"""",""rep"":0,""objective"":7.612541868694474},{""candidate_source"":""Metaheuristic"",""method"":""DIWO"",""mode"":"""",""rep"":1,""objective"":7.612541868694474},{""candidate_source"":""Metaheuristic"",""method"":""DIWO"",""mode"":"""",""rep"":2,""objective"":7.612541868694474},{""candidate_source"":""Metaheuristic"",""method"":""DIWO"",""mode"":"""",""rep"":3,""objective"":7.612541868694474},{""candidate_source"":""Metaheuristic"",""method"":""IGA"",""mode"":"""",""rep"":0,""objective"":7.612541868694474},{""candidate_source"":""Metaheuristic"",""method"":""IGA"",""mode"":"""",""rep"":2,""objective"":7.612541868694474},{""candidate_source"":""Metaheuristic"",""method"":""ALNS"",""mode"":"""",""rep"":3,""objective"":7.612541868694475},{""candidate_source"":""Metaheuristic"",""method"":""DABC"",""mode"":"""",""rep"":0,""objective"":7.612541868694475},{""candidate_source"":""Metaheuristic"",""method"":""DABC"",""mode"":"""",""rep"":2,""objective"":7.612541868694475},{""candidate_source"":""Metaheuristic"",""method"":""DABC"",""mode"":"""",""rep"":3,""objective"":7.612541868694475},{""candidate_source"":""Metaheuristic"",""method"":""IGA"",""mode"":"""",""rep"":1,""objective"":7.612541868694475},{""candidate_source"":""Metaheuristic"",""method"":""IGA"",""mode"":"""",""rep"":3,""objective"":7.612541868694475},{""candidate_source"":""DRL"",""method"":""HDRL"",""mode"":""sample1280"",""rep"":"""",""objective"":7.612542152404785}]"
2,10,82,N10_K2_M12_I82,7.203159320341033,Gurobi,Gurobi,,,29,16,"[{""candidate_source"":""Gurobi"",""method"":""Gurobi"",""mode"":"""",""rep"":"""",""objective"":7.203159320341033},{""candidate_source"":""Metaheuristic"",""method"":""ALNS"",""mode"":"""",""rep"":1,""objective"":7.20315932034104},{""candidate_source"":""Metaheuristic"",""method"":""ALNS"",""mode"":"""",""rep"":3,""objective"":7.20315932034104},{""candidate_source"":""Metaheuristic"",""method"":""DABC"",""mode"":"""",""rep"":1,""objective"":7.20315932034104},{""candidate_source"":""Metaheuristic"",""method"":""DABC"",""mode"":"""",""rep"":2,""objective"":7.20315932034104},{""candidate_source"":""Metaheuristic"",""method"":""DABC"",""mode"":"""",""rep"":3,""objective"":7.20315932034104},{""candidate_source"":""Metaheuristic"",""method"":""DIWO"",""mode"":"""",""rep"":0,""objective"":7.20315932034104},{""candidate_source"":""Metaheuristic"",""method"":""DIWO"",""mode"":"""",""rep"":1,""objective"":7.20315932034104},{""candidate_source"":""Metaheuristic"",""method"":""DIWO"",""mode"":"""",""rep"":2,""objective"":7.20315932034104},{""candidate_source"":""Metaheuristic"",""method"":""DIWO"",""mode"":"""",""rep"":3,""objective"":7.20315932034104},{""candidate_source"":""Metaheuristic"",""method"":""IGA"",""mode"":"""",""rep"":1,""objective"":7.20315932034104},{""candidate_source"":""Metaheuristic"",""method"":""IGA"",""mode"":"""",""rep"":2,""objective"":7.20315932034104},{""candidate_source"":""Metaheuristic"",""method"":""IGA"",""mode"":"""",""rep"":3,""objective"":7.20315932034104},{""candidate_source"":""Metaheuristic"",""method"":""IGA"",""mode"":"""",""rep"":0,""objective"":7.203159320341041},{""candidate_source"":""DRL"",""method"":""Co-HeT"",""mode"":""greedy"",""rep"":"""",""objective"":7.203159332275391},{""candidate_source"":""DRL"",""method"":""Co-HeT"",""mode"":""sample1280"",""rep"":"""",""objective"":7.203159332275391}]"
2,10,83,N10_K2_M12_I83,8.193588256835938,DRL,Co-HeT,sample1280,,29,13,"[{""candidate_source"":""DRL"",""method"":""Co-HeT"",""mode"":""sample1280"",""rep"":"""",""objective"":8.193588256835938},{""candidate_source"":""Metaheuristic"",""method"":""DABC"",""mode"":"""",""rep"":0,""objective"":8.193588621352694},{""candidate_source"":""Metaheuristic"",""method"":""DABC"",""mode"":"""",""rep"":1,""objective"":8.193588621352694},{""candidate_source"":""Metaheuristic"",""method"":""DABC"",""mode"":"""",""rep"":2,""objective"":8.193588621352694},{""candidate_source"":""Metaheuristic"",""method"":""DABC"",""mode"":"""",""rep"":3,""objective"":8.193588621352694},{""candidate_source"":""Metaheuristic"",""method"":""DIWO"",""mode"":"""",""rep"":0,""objective"":8.193588621352694},{""candidate_source"":""Metaheuristic"",""method"":""DIWO"",""mode"":"""",""rep"":1,""objective"":8.193588621352694},{""candidate_source"":""Metaheuristic"",""method"":""DIWO"",""mode"":"""",""rep"":2,""objective"":8.193588621352694},{""candidate_source"":""Metaheuristic"",""method"":""IGA"",""mode"":"""",""rep"":0,""objective"":8.193588621352694},{""candidate_source"":""Metaheuristic"",""method"":""IGA"",""mode"":"""",""rep"":2,""objective"":8.193588621352694},{""candidate_source"":""Metaheuristic"",""method"":""IGA"",""mode"":"""",""rep"":3,""objective"":8.193588621352694},{""candidate_source"":""Metaheuristic"",""method"":""ALNS"",""mode"":"""",""rep"":1,""objective"":8.193588621352696},{""candidate_source"":""Gurobi"",""method"":""Gurobi"",""mode"":"""",""rep"":"""",""objective"":8.1935886213527}]"
2,10,84,N10_K2_M12_I84,7.379188156845037,Gurobi,Gurobi,,,29,8,"[{""candidate_source"":""Gurobi"",""method"":""Gurobi"",""mode"":"""",""rep"":"""",""objective"":7.379188156845037},{""candidate_source"":""Metaheuristic"",""method"":""DABC"",""mode"":"""",""rep"":0,""objective"":7.379188156845055},{""candidate_source"":""Metaheuristic"",""method"":""DABC"",""mode"":"""",""rep"":1,""objective"":7.379188156845055},{""candidate_source"":""Metaheuristic"",""method"":""DABC"",""mode"":"""",""rep"":2,""objective"":7.379188156845055},{""candidate_source"":""Metaheuristic"",""method"":""DABC"",""mode"":"""",""rep"":3,""objective"":7.379188156845055},{""candidate_source"":""Metaheuristic"",""method"":""DIWO"",""mode"":"""",""rep"":0,""objective"":7.379188156845055},{""candidate_source"":""Metaheuristic"",""method"":""DIWO"",""mode"":"""",""rep"":1,""objective"":7.379188156845055},{""candidate_source"":""Metaheuristic"",""method"":""DIWO"",""mode"":"""",""rep"":3,""objective"":7.379188156845055}]"
2,10,85,N10_K2_M12_I85,7.968207897442041,Gurobi,Gurobi,,,29,9,"[{""candidate_source"":""Gurobi"",""method"":""Gurobi"",""mode"":"""",""rep"":"""",""objective"":7.968207897442041},{""candidate_source"":""Metaheuristic"",""method"":""DABC"",""mode"":"""",""rep"":1,""objective"":7.968207897442083},{""candidate_source"":""Metaheuristic"",""method"":""ALNS"",""mode"":"""",""rep"":1,""objective"":7.968207897442084},{""candidate_source"":""Metaheuristic"",""method"":""DABC"",""mode"":"""",""rep"":0,""objective"":7.968207897442084},{""candidate_source"":""Metaheuristic"",""method"":""DABC"",""mode"":"""",""rep"":2,""objective"":7.968207897442084},{""candidate_source"":""Metaheuristic"",""method"":""DABC"",""mode"":"""",""rep"":3,""objective"":7.968207897442084},{""candidate_source"":""Metaheuristic"",""method"":""DIWO"",""mode"":"""",""rep"":0,""objective"":7.968207897442084},{""candidate_source"":""Metaheuristic"",""method"":""DIWO"",""mode"":"""",""rep"":3,""objective"":7.968207897442084},{""candidate_source"":""Metaheuristic"",""method"":""IGA"",""mode"":"""",""rep"":3,""objective"":7.968207897442084}]"
2,10,86,N10_K2_M12_I86,7.702473376563734,Gurobi,Gurobi,,,29,12,"[{""candidate_source"":""Gurobi"",""method"":""Gurobi"",""mode"":"""",""rep"":"""",""objective"":7.702473376563734},{""candidate_source"":""Metaheuristic"",""method"":""DABC"",""mode"":"""",""rep"":0,""objective"":7.70247337656376},{""candidate_source"":""Metaheuristic"",""method"":""DABC"",""mode"":"""",""rep"":1,""objective"":7.70247337656376},{""candidate_source"":""Metaheuristic"",""method"":""DABC"",""mode"":"""",""rep"":2,""objective"":7.70247337656376},{""candidate_source"":""Metaheuristic"",""method"":""DABC"",""mode"":"""",""rep"":3,""objective"":7.70247337656376},{""candidate_source"":""Metaheuristic"",""method"":""DIWO"",""mode"":"""",""rep"":1,""objective"":7.70247337656376},{""candidate_source"":""Metaheuristic"",""method"":""DIWO"",""mode"":"""",""rep"":2,""objective"":7.70247337656376},{""candidate_source"":""Metaheuristic"",""method"":""DIWO"",""mode"":"""",""rep"":3,""objective"":7.70247337656376},{""candidate_source"":""Metaheuristic"",""method"":""IGA"",""mode"":"""",""rep"":0,""objective"":7.70247337656376},{""candidate_source"":""Metaheuristic"",""method"":""IGA"",""mode"":"""",""rep"":1,""objective"":7.70247337656376},{""candidate_source"":""Metaheuristic"",""method"":""IGA"",""mode"":"""",""rep"":2,""objective"":7.70247337656376},{""candidate_source"":""Metaheuristic"",""method"":""IGA"",""mode"":"""",""rep"":3,""objective"":7.70247337656376}]"
2,10,87,N10_K2_M12_I87,8.809186131124026,Gurobi,Gurobi,,,29,14,"[{""candidate_source"":""Gurobi"",""method"":""Gurobi"",""mode"":"""",""rep"":"""",""objective"":8.809186131124026},{""candidate_source"":""Metaheuristic"",""method"":""ALNS"",""mode"":"""",""rep"":1,""objective"":8.809186131124033},{""candidate_source"":""Metaheuristic"",""method"":""DABC"",""mode"":"""",""rep"":0,""objective"":8.809186131124033},{""candidate_source"":""Metaheuristic"",""method"":""DABC"",""mode"":"""",""rep"":1,""objective"":8.809186131124033},{""candidate_source"":""Metaheuristic"",""method"":""DABC"",""mode"":"""",""rep"":2,""objective"":8.809186131124033},{""candidate_source"":""Metaheuristic"",""method"":""DABC"",""mode"":"""",""rep"":3,""objective"":8.809186131124033},{""candidate_source"":""Metaheuristic"",""method"":""DIWO"",""mode"":"""",""rep"":0,""objective"":8.809186131124033},{""candidate_source"":""Metaheuristic"",""method"":""DIWO"",""mode"":"""",""rep"":1,""objective"":8.809186131124033},{""candidate_source"":""Metaheuristic"",""method"":""DIWO"",""mode"":"""",""rep"":2,""objective"":8.809186131124033},{""candidate_source"":""Metaheuristic"",""method"":""DIWO"",""mode"":"""",""rep"":3,""objective"":8.809186131124033},{""candidate_source"":""Metaheuristic"",""method"":""IGA"",""mode"":"""",""rep"":0,""objective"":8.809186131124033},{""candidate_source"":""Metaheuristic"",""method"":""IGA"",""mode"":"""",""rep"":1,""objective"":8.809186131124033},{""candidate_source"":""Metaheuristic"",""method"":""IGA"",""mode"":"""",""rep"":2,""objective"":8.809186131124033},{""candidate_source"":""Metaheuristic"",""method"":""IGA"",""mode"":"""",""rep"":3,""objective"":8.809186131124033}]"
2,10,88,N10_K2_M12_I88,8.711513061042144,Gurobi,Gurobi,,,29,9,"[{""candidate_source"":""Gurobi"",""method"":""Gurobi"",""mode"":"""",""rep"":"""",""objective"":8.711513061042144},{""candidate_source"":""Metaheuristic"",""method"":""ALNS"",""mode"":"""",""rep"":0,""objective"":8.71151326036632},{""candidate_source"":""Metaheuristic"",""method"":""DABC"",""mode"":"""",""rep"":0,""objective"":8.71151326036632},{""candidate_source"":""Metaheuristic"",""method"":""DABC"",""mode"":"""",""rep"":1,""objective"":8.71151326036632},{""candidate_source"":""Metaheuristic"",""method"":""DIWO"",""mode"":"""",""rep"":0,""objective"":8.71151326036632},{""candidate_source"":""Metaheuristic"",""method"":""DIWO"",""mode"":"""",""rep"":1,""objective"":8.71151326036632},{""candidate_source"":""Metaheuristic"",""method"":""DIWO"",""mode"":"""",""rep"":2,""objective"":8.71151326036632},{""candidate_source"":""Metaheuristic"",""method"":""DIWO"",""mode"":"""",""rep"":3,""objective"":8.71151326036632},{""candidate_source"":""Metaheuristic"",""method"":""IGA"",""mode"":"""",""rep"":0,""objective"":8.711513260366322}]"
2,10,89,N10_K2_M12_I89,8.128272252387552,Gurobi,Gurobi,,,29,7,"[{""candidate_source"":""Gurobi"",""method"":""Gurobi"",""mode"":"""",""rep"":"""",""objective"":8.128272252387552},{""candidate_source"":""Metaheuristic"",""method"":""DABC"",""mode"":"""",""rep"":1,""objective"":8.128272694949548},{""candidate_source"":""Metaheuristic"",""method"":""DABC"",""mode"":"""",""rep"":2,""objective"":8.128272694949548},{""candidate_source"":""Metaheuristic"",""method"":""DABC"",""mode"":"""",""rep"":3,""objective"":8.128272694949548},{""candidate_source"":""Metaheuristic"",""method"":""DIWO"",""mode"":"""",""rep"":2,""objective"":8.128272694949548},{""candidate_source"":""Metaheuristic"",""method"":""IGA"",""mode"":"""",""rep"":2,""objective"":8.128272694949548},{""candidate_source"":""Metaheuristic"",""method"":""IGA"",""mode"":"""",""rep"":3,""objective"":8.128272694949548}]"
2,10,90,N10_K2_M12_I90,6.534640775319687,Gurobi,Gurobi,,,29,15,"[{""candidate_source"":""Gurobi"",""method"":""Gurobi"",""mode"":"""",""rep"":"""",""objective"":6.534640775319687},{""candidate_source"":""Metaheuristic"",""method"":""ALNS"",""mode"":"""",""rep"":0,""objective"":6.534640785836085},{""candidate_source"":""Metaheuristic"",""method"":""ALNS"",""mode"":"""",""rep"":2,""objective"":6.534640785836085},{""candidate_source"":""Metaheuristic"",""method"":""DABC"",""mode"":"""",""rep"":0,""objective"":6.534640785836085},{""candidate_source"":""Metaheuristic"",""method"":""DABC"",""mode"":"""",""rep"":1,""objective"":6.534640785836085},{""candidate_source"":""Metaheuristic"",""method"":""DABC"",""mode"":"""",""rep"":2,""objective"":6.534640785836085},{""candidate_source"":""Metaheuristic"",""method"":""DABC"",""mode"":"""",""rep"":3,""objective"":6.534640785836085},{""candidate_source"":""Metaheuristic"",""method"":""DIWO"",""mode"":"""",""rep"":0,""objective"":6.534640785836085},{""candidate_source"":""Metaheuristic"",""method"":""DIWO"",""mode"":"""",""rep"":1,""objective"":6.534640785836085},{""candidate_source"":""Metaheuristic"",""method"":""DIWO"",""mode"":"""",""rep"":2,""objective"":6.534640785836085},{""candidate_source"":""Metaheuristic"",""method"":""DIWO"",""mode"":"""",""rep"":3,""objective"":6.534640785836085},{""candidate_source"":""Metaheuristic"",""method"":""IGA"",""mode"":"""",""rep"":0,""objective"":6.534640785836085},{""candidate_source"":""Metaheuristic"",""method"":""IGA"",""mode"":"""",""rep"":1,""objective"":6.534640785836085},{""candidate_source"":""Metaheuristic"",""method"":""IGA"",""mode"":"""",""rep"":3,""objective"":6.534640785836085},{""candidate_source"":""Metaheuristic"",""method"":""IGA"",""mode"":"""",""rep"":2,""objective"":6.5346407858360855}]"
2,10,91,N10_K2_M12_I91,6.511601573058418,Metaheuristic,ALNS,,2,29,2,"[{""candidate_source"":""Metaheuristic"",""method"":""ALNS"",""mode"":"""",""rep"":2,""objective"":6.511601573058418},{""candidate_source"":""Gurobi"",""method"":""Gurobi"",""mode"":"""",""rep"":"""",""objective"":6.511601573058422}]"
2,10,92,N10_K2_M12_I92,7.884751796722412,DRL,HDRL,sample1280,,29,15,"[{""candidate_source"":""DRL"",""method"":""HDRL"",""mode"":""sample1280"",""rep"":"""",""objective"":7.884751796722412},{""candidate_source"":""Metaheuristic"",""method"":""DABC"",""mode"":"""",""rep"":1,""objective"":7.884752178390032},{""candidate_source"":""Metaheuristic"",""method"":""DABC"",""mode"":"""",""rep"":2,""objective"":7.884752178390032},{""candidate_source"":""Metaheuristic"",""method"":""DABC"",""mode"":"""",""rep"":3,""objective"":7.884752178390032},{""candidate_source"":""Metaheuristic"",""method"":""DIWO"",""mode"":"""",""rep"":0,""objective"":7.884752178390032},{""candidate_source"":""Metaheuristic"",""method"":""DIWO"",""mode"":"""",""rep"":2,""objective"":7.884752178390032},{""candidate_source"":""Metaheuristic"",""method"":""DIWO"",""mode"":"""",""rep"":3,""objective"":7.884752178390032},{""candidate_source"":""Metaheuristic"",""method"":""ALNS"",""mode"":"""",""rep"":2,""objective"":7.884752178390033},{""candidate_source"":""Metaheuristic"",""method"":""DABC"",""mode"":"""",""rep"":0,""objective"":7.884752178390033},{""candidate_source"":""Metaheuristic"",""method"":""IGA"",""mode"":"""",""rep"":0,""objective"":7.884752178390033},{""candidate_source"":""Metaheuristic"",""method"":""IGA"",""mode"":"""",""rep"":3,""objective"":7.884752178390033},{""candidate_source"":""Gurobi"",""method"":""Gurobi"",""mode"":"""",""rep"":"""",""objective"":7.884752178390036},{""candidate_source"":""DRL"",""method"":""AM"",""mode"":""sample1280"",""rep"":"""",""objective"":7.88475227355957},{""candidate_source"":""DRL"",""method"":""MVMoE"",""mode"":""sample1280"",""rep"":"""",""objective"":7.88475227355957},{""candidate_source"":""DRL"",""method"":""TDRL"",""mode"":""sample1280"",""rep"":"""",""objective"":7.88475227355957}]"
2,10,93,N10_K2_M12_I93,7.780846594695557,Metaheuristic,ALNS,,3,29,9,"[{""candidate_source"":""Metaheuristic"",""method"":""ALNS"",""mode"":"""",""rep"":3,""objective"":7.780846594695557},{""candidate_source"":""Metaheuristic"",""method"":""DABC"",""mode"":"""",""rep"":0,""objective"":7.780846594695557},{""candidate_source"":""Metaheuristic"",""method"":""DABC"",""mode"":"""",""rep"":1,""objective"":7.780846594695557},{""candidate_source"":""Metaheuristic"",""method"":""DABC"",""mode"":"""",""rep"":2,""objective"":7.780846594695557},{""candidate_source"":""Metaheuristic"",""method"":""DABC"",""mode"":"""",""rep"":3,""objective"":7.780846594695557},{""candidate_source"":""Metaheuristic"",""method"":""DIWO"",""mode"":"""",""rep"":1,""objective"":7.780846594695557},{""candidate_source"":""Metaheuristic"",""method"":""DIWO"",""mode"":"""",""rep"":3,""objective"":7.780846594695557},{""candidate_source"":""Metaheuristic"",""method"":""IGA"",""mode"":"""",""rep"":3,""objective"":7.780846594695557},{""candidate_source"":""Gurobi"",""method"":""Gurobi"",""mode"":"""",""rep"":"""",""objective"":7.780846594695564}]"
2,10,94,N10_K2_M12_I94,9.288426180102768,Gurobi,Gurobi,,,29,8,"[{""candidate_source"":""Gurobi"",""method"":""Gurobi"",""mode"":"""",""rep"":"""",""objective"":9.288426180102768},{""candidate_source"":""Metaheuristic"",""method"":""DABC"",""mode"":"""",""rep"":0,""objective"":9.2884263088132},{""candidate_source"":""Metaheuristic"",""method"":""DABC"",""mode"":"""",""rep"":2,""objective"":9.2884263088132},{""candidate_source"":""Metaheuristic"",""method"":""DIWO"",""mode"":"""",""rep"":0,""objective"":9.2884263088132},{""candidate_source"":""Metaheuristic"",""method"":""DIWO"",""mode"":"""",""rep"":1,""objective"":9.2884263088132},{""candidate_source"":""Metaheuristic"",""method"":""DIWO"",""mode"":"""",""rep"":2,""objective"":9.2884263088132},{""candidate_source"":""Metaheuristic"",""method"":""DIWO"",""mode"":"""",""rep"":3,""objective"":9.2884263088132},{""candidate_source"":""DRL"",""method"":""HDRL"",""mode"":""sample1280"",""rep"":"""",""objective"":9.288426399230955}]"
2,10,95,N10_K2_M12_I95,7.709522724151611,DRL,Co-HeT,sample1280,,29,9,"[{""candidate_source"":""DRL"",""method"":""Co-HeT"",""mode"":""sample1280"",""rep"":"""",""objective"":7.709522724151611},{""candidate_source"":""Gurobi"",""method"":""Gurobi"",""mode"":"""",""rep"":"""",""objective"":7.709523452022278},{""candidate_source"":""Metaheuristic"",""method"":""DABC"",""mode"":"""",""rep"":0,""objective"":7.709523470039972},{""candidate_source"":""Metaheuristic"",""method"":""DABC"",""mode"":"""",""rep"":1,""objective"":7.709523470039972},{""candidate_source"":""Metaheuristic"",""method"":""DABC"",""mode"":"""",""rep"":3,""objective"":7.709523470039972},{""candidate_source"":""Metaheuristic"",""method"":""DIWO"",""mode"":"""",""rep"":1,""objective"":7.709523470039972},{""candidate_source"":""Metaheuristic"",""method"":""DIWO"",""mode"":"""",""rep"":3,""objective"":7.709523470039972},{""candidate_source"":""Metaheuristic"",""method"":""IGA"",""mode"":"""",""rep"":2,""objective"":7.709523470039972},{""candidate_source"":""Metaheuristic"",""method"":""IGA"",""mode"":"""",""rep"":3,""objective"":7.709523470039972}]"
2,10,96,N10_K2_M12_I96,7.980658451646384,Metaheuristic,DABC,,1,29,15,"[{""candidate_source"":""Metaheuristic"",""method"":""DABC"",""mode"":"""",""rep"":1,""objective"":7.980658451646384},{""candidate_source"":""Metaheuristic"",""method"":""DABC"",""mode"":"""",""rep"":2,""objective"":7.980658451646384},{""candidate_source"":""Metaheuristic"",""method"":""DABC"",""mode"":"""",""rep"":3,""objective"":7.980658451646384},{""candidate_source"":""Metaheuristic"",""method"":""DIWO"",""mode"":"""",""rep"":0,""objective"":7.980658451646384},{""candidate_source"":""Metaheuristic"",""method"":""DIWO"",""mode"":"""",""rep"":2,""objective"":7.980658451646384},{""candidate_source"":""Metaheuristic"",""method"":""DABC"",""mode"":"""",""rep"":0,""objective"":7.980658451646385},{""candidate_source"":""Gurobi"",""method"":""Gurobi"",""mode"":"""",""rep"":"""",""objective"":7.980658451646389},{""candidate_source"":""DRL"",""method"":""AM"",""mode"":""greedy"",""rep"":"""",""objective"":7.980658531188965},{""candidate_source"":""DRL"",""method"":""AM"",""mode"":""sample1280"",""rep"":"""",""objective"":7.980658531188965},{""candidate_source"":""DRL"",""method"":""ECHO"",""mode"":""greedy"",""rep"":"""",""objective"":7.980658531188965},{""candidate_source"":""DRL"",""method"":""ECHO"",""mode"":""sample1280"",""rep"":"""",""objective"":7.980658531188965},{""candidate_source"":""DRL"",""method"":""HDRL"",""mode"":""sample1280"",""rep"":"""",""objective"":7.980658531188965},{""candidate_source"":""DRL"",""method"":""MVMoE"",""mode"":""sample1280"",""rep"":"""",""objective"":7.980658531188965},{""candidate_source"":""DRL"",""method"":""TDRL"",""mode"":""greedy"",""rep"":"""",""objective"":7.980658531188965},{""candidate_source"":""DRL"",""method"":""TDRL"",""mode"":""sample1280"",""rep"":"""",""objective"":7.980658531188965}]"
2,10,97,N10_K2_M12_I97,7.3909189450521104,Gurobi,Gurobi,,,29,13,"[{""candidate_source"":""Gurobi"",""method"":""Gurobi"",""mode"":"""",""rep"":"""",""objective"":7.3909189450521104},{""candidate_source"":""Metaheuristic"",""method"":""DABC"",""mode"":"""",""rep"":0,""objective"":7.390918945052127},{""candidate_source"":""Metaheuristic"",""method"":""DABC"",""mode"":"""",""rep"":1,""objective"":7.390918945052127},{""candidate_source"":""Metaheuristic"",""method"":""DABC"",""mode"":"""",""rep"":2,""objective"":7.390918945052127},{""candidate_source"":""Metaheuristic"",""method"":""DABC"",""mode"":"""",""rep"":3,""objective"":7.390918945052127},{""candidate_source"":""Metaheuristic"",""method"":""DIWO"",""mode"":"""",""rep"":0,""objective"":7.390918945052127},{""candidate_source"":""Metaheuristic"",""method"":""DIWO"",""mode"":"""",""rep"":1,""objective"":7.390918945052127},{""candidate_source"":""Metaheuristic"",""method"":""DIWO"",""mode"":"""",""rep"":2,""objective"":7.390918945052127},{""candidate_source"":""Metaheuristic"",""method"":""DIWO"",""mode"":"""",""rep"":3,""objective"":7.390918945052127},{""candidate_source"":""Metaheuristic"",""method"":""IGA"",""mode"":"""",""rep"":2,""objective"":7.390918945052127},{""candidate_source"":""Metaheuristic"",""method"":""ALNS"",""mode"":"""",""rep"":0,""objective"":7.390918945052128},{""candidate_source"":""Metaheuristic"",""method"":""IGA"",""mode"":"""",""rep"":0,""objective"":7.390918945052128},{""candidate_source"":""Metaheuristic"",""method"":""IGA"",""mode"":"""",""rep"":1,""objective"":7.390918945052128}]"
2,10,98,N10_K2_M12_I98,7.410697808171169,Metaheuristic,ALNS,,0,29,10,"[{""candidate_source"":""Metaheuristic"",""method"":""ALNS"",""mode"":"""",""rep"":0,""objective"":7.410697808171169},{""candidate_source"":""Metaheuristic"",""method"":""DABC"",""mode"":"""",""rep"":0,""objective"":7.410697808171169},{""candidate_source"":""Metaheuristic"",""method"":""DABC"",""mode"":"""",""rep"":1,""objective"":7.410697808171169},{""candidate_source"":""Metaheuristic"",""method"":""DIWO"",""mode"":"""",""rep"":0,""objective"":7.410697808171169},{""candidate_source"":""Metaheuristic"",""method"":""DIWO"",""mode"":"""",""rep"":2,""objective"":7.410697808171169},{""candidate_source"":""Metaheuristic"",""method"":""DIWO"",""mode"":"""",""rep"":3,""objective"":7.410697808171169},{""candidate_source"":""Gurobi"",""method"":""Gurobi"",""mode"":"""",""rep"":"""",""objective"":7.41069780817117},{""candidate_source"":""Metaheuristic"",""method"":""ALNS"",""mode"":"""",""rep"":1,""objective"":7.41069780817117},{""candidate_source"":""Metaheuristic"",""method"":""DABC"",""mode"":"""",""rep"":2,""objective"":7.41069780817117},{""candidate_source"":""Metaheuristic"",""method"":""IGA"",""mode"":"""",""rep"":2,""objective"":7.41069780817117}]"
2,10,99,N10_K2_M12_I99,7.155461827015067,Gurobi,Gurobi,,,29,10,"[{""candidate_source"":""Gurobi"",""method"":""Gurobi"",""mode"":"""",""rep"":"""",""objective"":7.155461827015067},{""candidate_source"":""Metaheuristic"",""method"":""ALNS"",""mode"":"""",""rep"":2,""objective"":7.155461827015069},{""candidate_source"":""Metaheuristic"",""method"":""DABC"",""mode"":"""",""rep"":0,""objective"":7.155461827015069},{""candidate_source"":""Metaheuristic"",""method"":""DABC"",""mode"":"""",""rep"":1,""objective"":7.155461827015069},{""candidate_source"":""Metaheuristic"",""method"":""DABC"",""mode"":"""",""rep"":2,""objective"":7.155461827015069},{""candidate_source"":""Metaheuristic"",""method"":""DABC"",""mode"":"""",""rep"":3,""objective"":7.155461827015069},{""candidate_source"":""Metaheuristic"",""method"":""DIWO"",""mode"":"""",""rep"":0,""objective"":7.155461827015069},{""candidate_source"":""Metaheuristic"",""method"":""DIWO"",""mode"":"""",""rep"":1,""objective"":7.155461827015069},{""candidate_source"":""Metaheuristic"",""method"":""DIWO"",""mode"":"""",""rep"":2,""objective"":7.155461827015069},{""candidate_source"":""Metaheuristic"",""method"":""DIWO"",""mode"":"""",""rep"":3,""objective"":7.155461827015069}]"
2,10,100,N10_K2_M12_I100,8.67162407600949,Gurobi,Gurobi,,,29,9,"[{""candidate_source"":""Gurobi"",""method"":""Gurobi"",""mode"":"""",""rep"":"""",""objective"":8.67162407600949},{""candidate_source"":""Metaheuristic"",""method"":""DABC"",""mode"":"""",""rep"":0,""objective"":8.67162419739203},{""candidate_source"":""Metaheuristic"",""method"":""DABC"",""mode"":"""",""rep"":2,""objective"":8.67162419739203},{""candidate_source"":""Metaheuristic"",""method"":""DIWO"",""mode"":"""",""rep"":0,""objective"":8.67162419739203},{""candidate_source"":""Metaheuristic"",""method"":""DIWO"",""mode"":"""",""rep"":1,""objective"":8.67162419739203},{""candidate_source"":""Metaheuristic"",""method"":""DIWO"",""mode"":"""",""rep"":2,""objective"":8.67162419739203},{""candidate_source"":""Metaheuristic"",""method"":""DIWO"",""mode"":"""",""rep"":3,""objective"":8.67162419739203},{""candidate_source"":""Metaheuristic"",""method"":""IGA"",""mode"":"""",""rep"":0,""objective"":8.67162419739203},{""candidate_source"":""Metaheuristic"",""method"":""IGA"",""mode"":"""",""rep"":2,""objective"":8.671624197392031}]"
2,20,1,N20_K2_M12_I1,10.387736227099705,Gurobi,Gurobi,,,29,1,"[{""candidate_source"":""Gurobi"",""method"":""Gurobi"",""mode"":"""",""rep"":"""",""objective"":10.387736227099705}]"
2,20,2,N20_K2_M12_I2,10.415663909160518,Metaheuristic,DABC,,3,29,1,"[{""candidate_source"":""Metaheuristic"",""method"":""DABC"",""mode"":"""",""rep"":3,""objective"":10.415663909160518}]"
2,20,3,N20_K2_M12_I3,9.50480413048031,Metaheuristic,IGA,,2,29,1,"[{""candidate_source"":""Metaheuristic"",""method"":""IGA"",""mode"":"""",""rep"":2,""objective"":9.50480413048031}]"
2,20,4,N20_K2_M12_I4,8.144266535520975,Gurobi,Gurobi,,,29,2,"[{""candidate_source"":""Gurobi"",""method"":""Gurobi"",""mode"":"""",""rep"":"""",""objective"":8.144266535520975},{""candidate_source"":""Metaheuristic"",""method"":""IGA"",""mode"":"""",""rep"":1,""objective"":8.144266840894238}]"
2,20,5,N20_K2_M12_I5,9.14690868475009,Metaheuristic,ALNS,,2,29,2,"[{""candidate_source"":""Metaheuristic"",""method"":""ALNS"",""mode"":"""",""rep"":2,""objective"":9.14690868475009},{""candidate_source"":""Metaheuristic"",""method"":""IGA"",""mode"":"""",""rep"":3,""objective"":9.14690868475009}]"
2,20,6,N20_K2_M12_I6,11.010277971107955,Metaheuristic,IGA,,3,29,1,"[{""candidate_source"":""Metaheuristic"",""method"":""IGA"",""mode"":"""",""rep"":3,""objective"":11.010277971107955}]"
2,20,7,N20_K2_M12_I7,11.831584051604336,Metaheuristic,IGA,,2,29,1,"[{""candidate_source"":""Metaheuristic"",""method"":""IGA"",""mode"":"""",""rep"":2,""objective"":11.831584051604336}]"
2,20,8,N20_K2_M12_I8,10.961409750374138,Metaheuristic,IGA,,3,29,1,"[{""candidate_source"":""Metaheuristic"",""method"":""IGA"",""mode"":"""",""rep"":3,""objective"":10.961409750374138}]"
2,20,9,N20_K2_M12_I9,10.15610122680664,DRL,Co-HeT,greedy,,29,2,"[{""candidate_source"":""DRL"",""method"":""Co-HeT"",""mode"":""greedy"",""rep"":"""",""objective"":10.15610122680664},{""candidate_source"":""DRL"",""method"":""Co-HeT"",""mode"":""sample1280"",""rep"":"""",""objective"":10.15610122680664}]"
2,20,10,N20_K2_M12_I10,10.504801034599726,Gurobi,Gurobi,,,29,1,"[{""candidate_source"":""Gurobi"",""method"":""Gurobi"",""mode"":"""",""rep"":"""",""objective"":10.504801034599726}]"
2,20,11,N20_K2_M12_I11,10.468805249956947,Metaheuristic,IGA,,2,29,1,"[{""candidate_source"":""Metaheuristic"",""method"":""IGA"",""mode"":"""",""rep"":2,""objective"":10.468805249956947}]"
2,20,12,N20_K2_M12_I12,7.10261184163028,Gurobi,Gurobi,,,29,1,"[{""candidate_source"":""Gurobi"",""method"":""Gurobi"",""mode"":"""",""rep"":"""",""objective"":7.10261184163028}]"
2,20,13,N20_K2_M12_I13,10.046999278672656,Metaheuristic,IGA,,0,29,1,"[{""candidate_source"":""Metaheuristic"",""method"":""IGA"",""mode"":"""",""rep"":0,""objective"":10.046999278672656}]"
2,20,14,N20_K2_M12_I14,8.473517088502243,Gurobi,Gurobi,,,29,1,"[{""candidate_source"":""Gurobi"",""method"":""Gurobi"",""mode"":"""",""rep"":"""",""objective"":8.473517088502243}]"
2,20,15,N20_K2_M12_I15,9.084482477047723,Metaheuristic,IGA,,1,29,1,"[{""candidate_source"":""Metaheuristic"",""method"":""IGA"",""mode"":"""",""rep"":1,""objective"":9.084482477047723}]"
2,20,16,N20_K2_M12_I16,10.13935459064177,Metaheuristic,DIWO,,0,29,1,"[{""candidate_source"":""Metaheuristic"",""method"":""DIWO"",""mode"":"""",""rep"":0,""objective"":10.13935459064177}]"
2,20,17,N20_K2_M12_I17,9.41071605682373,DRL,Co-HeT,sample1280,,29,1,"[{""candidate_source"":""DRL"",""method"":""Co-HeT"",""mode"":""sample1280"",""rep"":"""",""objective"":9.41071605682373}]"
2,20,18,N20_K2_M12_I18,10.186709147047548,Gurobi,Gurobi,,,29,1,"[{""candidate_source"":""Gurobi"",""method"":""Gurobi"",""mode"":"""",""rep"":"""",""objective"":10.186709147047548}]"
2,20,19,N20_K2_M12_I19,9.18735759541978,Gurobi,Gurobi,,,29,1,"[{""candidate_source"":""Gurobi"",""method"":""Gurobi"",""mode"":"""",""rep"":"""",""objective"":9.18735759541978}]"
2,20,20,N20_K2_M12_I20,10.604408379444422,Gurobi,Gurobi,,,29,1,"[{""candidate_source"":""Gurobi"",""method"":""Gurobi"",""mode"":"""",""rep"":"""",""objective"":10.604408379444422}]"
2,20,21,N20_K2_M12_I21,10.928217877353038,Gurobi,Gurobi,,,29,1,"[{""candidate_source"":""Gurobi"",""method"":""Gurobi"",""mode"":"""",""rep"":"""",""objective"":10.928217877353038}]"
2,20,22,N20_K2_M12_I22,10.606020709177905,Metaheuristic,IGA,,2,29,1,"[{""candidate_source"":""Metaheuristic"",""method"":""IGA"",""mode"":"""",""rep"":2,""objective"":10.606020709177905}]"
2,20,23,N20_K2_M12_I23,11.519964446045398,Metaheuristic,IGA,,1,29,1,"[{""candidate_source"":""Metaheuristic"",""method"":""IGA"",""mode"":"""",""rep"":1,""objective"":11.519964446045398}]"
2,20,24,N20_K2_M12_I24,11.517216020972077,Gurobi,Gurobi,,,29,1,"[{""candidate_source"":""Gurobi"",""method"":""Gurobi"",""mode"":"""",""rep"":"""",""objective"":11.517216020972077}]"
2,20,25,N20_K2_M12_I25,9.134417024349087,Gurobi,Gurobi,,,29,1,"[{""candidate_source"":""Gurobi"",""method"":""Gurobi"",""mode"":"""",""rep"":"""",""objective"":9.134417024349087}]"
2,20,26,N20_K2_M12_I26,10.778371898036731,Metaheuristic,IGA,,1,29,1,"[{""candidate_source"":""Metaheuristic"",""method"":""IGA"",""mode"":"""",""rep"":1,""objective"":10.778371898036731}]"
2,20,27,N20_K2_M12_I27,9.268625423174178,Gurobi,Gurobi,,,29,1,"[{""candidate_source"":""Gurobi"",""method"":""Gurobi"",""mode"":"""",""rep"":"""",""objective"":9.268625423174178}]"
2,20,28,N20_K2_M12_I28,11.02858929721697,Metaheuristic,IGA,,0,29,1,"[{""candidate_source"":""Metaheuristic"",""method"":""IGA"",""mode"":"""",""rep"":0,""objective"":11.02858929721697}]"
2,20,29,N20_K2_M12_I29,10.625123085668289,Gurobi,Gurobi,,,29,2,"[{""candidate_source"":""Gurobi"",""method"":""Gurobi"",""mode"":"""",""rep"":"""",""objective"":10.625123085668289},{""candidate_source"":""Metaheuristic"",""method"":""IGA"",""mode"":"""",""rep"":2,""objective"":10.625123565377068}]"
2,20,30,N20_K2_M12_I30,9.519152850624335,Gurobi,Gurobi,,,29,1,"[{""candidate_source"":""Gurobi"",""method"":""Gurobi"",""mode"":"""",""rep"":"""",""objective"":9.519152850624335}]"
2,20,31,N20_K2_M12_I31,8.15932247997046,Gurobi,Gurobi,,,29,1,"[{""candidate_source"":""Gurobi"",""method"":""Gurobi"",""mode"":"""",""rep"":"""",""objective"":8.15932247997046}]"
2,20,32,N20_K2_M12_I32,7.424685403903448,Gurobi,Gurobi,,,29,1,"[{""candidate_source"":""Gurobi"",""method"":""Gurobi"",""mode"":"""",""rep"":"""",""objective"":7.424685403903448}]"
2,20,33,N20_K2_M12_I33,8.367276941636842,Metaheuristic,DIWO,,0,29,1,"[{""candidate_source"":""Metaheuristic"",""method"":""DIWO"",""mode"":"""",""rep"":0,""objective"":8.367276941636842}]"
2,20,34,N20_K2_M12_I34,10.72354076900072,Gurobi,Gurobi,,,29,1,"[{""candidate_source"":""Gurobi"",""method"":""Gurobi"",""mode"":"""",""rep"":"""",""objective"":10.72354076900072}]"
2,20,35,N20_K2_M12_I35,11.395750999450684,DRL,AM,sample1280,,29,1,"[{""candidate_source"":""DRL"",""method"":""AM"",""mode"":""sample1280"",""rep"":"""",""objective"":11.395750999450684}]"
2,20,36,N20_K2_M12_I36,8.962483388241887,Gurobi,Gurobi,,,29,1,"[{""candidate_source"":""Gurobi"",""method"":""Gurobi"",""mode"":"""",""rep"":"""",""objective"":8.962483388241887}]"
2,20,37,N20_K2_M12_I37,11.894951058088267,Gurobi,Gurobi,,,29,1,"[{""candidate_source"":""Gurobi"",""method"":""Gurobi"",""mode"":"""",""rep"":"""",""objective"":11.894951058088267}]"
2,20,38,N20_K2_M12_I38,9.333064856910497,Metaheuristic,DIWO,,2,29,1,"[{""candidate_source"":""Metaheuristic"",""method"":""DIWO"",""mode"":"""",""rep"":2,""objective"":9.333064856910497}]"
2,20,39,N20_K2_M12_I39,11.073467143134527,Metaheuristic,IGA,,1,29,1,"[{""candidate_source"":""Metaheuristic"",""method"":""IGA"",""mode"":"""",""rep"":1,""objective"":11.073467143134527}]"
2,20,40,N20_K2_M12_I40,9.63158511809626,Gurobi,Gurobi,,,29,1,"[{""candidate_source"":""Gurobi"",""method"":""Gurobi"",""mode"":"""",""rep"":"""",""objective"":9.63158511809626}]"
2,20,41,N20_K2_M12_I41,10.135488248590931,Gurobi,Gurobi,,,29,1,"[{""candidate_source"":""Gurobi"",""method"":""Gurobi"",""mode"":"""",""rep"":"""",""objective"":10.135488248590931}]"
2,20,42,N20_K2_M12_I42,10.690425105733818,Metaheuristic,DIWO,,1,29,1,"[{""candidate_source"":""Metaheuristic"",""method"":""DIWO"",""mode"":"""",""rep"":1,""objective"":10.690425105733818}]"
2,20,43,N20_K2_M12_I43,8.665807851263946,Gurobi,Gurobi,,,29,1,"[{""candidate_source"":""Gurobi"",""method"":""Gurobi"",""mode"":"""",""rep"":"""",""objective"":8.665807851263946}]"
2,20,44,N20_K2_M12_I44,10.864051179034035,Metaheuristic,ALNS,,1,29,1,"[{""candidate_source"":""Metaheuristic"",""method"":""ALNS"",""mode"":"""",""rep"":1,""objective"":10.864051179034035}]"
2,20,45,N20_K2_M12_I45,10.762644391552056,Gurobi,Gurobi,,,29,1,"[{""candidate_source"":""Gurobi"",""method"":""Gurobi"",""mode"":"""",""rep"":"""",""objective"":10.762644391552056}]"
2,20,46,N20_K2_M12_I46,7.23751205513071,Gurobi,Gurobi,,,29,1,"[{""candidate_source"":""Gurobi"",""method"":""Gurobi"",""mode"":"""",""rep"":"""",""objective"":7.23751205513071}]"
2,20,47,N20_K2_M12_I47,9.147461992914604,Gurobi,Gurobi,,,29,2,"[{""candidate_source"":""Gurobi"",""method"":""Gurobi"",""mode"":"""",""rep"":"""",""objective"":9.147461992914604},{""candidate_source"":""Metaheuristic"",""method"":""IGA"",""mode"":"""",""rep"":0,""objective"":9.14746233612687}]"
2,20,48,N20_K2_M12_I48,8.938954685767174,Metaheuristic,IGA,,1,29,1,"[{""candidate_source"":""Metaheuristic"",""method"":""IGA"",""mode"":"""",""rep"":1,""objective"":8.938954685767174}]"
2,20,49,N20_K2_M12_I49,9.665589950896754,Metaheuristic,IGA,,1,29,1,"[{""candidate_source"":""Metaheuristic"",""method"":""IGA"",""mode"":"""",""rep"":1,""objective"":9.665589950896754}]"
2,20,50,N20_K2_M12_I50,12.026184115641406,Metaheuristic,ALNS,,2,29,1,"[{""candidate_source"":""Metaheuristic"",""method"":""ALNS"",""mode"":"""",""rep"":2,""objective"":12.026184115641406}]"
2,20,51,N20_K2_M12_I51,10.735206081507874,Metaheuristic,IGA,,1,29,1,"[{""candidate_source"":""Metaheuristic"",""method"":""IGA"",""mode"":"""",""rep"":1,""objective"":10.735206081507874}]"
2,20,52,N20_K2_M12_I52,10.061135757106994,Metaheuristic,IGA,,2,29,1,"[{""candidate_source"":""Metaheuristic"",""method"":""IGA"",""mode"":"""",""rep"":2,""objective"":10.061135757106994}]"
2,20,53,N20_K2_M12_I53,9.95391339934168,Gurobi,Gurobi,,,29,1,"[{""candidate_source"":""Gurobi"",""method"":""Gurobi"",""mode"":"""",""rep"":"""",""objective"":9.95391339934168}]"
2,20,54,N20_K2_M12_I54,9.179852394051691,Metaheuristic,IGA,,1,29,1,"[{""candidate_source"":""Metaheuristic"",""method"":""IGA"",""mode"":"""",""rep"":1,""objective"":9.179852394051691}]"
2,20,55,N20_K2_M12_I55,11.136306263176788,Gurobi,Gurobi,,,29,1,"[{""candidate_source"":""Gurobi"",""method"":""Gurobi"",""mode"":"""",""rep"":"""",""objective"":11.136306263176788}]"
2,20,56,N20_K2_M12_I56,11.183882978153598,Gurobi,Gurobi,,,29,2,"[{""candidate_source"":""Gurobi"",""method"":""Gurobi"",""mode"":"""",""rep"":"""",""objective"":11.183882978153598},{""candidate_source"":""Metaheuristic"",""method"":""IGA"",""mode"":"""",""rep"":0,""objective"":11.183883252512445}]"
2,20,57,N20_K2_M12_I57,10.95820746793844,Gurobi,Gurobi,,,29,1,"[{""candidate_source"":""Gurobi"",""method"":""Gurobi"",""mode"":"""",""rep"":"""",""objective"":10.95820746793844}]"
2,20,58,N20_K2_M12_I58,8.609904005210394,Gurobi,Gurobi,,,29,1,"[{""candidate_source"":""Gurobi"",""method"":""Gurobi"",""mode"":"""",""rep"":"""",""objective"":8.609904005210394}]"
2,20,59,N20_K2_M12_I59,8.814342474103581,Gurobi,Gurobi,,,29,1,"[{""candidate_source"":""Gurobi"",""method"":""Gurobi"",""mode"":"""",""rep"":"""",""objective"":8.814342474103581}]"
2,20,60,N20_K2_M12_I60,9.193422351730518,Gurobi,Gurobi,,,29,2,"[{""candidate_source"":""Gurobi"",""method"":""Gurobi"",""mode"":"""",""rep"":"""",""objective"":9.193422351730518},{""candidate_source"":""Metaheuristic"",""method"":""IGA"",""mode"":"""",""rep"":2,""objective"":9.193422425979746}]"
2,20,61,N20_K2_M12_I61,10.00202260092664,Metaheuristic,IGA,,0,29,1,"[{""candidate_source"":""Metaheuristic"",""method"":""IGA"",""mode"":"""",""rep"":0,""objective"":10.00202260092664}]"
2,20,62,N20_K2_M12_I62,8.690761318629418,Gurobi,Gurobi,,,29,1,"[{""candidate_source"":""Gurobi"",""method"":""Gurobi"",""mode"":"""",""rep"":"""",""objective"":8.690761318629418}]"
2,20,63,N20_K2_M12_I63,10.21532364324247,Gurobi,Gurobi,,,29,1,"[{""candidate_source"":""Gurobi"",""method"":""Gurobi"",""mode"":"""",""rep"":"""",""objective"":10.21532364324247}]"
2,20,64,N20_K2_M12_I64,9.54479670987302,Metaheuristic,IGA,,2,29,1,"[{""candidate_source"":""Metaheuristic"",""method"":""IGA"",""mode"":"""",""rep"":2,""objective"":9.54479670987302}]"
2,20,65,N20_K2_M12_I65,12.027810585183516,Gurobi,Gurobi,,,29,1,"[{""candidate_source"":""Gurobi"",""method"":""Gurobi"",""mode"":"""",""rep"":"""",""objective"":12.027810585183516}]"
2,20,66,N20_K2_M12_I66,10.028446566090023,Gurobi,Gurobi,,,29,1,"[{""candidate_source"":""Gurobi"",""method"":""Gurobi"",""mode"":"""",""rep"":"""",""objective"":10.028446566090023}]"
2,20,67,N20_K2_M12_I67,9.593302689707588,Metaheuristic,IGA,,2,29,1,"[{""candidate_source"":""Metaheuristic"",""method"":""IGA"",""mode"":"""",""rep"":2,""objective"":9.593302689707588}]"
2,20,68,N20_K2_M12_I68,9.622837828668086,Gurobi,Gurobi,,,29,1,"[{""candidate_source"":""Gurobi"",""method"":""Gurobi"",""mode"":"""",""rep"":"""",""objective"":9.622837828668086}]"
2,20,69,N20_K2_M12_I69,10.378565868410732,Gurobi,Gurobi,,,29,2,"[{""candidate_source"":""Gurobi"",""method"":""Gurobi"",""mode"":"""",""rep"":"""",""objective"":10.378565868410732},{""candidate_source"":""Metaheuristic"",""method"":""IGA"",""mode"":"""",""rep"":2,""objective"":10.378566354658831}]"
2,20,70,N20_K2_M12_I70,9.742300033569336,DRL,Co-HeT,sample1280,,29,1,"[{""candidate_source"":""DRL"",""method"":""Co-HeT"",""mode"":""sample1280"",""rep"":"""",""objective"":9.742300033569336}]"
2,20,71,N20_K2_M12_I71,11.33243465423584,DRL,Co-HeT,sample1280,,29,1,"[{""candidate_source"":""DRL"",""method"":""Co-HeT"",""mode"":""sample1280"",""rep"":"""",""objective"":11.33243465423584}]"
2,20,72,N20_K2_M12_I72,10.131680534670586,Metaheuristic,DIWO,,2,29,1,"[{""candidate_source"":""Metaheuristic"",""method"":""DIWO"",""mode"":"""",""rep"":2,""objective"":10.131680534670586}]"
2,20,73,N20_K2_M12_I73,8.90725227162821,Metaheuristic,IGA,,1,29,1,"[{""candidate_source"":""Metaheuristic"",""method"":""IGA"",""mode"":"""",""rep"":1,""objective"":8.90725227162821}]"
2,20,74,N20_K2_M12_I74,10.129329986922656,Metaheuristic,IGA,,1,29,1,"[{""candidate_source"":""Metaheuristic"",""method"":""IGA"",""mode"":"""",""rep"":1,""objective"":10.129329986922656}]"
2,20,75,N20_K2_M12_I75,8.902437055317414,Gurobi,Gurobi,,,29,1,"[{""candidate_source"":""Gurobi"",""method"":""Gurobi"",""mode"":"""",""rep"":"""",""objective"":8.902437055317414}]"
2,20,76,N20_K2_M12_I76,11.63375913819036,Gurobi,Gurobi,,,29,2,"[{""candidate_source"":""Gurobi"",""method"":""Gurobi"",""mode"":"""",""rep"":"""",""objective"":11.63375913819036},{""candidate_source"":""Metaheuristic"",""method"":""IGA"",""mode"":"""",""rep"":3,""objective"":11.63375916947259}]"
2,20,77,N20_K2_M12_I77,9.26614627391095,Metaheuristic,IGA,,1,29,1,"[{""candidate_source"":""Metaheuristic"",""method"":""IGA"",""mode"":"""",""rep"":1,""objective"":9.26614627391095}]"
2,20,78,N20_K2_M12_I78,9.099996303400992,Gurobi,Gurobi,,,29,1,"[{""candidate_source"":""Gurobi"",""method"":""Gurobi"",""mode"":"""",""rep"":"""",""objective"":9.099996303400992}]"
2,20,79,N20_K2_M12_I79,10.54392097811992,Metaheuristic,IGA,,3,29,1,"[{""candidate_source"":""Metaheuristic"",""method"":""IGA"",""mode"":"""",""rep"":3,""objective"":10.54392097811992}]"
2,20,80,N20_K2_M12_I80,10.303517601602977,Gurobi,Gurobi,,,29,1,"[{""candidate_source"":""Gurobi"",""method"":""Gurobi"",""mode"":"""",""rep"":"""",""objective"":10.303517601602977}]"
2,20,81,N20_K2_M12_I81,10.114663710017965,Metaheuristic,IGA,,3,29,1,"[{""candidate_source"":""Metaheuristic"",""method"":""IGA"",""mode"":"""",""rep"":3,""objective"":10.114663710017965}]"
2,20,82,N20_K2_M12_I82,9.764349218910043,Gurobi,Gurobi,,,29,3,"[{""candidate_source"":""Gurobi"",""method"":""Gurobi"",""mode"":"""",""rep"":"""",""objective"":9.764349218910043},{""candidate_source"":""Metaheuristic"",""method"":""IGA"",""mode"":"""",""rep"":2,""objective"":9.764349248381569},{""candidate_source"":""Metaheuristic"",""method"":""IGA"",""mode"":"""",""rep"":3,""objective"":9.764349248381569}]"
2,20,83,N20_K2_M12_I83,10.282890127505572,Gurobi,Gurobi,,,29,1,"[{""candidate_source"":""Gurobi"",""method"":""Gurobi"",""mode"":"""",""rep"":"""",""objective"":10.282890127505572}]"
2,20,84,N20_K2_M12_I84,9.386692974622848,Metaheuristic,IGA,,1,29,1,"[{""candidate_source"":""Metaheuristic"",""method"":""IGA"",""mode"":"""",""rep"":1,""objective"":9.386692974622848}]"
2,20,85,N20_K2_M12_I85,11.41188318339472,Gurobi,Gurobi,,,29,1,"[{""candidate_source"":""Gurobi"",""method"":""Gurobi"",""mode"":"""",""rep"":"""",""objective"":11.41188318339472}]"
2,20,86,N20_K2_M12_I86,9.851409912109377,DRL,Co-HeT,sample1280,,29,1,"[{""candidate_source"":""DRL"",""method"":""Co-HeT"",""mode"":""sample1280"",""rep"":"""",""objective"":9.851409912109377}]"
2,20,87,N20_K2_M12_I87,8.851004409587535,Metaheuristic,IGA,,1,29,1,"[{""candidate_source"":""Metaheuristic"",""method"":""IGA"",""mode"":"""",""rep"":1,""objective"":8.851004409587535}]"
2,20,88,N20_K2_M12_I88,8.567623322776582,Gurobi,Gurobi,,,29,2,"[{""candidate_source"":""Gurobi"",""method"":""Gurobi"",""mode"":"""",""rep"":"""",""objective"":8.567623322776582},{""candidate_source"":""Metaheuristic"",""method"":""IGA"",""mode"":"""",""rep"":2,""objective"":8.567623322776637}]"
2,20,89,N20_K2_M12_I89,10.013391497829373,Metaheuristic,IGA,,1,29,1,"[{""candidate_source"":""Metaheuristic"",""method"":""IGA"",""mode"":"""",""rep"":1,""objective"":10.013391497829373}]"
2,20,90,N20_K2_M12_I90,10.742103827999628,Gurobi,Gurobi,,,29,1,"[{""candidate_source"":""Gurobi"",""method"":""Gurobi"",""mode"":"""",""rep"":"""",""objective"":10.742103827999628}]"
2,20,91,N20_K2_M12_I91,10.02365313550152,Gurobi,Gurobi,,,29,1,"[{""candidate_source"":""Gurobi"",""method"":""Gurobi"",""mode"":"""",""rep"":"""",""objective"":10.02365313550152}]"
2,20,92,N20_K2_M12_I92,8.448660657831404,Metaheuristic,IGA,,2,29,1,"[{""candidate_source"":""Metaheuristic"",""method"":""IGA"",""mode"":"""",""rep"":2,""objective"":8.448660657831404}]"
2,20,93,N20_K2_M12_I93,9.713720633572011,Metaheuristic,IGA,,3,29,1,"[{""candidate_source"":""Metaheuristic"",""method"":""IGA"",""mode"":"""",""rep"":3,""objective"":9.713720633572011}]"
2,20,94,N20_K2_M12_I94,8.928817102328285,Gurobi,Gurobi,,,29,1,"[{""candidate_source"":""Gurobi"",""method"":""Gurobi"",""mode"":"""",""rep"":"""",""objective"":8.928817102328285}]"
2,20,95,N20_K2_M12_I95,8.9774809470965,Gurobi,Gurobi,,,29,1,"[{""candidate_source"":""Gurobi"",""method"":""Gurobi"",""mode"":"""",""rep"":"""",""objective"":8.9774809470965}]"
2,20,96,N20_K2_M12_I96,9.380906418328484,Gurobi,Gurobi,,,29,1,"[{""candidate_source"":""Gurobi"",""method"":""Gurobi"",""mode"":"""",""rep"":"""",""objective"":9.380906418328484}]"
2,20,97,N20_K2_M12_I97,10.07817688487513,Metaheuristic,IGA,,0,29,1,"[{""candidate_source"":""Metaheuristic"",""method"":""IGA"",""mode"":"""",""rep"":0,""objective"":10.07817688487513}]"
2,20,98,N20_K2_M12_I98,8.85061081926743,Gurobi,Gurobi,,,29,3,"[{""candidate_source"":""Gurobi"",""method"":""Gurobi"",""mode"":"""",""rep"":"""",""objective"":8.85061081926743},{""candidate_source"":""Metaheuristic"",""method"":""IGA"",""mode"":"""",""rep"":0,""objective"":8.850610819267441},{""candidate_source"":""Metaheuristic"",""method"":""IGA"",""mode"":"""",""rep"":2,""objective"":8.850610819267441}]"
2,20,99,N20_K2_M12_I99,9.571002567780916,Gurobi,Gurobi,,,29,1,"[{""candidate_source"":""Gurobi"",""method"":""Gurobi"",""mode"":"""",""rep"":"""",""objective"":9.571002567780916}]"
2,20,100,N20_K2_M12_I100,9.901143074035645,DRL,Co-HeT,sample1280,,29,2,"[{""candidate_source"":""DRL"",""method"":""Co-HeT"",""mode"":""sample1280"",""rep"":"""",""objective"":9.901143074035645},{""candidate_source"":""DRL"",""method"":""HDRL"",""mode"":""sample1280"",""rep"":"""",""objective"":9.901143074035645}]"
2,50,1,N50_K2_M12_I1,13.779659207994234,Metaheuristic,IGA,,1,29,1,"[{""candidate_source"":""Metaheuristic"",""method"":""IGA"",""mode"":"""",""rep"":1,""objective"":13.779659207994234}]"
2,50,2,N50_K2_M12_I2,14.969707489013672,DRL,Co-HeT,sample1280,,29,1,"[{""candidate_source"":""DRL"",""method"":""Co-HeT"",""mode"":""sample1280"",""rep"":"""",""objective"":14.969707489013672}]"
2,50,3,N50_K2_M12_I3,15.383021160496432,Metaheuristic,IGA,,3,29,1,"[{""candidate_source"":""Metaheuristic"",""method"":""IGA"",""mode"":"""",""rep"":3,""objective"":15.383021160496432}]"
2,50,4,N50_K2_M12_I4,15.837926864624023,DRL,Co-HeT,sample1280,,29,1,"[{""candidate_source"":""DRL"",""method"":""Co-HeT"",""mode"":""sample1280"",""rep"":"""",""objective"":15.837926864624023}]"
2,50,5,N50_K2_M12_I5,17.070056915283203,DRL,Co-HeT,sample1280,,29,1,"[{""candidate_source"":""DRL"",""method"":""Co-HeT"",""mode"":""sample1280"",""rep"":"""",""objective"":17.070056915283203}]"
2,50,6,N50_K2_M12_I6,15.14133644104004,DRL,Co-HeT,sample1280,,29,1,"[{""candidate_source"":""DRL"",""method"":""Co-HeT"",""mode"":""sample1280"",""rep"":"""",""objective"":15.14133644104004}]"
2,50,7,N50_K2_M12_I7,15.03950309753418,DRL,Co-HeT,sample1280,,29,1,"[{""candidate_source"":""DRL"",""method"":""Co-HeT"",""mode"":""sample1280"",""rep"":"""",""objective"":15.03950309753418}]"
2,50,8,N50_K2_M12_I8,14.367427825927734,DRL,Co-HeT,sample1280,,29,1,"[{""candidate_source"":""DRL"",""method"":""Co-HeT"",""mode"":""sample1280"",""rep"":"""",""objective"":14.367427825927734}]"
2,50,9,N50_K2_M12_I9,17.227973783100484,Metaheuristic,IGA,,0,29,1,"[{""candidate_source"":""Metaheuristic"",""method"":""IGA"",""mode"":"""",""rep"":0,""objective"":17.227973783100484}]"
2,50,10,N50_K2_M12_I10,14.663854665104305,Metaheuristic,IGA,,1,29,1,"[{""candidate_source"":""Metaheuristic"",""method"":""IGA"",""mode"":"""",""rep"":1,""objective"":14.663854665104305}]"
2,50,11,N50_K2_M12_I11,15.739477670601389,Metaheuristic,IGA,,2,29,1,"[{""candidate_source"":""Metaheuristic"",""method"":""IGA"",""mode"":"""",""rep"":2,""objective"":15.739477670601389}]"
2,50,12,N50_K2_M12_I12,14.728625297546388,DRL,Co-HeT,sample1280,,29,1,"[{""candidate_source"":""DRL"",""method"":""Co-HeT"",""mode"":""sample1280"",""rep"":"""",""objective"":14.728625297546388}]"
2,50,13,N50_K2_M12_I13,16.819211959838867,DRL,Co-HeT,sample1280,,29,1,"[{""candidate_source"":""DRL"",""method"":""Co-HeT"",""mode"":""sample1280"",""rep"":"""",""objective"":16.819211959838867}]"
2,50,14,N50_K2_M12_I14,15.975650515833728,Metaheuristic,IGA,,2,29,1,"[{""candidate_source"":""Metaheuristic"",""method"":""IGA"",""mode"":"""",""rep"":2,""objective"":15.975650515833728}]"
2,50,15,N50_K2_M12_I15,14.28626667269874,Metaheuristic,IGA,,1,29,1,"[{""candidate_source"":""Metaheuristic"",""method"":""IGA"",""mode"":"""",""rep"":1,""objective"":14.28626667269874}]"
2,50,16,N50_K2_M12_I16,15.011433601379396,DRL,Co-HeT,sample1280,,29,1,"[{""candidate_source"":""DRL"",""method"":""Co-HeT"",""mode"":""sample1280"",""rep"":"""",""objective"":15.011433601379396}]"
2,50,17,N50_K2_M12_I17,13.474429132945945,Metaheuristic,IGA,,1,29,1,"[{""candidate_source"":""Metaheuristic"",""method"":""IGA"",""mode"":"""",""rep"":1,""objective"":13.474429132945945}]"
2,50,18,N50_K2_M12_I18,14.360389709472656,DRL,Co-HeT,sample1280,,29,1,"[{""candidate_source"":""DRL"",""method"":""Co-HeT"",""mode"":""sample1280"",""rep"":"""",""objective"":14.360389709472656}]"
2,50,19,N50_K2_M12_I19,16.337875366210938,DRL,Co-HeT,sample1280,,29,1,"[{""candidate_source"":""DRL"",""method"":""Co-HeT"",""mode"":""sample1280"",""rep"":"""",""objective"":16.337875366210938}]"
2,50,20,N50_K2_M12_I20,16.3212348542293,Metaheuristic,IGA,,3,29,1,"[{""candidate_source"":""Metaheuristic"",""method"":""IGA"",""mode"":"""",""rep"":3,""objective"":16.3212348542293}]"
2,50,21,N50_K2_M12_I21,16.76668930053711,DRL,Co-HeT,sample1280,,29,1,"[{""candidate_source"":""DRL"",""method"":""Co-HeT"",""mode"":""sample1280"",""rep"":"""",""objective"":16.76668930053711}]"
2,50,22,N50_K2_M12_I22,14.41786766052246,DRL,Co-HeT,sample1280,,29,1,"[{""candidate_source"":""DRL"",""method"":""Co-HeT"",""mode"":""sample1280"",""rep"":"""",""objective"":14.41786766052246}]"
2,50,23,N50_K2_M12_I23,13.672842025756836,DRL,Co-HeT,sample1280,,29,1,"[{""candidate_source"":""DRL"",""method"":""Co-HeT"",""mode"":""sample1280"",""rep"":"""",""objective"":13.672842025756836}]"
2,50,24,N50_K2_M12_I24,12.856556787105072,Metaheuristic,IGA,,2,29,1,"[{""candidate_source"":""Metaheuristic"",""method"":""IGA"",""mode"":"""",""rep"":2,""objective"":12.856556787105072}]"
2,50,25,N50_K2_M12_I25,14.650301933288574,DRL,Co-HeT,sample1280,,29,1,"[{""candidate_source"":""DRL"",""method"":""Co-HeT"",""mode"":""sample1280"",""rep"":"""",""objective"":14.650301933288574}]"
2,50,26,N50_K2_M12_I26,16.737407684326172,DRL,Co-HeT,sample1280,,29,1,"[{""candidate_source"":""DRL"",""method"":""Co-HeT"",""mode"":""sample1280"",""rep"":"""",""objective"":16.737407684326172}]"
2,50,27,N50_K2_M12_I27,15.5103178024292,DRL,Co-HeT,sample1280,,29,1,"[{""candidate_source"":""DRL"",""method"":""Co-HeT"",""mode"":""sample1280"",""rep"":"""",""objective"":15.5103178024292}]"
2,50,28,N50_K2_M12_I28,16.790122985839844,DRL,Co-HeT,sample1280,,29,1,"[{""candidate_source"":""DRL"",""method"":""Co-HeT"",""mode"":""sample1280"",""rep"":"""",""objective"":16.790122985839844}]"
2,50,29,N50_K2_M12_I29,17.097026824951172,DRL,Co-HeT,sample1280,,29,1,"[{""candidate_source"":""DRL"",""method"":""Co-HeT"",""mode"":""sample1280"",""rep"":"""",""objective"":17.097026824951172}]"
2,50,30,N50_K2_M12_I30,14.68577480316162,DRL,Co-HeT,sample1280,,29,1,"[{""candidate_source"":""DRL"",""method"":""Co-HeT"",""mode"":""sample1280"",""rep"":"""",""objective"":14.68577480316162}]"
2,50,31,N50_K2_M12_I31,12.810611724853516,DRL,Co-HeT,sample1280,,29,1,"[{""candidate_source"":""DRL"",""method"":""Co-HeT"",""mode"":""sample1280"",""rep"":"""",""objective"":12.810611724853516}]"
2,50,32,N50_K2_M12_I32,11.88365364074707,DRL,Co-HeT,sample1280,,29,1,"[{""candidate_source"":""DRL"",""method"":""Co-HeT"",""mode"":""sample1280"",""rep"":"""",""objective"":11.88365364074707}]"
2,50,33,N50_K2_M12_I33,14.555395126342772,DRL,Co-HeT,sample1280,,29,1,"[{""candidate_source"":""DRL"",""method"":""Co-HeT"",""mode"":""sample1280"",""rep"":"""",""objective"":14.555395126342772}]"
2,50,34,N50_K2_M12_I34,16.0112427488809,Metaheuristic,IGA,,3,29,1,"[{""candidate_source"":""Metaheuristic"",""method"":""IGA"",""mode"":"""",""rep"":3,""objective"":16.0112427488809}]"
2,50,35,N50_K2_M12_I35,15.77580379992255,Metaheuristic,IGA,,3,29,1,"[{""candidate_source"":""Metaheuristic"",""method"":""IGA"",""mode"":"""",""rep"":3,""objective"":15.77580379992255}]"
2,50,36,N50_K2_M12_I36,13.198009000675697,Metaheuristic,IGA,,1,29,1,"[{""candidate_source"":""Metaheuristic"",""method"":""IGA"",""mode"":"""",""rep"":1,""objective"":13.198009000675697}]"
2,50,37,N50_K2_M12_I37,15.321008682250977,DRL,Co-HeT,sample1280,,29,1,"[{""candidate_source"":""DRL"",""method"":""Co-HeT"",""mode"":""sample1280"",""rep"":"""",""objective"":15.321008682250977}]"
2,50,38,N50_K2_M12_I38,14.944655418395996,DRL,Co-HeT,sample1280,,29,1,"[{""candidate_source"":""DRL"",""method"":""Co-HeT"",""mode"":""sample1280"",""rep"":"""",""objective"":14.944655418395996}]"
2,50,39,N50_K2_M12_I39,13.709134101867676,DRL,Co-HeT,sample1280,,29,1,"[{""candidate_source"":""DRL"",""method"":""Co-HeT"",""mode"":""sample1280"",""rep"":"""",""objective"":13.709134101867676}]"
2,50,40,N50_K2_M12_I40,17.45436668395996,DRL,Co-HeT,sample1280,,29,1,"[{""candidate_source"":""DRL"",""method"":""Co-HeT"",""mode"":""sample1280"",""rep"":"""",""objective"":17.45436668395996}]"
2,50,41,N50_K2_M12_I41,14.50544939650749,Metaheuristic,IGA,,2,29,1,"[{""candidate_source"":""Metaheuristic"",""method"":""IGA"",""mode"":"""",""rep"":2,""objective"":14.50544939650749}]"
2,50,42,N50_K2_M12_I42,15.475391387939451,DRL,Co-HeT,sample1280,,29,1,"[{""candidate_source"":""DRL"",""method"":""Co-HeT"",""mode"":""sample1280"",""rep"":"""",""objective"":15.475391387939451}]"
2,50,43,N50_K2_M12_I43,15.967313565476452,Metaheuristic,IGA,,2,29,1,"[{""candidate_source"":""Metaheuristic"",""method"":""IGA"",""mode"":"""",""rep"":2,""objective"":15.967313565476452}]"
2,50,44,N50_K2_M12_I44,14.276342391967772,DRL,Co-HeT,sample1280,,29,1,"[{""candidate_source"":""DRL"",""method"":""Co-HeT"",""mode"":""sample1280"",""rep"":"""",""objective"":14.276342391967772}]"
2,50,45,N50_K2_M12_I45,15.934377670288086,DRL,Co-HeT,sample1280,,29,1,"[{""candidate_source"":""DRL"",""method"":""Co-HeT"",""mode"":""sample1280"",""rep"":"""",""objective"":15.934377670288086}]"
2,50,46,N50_K2_M12_I46,16.03384017944336,DRL,Co-HeT,sample1280,,29,1,"[{""candidate_source"":""DRL"",""method"":""Co-HeT"",""mode"":""sample1280"",""rep"":"""",""objective"":16.03384017944336}]"
2,50,47,N50_K2_M12_I47,15.509042248607006,Metaheuristic,IGA,,0,29,1,"[{""candidate_source"":""Metaheuristic"",""method"":""IGA"",""mode"":"""",""rep"":0,""objective"":15.509042248607006}]"
2,50,48,N50_K2_M12_I48,11.67228858847885,Metaheuristic,IGA,,2,29,1,"[{""candidate_source"":""Metaheuristic"",""method"":""IGA"",""mode"":"""",""rep"":2,""objective"":11.67228858847885}]"
2,50,49,N50_K2_M12_I49,12.503193716154142,Metaheuristic,IGA,,3,29,1,"[{""candidate_source"":""Metaheuristic"",""method"":""IGA"",""mode"":"""",""rep"":3,""objective"":12.503193716154142}]"
2,50,50,N50_K2_M12_I50,13.791443692462698,Metaheuristic,IGA,,3,29,1,"[{""candidate_source"":""Metaheuristic"",""method"":""IGA"",""mode"":"""",""rep"":3,""objective"":13.791443692462698}]"
2,50,51,N50_K2_M12_I51,14.56344985961914,DRL,Co-HeT,sample1280,,29,1,"[{""candidate_source"":""DRL"",""method"":""Co-HeT"",""mode"":""sample1280"",""rep"":"""",""objective"":14.56344985961914}]"
2,50,52,N50_K2_M12_I52,14.319642066955566,DRL,Co-HeT,sample1280,,29,1,"[{""candidate_source"":""DRL"",""method"":""Co-HeT"",""mode"":""sample1280"",""rep"":"""",""objective"":14.319642066955566}]"
2,50,53,N50_K2_M12_I53,12.376340866088867,DRL,Co-HeT,sample1280,,29,1,"[{""candidate_source"":""DRL"",""method"":""Co-HeT"",""mode"":""sample1280"",""rep"":"""",""objective"":12.376340866088867}]"
2,50,54,N50_K2_M12_I54,15.409957885742188,DRL,Co-HeT,sample1280,,29,1,"[{""candidate_source"":""DRL"",""method"":""Co-HeT"",""mode"":""sample1280"",""rep"":"""",""objective"":15.409957885742188}]"
2,50,55,N50_K2_M12_I55,15.313530921936035,DRL,Co-HeT,sample1280,,29,1,"[{""candidate_source"":""DRL"",""method"":""Co-HeT"",""mode"":""sample1280"",""rep"":"""",""objective"":15.313530921936035}]"
2,50,56,N50_K2_M12_I56,16.551515579223633,DRL,Co-HeT,sample1280,,29,1,"[{""candidate_source"":""DRL"",""method"":""Co-HeT"",""mode"":""sample1280"",""rep"":"""",""objective"":16.551515579223633}]"
2,50,57,N50_K2_M12_I57,14.992199760418536,Metaheuristic,IGA,,3,29,1,"[{""candidate_source"":""Metaheuristic"",""method"":""IGA"",""mode"":"""",""rep"":3,""objective"":14.992199760418536}]"
2,50,58,N50_K2_M12_I58,14.892210960388184,DRL,Co-HeT,sample1280,,29,1,"[{""candidate_source"":""DRL"",""method"":""Co-HeT"",""mode"":""sample1280"",""rep"":"""",""objective"":14.892210960388184}]"
2,50,59,N50_K2_M12_I59,12.855620384216309,DRL,Co-HeT,sample1280,,29,1,"[{""candidate_source"":""DRL"",""method"":""Co-HeT"",""mode"":""sample1280"",""rep"":"""",""objective"":12.855620384216309}]"
2,50,60,N50_K2_M12_I60,15.438385009765623,DRL,Co-HeT,sample1280,,29,1,"[{""candidate_source"":""DRL"",""method"":""Co-HeT"",""mode"":""sample1280"",""rep"":"""",""objective"":15.438385009765623}]"
2,50,61,N50_K2_M12_I61,13.19381618499756,DRL,Co-HeT,sample1280,,29,1,"[{""candidate_source"":""DRL"",""method"":""Co-HeT"",""mode"":""sample1280"",""rep"":"""",""objective"":13.19381618499756}]"
2,50,62,N50_K2_M12_I62,15.999305725097656,DRL,Co-HeT,sample1280,,29,1,"[{""candidate_source"":""DRL"",""method"":""Co-HeT"",""mode"":""sample1280"",""rep"":"""",""objective"":15.999305725097656}]"
2,50,63,N50_K2_M12_I63,14.288736343383787,DRL,Co-HeT,sample1280,,29,1,"[{""candidate_source"":""DRL"",""method"":""Co-HeT"",""mode"":""sample1280"",""rep"":"""",""objective"":14.288736343383787}]"
2,50,64,N50_K2_M12_I64,15.274673461914062,DRL,Co-HeT,sample1280,,29,1,"[{""candidate_source"":""DRL"",""method"":""Co-HeT"",""mode"":""sample1280"",""rep"":"""",""objective"":15.274673461914062}]"
2,50,65,N50_K2_M12_I65,15.1491060256958,DRL,Co-HeT,sample1280,,29,1,"[{""candidate_source"":""DRL"",""method"":""Co-HeT"",""mode"":""sample1280"",""rep"":"""",""objective"":15.1491060256958}]"
2,50,66,N50_K2_M12_I66,12.660123825073242,DRL,Co-HeT,sample1280,,29,1,"[{""candidate_source"":""DRL"",""method"":""Co-HeT"",""mode"":""sample1280"",""rep"":"""",""objective"":12.660123825073242}]"
2,50,67,N50_K2_M12_I67,13.75082257886334,Metaheuristic,IGA,,1,29,1,"[{""candidate_source"":""Metaheuristic"",""method"":""IGA"",""mode"":"""",""rep"":1,""objective"":13.75082257886334}]"
2,50,68,N50_K2_M12_I68,14.93296241760254,DRL,Co-HeT,sample1280,,29,1,"[{""candidate_source"":""DRL"",""method"":""Co-HeT"",""mode"":""sample1280"",""rep"":"""",""objective"":14.93296241760254}]"
2,50,69,N50_K2_M12_I69,14.66233253479004,DRL,Co-HeT,sample1280,,29,1,"[{""candidate_source"":""DRL"",""method"":""Co-HeT"",""mode"":""sample1280"",""rep"":"""",""objective"":14.66233253479004}]"
2,50,70,N50_K2_M12_I70,14.528432927404085,Metaheuristic,IGA,,3,29,1,"[{""candidate_source"":""Metaheuristic"",""method"":""IGA"",""mode"":"""",""rep"":3,""objective"":14.528432927404085}]"
2,50,71,N50_K2_M12_I71,14.783488273620604,DRL,Co-HeT,sample1280,,29,1,"[{""candidate_source"":""DRL"",""method"":""Co-HeT"",""mode"":""sample1280"",""rep"":"""",""objective"":14.783488273620604}]"
2,50,72,N50_K2_M12_I72,14.342992782592772,DRL,Co-HeT,sample1280,,29,1,"[{""candidate_source"":""DRL"",""method"":""Co-HeT"",""mode"":""sample1280"",""rep"":"""",""objective"":14.342992782592772}]"
2,50,73,N50_K2_M12_I73,16.2963809967041,DRL,Co-HeT,sample1280,,29,1,"[{""candidate_source"":""DRL"",""method"":""Co-HeT"",""mode"":""sample1280"",""rep"":"""",""objective"":16.2963809967041}]"
2,50,74,N50_K2_M12_I74,13.814783096313477,DRL,Co-HeT,sample1280,,29,1,"[{""candidate_source"":""DRL"",""method"":""Co-HeT"",""mode"":""sample1280"",""rep"":"""",""objective"":13.814783096313477}]"
2,50,75,N50_K2_M12_I75,14.008804321289062,DRL,Co-HeT,sample1280,,29,1,"[{""candidate_source"":""DRL"",""method"":""Co-HeT"",""mode"":""sample1280"",""rep"":"""",""objective"":14.008804321289062}]"
2,50,76,N50_K2_M12_I76,15.002099990844728,DRL,Co-HeT,sample1280,,29,1,"[{""candidate_source"":""DRL"",""method"":""Co-HeT"",""mode"":""sample1280"",""rep"":"""",""objective"":15.002099990844728}]"
2,50,77,N50_K2_M12_I77,14.699503898620604,DRL,Co-HeT,sample1280,,29,1,"[{""candidate_source"":""DRL"",""method"":""Co-HeT"",""mode"":""sample1280"",""rep"":"""",""objective"":14.699503898620604}]"
2,50,78,N50_K2_M12_I78,14.351559549294665,Metaheuristic,ALNS,,1,29,1,"[{""candidate_source"":""Metaheuristic"",""method"":""ALNS"",""mode"":"""",""rep"":1,""objective"":14.351559549294665}]"
2,50,79,N50_K2_M12_I79,14.181103706359863,DRL,Co-HeT,sample1280,,29,1,"[{""candidate_source"":""DRL"",""method"":""Co-HeT"",""mode"":""sample1280"",""rep"":"""",""objective"":14.181103706359863}]"
2,50,80,N50_K2_M12_I80,15.131943702697754,DRL,Co-HeT,sample1280,,29,1,"[{""candidate_source"":""DRL"",""method"":""Co-HeT"",""mode"":""sample1280"",""rep"":"""",""objective"":15.131943702697754}]"
2,50,81,N50_K2_M12_I81,16.90313148498535,DRL,Co-HeT,sample1280,,29,1,"[{""candidate_source"":""DRL"",""method"":""Co-HeT"",""mode"":""sample1280"",""rep"":"""",""objective"":16.90313148498535}]"
2,50,82,N50_K2_M12_I82,12.631876945495604,DRL,Co-HeT,sample1280,,29,1,"[{""candidate_source"":""DRL"",""method"":""Co-HeT"",""mode"":""sample1280"",""rep"":"""",""objective"":12.631876945495604}]"
2,50,83,N50_K2_M12_I83,14.877918243408203,DRL,Co-HeT,sample1280,,29,1,"[{""candidate_source"":""DRL"",""method"":""Co-HeT"",""mode"":""sample1280"",""rep"":"""",""objective"":14.877918243408203}]"
2,50,84,N50_K2_M12_I84,14.207995414733888,DRL,Co-HeT,sample1280,,29,1,"[{""candidate_source"":""DRL"",""method"":""Co-HeT"",""mode"":""sample1280"",""rep"":"""",""objective"":14.207995414733888}]"
2,50,85,N50_K2_M12_I85,14.313741655246876,Metaheuristic,IGA,,1,29,1,"[{""candidate_source"":""Metaheuristic"",""method"":""IGA"",""mode"":"""",""rep"":1,""objective"":14.313741655246876}]"
2,50,86,N50_K2_M12_I86,15.08869171142578,DRL,Co-HeT,sample1280,,29,1,"[{""candidate_source"":""DRL"",""method"":""Co-HeT"",""mode"":""sample1280"",""rep"":"""",""objective"":15.08869171142578}]"
2,50,87,N50_K2_M12_I87,14.32655688934658,Metaheuristic,IGA,,3,29,1,"[{""candidate_source"":""Metaheuristic"",""method"":""IGA"",""mode"":"""",""rep"":3,""objective"":14.32655688934658}]"
2,50,88,N50_K2_M12_I88,13.696385383605955,DRL,Co-HeT,sample1280,,29,1,"[{""candidate_source"":""DRL"",""method"":""Co-HeT"",""mode"":""sample1280"",""rep"":"""",""objective"":13.696385383605955}]"
2,50,89,N50_K2_M12_I89,17.052824020385742,DRL,Co-HeT,sample1280,,29,1,"[{""candidate_source"":""DRL"",""method"":""Co-HeT"",""mode"":""sample1280"",""rep"":"""",""objective"":17.052824020385742}]"
2,50,90,N50_K2_M12_I90,13.402901295354216,Metaheuristic,IGA,,0,29,1,"[{""candidate_source"":""Metaheuristic"",""method"":""IGA"",""mode"":"""",""rep"":0,""objective"":13.402901295354216}]"
2,50,91,N50_K2_M12_I91,14.031951904296877,DRL,Co-HeT,sample1280,,29,1,"[{""candidate_source"":""DRL"",""method"":""Co-HeT"",""mode"":""sample1280"",""rep"":"""",""objective"":14.031951904296877}]"
2,50,92,N50_K2_M12_I92,11.079879760742188,DRL,Co-HeT,sample1280,,29,1,"[{""candidate_source"":""DRL"",""method"":""Co-HeT"",""mode"":""sample1280"",""rep"":"""",""objective"":11.079879760742188}]"
2,50,93,N50_K2_M12_I93,15.4970085349688,Metaheuristic,IGA,,0,29,1,"[{""candidate_source"":""Metaheuristic"",""method"":""IGA"",""mode"":"""",""rep"":0,""objective"":15.4970085349688}]"
2,50,94,N50_K2_M12_I94,16.112764358520508,DRL,Co-HeT,sample1280,,29,1,"[{""candidate_source"":""DRL"",""method"":""Co-HeT"",""mode"":""sample1280"",""rep"":"""",""objective"":16.112764358520508}]"
2,50,95,N50_K2_M12_I95,11.84638214111328,DRL,Co-HeT,sample1280,,29,1,"[{""candidate_source"":""DRL"",""method"":""Co-HeT"",""mode"":""sample1280"",""rep"":"""",""objective"":11.84638214111328}]"
2,50,96,N50_K2_M12_I96,14.182584762573242,DRL,Co-HeT,sample1280,,29,1,"[{""candidate_source"":""DRL"",""method"":""Co-HeT"",""mode"":""sample1280"",""rep"":"""",""objective"":14.182584762573242}]"
2,50,97,N50_K2_M12_I97,15.180540084838867,DRL,Co-HeT,sample1280,,29,1,"[{""candidate_source"":""DRL"",""method"":""Co-HeT"",""mode"":""sample1280"",""rep"":"""",""objective"":15.180540084838867}]"
2,50,98,N50_K2_M12_I98,16.028209686279297,DRL,Co-HeT,sample1280,,29,1,"[{""candidate_source"":""DRL"",""method"":""Co-HeT"",""mode"":""sample1280"",""rep"":"""",""objective"":16.028209686279297}]"
2,50,99,N50_K2_M12_I99,14.777015686035156,DRL,Co-HeT,sample1280,,29,1,"[{""candidate_source"":""DRL"",""method"":""Co-HeT"",""mode"":""sample1280"",""rep"":"""",""objective"":14.777015686035156}]"
2,50,100,N50_K2_M12_I100,14.345592498779297,DRL,Co-HeT,sample1280,,29,1,"[{""candidate_source"":""DRL"",""method"":""Co-HeT"",""mode"":""sample1280"",""rep"":"""",""objective"":14.345592498779297}]"
2,100,1,N100_K2_M12_I1,21.786035537719727,DRL,Co-HeT,sample1280,,28,1,"[{""candidate_source"":""DRL"",""method"":""Co-HeT"",""mode"":""sample1280"",""rep"":"""",""objective"":21.786035537719727}]"
2,100,2,N100_K2_M12_I2,19.49786376953125,DRL,Co-HeT,sample1280,,28,1,"[{""candidate_source"":""DRL"",""method"":""Co-HeT"",""mode"":""sample1280"",""rep"":"""",""objective"":19.49786376953125}]"
2,100,3,N100_K2_M12_I3,20.31687355041504,DRL,Co-HeT,sample1280,,28,1,"[{""candidate_source"":""DRL"",""method"":""Co-HeT"",""mode"":""sample1280"",""rep"":"""",""objective"":20.31687355041504}]"
2,100,4,N100_K2_M12_I4,19.37781143188477,DRL,Co-HeT,sample1280,,28,1,"[{""candidate_source"":""DRL"",""method"":""Co-HeT"",""mode"":""sample1280"",""rep"":"""",""objective"":19.37781143188477}]"
2,100,5,N100_K2_M12_I5,20.859140396118164,DRL,Co-HeT,sample1280,,28,1,"[{""candidate_source"":""DRL"",""method"":""Co-HeT"",""mode"":""sample1280"",""rep"":"""",""objective"":20.859140396118164}]"
2,100,6,N100_K2_M12_I6,19.98680305480957,DRL,Co-HeT,sample1280,,28,1,"[{""candidate_source"":""DRL"",""method"":""Co-HeT"",""mode"":""sample1280"",""rep"":"""",""objective"":19.98680305480957}]"
2,100,7,N100_K2_M12_I7,21.493162155151367,DRL,Co-HeT,sample1280,,28,1,"[{""candidate_source"":""DRL"",""method"":""Co-HeT"",""mode"":""sample1280"",""rep"":"""",""objective"":21.493162155151367}]"
2,100,8,N100_K2_M12_I8,19.08004570007324,DRL,Co-HeT,sample1280,,28,1,"[{""candidate_source"":""DRL"",""method"":""Co-HeT"",""mode"":""sample1280"",""rep"":"""",""objective"":19.08004570007324}]"
2,100,9,N100_K2_M12_I9,21.48548889160156,DRL,Co-HeT,sample1280,,28,1,"[{""candidate_source"":""DRL"",""method"":""Co-HeT"",""mode"":""sample1280"",""rep"":"""",""objective"":21.48548889160156}]"
2,100,10,N100_K2_M12_I10,22.97378158569336,DRL,Co-HeT,sample1280,,28,1,"[{""candidate_source"":""DRL"",""method"":""Co-HeT"",""mode"":""sample1280"",""rep"":"""",""objective"":22.97378158569336}]"
2,100,11,N100_K2_M12_I11,23.11142921447754,DRL,Co-HeT,sample1280,,28,1,"[{""candidate_source"":""DRL"",""method"":""Co-HeT"",""mode"":""sample1280"",""rep"":"""",""objective"":23.11142921447754}]"
2,100,12,N100_K2_M12_I12,22.00052261352539,DRL,Co-HeT,sample1280,,28,1,"[{""candidate_source"":""DRL"",""method"":""Co-HeT"",""mode"":""sample1280"",""rep"":"""",""objective"":22.00052261352539}]"
2,100,13,N100_K2_M12_I13,20.15220832824707,DRL,Co-HeT,sample1280,,28,1,"[{""candidate_source"":""DRL"",""method"":""Co-HeT"",""mode"":""sample1280"",""rep"":"""",""objective"":20.15220832824707}]"
2,100,14,N100_K2_M12_I14,20.974077224731445,DRL,Co-HeT,sample1280,,28,1,"[{""candidate_source"":""DRL"",""method"":""Co-HeT"",""mode"":""sample1280"",""rep"":"""",""objective"":20.974077224731445}]"
2,100,15,N100_K2_M12_I15,19.984188079833984,DRL,Co-HeT,sample1280,,28,1,"[{""candidate_source"":""DRL"",""method"":""Co-HeT"",""mode"":""sample1280"",""rep"":"""",""objective"":19.984188079833984}]"
2,100,16,N100_K2_M12_I16,21.064083099365234,DRL,Co-HeT,sample1280,,28,1,"[{""candidate_source"":""DRL"",""method"":""Co-HeT"",""mode"":""sample1280"",""rep"":"""",""objective"":21.064083099365234}]"
2,100,17,N100_K2_M12_I17,21.97731208801269,DRL,Co-HeT,sample1280,,28,1,"[{""candidate_source"":""DRL"",""method"":""Co-HeT"",""mode"":""sample1280"",""rep"":"""",""objective"":21.97731208801269}]"
2,100,18,N100_K2_M12_I18,25.88486099243164,DRL,TDRL,sample1280,,28,1,"[{""candidate_source"":""DRL"",""method"":""TDRL"",""mode"":""sample1280"",""rep"":"""",""objective"":25.88486099243164}]"
2,100,19,N100_K2_M12_I19,18.320356369018555,DRL,Co-HeT,sample1280,,28,1,"[{""candidate_source"":""DRL"",""method"":""Co-HeT"",""mode"":""sample1280"",""rep"":"""",""objective"":18.320356369018555}]"
2,100,20,N100_K2_M12_I20,19.444061279296875,DRL,Co-HeT,sample1280,,28,1,"[{""candidate_source"":""DRL"",""method"":""Co-HeT"",""mode"":""sample1280"",""rep"":"""",""objective"":19.444061279296875}]"
2,100,21,N100_K2_M12_I21,21.220170974731445,DRL,Co-HeT,sample1280,,28,1,"[{""candidate_source"":""DRL"",""method"":""Co-HeT"",""mode"":""sample1280"",""rep"":"""",""objective"":21.220170974731445}]"
2,100,22,N100_K2_M12_I22,20.63397789001465,DRL,Co-HeT,sample1280,,28,1,"[{""candidate_source"":""DRL"",""method"":""Co-HeT"",""mode"":""sample1280"",""rep"":"""",""objective"":20.63397789001465}]"
2,100,23,N100_K2_M12_I23,18.889692306518555,DRL,Co-HeT,sample1280,,28,1,"[{""candidate_source"":""DRL"",""method"":""Co-HeT"",""mode"":""sample1280"",""rep"":"""",""objective"":18.889692306518555}]"
2,100,24,N100_K2_M12_I24,22.68380355834961,DRL,Co-HeT,sample1280,,28,1,"[{""candidate_source"":""DRL"",""method"":""Co-HeT"",""mode"":""sample1280"",""rep"":"""",""objective"":22.68380355834961}]"
2,100,25,N100_K2_M12_I25,21.38092994689941,DRL,Co-HeT,sample1280,,28,1,"[{""candidate_source"":""DRL"",""method"":""Co-HeT"",""mode"":""sample1280"",""rep"":"""",""objective"":21.38092994689941}]"
2,100,26,N100_K2_M12_I26,20.77168083190918,DRL,Co-HeT,sample1280,,28,1,"[{""candidate_source"":""DRL"",""method"":""Co-HeT"",""mode"":""sample1280"",""rep"":"""",""objective"":20.77168083190918}]"
2,100,27,N100_K2_M12_I27,20.86256217956543,DRL,Co-HeT,sample1280,,28,1,"[{""candidate_source"":""DRL"",""method"":""Co-HeT"",""mode"":""sample1280"",""rep"":"""",""objective"":20.86256217956543}]"
2,100,28,N100_K2_M12_I28,20.856937408447266,DRL,Co-HeT,sample1280,,28,1,"[{""candidate_source"":""DRL"",""method"":""Co-HeT"",""mode"":""sample1280"",""rep"":"""",""objective"":20.856937408447266}]"
2,100,29,N100_K2_M12_I29,22.264949798583984,DRL,Co-HeT,sample1280,,28,1,"[{""candidate_source"":""DRL"",""method"":""Co-HeT"",""mode"":""sample1280"",""rep"":"""",""objective"":22.264949798583984}]"
2,100,30,N100_K2_M12_I30,20.53246688842773,DRL,Co-HeT,sample1280,,28,1,"[{""candidate_source"":""DRL"",""method"":""Co-HeT"",""mode"":""sample1280"",""rep"":"""",""objective"":20.53246688842773}]"
2,100,31,N100_K2_M12_I31,21.51978302001953,DRL,Co-HeT,sample1280,,28,1,"[{""candidate_source"":""DRL"",""method"":""Co-HeT"",""mode"":""sample1280"",""rep"":"""",""objective"":21.51978302001953}]"
2,100,32,N100_K2_M12_I32,21.80200958251953,DRL,Co-HeT,sample1280,,28,1,"[{""candidate_source"":""DRL"",""method"":""Co-HeT"",""mode"":""sample1280"",""rep"":"""",""objective"":21.80200958251953}]"
2,100,33,N100_K2_M12_I33,21.27898025512696,DRL,Co-HeT,sample1280,,28,1,"[{""candidate_source"":""DRL"",""method"":""Co-HeT"",""mode"":""sample1280"",""rep"":"""",""objective"":21.27898025512696}]"
2,100,34,N100_K2_M12_I34,22.064985275268555,DRL,Co-HeT,sample1280,,28,1,"[{""candidate_source"":""DRL"",""method"":""Co-HeT"",""mode"":""sample1280"",""rep"":"""",""objective"":22.064985275268555}]"
2,100,35,N100_K2_M12_I35,19.45978546142578,DRL,Co-HeT,sample1280,,28,1,"[{""candidate_source"":""DRL"",""method"":""Co-HeT"",""mode"":""sample1280"",""rep"":"""",""objective"":19.45978546142578}]"
2,100,36,N100_K2_M12_I36,22.38503837585449,DRL,Co-HeT,sample1280,,28,1,"[{""candidate_source"":""DRL"",""method"":""Co-HeT"",""mode"":""sample1280"",""rep"":"""",""objective"":22.38503837585449}]"
2,100,37,N100_K2_M12_I37,20.65205764770508,DRL,Co-HeT,sample1280,,28,1,"[{""candidate_source"":""DRL"",""method"":""Co-HeT"",""mode"":""sample1280"",""rep"":"""",""objective"":20.65205764770508}]"
2,100,38,N100_K2_M12_I38,19.35235977172852,DRL,Co-HeT,sample1280,,28,1,"[{""candidate_source"":""DRL"",""method"":""Co-HeT"",""mode"":""sample1280"",""rep"":"""",""objective"":19.35235977172852}]"
2,100,39,N100_K2_M12_I39,20.490758895874023,DRL,Co-HeT,sample1280,,28,1,"[{""candidate_source"":""DRL"",""method"":""Co-HeT"",""mode"":""sample1280"",""rep"":"""",""objective"":20.490758895874023}]"
2,100,40,N100_K2_M12_I40,21.918981552124023,DRL,Co-HeT,sample1280,,28,1,"[{""candidate_source"":""DRL"",""method"":""Co-HeT"",""mode"":""sample1280"",""rep"":"""",""objective"":21.918981552124023}]"
2,100,41,N100_K2_M12_I41,21.650049209594727,DRL,Co-HeT,sample1280,,28,1,"[{""candidate_source"":""DRL"",""method"":""Co-HeT"",""mode"":""sample1280"",""rep"":"""",""objective"":21.650049209594727}]"
2,100,42,N100_K2_M12_I42,22.44894027709961,DRL,Co-HeT,sample1280,,28,1,"[{""candidate_source"":""DRL"",""method"":""Co-HeT"",""mode"":""sample1280"",""rep"":"""",""objective"":22.44894027709961}]"
2,100,43,N100_K2_M12_I43,19.29687118530273,DRL,Co-HeT,sample1280,,28,1,"[{""candidate_source"":""DRL"",""method"":""Co-HeT"",""mode"":""sample1280"",""rep"":"""",""objective"":19.29687118530273}]"
2,100,44,N100_K2_M12_I44,21.67064666748047,DRL,Co-HeT,sample1280,,28,1,"[{""candidate_source"":""DRL"",""method"":""Co-HeT"",""mode"":""sample1280"",""rep"":"""",""objective"":21.67064666748047}]"
2,100,45,N100_K2_M12_I45,19.75682830810547,DRL,Co-HeT,sample1280,,28,1,"[{""candidate_source"":""DRL"",""method"":""Co-HeT"",""mode"":""sample1280"",""rep"":"""",""objective"":19.75682830810547}]"
2,100,46,N100_K2_M12_I46,23.147226333618164,DRL,Co-HeT,sample1280,,28,1,"[{""candidate_source"":""DRL"",""method"":""Co-HeT"",""mode"":""sample1280"",""rep"":"""",""objective"":23.147226333618164}]"
2,100,47,N100_K2_M12_I47,21.610010147094727,DRL,Co-HeT,sample1280,,28,1,"[{""candidate_source"":""DRL"",""method"":""Co-HeT"",""mode"":""sample1280"",""rep"":"""",""objective"":21.610010147094727}]"
2,100,48,N100_K2_M12_I48,23.48697280883789,DRL,Co-HeT,sample1280,,28,1,"[{""candidate_source"":""DRL"",""method"":""Co-HeT"",""mode"":""sample1280"",""rep"":"""",""objective"":23.48697280883789}]"
2,100,49,N100_K2_M12_I49,22.98415184020996,DRL,Co-HeT,sample1280,,28,1,"[{""candidate_source"":""DRL"",""method"":""Co-HeT"",""mode"":""sample1280"",""rep"":"""",""objective"":22.98415184020996}]"
2,100,50,N100_K2_M12_I50,20.134004592895508,DRL,Co-HeT,sample1280,,28,1,"[{""candidate_source"":""DRL"",""method"":""Co-HeT"",""mode"":""sample1280"",""rep"":"""",""objective"":20.134004592895508}]"
2,100,51,N100_K2_M12_I51,20.058069229125977,DRL,Co-HeT,sample1280,,28,1,"[{""candidate_source"":""DRL"",""method"":""Co-HeT"",""mode"":""sample1280"",""rep"":"""",""objective"":20.058069229125977}]"
2,100,52,N100_K2_M12_I52,19.85456657409668,DRL,Co-HeT,sample1280,,28,1,"[{""candidate_source"":""DRL"",""method"":""Co-HeT"",""mode"":""sample1280"",""rep"":"""",""objective"":19.85456657409668}]"
2,100,53,N100_K2_M12_I53,20.343456268310547,DRL,Co-HeT,sample1280,,28,1,"[{""candidate_source"":""DRL"",""method"":""Co-HeT"",""mode"":""sample1280"",""rep"":"""",""objective"":20.343456268310547}]"
2,100,54,N100_K2_M12_I54,21.489591598510746,DRL,Co-HeT,sample1280,,28,1,"[{""candidate_source"":""DRL"",""method"":""Co-HeT"",""mode"":""sample1280"",""rep"":"""",""objective"":21.489591598510746}]"
2,100,55,N100_K2_M12_I55,22.22419166564941,DRL,Co-HeT,sample1280,,28,1,"[{""candidate_source"":""DRL"",""method"":""Co-HeT"",""mode"":""sample1280"",""rep"":"""",""objective"":22.22419166564941}]"
2,100,56,N100_K2_M12_I56,22.01971244812012,DRL,Co-HeT,sample1280,,28,1,"[{""candidate_source"":""DRL"",""method"":""Co-HeT"",""mode"":""sample1280"",""rep"":"""",""objective"":22.01971244812012}]"
2,100,57,N100_K2_M12_I57,20.89116668701172,DRL,Co-HeT,sample1280,,28,1,"[{""candidate_source"":""DRL"",""method"":""Co-HeT"",""mode"":""sample1280"",""rep"":"""",""objective"":20.89116668701172}]"
2,100,58,N100_K2_M12_I58,20.97783470153809,DRL,Co-HeT,sample1280,,28,1,"[{""candidate_source"":""DRL"",""method"":""Co-HeT"",""mode"":""sample1280"",""rep"":"""",""objective"":20.97783470153809}]"
2,100,59,N100_K2_M12_I59,20.31743621826172,DRL,Co-HeT,sample1280,,28,1,"[{""candidate_source"":""DRL"",""method"":""Co-HeT"",""mode"":""sample1280"",""rep"":"""",""objective"":20.31743621826172}]"
2,100,60,N100_K2_M12_I60,19.20096969604492,DRL,Co-HeT,sample1280,,28,1,"[{""candidate_source"":""DRL"",""method"":""Co-HeT"",""mode"":""sample1280"",""rep"":"""",""objective"":19.20096969604492}]"
2,100,61,N100_K2_M12_I61,20.735759735107425,DRL,Co-HeT,sample1280,,28,1,"[{""candidate_source"":""DRL"",""method"":""Co-HeT"",""mode"":""sample1280"",""rep"":"""",""objective"":20.735759735107425}]"
2,100,62,N100_K2_M12_I62,21.333202362060547,DRL,Co-HeT,sample1280,,28,1,"[{""candidate_source"":""DRL"",""method"":""Co-HeT"",""mode"":""sample1280"",""rep"":"""",""objective"":21.333202362060547}]"
2,100,63,N100_K2_M12_I63,18.998279571533203,DRL,Co-HeT,sample1280,,28,1,"[{""candidate_source"":""DRL"",""method"":""Co-HeT"",""mode"":""sample1280"",""rep"":"""",""objective"":18.998279571533203}]"
2,100,64,N100_K2_M12_I64,20.26494026184082,DRL,Co-HeT,sample1280,,28,1,"[{""candidate_source"":""DRL"",""method"":""Co-HeT"",""mode"":""sample1280"",""rep"":"""",""objective"":20.26494026184082}]"
2,100,65,N100_K2_M12_I65,23.607494354248047,DRL,Co-HeT,sample1280,,28,1,"[{""candidate_source"":""DRL"",""method"":""Co-HeT"",""mode"":""sample1280"",""rep"":"""",""objective"":23.607494354248047}]"
2,100,66,N100_K2_M12_I66,20.539363861083984,DRL,Co-HeT,sample1280,,28,1,"[{""candidate_source"":""DRL"",""method"":""Co-HeT"",""mode"":""sample1280"",""rep"":"""",""objective"":20.539363861083984}]"
2,100,67,N100_K2_M12_I67,21.362144470214844,DRL,Co-HeT,sample1280,,28,1,"[{""candidate_source"":""DRL"",""method"":""Co-HeT"",""mode"":""sample1280"",""rep"":"""",""objective"":21.362144470214844}]"
2,100,68,N100_K2_M12_I68,20.758760452270508,DRL,Co-HeT,sample1280,,28,1,"[{""candidate_source"":""DRL"",""method"":""Co-HeT"",""mode"":""sample1280"",""rep"":"""",""objective"":20.758760452270508}]"
2,100,69,N100_K2_M12_I69,20.647937774658203,DRL,Co-HeT,sample1280,,28,1,"[{""candidate_source"":""DRL"",""method"":""Co-HeT"",""mode"":""sample1280"",""rep"":"""",""objective"":20.647937774658203}]"
2,100,70,N100_K2_M12_I70,19.084074020385746,DRL,Co-HeT,sample1280,,28,1,"[{""candidate_source"":""DRL"",""method"":""Co-HeT"",""mode"":""sample1280"",""rep"":"""",""objective"":19.084074020385746}]"
2,100,71,N100_K2_M12_I71,19.65798759460449,DRL,Co-HeT,sample1280,,28,1,"[{""candidate_source"":""DRL"",""method"":""Co-HeT"",""mode"":""sample1280"",""rep"":"""",""objective"":19.65798759460449}]"
2,100,72,N100_K2_M12_I72,20.0769100189209,DRL,Co-HeT,sample1280,,28,1,"[{""candidate_source"":""DRL"",""method"":""Co-HeT"",""mode"":""sample1280"",""rep"":"""",""objective"":20.0769100189209}]"
2,100,73,N100_K2_M12_I73,20.50868797302246,DRL,Co-HeT,sample1280,,28,1,"[{""candidate_source"":""DRL"",""method"":""Co-HeT"",""mode"":""sample1280"",""rep"":"""",""objective"":20.50868797302246}]"
2,100,74,N100_K2_M12_I74,21.75141143798828,DRL,Co-HeT,sample1280,,28,1,"[{""candidate_source"":""DRL"",""method"":""Co-HeT"",""mode"":""sample1280"",""rep"":"""",""objective"":21.75141143798828}]"
2,100,75,N100_K2_M12_I75,20.344541549682617,DRL,Co-HeT,sample1280,,28,1,"[{""candidate_source"":""DRL"",""method"":""Co-HeT"",""mode"":""sample1280"",""rep"":"""",""objective"":20.344541549682617}]"
2,100,76,N100_K2_M12_I76,22.440427780151367,DRL,Co-HeT,sample1280,,28,1,"[{""candidate_source"":""DRL"",""method"":""Co-HeT"",""mode"":""sample1280"",""rep"":"""",""objective"":22.440427780151367}]"
2,100,77,N100_K2_M12_I77,21.63987159729004,DRL,Co-HeT,sample1280,,28,1,"[{""candidate_source"":""DRL"",""method"":""Co-HeT"",""mode"":""sample1280"",""rep"":"""",""objective"":21.63987159729004}]"
2,100,78,N100_K2_M12_I78,19.28973197937012,DRL,Co-HeT,sample1280,,28,1,"[{""candidate_source"":""DRL"",""method"":""Co-HeT"",""mode"":""sample1280"",""rep"":"""",""objective"":19.28973197937012}]"
2,100,79,N100_K2_M12_I79,22.017940521240234,DRL,Co-HeT,sample1280,,28,1,"[{""candidate_source"":""DRL"",""method"":""Co-HeT"",""mode"":""sample1280"",""rep"":"""",""objective"":22.017940521240234}]"
2,100,80,N100_K2_M12_I80,21.268836975097656,DRL,Co-HeT,sample1280,,28,1,"[{""candidate_source"":""DRL"",""method"":""Co-HeT"",""mode"":""sample1280"",""rep"":"""",""objective"":21.268836975097656}]"
2,100,81,N100_K2_M12_I81,21.09964179992676,DRL,Co-HeT,sample1280,,28,1,"[{""candidate_source"":""DRL"",""method"":""Co-HeT"",""mode"":""sample1280"",""rep"":"""",""objective"":21.09964179992676}]"
2,100,82,N100_K2_M12_I82,22.274232864379883,DRL,Co-HeT,sample1280,,28,1,"[{""candidate_source"":""DRL"",""method"":""Co-HeT"",""mode"":""sample1280"",""rep"":"""",""objective"":22.274232864379883}]"
2,100,83,N100_K2_M12_I83,21.112207412719727,DRL,Co-HeT,sample1280,,28,1,"[{""candidate_source"":""DRL"",""method"":""Co-HeT"",""mode"":""sample1280"",""rep"":"""",""objective"":21.112207412719727}]"
2,100,84,N100_K2_M12_I84,20.8741397857666,DRL,Co-HeT,sample1280,,28,1,"[{""candidate_source"":""DRL"",""method"":""Co-HeT"",""mode"":""sample1280"",""rep"":"""",""objective"":20.8741397857666}]"
2,100,85,N100_K2_M12_I85,20.671499252319336,DRL,Co-HeT,sample1280,,28,1,"[{""candidate_source"":""DRL"",""method"":""Co-HeT"",""mode"":""sample1280"",""rep"":"""",""objective"":20.671499252319336}]"
2,100,86,N100_K2_M12_I86,21.006715774536133,DRL,Co-HeT,sample1280,,28,1,"[{""candidate_source"":""DRL"",""method"":""Co-HeT"",""mode"":""sample1280"",""rep"":"""",""objective"":21.006715774536133}]"
2,100,87,N100_K2_M12_I87,22.59357643127441,DRL,Co-HeT,sample1280,,28,1,"[{""candidate_source"":""DRL"",""method"":""Co-HeT"",""mode"":""sample1280"",""rep"":"""",""objective"":22.59357643127441}]"
2,100,88,N100_K2_M12_I88,25.38267517089844,DRL,Co-HeT,sample1280,,28,1,"[{""candidate_source"":""DRL"",""method"":""Co-HeT"",""mode"":""sample1280"",""rep"":"""",""objective"":25.38267517089844}]"
2,100,89,N100_K2_M12_I89,20.329668045043945,DRL,Co-HeT,sample1280,,28,1,"[{""candidate_source"":""DRL"",""method"":""Co-HeT"",""mode"":""sample1280"",""rep"":"""",""objective"":20.329668045043945}]"
2,100,90,N100_K2_M12_I90,23.15123748779297,DRL,Co-HeT,sample1280,,28,1,"[{""candidate_source"":""DRL"",""method"":""Co-HeT"",""mode"":""sample1280"",""rep"":"""",""objective"":23.15123748779297}]"
2,100,91,N100_K2_M12_I91,21.03341484069824,DRL,Co-HeT,sample1280,,28,1,"[{""candidate_source"":""DRL"",""method"":""Co-HeT"",""mode"":""sample1280"",""rep"":"""",""objective"":21.03341484069824}]"
2,100,92,N100_K2_M12_I92,19.75669860839844,DRL,Co-HeT,sample1280,,28,1,"[{""candidate_source"":""DRL"",""method"":""Co-HeT"",""mode"":""sample1280"",""rep"":"""",""objective"":19.75669860839844}]"
2,100,93,N100_K2_M12_I93,20.56039810180664,DRL,Co-HeT,sample1280,,28,1,"[{""candidate_source"":""DRL"",""method"":""Co-HeT"",""mode"":""sample1280"",""rep"":"""",""objective"":20.56039810180664}]"
2,100,94,N100_K2_M12_I94,23.234588623046875,DRL,Co-HeT,sample1280,,28,1,"[{""candidate_source"":""DRL"",""method"":""Co-HeT"",""mode"":""sample1280"",""rep"":"""",""objective"":23.234588623046875}]"
2,100,95,N100_K2_M12_I95,21.7436466217041,DRL,Co-HeT,sample1280,,28,1,"[{""candidate_source"":""DRL"",""method"":""Co-HeT"",""mode"":""sample1280"",""rep"":"""",""objective"":21.7436466217041}]"
2,100,96,N100_K2_M12_I96,19.022953033447266,DRL,Co-HeT,sample1280,,28,1,"[{""candidate_source"":""DRL"",""method"":""Co-HeT"",""mode"":""sample1280"",""rep"":"""",""objective"":19.022953033447266}]"
2,100,97,N100_K2_M12_I97,22.972064971923828,DRL,Co-HeT,sample1280,,28,1,"[{""candidate_source"":""DRL"",""method"":""Co-HeT"",""mode"":""sample1280"",""rep"":"""",""objective"":22.972064971923828}]"
2,100,98,N100_K2_M12_I98,20.666065216064453,DRL,Co-HeT,sample1280,,28,1,"[{""candidate_source"":""DRL"",""method"":""Co-HeT"",""mode"":""sample1280"",""rep"":"""",""objective"":20.666065216064453}]"
2,100,99,N100_K2_M12_I99,20.862579345703125,DRL,Co-HeT,sample1280,,28,1,"[{""candidate_source"":""DRL"",""method"":""Co-HeT"",""mode"":""sample1280"",""rep"":"""",""objective"":20.862579345703125}]"
2,100,100,N100_K2_M12_I100,20.03747940063477,DRL,Co-HeT,sample1280,,28,1,"[{""candidate_source"":""DRL"",""method"":""Co-HeT"",""mode"":""sample1280"",""rep"":"""",""objective"":20.03747940063477}]"
3,10,1,N10_K3_M18_I1,8.568258118165424,Metaheuristic,IGA,,2,29,2,"[{""candidate_source"":""Metaheuristic"",""method"":""IGA"",""mode"":"""",""rep"":2,""objective"":8.568258118165424},{""candidate_source"":""Metaheuristic"",""method"":""IGA"",""mode"":"""",""rep"":3,""objective"":8.568258118165424}]"
3,10,2,N10_K3_M18_I2,10.670903460154385,Gurobi,Gurobi,,,29,4,"[{""candidate_source"":""Gurobi"",""method"":""Gurobi"",""mode"":"""",""rep"":"""",""objective"":10.670903460154385},{""candidate_source"":""Metaheuristic"",""method"":""IGA"",""mode"":"""",""rep"":1,""objective"":10.670903460154618},{""candidate_source"":""Metaheuristic"",""method"":""IGA"",""mode"":"""",""rep"":2,""objective"":10.670903460154618},{""candidate_source"":""Metaheuristic"",""method"":""IGA"",""mode"":"""",""rep"":3,""objective"":10.670903460154618}]"
3,10,3,N10_K3_M18_I3,10.469291503536724,Gurobi,Gurobi,,,29,1,"[{""candidate_source"":""Gurobi"",""method"":""Gurobi"",""mode"":"""",""rep"":"""",""objective"":10.469291503536724}]"
3,10,4,N10_K3_M18_I4,10.54076843934323,Gurobi,Gurobi,,,29,7,"[{""candidate_source"":""Gurobi"",""method"":""Gurobi"",""mode"":"""",""rep"":"""",""objective"":10.54076843934323},{""candidate_source"":""DRL"",""method"":""Co-HeT"",""mode"":""greedy"",""rep"":"""",""objective"":10.54076862335205},{""candidate_source"":""DRL"",""method"":""ECHO"",""mode"":""sample1280"",""rep"":"""",""objective"":10.54076862335205},{""candidate_source"":""DRL"",""method"":""HDRL"",""mode"":""greedy"",""rep"":"""",""objective"":10.54076862335205},{""candidate_source"":""Metaheuristic"",""method"":""ALNS"",""mode"":"""",""rep"":3,""objective"":10.540768816686889},{""candidate_source"":""Metaheuristic"",""method"":""IGA"",""mode"":"""",""rep"":0,""objective"":10.540768816686889},{""candidate_source"":""Metaheuristic"",""method"":""IGA"",""mode"":"""",""rep"":1,""objective"":10.540768816686889}]"
3,10,5,N10_K3_M18_I5,11.020356677204155,Gurobi,Gurobi,,,29,2,"[{""candidate_source"":""Gurobi"",""method"":""Gurobi"",""mode"":"""",""rep"":"""",""objective"":11.020356677204155},{""candidate_source"":""Metaheuristic"",""method"":""IGA"",""mode"":"""",""rep"":2,""objective"":11.020357114413065}]"
3,10,6,N10_K3_M18_I6,11.237518154072298,Gurobi,Gurobi,,,29,6,"[{""candidate_source"":""Gurobi"",""method"":""Gurobi"",""mode"":"""",""rep"":"""",""objective"":11.237518154072298},{""candidate_source"":""DRL"",""method"":""Co-HeT"",""mode"":""sample1280"",""rep"":"""",""objective"":11.237518310546877},{""candidate_source"":""DRL"",""method"":""TDRL"",""mode"":""sample1280"",""rep"":"""",""objective"":11.237518310546877},{""candidate_source"":""Metaheuristic"",""method"":""ALNS"",""mode"":"""",""rep"":0,""objective"":11.237518445718734},{""candidate_source"":""Metaheuristic"",""method"":""IGA"",""mode"":"""",""rep"":2,""objective"":11.237518445718734},{""candidate_source"":""Metaheuristic"",""method"":""IGA"",""mode"":"""",""rep"":3,""objective"":11.237518445718734}]"
3,10,7,N10_K3_M18_I7,8.104209464212676,Gurobi,Gurobi,,,29,2,"[{""candidate_source"":""Gurobi"",""method"":""Gurobi"",""mode"":"""",""rep"":"""",""objective"":8.104209464212676},{""candidate_source"":""Metaheuristic"",""method"":""ALNS"",""mode"":"""",""rep"":1,""objective"":8.104209684497885}]"
3,10,8,N10_K3_M18_I8,10.13616316116314,Gurobi,Gurobi,,,29,2,"[{""candidate_source"":""Gurobi"",""method"":""Gurobi"",""mode"":"""",""rep"":"""",""objective"":10.13616316116314},{""candidate_source"":""Metaheuristic"",""method"":""IGA"",""mode"":"""",""rep"":0,""objective"":10.136163360509611}]"
3,10,9,N10_K3_M18_I9,9.623058319091797,DRL,AM,sample1280,,29,6,"[{""candidate_source"":""DRL"",""method"":""AM"",""mode"":""sample1280"",""rep"":"""",""objective"":9.623058319091797},{""candidate_source"":""Gurobi"",""method"":""Gurobi"",""mode"":"""",""rep"":"""",""objective"":9.623058649300884},{""candidate_source"":""Metaheuristic"",""method"":""DIWO"",""mode"":"""",""rep"":2,""objective"":9.62305909108346},{""candidate_source"":""Metaheuristic"",""method"":""IGA"",""mode"":"""",""rep"":1,""objective"":9.62305909108346},{""candidate_source"":""Metaheuristic"",""method"":""IGA"",""mode"":"""",""rep"":2,""objective"":9.62305909108346},{""candidate_source"":""DRL"",""method"":""ECHO"",""mode"":""sample1280"",""rep"":"""",""objective"":9.623059272766112}]"
3,10,10,N10_K3_M18_I10,10.89900641252623,Metaheuristic,DIWO,,2,29,2,"[{""candidate_source"":""Metaheuristic"",""method"":""DIWO"",""mode"":"""",""rep"":2,""objective"":10.89900641252623},{""candidate_source"":""Metaheuristic"",""method"":""IGA"",""mode"":"""",""rep"":2,""objective"":10.89900641252623}]"
3,10,11,N10_K3_M18_I11,10.207905077230572,Metaheuristic,ALNS,,0,29,5,"[{""candidate_source"":""Metaheuristic"",""method"":""ALNS"",""mode"":"""",""rep"":0,""objective"":10.207905077230572},{""candidate_source"":""Metaheuristic"",""method"":""ALNS"",""mode"":"""",""rep"":1,""objective"":10.207905077230572},{""candidate_source"":""Metaheuristic"",""method"":""DIWO"",""mode"":"""",""rep"":2,""objective"":10.207905077230572},{""candidate_source"":""Metaheuristic"",""method"":""IGA"",""mode"":"""",""rep"":1,""objective"":10.207905077230572},{""candidate_source"":""Gurobi"",""method"":""Gurobi"",""mode"":"""",""rep"":"""",""objective"":10.207905077230578}]"
3,10,12,N10_K3_M18_I12,8.314326113529923,Gurobi,Gurobi,,,29,6,"[{""candidate_source"":""Gurobi"",""method"":""Gurobi"",""mode"":"""",""rep"":"""",""objective"":8.314326113529923},{""candidate_source"":""Metaheuristic"",""method"":""ALNS"",""mode"":"""",""rep"":0,""objective"":8.314326168987161},{""candidate_source"":""Metaheuristic"",""method"":""ALNS"",""mode"":"""",""rep"":3,""objective"":8.314326168987161},{""candidate_source"":""Metaheuristic"",""method"":""IGA"",""mode"":"""",""rep"":0,""objective"":8.314326168987161},{""candidate_source"":""Metaheuristic"",""method"":""IGA"",""mode"":"""",""rep"":2,""objective"":8.314326168987161},{""candidate_source"":""Metaheuristic"",""method"":""IGA"",""mode"":"""",""rep"":3,""objective"":8.314326168987161}]"
3,10,13,N10_K3_M18_I13,12.635408240985168,Gurobi,Gurobi,,,29,7,"[{""candidate_source"":""Gurobi"",""method"":""Gurobi"",""mode"":"""",""rep"":"""",""objective"":12.635408240985168},{""candidate_source"":""Metaheuristic"",""method"":""ALNS"",""mode"":"""",""rep"":0,""objective"":12.63540829929612},{""candidate_source"":""Metaheuristic"",""method"":""IGA"",""mode"":"""",""rep"":0,""objective"":12.63540829929612},{""candidate_source"":""Metaheuristic"",""method"":""IGA"",""mode"":"""",""rep"":1,""objective"":12.63540829929612},{""candidate_source"":""Metaheuristic"",""method"":""ALNS"",""mode"":"""",""rep"":1,""objective"":12.635408299296122},{""candidate_source"":""DRL"",""method"":""HDRL"",""mode"":""sample1280"",""rep"":"""",""objective"":12.635408401489258},{""candidate_source"":""DRL"",""method"":""TDRL"",""mode"":""sample1280"",""rep"":"""",""objective"":12.635408401489258}]"
3,10,14,N10_K3_M18_I14,9.697316385955588,Gurobi,Gurobi,,,29,1,"[{""candidate_source"":""Gurobi"",""method"":""Gurobi"",""mode"":"""",""rep"":"""",""objective"":9.697316385955588}]"
3,10,15,N10_K3_M18_I15,8.648978811979351,Gurobi,Gurobi,,,29,6,"[{""candidate_source"":""Gurobi"",""method"":""Gurobi"",""mode"":"""",""rep"":"""",""objective"":8.648978811979351},{""candidate_source"":""Metaheuristic"",""method"":""IGA"",""mode"":"""",""rep"":3,""objective"":8.648978811979703},{""candidate_source"":""Metaheuristic"",""method"":""ALNS"",""mode"":"""",""rep"":0,""objective"":8.648978811979704},{""candidate_source"":""Metaheuristic"",""method"":""DIWO"",""mode"":"""",""rep"":3,""objective"":8.648978811979704},{""candidate_source"":""Metaheuristic"",""method"":""IGA"",""mode"":"""",""rep"":0,""objective"":8.648978811979704},{""candidate_source"":""Metaheuristic"",""method"":""IGA"",""mode"":"""",""rep"":1,""objective"":8.648978811979704}]"
3,10,16,N10_K3_M18_I16,10.94153118133545,DRL,AM,sample1280,,29,13,"[{""candidate_source"":""DRL"",""method"":""AM"",""mode"":""sample1280"",""rep"":"""",""objective"":10.94153118133545},{""candidate_source"":""DRL"",""method"":""Co-HeT"",""mode"":""sample1280"",""rep"":"""",""objective"":10.94153118133545},{""candidate_source"":""DRL"",""method"":""ECHO"",""mode"":""sample1280"",""rep"":"""",""objective"":10.94153118133545},{""candidate_source"":""DRL"",""method"":""HDRL"",""mode"":""sample1280"",""rep"":"""",""objective"":10.94153118133545},{""candidate_source"":""Gurobi"",""method"":""Gurobi"",""mode"":"""",""rep"":"""",""objective"":10.941531273989671},{""candidate_source"":""Metaheuristic"",""method"":""ALNS"",""mode"":"""",""rep"":2,""objective"":10.941531273990352},{""candidate_source"":""Metaheuristic"",""method"":""IGA"",""mode"":"""",""rep"":0,""objective"":10.941531273990352},{""candidate_source"":""Metaheuristic"",""method"":""IGA"",""mode"":"""",""rep"":2,""objective"":10.941531273990352},{""candidate_source"":""Metaheuristic"",""method"":""IGA"",""mode"":"""",""rep"":3,""objective"":10.941531273990352},{""candidate_source"":""DRL"",""method"":""AM"",""mode"":""greedy"",""rep"":"""",""objective"":10.941532135009766},{""candidate_source"":""DRL"",""method"":""ECHO"",""mode"":""greedy"",""rep"":"""",""objective"":10.941532135009766},{""candidate_source"":""DRL"",""method"":""HDRL"",""mode"":""greedy"",""rep"":"""",""objective"":10.941532135009766},{""candidate_source"":""DRL"",""method"":""TDRL"",""mode"":""sample1280"",""rep"":"""",""objective"":10.941532135009766}]"
3,10,17,N10_K3_M18_I17,10.54952942111479,Gurobi,Gurobi,,,29,4,"[{""candidate_source"":""Gurobi"",""method"":""Gurobi"",""mode"":"""",""rep"":"""",""objective"":10.54952942111479},{""candidate_source"":""Metaheuristic"",""method"":""IGA"",""mode"":"""",""rep"":0,""objective"":10.54952990619756},{""candidate_source"":""Metaheuristic"",""method"":""IGA"",""mode"":"""",""rep"":1,""objective"":10.54952990619756},{""candidate_source"":""Metaheuristic"",""method"":""IGA"",""mode"":"""",""rep"":2,""objective"":10.54952990619756}]"
3,10,18,N10_K3_M18_I18,9.619312283303532,Gurobi,Gurobi,,,29,8,"[{""candidate_source"":""Gurobi"",""method"":""Gurobi"",""mode"":"""",""rep"":"""",""objective"":9.619312283303532},{""candidate_source"":""Metaheuristic"",""method"":""IGA"",""mode"":"""",""rep"":0,""objective"":9.619312283303614},{""candidate_source"":""Metaheuristic"",""method"":""IGA"",""mode"":"""",""rep"":1,""objective"":9.619312283303614},{""candidate_source"":""Metaheuristic"",""method"":""IGA"",""mode"":"""",""rep"":2,""objective"":9.619312283303614},{""candidate_source"":""Metaheuristic"",""method"":""IGA"",""mode"":"""",""rep"":3,""objective"":9.619312283303614},{""candidate_source"":""DRL"",""method"":""Co-HeT"",""mode"":""greedy"",""rep"":"""",""objective"":9.619312286376951},{""candidate_source"":""DRL"",""method"":""Co-HeT"",""mode"":""sample1280"",""rep"":"""",""objective"":9.619312286376951},{""candidate_source"":""DRL"",""method"":""TDRL"",""mode"":""sample1280"",""rep"":"""",""objective"":9.619312286376951}]"
3,10,19,N10_K3_M18_I19,12.11408781452,Gurobi,Gurobi,,,29,6,"[{""candidate_source"":""Gurobi"",""method"":""Gurobi"",""mode"":"""",""rep"":"""",""objective"":12.11408781452},{""candidate_source"":""Metaheuristic"",""method"":""ALNS"",""mode"":"""",""rep"":3,""objective"":12.114088420774928},{""candidate_source"":""Metaheuristic"",""method"":""IGA"",""mode"":"""",""rep"":0,""objective"":12.114088420774928},{""candidate_source"":""Metaheuristic"",""method"":""IGA"",""mode"":"""",""rep"":1,""objective"":12.114088420774928},{""candidate_source"":""Metaheuristic"",""method"":""IGA"",""mode"":"""",""rep"":2,""objective"":12.114088420774928},{""candidate_source"":""Metaheuristic"",""method"":""IGA"",""mode"":"""",""rep"":3,""objective"":12.114088420774928}]"
3,10,20,N10_K3_M18_I20,9.905482192574114,Gurobi,Gurobi,,,29,6,"[{""candidate_source"":""Gurobi"",""method"":""Gurobi"",""mode"":"""",""rep"":"""",""objective"":9.905482192574114},{""candidate_source"":""Metaheuristic"",""method"":""ALNS"",""mode"":"""",""rep"":1,""objective"":9.90548219257412},{""candidate_source"":""Metaheuristic"",""method"":""IGA"",""mode"":"""",""rep"":0,""objective"":9.90548219257412},{""candidate_source"":""Metaheuristic"",""method"":""IGA"",""mode"":"""",""rep"":1,""objective"":9.90548219257412},{""candidate_source"":""Metaheuristic"",""method"":""IGA"",""mode"":"""",""rep"":2,""objective"":9.90548219257412},{""candidate_source"":""Metaheuristic"",""method"":""IGA"",""mode"":"""",""rep"":3,""objective"":9.90548219257412}]"
3,10,21,N10_K3_M18_I21,9.52181339263916,DRL,AM,greedy,,29,12,"[{""candidate_source"":""DRL"",""method"":""AM"",""mode"":""greedy"",""rep"":"""",""objective"":9.52181339263916},{""candidate_source"":""DRL"",""method"":""AM"",""mode"":""sample1280"",""rep"":"""",""objective"":9.52181339263916},{""candidate_source"":""DRL"",""method"":""Co-HeT"",""mode"":""greedy"",""rep"":"""",""objective"":9.52181339263916},{""candidate_source"":""DRL"",""method"":""Co-HeT"",""mode"":""sample1280"",""rep"":"""",""objective"":9.52181339263916},{""candidate_source"":""DRL"",""method"":""ECHO"",""mode"":""greedy"",""rep"":"""",""objective"":9.52181339263916},{""candidate_source"":""DRL"",""method"":""ECHO"",""mode"":""sample1280"",""rep"":"""",""objective"":9.52181339263916},{""candidate_source"":""DRL"",""method"":""TDRL"",""mode"":""sample1280"",""rep"":"""",""objective"":9.52181339263916},{""candidate_source"":""DRL"",""method"":""HDRL"",""mode"":""greedy"",""rep"":"""",""objective"":9.521814346313477},{""candidate_source"":""DRL"",""method"":""HDRL"",""mode"":""sample1280"",""rep"":"""",""objective"":9.521814346313477},{""candidate_source"":""Gurobi"",""method"":""Gurobi"",""mode"":"""",""rep"":"""",""objective"":9.52181434744196},{""candidate_source"":""Metaheuristic"",""method"":""IGA"",""mode"":"""",""rep"":0,""objective"":9.521814347444248},{""candidate_source"":""Metaheuristic"",""method"":""IGA"",""mode"":"""",""rep"":1,""objective"":9.521814347444248}]"
3,10,22,N10_K3_M18_I22,9.444071456005917,Gurobi,Gurobi,,,29,2,"[{""candidate_source"":""Gurobi"",""method"":""Gurobi"",""mode"":"""",""rep"":"""",""objective"":9.444071456005917},{""candidate_source"":""Metaheuristic"",""method"":""IGA"",""mode"":"""",""rep"":2,""objective"":9.444071456005997}]"
3,10,23,N10_K3_M18_I23,10.544664105885603,Gurobi,Gurobi,,,29,1,"[{""candidate_source"":""Gurobi"",""method"":""Gurobi"",""mode"":"""",""rep"":"""",""objective"":10.544664105885603}]"
3,10,24,N10_K3_M18_I24,9.771327281344318,Gurobi,Gurobi,,,29,1,"[{""candidate_source"":""Gurobi"",""method"":""Gurobi"",""mode"":"""",""rep"":"""",""objective"":9.771327281344318}]"
3,10,25,N10_K3_M18_I25,10.386666238907097,Gurobi,Gurobi,,,29,5,"[{""candidate_source"":""Gurobi"",""method"":""Gurobi"",""mode"":"""",""rep"":"""",""objective"":10.386666238907097},{""candidate_source"":""DRL"",""method"":""AM"",""mode"":""sample1280"",""rep"":"""",""objective"":10.386666297912598},{""candidate_source"":""Metaheuristic"",""method"":""IGA"",""mode"":"""",""rep"":0,""objective"":10.386666350003622},{""candidate_source"":""Metaheuristic"",""method"":""IGA"",""mode"":"""",""rep"":2,""objective"":10.386666350003622},{""candidate_source"":""Metaheuristic"",""method"":""IGA"",""mode"":"""",""rep"":3,""objective"":10.386666350003622}]"
3,10,26,N10_K3_M18_I26,8.877114739048434,Gurobi,Gurobi,,,29,6,"[{""candidate_source"":""Gurobi"",""method"":""Gurobi"",""mode"":"""",""rep"":"""",""objective"":8.877114739048434},{""candidate_source"":""Metaheuristic"",""method"":""ALNS"",""mode"":"""",""rep"":2,""objective"":8.877114739048444},{""candidate_source"":""Metaheuristic"",""method"":""DIWO"",""mode"":"""",""rep"":0,""objective"":8.877114739048444},{""candidate_source"":""Metaheuristic"",""method"":""IGA"",""mode"":"""",""rep"":1,""objective"":8.877114739048444},{""candidate_source"":""Metaheuristic"",""method"":""IGA"",""mode"":"""",""rep"":3,""objective"":8.877114739048446},{""candidate_source"":""DRL"",""method"":""TDRL"",""mode"":""sample1280"",""rep"":"""",""objective"":8.877115249633789}]"
3,10,27,N10_K3_M18_I27,10.180370330810549,DRL,AM,sample1280,,29,12,"[{""candidate_source"":""DRL"",""method"":""AM"",""mode"":""sample1280"",""rep"":"""",""objective"":10.180370330810549},{""candidate_source"":""DRL"",""method"":""Co-HeT"",""mode"":""greedy"",""rep"":"""",""objective"":10.180370330810549},{""candidate_source"":""DRL"",""method"":""Co-HeT"",""mode"":""sample1280"",""rep"":"""",""objective"":10.180370330810549},{""candidate_source"":""DRL"",""method"":""MVMoE"",""mode"":""greedy"",""rep"":"""",""objective"":10.180370330810549},{""candidate_source"":""DRL"",""method"":""MVMoE"",""mode"":""sample1280"",""rep"":"""",""objective"":10.180370330810549},{""candidate_source"":""Gurobi"",""method"":""Gurobi"",""mode"":"""",""rep"":"""",""objective"":10.18037068665785},{""candidate_source"":""Metaheuristic"",""method"":""ALNS"",""mode"":"""",""rep"":1,""objective"":10.18037068665786},{""candidate_source"":""Metaheuristic"",""method"":""ALNS"",""mode"":"""",""rep"":2,""objective"":10.18037068665786},{""candidate_source"":""Metaheuristic"",""method"":""IGA"",""mode"":"""",""rep"":0,""objective"":10.18037068665786},{""candidate_source"":""Metaheuristic"",""method"":""IGA"",""mode"":"""",""rep"":1,""objective"":10.18037068665786},{""candidate_source"":""Metaheuristic"",""method"":""IGA"",""mode"":"""",""rep"":2,""objective"":10.18037068665786},{""candidate_source"":""Metaheuristic"",""method"":""IGA"",""mode"":"""",""rep"":3,""objective"":10.18037068665786}]"
3,10,28,N10_K3_M18_I28,10.198619283500664,Gurobi,Gurobi,,,29,2,"[{""candidate_source"":""Gurobi"",""method"":""Gurobi"",""mode"":"""",""rep"":"""",""objective"":10.198619283500664},{""candidate_source"":""Metaheuristic"",""method"":""DIWO"",""mode"":"""",""rep"":0,""objective"":10.19861939445599}]"
3,10,29,N10_K3_M18_I29,9.972412109375,DRL,Co-HeT,greedy,,29,14,"[{""candidate_source"":""DRL"",""method"":""Co-HeT"",""mode"":""greedy"",""rep"":"""",""objective"":9.972412109375},{""candidate_source"":""DRL"",""method"":""Co-HeT"",""mode"":""sample1280"",""rep"":"""",""objective"":9.972412109375},{""candidate_source"":""DRL"",""method"":""ECHO"",""mode"":""greedy"",""rep"":"""",""objective"":9.972412109375},{""candidate_source"":""DRL"",""method"":""ECHO"",""mode"":""sample1280"",""rep"":"""",""objective"":9.972412109375},{""candidate_source"":""DRL"",""method"":""HDRL"",""mode"":""greedy"",""rep"":"""",""objective"":9.972412109375},{""candidate_source"":""DRL"",""method"":""HDRL"",""mode"":""sample1280"",""rep"":"""",""objective"":9.972412109375},{""candidate_source"":""DRL"",""method"":""TDRL"",""mode"":""sample1280"",""rep"":"""",""objective"":9.972412109375},{""candidate_source"":""Gurobi"",""method"":""Gurobi"",""mode"":"""",""rep"":"""",""objective"":9.972412150728072},{""candidate_source"":""Metaheuristic"",""method"":""ALNS"",""mode"":"""",""rep"":1,""objective"":9.972412207897577},{""candidate_source"":""Metaheuristic"",""method"":""ALNS"",""mode"":"""",""rep"":3,""objective"":9.972412207897577},{""candidate_source"":""Metaheuristic"",""method"":""IGA"",""mode"":"""",""rep"":0,""objective"":9.972412207897577},{""candidate_source"":""Metaheuristic"",""method"":""IGA"",""mode"":"""",""rep"":1,""objective"":9.972412207897577},{""candidate_source"":""Metaheuristic"",""method"":""IGA"",""mode"":"""",""rep"":2,""objective"":9.972412207897577},{""candidate_source"":""Metaheuristic"",""method"":""IGA"",""mode"":"""",""rep"":3,""objective"":9.972412207897577}]"
3,10,30,N10_K3_M18_I30,10.84116373023,Gurobi,Gurobi,,,29,4,"[{""candidate_source"":""Gurobi"",""method"":""Gurobi"",""mode"":"""",""rep"":"""",""objective"":10.84116373023},{""candidate_source"":""Metaheuristic"",""method"":""IGA"",""mode"":"""",""rep"":2,""objective"":10.841164588608338},{""candidate_source"":""Metaheuristic"",""method"":""IGA"",""mode"":"""",""rep"":3,""objective"":10.841164588608338},{""candidate_source"":""Metaheuristic"",""method"":""DIWO"",""mode"":"""",""rep"":3,""objective"":10.84116458860834}]"
3,10,31,N10_K3_M18_I31,13.056307056382304,Gurobi,Gurobi,,,29,2,"[{""candidate_source"":""Gurobi"",""method"":""Gurobi"",""mode"":"""",""rep"":"""",""objective"":13.056307056382304},{""candidate_source"":""Metaheuristic"",""method"":""IGA"",""mode"":"""",""rep"":1,""objective"":13.056307056382488}]"
3,10,32,N10_K3_M18_I32,10.30073757369448,Gurobi,Gurobi,,,29,4,"[{""candidate_source"":""Gurobi"",""method"":""Gurobi"",""mode"":"""",""rep"":"""",""objective"":10.30073757369448},{""candidate_source"":""Metaheuristic"",""method"":""IGA"",""mode"":"""",""rep"":3,""objective"":10.300737996059196},{""candidate_source"":""Metaheuristic"",""method"":""ALNS"",""mode"":"""",""rep"":1,""objective"":10.300737996059198},{""candidate_source"":""Metaheuristic"",""method"":""IGA"",""mode"":"""",""rep"":2,""objective"":10.300737996059198}]"
3,10,33,N10_K3_M18_I33,10.361376762390137,DRL,Co-HeT,sample1280,,29,7,"[{""candidate_source"":""DRL"",""method"":""Co-HeT"",""mode"":""sample1280"",""rep"":"""",""objective"":10.361376762390137},{""candidate_source"":""Gurobi"",""method"":""Gurobi"",""mode"":"""",""rep"":"""",""objective"":10.36137693822505},{""candidate_source"":""Metaheuristic"",""method"":""ALNS"",""mode"":"""",""rep"":0,""objective"":10.361377234746517},{""candidate_source"":""Metaheuristic"",""method"":""IGA"",""mode"":"""",""rep"":0,""objective"":10.361377234746517},{""candidate_source"":""Metaheuristic"",""method"":""IGA"",""mode"":"""",""rep"":1,""objective"":10.361377234746517},{""candidate_source"":""Metaheuristic"",""method"":""IGA"",""mode"":"""",""rep"":2,""objective"":10.361377234746517},{""candidate_source"":""Metaheuristic"",""method"":""IGA"",""mode"":"""",""rep"":3,""objective"":10.361377234746517}]"
3,10,34,N10_K3_M18_I34,7.354479789733887,DRL,TDRL,sample1280,,29,4,"[{""candidate_source"":""DRL"",""method"":""TDRL"",""mode"":""sample1280"",""rep"":"""",""objective"":7.354479789733887},{""candidate_source"":""Gurobi"",""method"":""Gurobi"",""mode"":"""",""rep"":"""",""objective"":7.3544803299211825},{""candidate_source"":""Metaheuristic"",""method"":""IGA"",""mode"":"""",""rep"":2,""objective"":7.354480329921402},{""candidate_source"":""Metaheuristic"",""method"":""IGA"",""mode"":"""",""rep"":1,""objective"":7.354480329921403}]"
3,10,35,N10_K3_M18_I35,10.627418518066406,DRL,AM,greedy,,29,11,"[{""candidate_source"":""DRL"",""method"":""AM"",""mode"":""greedy"",""rep"":"""",""objective"":10.627418518066406},{""candidate_source"":""DRL"",""method"":""AM"",""mode"":""sample1280"",""rep"":"""",""objective"":10.627418518066406},{""candidate_source"":""DRL"",""method"":""Co-HeT"",""mode"":""sample1280"",""rep"":"""",""objective"":10.627418518066406},{""candidate_source"":""DRL"",""method"":""ECHO"",""mode"":""greedy"",""rep"":"""",""objective"":10.627418518066406},{""candidate_source"":""DRL"",""method"":""ECHO"",""mode"":""sample1280"",""rep"":"""",""objective"":10.627418518066406},{""candidate_source"":""DRL"",""method"":""HDRL"",""mode"":""sample1280"",""rep"":"""",""objective"":10.627418518066406},{""candidate_source"":""DRL"",""method"":""TDRL"",""mode"":""sample1280"",""rep"":"""",""objective"":10.627418518066406},{""candidate_source"":""Gurobi"",""method"":""Gurobi"",""mode"":"""",""rep"":"""",""objective"":10.627418680969466},{""candidate_source"":""Metaheuristic"",""method"":""ALNS"",""mode"":"""",""rep"":3,""objective"":10.6274186809695},{""candidate_source"":""Metaheuristic"",""method"":""IGA"",""mode"":"""",""rep"":0,""objective"":10.6274186809695},{""candidate_source"":""Metaheuristic"",""method"":""IGA"",""mode"":"""",""rep"":2,""objective"":10.6274186809695}]"
3,10,36,N10_K3_M18_I36,8.287679743325736,Metaheuristic,ALNS,,1,29,9,"[{""candidate_source"":""Metaheuristic"",""method"":""ALNS"",""mode"":"""",""rep"":1,""objective"":8.287679743325736},{""candidate_source"":""Metaheuristic"",""method"":""ALNS"",""mode"":"""",""rep"":2,""objective"":8.287679743325736},{""candidate_source"":""Metaheuristic"",""method"":""ALNS"",""mode"":"""",""rep"":3,""objective"":8.287679743325736},{""candidate_source"":""Metaheuristic"",""method"":""IGA"",""mode"":"""",""rep"":0,""objective"":8.287679743325736},{""candidate_source"":""Metaheuristic"",""method"":""IGA"",""mode"":"""",""rep"":1,""objective"":8.287679743325736},{""candidate_source"":""Metaheuristic"",""method"":""IGA"",""mode"":"""",""rep"":2,""objective"":8.287679743325736},{""candidate_source"":""Metaheuristic"",""method"":""IGA"",""mode"":"""",""rep"":3,""objective"":8.287679743325736},{""candidate_source"":""Metaheuristic"",""method"":""DIWO"",""mode"":"""",""rep"":1,""objective"":8.287679743325738},{""candidate_source"":""Gurobi"",""method"":""Gurobi"",""mode"":"""",""rep"":"""",""objective"":8.287679743325754}]"
3,10,37,N10_K3_M18_I37,11.772681757026692,Gurobi,Gurobi,,,29,4,"[{""candidate_source"":""Gurobi"",""method"":""Gurobi"",""mode"":"""",""rep"":"""",""objective"":11.772681757026692},{""candidate_source"":""Metaheuristic"",""method"":""IGA"",""mode"":"""",""rep"":0,""objective"":11.772681822062072},{""candidate_source"":""Metaheuristic"",""method"":""IGA"",""mode"":"""",""rep"":1,""objective"":11.772681822062072},{""candidate_source"":""DRL"",""method"":""HDRL"",""mode"":""sample1280"",""rep"":"""",""objective"":11.772682189941406}]"
3,10,38,N10_K3_M18_I38,9.320506141352306,Gurobi,Gurobi,,,29,1,"[{""candidate_source"":""Gurobi"",""method"":""Gurobi"",""mode"":"""",""rep"":"""",""objective"":9.320506141352306}]"
3,10,39,N10_K3_M18_I39,8.734663963317871,DRL,Co-HeT,sample1280,,29,2,"[{""candidate_source"":""DRL"",""method"":""Co-HeT"",""mode"":""sample1280"",""rep"":"""",""objective"":8.734663963317871},{""candidate_source"":""Gurobi"",""method"":""Gurobi"",""mode"":"""",""rep"":"""",""objective"":8.734664574223919}]"
3,10,40,N10_K3_M18_I40,10.897311210632324,DRL,HDRL,sample1280,,29,4,"[{""candidate_source"":""DRL"",""method"":""HDRL"",""mode"":""sample1280"",""rep"":"""",""objective"":10.897311210632324},{""candidate_source"":""Gurobi"",""method"":""Gurobi"",""mode"":"""",""rep"":"""",""objective"":10.897311431066242},{""candidate_source"":""Metaheuristic"",""method"":""IGA"",""mode"":"""",""rep"":1,""objective"":10.897311432256108},{""candidate_source"":""Metaheuristic"",""method"":""IGA"",""mode"":"""",""rep"":3,""objective"":10.897311432256108}]"
3,10,41,N10_K3_M18_I41,11.497673034667969,DRL,Co-HeT,sample1280,,29,1,"[{""candidate_source"":""DRL"",""method"":""Co-HeT"",""mode"":""sample1280"",""rep"":"""",""objective"":11.497673034667969}]"
3,10,42,N10_K3_M18_I42,9.564055984315,Gurobi,Gurobi,,,29,7,"[{""candidate_source"":""Gurobi"",""method"":""Gurobi"",""mode"":"""",""rep"":"""",""objective"":9.564055984315},{""candidate_source"":""DRL"",""method"":""HDRL"",""mode"":""greedy"",""rep"":"""",""objective"":9.564056396484377},{""candidate_source"":""DRL"",""method"":""HDRL"",""mode"":""sample1280"",""rep"":"""",""objective"":9.564056396484377},{""candidate_source"":""DRL"",""method"":""MVMoE"",""mode"":""sample1280"",""rep"":"""",""objective"":9.564056396484377},{""candidate_source"":""DRL"",""method"":""TDRL"",""mode"":""sample1280"",""rep"":"""",""objective"":9.564056396484377},{""candidate_source"":""Metaheuristic"",""method"":""ALNS"",""mode"":"""",""rep"":1,""objective"":9.56405655953407},{""candidate_source"":""Metaheuristic"",""method"":""IGA"",""mode"":"""",""rep"":3,""objective"":9.56405655953407}]"
3,10,43,N10_K3_M18_I43,11.882252071689066,Gurobi,Gurobi,,,29,3,"[{""candidate_source"":""Gurobi"",""method"":""Gurobi"",""mode"":"""",""rep"":"""",""objective"":11.882252071689066},{""candidate_source"":""Metaheuristic"",""method"":""ALNS"",""mode"":"""",""rep"":1,""objective"":11.88225218810618},{""candidate_source"":""Metaheuristic"",""method"":""IGA"",""mode"":"""",""rep"":3,""objective"":11.88225218810618}]"
3,10,44,N10_K3_M18_I44,7.889616966247559,DRL,HDRL,sample1280,,29,11,"[{""candidate_source"":""DRL"",""method"":""HDRL"",""mode"":""sample1280"",""rep"":"""",""objective"":7.889616966247559},{""candidate_source"":""DRL"",""method"":""AM"",""mode"":""sample1280"",""rep"":"""",""objective"":7.889617443084717},{""candidate_source"":""DRL"",""method"":""Co-HeT"",""mode"":""greedy"",""rep"":"""",""objective"":7.889617443084717},{""candidate_source"":""DRL"",""method"":""Co-HeT"",""mode"":""sample1280"",""rep"":"""",""objective"":7.889617443084717},{""candidate_source"":""DRL"",""method"":""ECHO"",""mode"":""sample1280"",""rep"":"""",""objective"":7.889617443084717},{""candidate_source"":""DRL"",""method"":""HDRL"",""mode"":""greedy"",""rep"":"""",""objective"":7.889617443084717},{""candidate_source"":""DRL"",""method"":""TDRL"",""mode"":""sample1280"",""rep"":"""",""objective"":7.889617443084717},{""candidate_source"":""Metaheuristic"",""method"":""IGA"",""mode"":"""",""rep"":1,""objective"":7.889617709091137},{""candidate_source"":""Metaheuristic"",""method"":""IGA"",""mode"":"""",""rep"":3,""objective"":7.889617709091137},{""candidate_source"":""Metaheuristic"",""method"":""DIWO"",""mode"":"""",""rep"":2,""objective"":7.889617709091138},{""candidate_source"":""Gurobi"",""method"":""Gurobi"",""mode"":"""",""rep"":"""",""objective"":7.889617709091141}]"
3,10,45,N10_K3_M18_I45,11.476984210099497,Metaheuristic,IGA,,3,29,3,"[{""candidate_source"":""Metaheuristic"",""method"":""IGA"",""mode"":"""",""rep"":3,""objective"":11.476984210099497},{""candidate_source"":""Metaheuristic"",""method"":""ALNS"",""mode"":"""",""rep"":1,""objective"":11.4769842100995},{""candidate_source"":""Metaheuristic"",""method"":""IGA"",""mode"":"""",""rep"":2,""objective"":11.4769842100995}]"
3,10,46,N10_K3_M18_I46,9.206689730031464,Gurobi,Gurobi,,,29,5,"[{""candidate_source"":""Gurobi"",""method"":""Gurobi"",""mode"":"""",""rep"":"""",""objective"":9.206689730031464},{""candidate_source"":""Metaheuristic"",""method"":""ALNS"",""mode"":"""",""rep"":1,""objective"":9.206689957374216},{""candidate_source"":""Metaheuristic"",""method"":""ALNS"",""mode"":"""",""rep"":3,""objective"":9.206689957374216},{""candidate_source"":""Metaheuristic"",""method"":""IGA"",""mode"":"""",""rep"":2,""objective"":9.206689957374216},{""candidate_source"":""Metaheuristic"",""method"":""IGA"",""mode"":"""",""rep"":3,""objective"":9.206689957374216}]"
3,10,47,N10_K3_M18_I47,10.316106508379338,Metaheuristic,DIWO,,3,29,4,"[{""candidate_source"":""Metaheuristic"",""method"":""DIWO"",""mode"":"""",""rep"":3,""objective"":10.316106508379338},{""candidate_source"":""Metaheuristic"",""method"":""IGA"",""mode"":"""",""rep"":1,""objective"":10.316106508379338},{""candidate_source"":""Gurobi"",""method"":""Gurobi"",""mode"":"""",""rep"":"""",""objective"":10.316106508379342},{""candidate_source"":""DRL"",""method"":""TDRL"",""mode"":""sample1280"",""rep"":"""",""objective"":10.316106796264648}]"
3,10,48,N10_K3_M18_I48,11.26824803573718,Gurobi,Gurobi,,,29,1,"[{""candidate_source"":""Gurobi"",""method"":""Gurobi"",""mode"":"""",""rep"":"""",""objective"":11.26824803573718}]"
3,10,49,N10_K3_M18_I49,11.809759821858687,Metaheuristic,IGA,,2,29,3,"[{""candidate_source"":""Metaheuristic"",""method"":""IGA"",""mode"":"""",""rep"":2,""objective"":11.809759821858687},{""candidate_source"":""Metaheuristic"",""method"":""IGA"",""mode"":"""",""rep"":3,""objective"":11.809759821858687},{""candidate_source"":""DRL"",""method"":""Co-HeT"",""mode"":""sample1280"",""rep"":"""",""objective"":11.809760093688965}]"
3,10,50,N10_K3_M18_I50,8.630033493041992,DRL,HDRL,sample1280,,29,5,"[{""candidate_source"":""DRL"",""method"":""HDRL"",""mode"":""sample1280"",""rep"":"""",""objective"":8.630033493041992},{""candidate_source"":""Metaheuristic"",""method"":""IGA"",""mode"":"""",""rep"":1,""objective"":8.630033719102078},{""candidate_source"":""Metaheuristic"",""method"":""IGA"",""mode"":"""",""rep"":2,""objective"":8.630033719102078},{""candidate_source"":""Metaheuristic"",""method"":""IGA"",""mode"":"""",""rep"":3,""objective"":8.630033719102078},{""candidate_source"":""Gurobi"",""method"":""Gurobi"",""mode"":"""",""rep"":"""",""objective"":8.630033719102085}]"
3,10,51,N10_K3_M18_I51,11.981775214334728,Gurobi,Gurobi,,,29,11,"[{""candidate_source"":""Gurobi"",""method"":""Gurobi"",""mode"":"""",""rep"":"""",""objective"":11.981775214334728},{""candidate_source"":""DRL"",""method"":""Co-HeT"",""mode"":""greedy"",""rep"":"""",""objective"":11.981775283813477},{""candidate_source"":""DRL"",""method"":""Co-HeT"",""mode"":""sample1280"",""rep"":"""",""objective"":11.981775283813477},{""candidate_source"":""DRL"",""method"":""ECHO"",""mode"":""greedy"",""rep"":"""",""objective"":11.981775283813477},{""candidate_source"":""DRL"",""method"":""ECHO"",""mode"":""sample1280"",""rep"":"""",""objective"":11.981775283813477},{""candidate_source"":""DRL"",""method"":""HDRL"",""mode"":""sample1280"",""rep"":"""",""objective"":11.981775283813477},{""candidate_source"":""DRL"",""method"":""MVMoE"",""mode"":""greedy"",""rep"":"""",""objective"":11.981775283813477},{""candidate_source"":""DRL"",""method"":""MVMoE"",""mode"":""sample1280"",""rep"":"""",""objective"":11.981775283813477},{""candidate_source"":""DRL"",""method"":""TDRL"",""mode"":""sample1280"",""rep"":"""",""objective"":11.981775283813477},{""candidate_source"":""Metaheuristic"",""method"":""ALNS"",""mode"":"""",""rep"":3,""objective"":11.98177538589105},{""candidate_source"":""Metaheuristic"",""method"":""IGA"",""mode"":"""",""rep"":2,""objective"":11.98177538589105}]"
3,10,52,N10_K3_M18_I52,11.38913696184,Gurobi,Gurobi,,,29,1,"[{""candidate_source"":""Gurobi"",""method"":""Gurobi"",""mode"":"""",""rep"":"""",""objective"":11.38913696184}]"
3,10,53,N10_K3_M18_I53,10.704289904816717,Gurobi,Gurobi,,,29,1,"[{""candidate_source"":""Gurobi"",""method"":""Gurobi"",""mode"":"""",""rep"":"""",""objective"":10.704289904816717}]"
3,10,54,N10_K3_M18_I54,8.804753106157293,Gurobi,Gurobi,,,29,4,"[{""candidate_source"":""Gurobi"",""method"":""Gurobi"",""mode"":"""",""rep"":"""",""objective"":8.804753106157293},{""candidate_source"":""Metaheuristic"",""method"":""IGA"",""mode"":"""",""rep"":1,""objective"":8.804753106157294},{""candidate_source"":""Metaheuristic"",""method"":""ALNS"",""mode"":"""",""rep"":0,""objective"":8.804753106157296},{""candidate_source"":""Metaheuristic"",""method"":""IGA"",""mode"":"""",""rep"":3,""objective"":8.804753106157296}]"
3,10,55,N10_K3_M18_I55,9.641845703125,DRL,TDRL,sample1280,,29,8,"[{""candidate_source"":""DRL"",""method"":""TDRL"",""mode"":""sample1280"",""rep"":"""",""objective"":9.641845703125},{""candidate_source"":""DRL"",""method"":""AM"",""mode"":""greedy"",""rep"":"""",""objective"":9.641846656799316},{""candidate_source"":""DRL"",""method"":""AM"",""mode"":""sample1280"",""rep"":"""",""objective"":9.641846656799316},{""candidate_source"":""DRL"",""method"":""Co-HeT"",""mode"":""sample1280"",""rep"":"""",""objective"":9.641846656799316},{""candidate_source"":""DRL"",""method"":""ECHO"",""mode"":""sample1280"",""rep"":"""",""objective"":9.641846656799316},{""candidate_source"":""DRL"",""method"":""HDRL"",""mode"":""greedy"",""rep"":"""",""objective"":9.641846656799316},{""candidate_source"":""DRL"",""method"":""HDRL"",""mode"":""sample1280"",""rep"":"""",""objective"":9.641846656799316},{""candidate_source"":""DRL"",""method"":""MVMoE"",""mode"":""sample1280"",""rep"":"""",""objective"":9.641846656799316}]"
3,10,56,N10_K3_M18_I56,7.683817641499038,Gurobi,Gurobi,,,29,13,"[{""candidate_source"":""Gurobi"",""method"":""Gurobi"",""mode"":"""",""rep"":"""",""objective"":7.683817641499038},{""candidate_source"":""DRL"",""method"":""AM"",""mode"":""greedy"",""rep"":"""",""objective"":7.6838178634643555},{""candidate_source"":""DRL"",""method"":""AM"",""mode"":""sample1280"",""rep"":"""",""objective"":7.6838178634643555},{""candidate_source"":""DRL"",""method"":""Co-HeT"",""mode"":""greedy"",""rep"":"""",""objective"":7.6838178634643555},{""candidate_source"":""DRL"",""method"":""Co-HeT"",""mode"":""sample1280"",""rep"":"""",""objective"":7.6838178634643555},{""candidate_source"":""DRL"",""method"":""ECHO"",""mode"":""greedy"",""rep"":"""",""objective"":7.6838178634643555},{""candidate_source"":""DRL"",""method"":""ECHO"",""mode"":""sample1280"",""rep"":"""",""objective"":7.6838178634643555},{""candidate_source"":""DRL"",""method"":""HDRL"",""mode"":""sample1280"",""rep"":"""",""objective"":7.6838178634643555},{""candidate_source"":""DRL"",""method"":""MVMoE"",""mode"":""greedy"",""rep"":"""",""objective"":7.6838178634643555},{""candidate_source"":""DRL"",""method"":""MVMoE"",""mode"":""sample1280"",""rep"":"""",""objective"":7.6838178634643555},{""candidate_source"":""DRL"",""method"":""TDRL"",""mode"":""sample1280"",""rep"":"""",""objective"":7.6838178634643555},{""candidate_source"":""Metaheuristic"",""method"":""IGA"",""mode"":"""",""rep"":0,""objective"":7.683818136317061},{""candidate_source"":""Metaheuristic"",""method"":""IGA"",""mode"":"""",""rep"":3,""objective"":7.683818136317061}]"
3,10,57,N10_K3_M18_I57,10.06219866077,Gurobi,Gurobi,,,29,1,"[{""candidate_source"":""Gurobi"",""method"":""Gurobi"",""mode"":"""",""rep"":"""",""objective"":10.06219866077}]"
3,10,58,N10_K3_M18_I58,11.58265650704,Gurobi,Gurobi,,,29,1,"[{""candidate_source"":""Gurobi"",""method"":""Gurobi"",""mode"":"""",""rep"":"""",""objective"":11.58265650704}]"
3,10,59,N10_K3_M18_I59,8.695266793826233,Gurobi,Gurobi,,,29,3,"[{""candidate_source"":""Gurobi"",""method"":""Gurobi"",""mode"":"""",""rep"":"""",""objective"":8.695266793826233},{""candidate_source"":""Metaheuristic"",""method"":""IGA"",""mode"":"""",""rep"":1,""objective"":8.695266816314529},{""candidate_source"":""Metaheuristic"",""method"":""IGA"",""mode"":"""",""rep"":3,""objective"":8.695266816314529}]"
3,10,60,N10_K3_M18_I60,8.175238046808147,Gurobi,Gurobi,,,29,7,"[{""candidate_source"":""Gurobi"",""method"":""Gurobi"",""mode"":"""",""rep"":"""",""objective"":8.175238046808147},{""candidate_source"":""Metaheuristic"",""method"":""ALNS"",""mode"":"""",""rep"":1,""objective"":8.175238068055611},{""candidate_source"":""Metaheuristic"",""method"":""ALNS"",""mode"":"""",""rep"":2,""objective"":8.175238068055611},{""candidate_source"":""Metaheuristic"",""method"":""IGA"",""mode"":"""",""rep"":0,""objective"":8.175238068055611},{""candidate_source"":""Metaheuristic"",""method"":""IGA"",""mode"":"""",""rep"":1,""objective"":8.175238068055611},{""candidate_source"":""Metaheuristic"",""method"":""IGA"",""mode"":"""",""rep"":2,""objective"":8.175238068055611},{""candidate_source"":""Metaheuristic"",""method"":""IGA"",""mode"":"""",""rep"":3,""objective"":8.175238068055611}]"
3,10,61,N10_K3_M18_I61,11.561346040165652,Gurobi,Gurobi,,,29,2,"[{""candidate_source"":""Gurobi"",""method"":""Gurobi"",""mode"":"""",""rep"":"""",""objective"":11.561346040165652},{""candidate_source"":""Metaheuristic"",""method"":""DIWO"",""mode"":"""",""rep"":2,""objective"":11.561346240343044}]"
3,10,62,N10_K3_M18_I62,12.208450317382812,DRL,AM,sample1280,,29,7,"[{""candidate_source"":""DRL"",""method"":""AM"",""mode"":""sample1280"",""rep"":"""",""objective"":12.208450317382812},{""candidate_source"":""DRL"",""method"":""Co-HeT"",""mode"":""greedy"",""rep"":"""",""objective"":12.208450317382812},{""candidate_source"":""DRL"",""method"":""HDRL"",""mode"":""sample1280"",""rep"":"""",""objective"":12.208450317382812},{""candidate_source"":""DRL"",""method"":""TDRL"",""mode"":""sample1280"",""rep"":"""",""objective"":12.208450317382812},{""candidate_source"":""Gurobi"",""method"":""Gurobi"",""mode"":"""",""rep"":"""",""objective"":12.208450767452144},{""candidate_source"":""Metaheuristic"",""method"":""IGA"",""mode"":"""",""rep"":0,""objective"":12.208450919698477},{""candidate_source"":""Metaheuristic"",""method"":""IGA"",""mode"":"""",""rep"":3,""objective"":12.208450919698477}]"
3,10,63,N10_K3_M18_I63,10.802032470703123,DRL,Co-HeT,sample1280,,29,4,"[{""candidate_source"":""DRL"",""method"":""Co-HeT"",""mode"":""sample1280"",""rep"":"""",""objective"":10.802032470703123},{""candidate_source"":""Gurobi"",""method"":""Gurobi"",""mode"":"""",""rep"":"""",""objective"":10.802033180693162},{""candidate_source"":""Metaheuristic"",""method"":""ALNS"",""mode"":"""",""rep"":2,""objective"":10.802033180693227},{""candidate_source"":""Metaheuristic"",""method"":""IGA"",""mode"":"""",""rep"":3,""objective"":10.802033180693227}]"
3,10,64,N10_K3_M18_I64,10.21591811236005,Gurobi,Gurobi,,,29,3,"[{""candidate_source"":""Gurobi"",""method"":""Gurobi"",""mode"":"""",""rep"":"""",""objective"":10.21591811236005},{""candidate_source"":""Metaheuristic"",""method"":""ALNS"",""mode"":"""",""rep"":1,""objective"":10.21591811236047},{""candidate_source"":""Metaheuristic"",""method"":""IGA"",""mode"":"""",""rep"":3,""objective"":10.21591811236047}]"
3,10,65,N10_K3_M18_I65,8.758370792869375,Gurobi,Gurobi,,,29,3,"[{""candidate_source"":""Gurobi"",""method"":""Gurobi"",""mode"":"""",""rep"":"""",""objective"":8.758370792869375},{""candidate_source"":""Metaheuristic"",""method"":""IGA"",""mode"":"""",""rep"":0,""objective"":8.758371083250385},{""candidate_source"":""Metaheuristic"",""method"":""IGA"",""mode"":"""",""rep"":1,""objective"":8.758371083250385}]"
3,10,66,N10_K3_M18_I66,11.421793727807716,Gurobi,Gurobi,,,29,1,"[{""candidate_source"":""Gurobi"",""method"":""Gurobi"",""mode"":"""",""rep"":"""",""objective"":11.421793727807716}]"
3,10,67,N10_K3_M18_I67,8.841224804148785,Gurobi,Gurobi,,,29,1,"[{""candidate_source"":""Gurobi"",""method"":""Gurobi"",""mode"":"""",""rep"":"""",""objective"":8.841224804148785}]"
3,10,68,N10_K3_M18_I68,11.04408966021,Gurobi,Gurobi,,,29,2,"[{""candidate_source"":""Gurobi"",""method"":""Gurobi"",""mode"":"""",""rep"":"""",""objective"":11.04408966021},{""candidate_source"":""Metaheuristic"",""method"":""IGA"",""mode"":"""",""rep"":1,""objective"":11.044090218728124}]"
3,10,69,N10_K3_M18_I69,11.373353883355795,Gurobi,Gurobi,,,29,2,"[{""candidate_source"":""Gurobi"",""method"":""Gurobi"",""mode"":"""",""rep"":"""",""objective"":11.373353883355795},{""candidate_source"":""Metaheuristic"",""method"":""IGA"",""mode"":"""",""rep"":0,""objective"":11.373353927414833}]"
3,10,70,N10_K3_M18_I70,10.92923226160828,Metaheuristic,IGA,,0,29,3,"[{""candidate_source"":""Metaheuristic"",""method"":""IGA"",""mode"":"""",""rep"":0,""objective"":10.92923226160828},{""candidate_source"":""Metaheuristic"",""method"":""IGA"",""mode"":"""",""rep"":1,""objective"":10.92923226160828},{""candidate_source"":""Metaheuristic"",""method"":""IGA"",""mode"":"""",""rep"":3,""objective"":10.92923226160828}]"
3,10,71,N10_K3_M18_I71,11.231894440247627,Metaheuristic,IGA,,2,29,4,"[{""candidate_source"":""Metaheuristic"",""method"":""IGA"",""mode"":"""",""rep"":2,""objective"":11.231894440247627},{""candidate_source"":""DRL"",""method"":""AM"",""mode"":""sample1280"",""rep"":"""",""objective"":11.231894493103027},{""candidate_source"":""DRL"",""method"":""HDRL"",""mode"":""sample1280"",""rep"":"""",""objective"":11.231894493103027},{""candidate_source"":""DRL"",""method"":""TDRL"",""mode"":""sample1280"",""rep"":"""",""objective"":11.231894493103027}]"
3,10,72,N10_K3_M18_I72,8.544570477838512,Metaheuristic,IGA,,0,29,2,"[{""candidate_source"":""Metaheuristic"",""method"":""IGA"",""mode"":"""",""rep"":0,""objective"":8.544570477838512},{""candidate_source"":""Gurobi"",""method"":""Gurobi"",""mode"":"""",""rep"":"""",""objective"":8.54457047783852}]"
3,10,73,N10_K3_M18_I73,9.902726916809,Gurobi,Gurobi,,,29,1,"[{""candidate_source"":""Gurobi"",""method"":""Gurobi"",""mode"":"""",""rep"":"""",""objective"":9.902726916809}]"
3,10,74,N10_K3_M18_I74,10.97403144855,Gurobi,Gurobi,,,29,3,"[{""candidate_source"":""Gurobi"",""method"":""Gurobi"",""mode"":"""",""rep"":"""",""objective"":10.97403144855},{""candidate_source"":""Metaheuristic"",""method"":""IGA"",""mode"":"""",""rep"":0,""objective"":10.974032067464204},{""candidate_source"":""Metaheuristic"",""method"":""IGA"",""mode"":"""",""rep"":3,""objective"":10.974032067464204}]"
3,10,75,N10_K3_M18_I75,11.87080040650622,Gurobi,Gurobi,,,29,6,"[{""candidate_source"":""Gurobi"",""method"":""Gurobi"",""mode"":"""",""rep"":"""",""objective"":11.87080040650622},{""candidate_source"":""Metaheuristic"",""method"":""ALNS"",""mode"":"""",""rep"":2,""objective"":11.870800560589176},{""candidate_source"":""Metaheuristic"",""method"":""IGA"",""mode"":"""",""rep"":0,""objective"":11.870800560589176},{""candidate_source"":""Metaheuristic"",""method"":""IGA"",""mode"":"""",""rep"":1,""objective"":11.870800560589176},{""candidate_source"":""Metaheuristic"",""method"":""ALNS"",""mode"":"""",""rep"":0,""objective"":11.870800560589178},{""candidate_source"":""Metaheuristic"",""method"":""IGA"",""mode"":"""",""rep"":2,""objective"":11.870800560589178}]"
3,10,76,N10_K3_M18_I76,11.62864757174026,Gurobi,Gurobi,,,29,5,"[{""candidate_source"":""Gurobi"",""method"":""Gurobi"",""mode"":"""",""rep"":"""",""objective"":11.62864757174026},{""candidate_source"":""DRL"",""method"":""AM"",""mode"":""sample1280"",""rep"":"""",""objective"":11.628647804260254},{""candidate_source"":""Metaheuristic"",""method"":""IGA"",""mode"":"""",""rep"":0,""objective"":11.628647933245496},{""candidate_source"":""Metaheuristic"",""method"":""IGA"",""mode"":"""",""rep"":1,""objective"":11.628647933245496},{""candidate_source"":""Metaheuristic"",""method"":""IGA"",""mode"":"""",""rep"":2,""objective"":11.628647933245496}]"
3,10,77,N10_K3_M18_I77,10.95575964597,Gurobi,Gurobi,,,29,1,"[{""candidate_source"":""Gurobi"",""method"":""Gurobi"",""mode"":"""",""rep"":"""",""objective"":10.95575964597}]"
3,10,78,N10_K3_M18_I78,10.585897445678713,DRL,Co-HeT,greedy,,29,9,"[{""candidate_source"":""DRL"",""method"":""Co-HeT"",""mode"":""greedy"",""rep"":"""",""objective"":10.585897445678713},{""candidate_source"":""DRL"",""method"":""Co-HeT"",""mode"":""sample1280"",""rep"":"""",""objective"":10.585897445678713},{""candidate_source"":""DRL"",""method"":""ECHO"",""mode"":""sample1280"",""rep"":"""",""objective"":10.585897445678713},{""candidate_source"":""DRL"",""method"":""HDRL"",""mode"":""sample1280"",""rep"":"""",""objective"":10.585897445678713},{""candidate_source"":""DRL"",""method"":""MVMoE"",""mode"":""greedy"",""rep"":"""",""objective"":10.585897445678713},{""candidate_source"":""DRL"",""method"":""MVMoE"",""mode"":""sample1280"",""rep"":"""",""objective"":10.585897445678713},{""candidate_source"":""Gurobi"",""method"":""Gurobi"",""mode"":"""",""rep"":"""",""objective"":10.58589796204128},{""candidate_source"":""Metaheuristic"",""method"":""IGA"",""mode"":"""",""rep"":1,""objective"":10.585897962041416},{""candidate_source"":""Metaheuristic"",""method"":""IGA"",""mode"":"""",""rep"":3,""objective"":10.585897962041416}]"
3,10,79,N10_K3_M18_I79,10.72979360099,Gurobi,Gurobi,,,29,5,"[{""candidate_source"":""Gurobi"",""method"":""Gurobi"",""mode"":"""",""rep"":"""",""objective"":10.72979360099},{""candidate_source"":""Metaheuristic"",""method"":""DABC"",""mode"":"""",""rep"":3,""objective"":10.729794262473504},{""candidate_source"":""Metaheuristic"",""method"":""IGA"",""mode"":"""",""rep"":0,""objective"":10.729794262473504},{""candidate_source"":""Metaheuristic"",""method"":""IGA"",""mode"":"""",""rep"":1,""objective"":10.729794262473504},{""candidate_source"":""Metaheuristic"",""method"":""IGA"",""mode"":"""",""rep"":2,""objective"":10.729794262473504}]"
3,10,80,N10_K3_M18_I80,10.36351848047,Gurobi,Gurobi,,,29,6,"[{""candidate_source"":""Gurobi"",""method"":""Gurobi"",""mode"":"""",""rep"":"""",""objective"":10.36351848047},{""candidate_source"":""Metaheuristic"",""method"":""ALNS"",""mode"":"""",""rep"":2,""objective"":10.363519213671385},{""candidate_source"":""Metaheuristic"",""method"":""IGA"",""mode"":"""",""rep"":1,""objective"":10.363519213671385},{""candidate_source"":""Metaheuristic"",""method"":""IGA"",""mode"":"""",""rep"":2,""objective"":10.363519213671385},{""candidate_source"":""Metaheuristic"",""method"":""IGA"",""mode"":"""",""rep"":3,""objective"":10.363519213671385},{""candidate_source"":""Metaheuristic"",""method"":""DIWO"",""mode"":"""",""rep"":2,""objective"":10.363519213671388}]"
3,10,81,N10_K3_M18_I81,8.550807029533,Gurobi,Gurobi,,,29,4,"[{""candidate_source"":""Gurobi"",""method"":""Gurobi"",""mode"":"""",""rep"":"""",""objective"":8.550807029533},{""candidate_source"":""Metaheuristic"",""method"":""IGA"",""mode"":"""",""rep"":0,""objective"":8.550807741593697},{""candidate_source"":""Metaheuristic"",""method"":""IGA"",""mode"":"""",""rep"":2,""objective"":8.550807741593697},{""candidate_source"":""Metaheuristic"",""method"":""IGA"",""mode"":"""",""rep"":3,""objective"":8.550807741593697}]"
3,10,82,N10_K3_M18_I82,10.127288818359377,DRL,Co-HeT,sample1280,,29,9,"[{""candidate_source"":""DRL"",""method"":""Co-HeT"",""mode"":""sample1280"",""rep"":"""",""objective"":10.127288818359377},{""candidate_source"":""DRL"",""method"":""MVMoE"",""mode"":""sample1280"",""rep"":"""",""objective"":10.127288818359377},{""candidate_source"":""Gurobi"",""method"":""Gurobi"",""mode"":"""",""rep"":"""",""objective"":10.12728917645046},{""candidate_source"":""Metaheuristic"",""method"":""ALNS"",""mode"":"""",""rep"":0,""objective"":10.12728917645054},{""candidate_source"":""Metaheuristic"",""method"":""ALNS"",""mode"":"""",""rep"":2,""objective"":10.12728917645054},{""candidate_source"":""Metaheuristic"",""method"":""IGA"",""mode"":"""",""rep"":0,""objective"":10.12728917645054},{""candidate_source"":""Metaheuristic"",""method"":""IGA"",""mode"":"""",""rep"":1,""objective"":10.12728917645054},{""candidate_source"":""DRL"",""method"":""HDRL"",""mode"":""sample1280"",""rep"":"""",""objective"":10.127289772033691},{""candidate_source"":""DRL"",""method"":""MVMoE"",""mode"":""greedy"",""rep"":"""",""objective"":10.127289772033691}]"
3,10,83,N10_K3_M18_I83,12.807891946219785,Gurobi,Gurobi,,,29,2,"[{""candidate_source"":""Gurobi"",""method"":""Gurobi"",""mode"":"""",""rep"":"""",""objective"":12.807891946219785},{""candidate_source"":""Metaheuristic"",""method"":""IGA"",""mode"":"""",""rep"":1,""objective"":12.807891981256354}]"
3,10,84,N10_K3_M18_I84,8.856055187901978,Gurobi,Gurobi,,,29,5,"[{""candidate_source"":""Gurobi"",""method"":""Gurobi"",""mode"":"""",""rep"":"""",""objective"":8.856055187901978},{""candidate_source"":""Metaheuristic"",""method"":""ALNS"",""mode"":"""",""rep"":2,""objective"":8.856055300233923},{""candidate_source"":""Metaheuristic"",""method"":""IGA"",""mode"":"""",""rep"":0,""objective"":8.856055300233923},{""candidate_source"":""Metaheuristic"",""method"":""IGA"",""mode"":"""",""rep"":1,""objective"":8.856055300233923},{""candidate_source"":""Metaheuristic"",""method"":""IGA"",""mode"":"""",""rep"":2,""objective"":8.856055300233923}]"
3,10,85,N10_K3_M18_I85,11.00809727752,Gurobi,Gurobi,,,29,1,"[{""candidate_source"":""Gurobi"",""method"":""Gurobi"",""mode"":"""",""rep"":"""",""objective"":11.00809727752}]"
3,10,86,N10_K3_M18_I86,9.674107247963056,Gurobi,Gurobi,,,29,9,"[{""candidate_source"":""Gurobi"",""method"":""Gurobi"",""mode"":"""",""rep"":"""",""objective"":9.674107247963056},{""candidate_source"":""Metaheuristic"",""method"":""ALNS"",""mode"":"""",""rep"":2,""objective"":9.674107672724215},{""candidate_source"":""Metaheuristic"",""method"":""IGA"",""mode"":"""",""rep"":2,""objective"":9.674107672724215},{""candidate_source"":""Metaheuristic"",""method"":""IGA"",""mode"":"""",""rep"":3,""objective"":9.674107672724215},{""candidate_source"":""Metaheuristic"",""method"":""ALNS"",""mode"":"""",""rep"":0,""objective"":9.67410767272422},{""candidate_source"":""Metaheuristic"",""method"":""ALNS"",""mode"":"""",""rep"":1,""objective"":9.67410767272422},{""candidate_source"":""Metaheuristic"",""method"":""ALNS"",""mode"":"""",""rep"":3,""objective"":9.67410767272422},{""candidate_source"":""Metaheuristic"",""method"":""IGA"",""mode"":"""",""rep"":0,""objective"":9.67410767272422},{""candidate_source"":""Metaheuristic"",""method"":""IGA"",""mode"":"""",""rep"":1,""objective"":9.67410767272422}]"
3,10,87,N10_K3_M18_I87,10.72476067013,Gurobi,Gurobi,,,29,7,"[{""candidate_source"":""Gurobi"",""method"":""Gurobi"",""mode"":"""",""rep"":"""",""objective"":10.72476067013},{""candidate_source"":""DRL"",""method"":""AM"",""mode"":""sample1280"",""rep"":"""",""objective"":10.724761009216309},{""candidate_source"":""DRL"",""method"":""Co-HeT"",""mode"":""sample1280"",""rep"":"""",""objective"":10.724761009216309},{""candidate_source"":""Metaheuristic"",""method"":""IGA"",""mode"":"""",""rep"":0,""objective"":10.72476145472621},{""candidate_source"":""Metaheuristic"",""method"":""IGA"",""mode"":"""",""rep"":3,""objective"":10.72476145472621},{""candidate_source"":""Metaheuristic"",""method"":""DIWO"",""mode"":"""",""rep"":1,""objective"":10.724761454726211},{""candidate_source"":""Metaheuristic"",""method"":""DIWO"",""mode"":"""",""rep"":2,""objective"":10.724761454726211}]"
3,10,88,N10_K3_M18_I88,10.196560608019867,Gurobi,Gurobi,,,29,4,"[{""candidate_source"":""Gurobi"",""method"":""Gurobi"",""mode"":"""",""rep"":"""",""objective"":10.196560608019867},{""candidate_source"":""Metaheuristic"",""method"":""IGA"",""mode"":"""",""rep"":0,""objective"":10.19656088324637},{""candidate_source"":""Metaheuristic"",""method"":""IGA"",""mode"":"""",""rep"":2,""objective"":10.19656088324637},{""candidate_source"":""Metaheuristic"",""method"":""IGA"",""mode"":"""",""rep"":3,""objective"":10.19656088324637}]"
3,10,89,N10_K3_M18_I89,11.976166799080715,Metaheuristic,IGA,,1,29,2,"[{""candidate_source"":""Metaheuristic"",""method"":""IGA"",""mode"":"""",""rep"":1,""objective"":11.976166799080715},{""candidate_source"":""Metaheuristic"",""method"":""IGA"",""mode"":"""",""rep"":3,""objective"":11.976166799080715}]"
3,10,90,N10_K3_M18_I90,10.600962634790909,Gurobi,Gurobi,,,29,2,"[{""candidate_source"":""Gurobi"",""method"":""Gurobi"",""mode"":"""",""rep"":"""",""objective"":10.600962634790909},{""candidate_source"":""Metaheuristic"",""method"":""DIWO"",""mode"":"""",""rep"":1,""objective"":10.600962692574363}]"
3,10,91,N10_K3_M18_I91,11.05935815444697,Gurobi,Gurobi,,,29,2,"[{""candidate_source"":""Gurobi"",""method"":""Gurobi"",""mode"":"""",""rep"":"""",""objective"":11.05935815444697},{""candidate_source"":""Metaheuristic"",""method"":""IGA"",""mode"":"""",""rep"":0,""objective"":11.05935815444805}]"
3,10,92,N10_K3_M18_I92,9.442515136414965,Gurobi,Gurobi,,,29,1,"[{""candidate_source"":""Gurobi"",""method"":""Gurobi"",""mode"":"""",""rep"":"""",""objective"":9.442515136414965}]"
3,10,93,N10_K3_M18_I93,12.001131057739258,DRL,Co-HeT,sample1280,,29,4,"[{""candidate_source"":""DRL"",""method"":""Co-HeT"",""mode"":""sample1280"",""rep"":"""",""objective"":12.001131057739258},{""candidate_source"":""Gurobi"",""method"":""Gurobi"",""mode"":"""",""rep"":"""",""objective"":12.001131563484698},{""candidate_source"":""Metaheuristic"",""method"":""DIWO"",""mode"":"""",""rep"":1,""objective"":12.001131613757266},{""candidate_source"":""DRL"",""method"":""HDRL"",""mode"":""sample1280"",""rep"":"""",""objective"":12.001132011413574}]"
3,10,94,N10_K3_M18_I94,9.075840850619464,Gurobi,Gurobi,,,29,1,"[{""candidate_source"":""Gurobi"",""method"":""Gurobi"",""mode"":"""",""rep"":"""",""objective"":9.075840850619464}]"
3,10,95,N10_K3_M18_I95,13.56049633026123,DRL,HDRL,sample1280,,29,4,"[{""candidate_source"":""DRL"",""method"":""HDRL"",""mode"":""sample1280"",""rep"":"""",""objective"":13.56049633026123},{""candidate_source"":""DRL"",""method"":""MVMoE"",""mode"":""sample1280"",""rep"":"""",""objective"":13.56049633026123},{""candidate_source"":""Metaheuristic"",""method"":""ALNS"",""mode"":"""",""rep"":0,""objective"":13.56049644915015},{""candidate_source"":""Metaheuristic"",""method"":""IGA"",""mode"":"""",""rep"":0,""objective"":13.56049644915015}]"
3,10,96,N10_K3_M18_I96,9.564579963684082,DRL,HDRL,greedy,,29,7,"[{""candidate_source"":""DRL"",""method"":""HDRL"",""mode"":""greedy"",""rep"":"""",""objective"":9.564579963684082},{""candidate_source"":""DRL"",""method"":""HDRL"",""mode"":""sample1280"",""rep"":"""",""objective"":9.564579963684082},{""candidate_source"":""DRL"",""method"":""TDRL"",""mode"":""sample1280"",""rep"":"""",""objective"":9.564579963684082},{""candidate_source"":""Metaheuristic"",""method"":""IGA"",""mode"":"""",""rep"":0,""objective"":9.564580676961498},{""candidate_source"":""Metaheuristic"",""method"":""IGA"",""mode"":"""",""rep"":3,""objective"":9.564580676961498},{""candidate_source"":""Gurobi"",""method"":""Gurobi"",""mode"":"""",""rep"":"""",""objective"":9.5645806769615},{""candidate_source"":""DRL"",""method"":""ECHO"",""mode"":""sample1280"",""rep"":"""",""objective"":9.564580917358398}]"
3,10,97,N10_K3_M18_I97,11.10357760025,Gurobi,Gurobi,,,29,8,"[{""candidate_source"":""Gurobi"",""method"":""Gurobi"",""mode"":"""",""rep"":"""",""objective"":11.10357760025},{""candidate_source"":""Metaheuristic"",""method"":""ALNS"",""mode"":"""",""rep"":0,""objective"":11.10357810562283},{""candidate_source"":""Metaheuristic"",""method"":""ALNS"",""mode"":"""",""rep"":1,""objective"":11.10357810562283},{""candidate_source"":""Metaheuristic"",""method"":""IGA"",""mode"":"""",""rep"":0,""objective"":11.10357810562283},{""candidate_source"":""Metaheuristic"",""method"":""IGA"",""mode"":"""",""rep"":1,""objective"":11.10357810562283},{""candidate_source"":""Metaheuristic"",""method"":""IGA"",""mode"":"""",""rep"":2,""objective"":11.10357810562283},{""candidate_source"":""DRL"",""method"":""Co-HeT"",""mode"":""greedy"",""rep"":"""",""objective"":11.103578567504885},{""candidate_source"":""DRL"",""method"":""Co-HeT"",""mode"":""sample1280"",""rep"":"""",""objective"":11.103578567504885}]"
3,10,98,N10_K3_M18_I98,9.82400803238,Gurobi,Gurobi,,,29,4,"[{""candidate_source"":""Gurobi"",""method"":""Gurobi"",""mode"":"""",""rep"":"""",""objective"":9.82400803238},{""candidate_source"":""Metaheuristic"",""method"":""IGA"",""mode"":"""",""rep"":0,""objective"":9.824008564034584},{""candidate_source"":""Metaheuristic"",""method"":""IGA"",""mode"":"""",""rep"":1,""objective"":9.824008564034584},{""candidate_source"":""Metaheuristic"",""method"":""IGA"",""mode"":"""",""rep"":3,""objective"":9.824008564034584}]"
3,10,99,N10_K3_M18_I99,9.121732719267037,Gurobi,Gurobi,,,29,1,"[{""candidate_source"":""Gurobi"",""method"":""Gurobi"",""mode"":"""",""rep"":"""",""objective"":9.121732719267037}]"
3,10,100,N10_K3_M18_I100,9.897712707519531,DRL,AM,sample1280,,29,12,"[{""candidate_source"":""DRL"",""method"":""AM"",""mode"":""sample1280"",""rep"":"""",""objective"":9.897712707519531},{""candidate_source"":""DRL"",""method"":""Co-HeT"",""mode"":""greedy"",""rep"":"""",""objective"":9.897712707519531},{""candidate_source"":""DRL"",""method"":""Co-HeT"",""mode"":""sample1280"",""rep"":"""",""objective"":9.897712707519531},{""candidate_source"":""DRL"",""method"":""ECHO"",""mode"":""greedy"",""rep"":"""",""objective"":9.897712707519531},{""candidate_source"":""DRL"",""method"":""ECHO"",""mode"":""sample1280"",""rep"":"""",""objective"":9.897712707519531},{""candidate_source"":""DRL"",""method"":""HDRL"",""mode"":""greedy"",""rep"":"""",""objective"":9.897712707519531},{""candidate_source"":""DRL"",""method"":""HDRL"",""mode"":""sample1280"",""rep"":"""",""objective"":9.897712707519531},{""candidate_source"":""DRL"",""method"":""MVMoE"",""mode"":""sample1280"",""rep"":"""",""objective"":9.897712707519531},{""candidate_source"":""DRL"",""method"":""TDRL"",""mode"":""sample1280"",""rep"":"""",""objective"":9.897712707519531},{""candidate_source"":""Gurobi"",""method"":""Gurobi"",""mode"":"""",""rep"":"""",""objective"":9.897713086252676},{""candidate_source"":""Metaheuristic"",""method"":""IGA"",""mode"":"""",""rep"":1,""objective"":9.897713156003633},{""candidate_source"":""Metaheuristic"",""method"":""IGA"",""mode"":"""",""rep"":2,""objective"":9.897713156003633}]"
3,20,1,N20_K3_M18_I1,14.448339563159864,Gurobi,Gurobi,,,29,1,"[{""candidate_source"":""Gurobi"",""method"":""Gurobi"",""mode"":"""",""rep"":"""",""objective"":14.448339563159864}]"
3,20,2,N20_K3_M18_I2,15.626320506203175,Metaheuristic,IGA,,1,29,1,"[{""candidate_source"":""Metaheuristic"",""method"":""IGA"",""mode"":"""",""rep"":1,""objective"":15.626320506203175}]"
3,20,3,N20_K3_M18_I3,15.598433542990728,Metaheuristic,IGA,,2,29,2,"[{""candidate_source"":""Metaheuristic"",""method"":""IGA"",""mode"":"""",""rep"":2,""objective"":15.598433542990728},{""candidate_source"":""Metaheuristic"",""method"":""IGA"",""mode"":"""",""rep"":3,""objective"":15.598433542990728}]"
3,20,4,N20_K3_M18_I4,12.332755994785911,Gurobi,Gurobi,,,29,1,"[{""candidate_source"":""Gurobi"",""method"":""Gurobi"",""mode"":"""",""rep"":"""",""objective"":12.332755994785911}]"
3,20,5,N20_K3_M18_I5,14.20334399191442,Metaheuristic,IGA,,1,29,1,"[{""candidate_source"":""Metaheuristic"",""method"":""IGA"",""mode"":"""",""rep"":1,""objective"":14.20334399191442}]"
3,20,6,N20_K3_M18_I6,15.380017280578612,DRL,AM,sample1280,,29,3,"[{""candidate_source"":""DRL"",""method"":""AM"",""mode"":""sample1280"",""rep"":"""",""objective"":15.380017280578612},{""candidate_source"":""DRL"",""method"":""ECHO"",""mode"":""sample1280"",""rep"":"""",""objective"":15.380017280578612},{""candidate_source"":""DRL"",""method"":""HDRL"",""mode"":""sample1280"",""rep"":"""",""objective"":15.380017280578612}]"
3,20,7,N20_K3_M18_I7,12.425431227908236,Metaheuristic,IGA,,3,29,1,"[{""candidate_source"":""Metaheuristic"",""method"":""IGA"",""mode"":"""",""rep"":3,""objective"":12.425431227908236}]"
3,20,8,N20_K3_M18_I8,14.566652723988213,Gurobi,Gurobi,,,29,1,"[{""candidate_source"":""Gurobi"",""method"":""Gurobi"",""mode"":"""",""rep"":"""",""objective"":14.566652723988213}]"
3,20,9,N20_K3_M18_I9,14.146255493164062,DRL,Co-HeT,greedy,,29,2,"[{""candidate_source"":""DRL"",""method"":""Co-HeT"",""mode"":""greedy"",""rep"":"""",""objective"":14.146255493164062},{""candidate_source"":""DRL"",""method"":""Co-HeT"",""mode"":""sample1280"",""rep"":"""",""objective"":14.146255493164062}]"
3,20,10,N20_K3_M18_I10,10.952155129411167,Gurobi,Gurobi,,,29,1,"[{""candidate_source"":""Gurobi"",""method"":""Gurobi"",""mode"":"""",""rep"":"""",""objective"":10.952155129411167}]"
3,20,11,N20_K3_M18_I11,15.292484283447266,DRL,TDRL,sample1280,,29,1,"[{""candidate_source"":""DRL"",""method"":""TDRL"",""mode"":""sample1280"",""rep"":"""",""objective"":15.292484283447266}]"
3,20,12,N20_K3_M18_I12,16.992340087890625,DRL,Co-HeT,sample1280,,29,1,"[{""candidate_source"":""DRL"",""method"":""Co-HeT"",""mode"":""sample1280"",""rep"":"""",""objective"":16.992340087890625}]"
3,20,13,N20_K3_M18_I13,14.125783920288086,DRL,Co-HeT,sample1280,,29,1,"[{""candidate_source"":""DRL"",""method"":""Co-HeT"",""mode"":""sample1280"",""rep"":"""",""objective"":14.125783920288086}]"
3,20,14,N20_K3_M18_I14,17.21468734741211,DRL,Co-HeT,sample1280,,29,1,"[{""candidate_source"":""DRL"",""method"":""Co-HeT"",""mode"":""sample1280"",""rep"":"""",""objective"":17.21468734741211}]"
3,20,15,N20_K3_M18_I15,12.881854057312012,DRL,Co-HeT,sample1280,,29,1,"[{""candidate_source"":""DRL"",""method"":""Co-HeT"",""mode"":""sample1280"",""rep"":"""",""objective"":12.881854057312012}]"
3,20,16,N20_K3_M18_I16,15.591175079345703,DRL,Co-HeT,sample1280,,29,1,"[{""candidate_source"":""DRL"",""method"":""Co-HeT"",""mode"":""sample1280"",""rep"":"""",""objective"":15.591175079345703}]"
3,20,17,N20_K3_M18_I17,13.203449249267578,DRL,Co-HeT,sample1280,,29,1,"[{""candidate_source"":""DRL"",""method"":""Co-HeT"",""mode"":""sample1280"",""rep"":"""",""objective"":13.203449249267578}]"
3,20,18,N20_K3_M18_I18,15.449524879455566,DRL,Co-HeT,sample1280,,29,1,"[{""candidate_source"":""DRL"",""method"":""Co-HeT"",""mode"":""sample1280"",""rep"":"""",""objective"":15.449524879455566}]"
3,20,19,N20_K3_M18_I19,11.76166534423828,DRL,Co-HeT,sample1280,,29,1,"[{""candidate_source"":""DRL"",""method"":""Co-HeT"",""mode"":""sample1280"",""rep"":"""",""objective"":11.76166534423828}]"
3,20,20,N20_K3_M18_I20,17.5882266570878,Metaheuristic,IGA,,0,29,1,"[{""candidate_source"":""Metaheuristic"",""method"":""IGA"",""mode"":"""",""rep"":0,""objective"":17.5882266570878}]"
3,20,21,N20_K3_M18_I21,14.78253963662769,Metaheuristic,IGA,,2,29,1,"[{""candidate_source"":""Metaheuristic"",""method"":""IGA"",""mode"":"""",""rep"":2,""objective"":14.78253963662769}]"
3,20,22,N20_K3_M18_I22,13.267526626586914,DRL,Co-HeT,sample1280,,29,1,"[{""candidate_source"":""DRL"",""method"":""Co-HeT"",""mode"":""sample1280"",""rep"":"""",""objective"":13.267526626586914}]"
3,20,23,N20_K3_M18_I23,13.17745522060874,Metaheuristic,IGA,,1,29,1,"[{""candidate_source"":""Metaheuristic"",""method"":""IGA"",""mode"":"""",""rep"":1,""objective"":13.17745522060874}]"
3,20,24,N20_K3_M18_I24,14.793414073469611,Metaheuristic,IGA,,0,29,1,"[{""candidate_source"":""Metaheuristic"",""method"":""IGA"",""mode"":"""",""rep"":0,""objective"":14.793414073469611}]"
3,20,25,N20_K3_M18_I25,12.961114883422852,DRL,Co-HeT,sample1280,,29,1,"[{""candidate_source"":""DRL"",""method"":""Co-HeT"",""mode"":""sample1280"",""rep"":"""",""objective"":12.961114883422852}]"
3,20,26,N20_K3_M18_I26,11.742029694320374,Metaheuristic,IGA,,2,29,1,"[{""candidate_source"":""Metaheuristic"",""method"":""IGA"",""mode"":"""",""rep"":2,""objective"":11.742029694320374}]"
3,20,27,N20_K3_M18_I27,13.345046194729408,Metaheuristic,ALNS,,0,29,1,"[{""candidate_source"":""Metaheuristic"",""method"":""ALNS"",""mode"":"""",""rep"":0,""objective"":13.345046194729408}]"
3,20,28,N20_K3_M18_I28,12.33242040558916,Metaheuristic,IGA,,3,29,1,"[{""candidate_source"":""Metaheuristic"",""method"":""IGA"",""mode"":"""",""rep"":3,""objective"":12.33242040558916}]"
3,20,29,N20_K3_M18_I29,12.879459928407408,Metaheuristic,IGA,,2,29,1,"[{""candidate_source"":""Metaheuristic"",""method"":""IGA"",""mode"":"""",""rep"":2,""objective"":12.879459928407408}]"
3,20,30,N20_K3_M18_I30,13.147688238580514,Gurobi,Gurobi,,,29,1,"[{""candidate_source"":""Gurobi"",""method"":""Gurobi"",""mode"":"""",""rep"":"""",""objective"":13.147688238580514}]"
3,20,31,N20_K3_M18_I31,14.168945818249265,Gurobi,Gurobi,,,29,1,"[{""candidate_source"":""Gurobi"",""method"":""Gurobi"",""mode"":"""",""rep"":"""",""objective"":14.168945818249265}]"
3,20,32,N20_K3_M18_I32,12.73078727722168,DRL,ECHO,sample1280,,29,1,"[{""candidate_source"":""DRL"",""method"":""ECHO"",""mode"":""sample1280"",""rep"":"""",""objective"":12.73078727722168}]"
3,20,33,N20_K3_M18_I33,12.251833854937969,Metaheuristic,ALNS,,1,29,1,"[{""candidate_source"":""Metaheuristic"",""method"":""ALNS"",""mode"":"""",""rep"":1,""objective"":12.251833854937969}]"
3,20,34,N20_K3_M18_I34,11.817013417140975,Metaheuristic,IGA,,1,29,1,"[{""candidate_source"":""Metaheuristic"",""method"":""IGA"",""mode"":"""",""rep"":1,""objective"":11.817013417140975}]"
3,20,35,N20_K3_M18_I35,13.585132794777437,Metaheuristic,IGA,,3,29,1,"[{""candidate_source"":""Metaheuristic"",""method"":""IGA"",""mode"":"""",""rep"":3,""objective"":13.585132794777437}]"
3,20,36,N20_K3_M18_I36,14.204057518912212,Gurobi,Gurobi,,,29,1,"[{""candidate_source"":""Gurobi"",""method"":""Gurobi"",""mode"":"""",""rep"":"""",""objective"":14.204057518912212}]"
3,20,37,N20_K3_M18_I37,12.440284936977966,Gurobi,Gurobi,,,29,1,"[{""candidate_source"":""Gurobi"",""method"":""Gurobi"",""mode"":"""",""rep"":"""",""objective"":12.440284936977966}]"
3,20,38,N20_K3_M18_I38,14.227150593790984,Gurobi,Gurobi,,,29,1,"[{""candidate_source"":""Gurobi"",""method"":""Gurobi"",""mode"":"""",""rep"":"""",""objective"":14.227150593790984}]"
3,20,39,N20_K3_M18_I39,13.21571922302246,DRL,Co-HeT,sample1280,,29,1,"[{""candidate_source"":""DRL"",""method"":""Co-HeT"",""mode"":""sample1280"",""rep"":"""",""objective"":13.21571922302246}]"
3,20,40,N20_K3_M18_I40,14.963787487887556,Metaheuristic,IGA,,3,29,1,"[{""candidate_source"":""Metaheuristic"",""method"":""IGA"",""mode"":"""",""rep"":3,""objective"":14.963787487887556}]"
3,20,41,N20_K3_M18_I41,13.66155335080196,Metaheuristic,ALNS,,1,29,1,"[{""candidate_source"":""Metaheuristic"",""method"":""ALNS"",""mode"":"""",""rep"":1,""objective"":13.66155335080196}]"
3,20,42,N20_K3_M18_I42,14.264215469360352,DRL,Co-HeT,sample1280,,29,1,"[{""candidate_source"":""DRL"",""method"":""Co-HeT"",""mode"":""sample1280"",""rep"":"""",""objective"":14.264215469360352}]"
3,20,43,N20_K3_M18_I43,14.64346455498833,Metaheuristic,ALNS,,3,29,1,"[{""candidate_source"":""Metaheuristic"",""method"":""ALNS"",""mode"":"""",""rep"":3,""objective"":14.64346455498833}]"
3,20,44,N20_K3_M18_I44,14.545737861969885,Metaheuristic,IGA,,3,29,1,"[{""candidate_source"":""Metaheuristic"",""method"":""IGA"",""mode"":"""",""rep"":3,""objective"":14.545737861969885}]"
3,20,45,N20_K3_M18_I45,12.72867202758789,DRL,Co-HeT,sample1280,,29,1,"[{""candidate_source"":""DRL"",""method"":""Co-HeT"",""mode"":""sample1280"",""rep"":"""",""objective"":12.72867202758789}]"
3,20,46,N20_K3_M18_I46,10.777080975219526,Metaheuristic,ALNS,,1,29,1,"[{""candidate_source"":""Metaheuristic"",""method"":""ALNS"",""mode"":"""",""rep"":1,""objective"":10.777080975219526}]"
3,20,47,N20_K3_M18_I47,14.247645881413348,Metaheuristic,ALNS,,3,29,1,"[{""candidate_source"":""Metaheuristic"",""method"":""ALNS"",""mode"":"""",""rep"":3,""objective"":14.247645881413348}]"
3,20,48,N20_K3_M18_I48,12.611572235771714,Gurobi,Gurobi,,,29,1,"[{""candidate_source"":""Gurobi"",""method"":""Gurobi"",""mode"":"""",""rep"":"""",""objective"":12.611572235771714}]"
3,20,49,N20_K3_M18_I49,12.954314856897492,Metaheuristic,IGA,,1,29,1,"[{""candidate_source"":""Metaheuristic"",""method"":""IGA"",""mode"":"""",""rep"":1,""objective"":12.954314856897492}]"
3,20,50,N20_K3_M18_I50,12.436376571655272,DRL,Co-HeT,greedy,,29,2,"[{""candidate_source"":""DRL"",""method"":""Co-HeT"",""mode"":""greedy"",""rep"":"""",""objective"":12.436376571655272},{""candidate_source"":""DRL"",""method"":""Co-HeT"",""mode"":""sample1280"",""rep"":"""",""objective"":12.436376571655272}]"
3,20,51,N20_K3_M18_I51,16.06476678349638,Metaheuristic,IGA,,3,29,1,"[{""candidate_source"":""Metaheuristic"",""method"":""IGA"",""mode"":"""",""rep"":3,""objective"":16.06476678349638}]"
3,20,52,N20_K3_M18_I52,16.12238004016223,Metaheuristic,IGA,,3,29,1,"[{""candidate_source"":""Metaheuristic"",""method"":""IGA"",""mode"":"""",""rep"":3,""objective"":16.12238004016223}]"
3,20,53,N20_K3_M18_I53,14.482905278530986,Metaheuristic,ALNS,,1,29,1,"[{""candidate_source"":""Metaheuristic"",""method"":""ALNS"",""mode"":"""",""rep"":1,""objective"":14.482905278530986}]"
3,20,54,N20_K3_M18_I54,11.314656317330412,Gurobi,Gurobi,,,29,1,"[{""candidate_source"":""Gurobi"",""method"":""Gurobi"",""mode"":"""",""rep"":"""",""objective"":11.314656317330412}]"
3,20,55,N20_K3_M18_I55,11.882054110935028,Metaheuristic,IGA,,0,29,1,"[{""candidate_source"":""Metaheuristic"",""method"":""IGA"",""mode"":"""",""rep"":0,""objective"":11.882054110935028}]"
3,20,56,N20_K3_M18_I56,15.12939453125,DRL,Co-HeT,sample1280,,29,1,"[{""candidate_source"":""DRL"",""method"":""Co-HeT"",""mode"":""sample1280"",""rep"":"""",""objective"":15.12939453125}]"
3,20,57,N20_K3_M18_I57,14.551963389773636,Metaheuristic,IGA,,0,29,1,"[{""candidate_source"":""Metaheuristic"",""method"":""IGA"",""mode"":"""",""rep"":0,""objective"":14.551963389773636}]"
3,20,58,N20_K3_M18_I58,14.381757665719462,Metaheuristic,ALNS,,1,29,1,"[{""candidate_source"":""Metaheuristic"",""method"":""ALNS"",""mode"":"""",""rep"":1,""objective"":14.381757665719462}]"
3,20,59,N20_K3_M18_I59,15.715632438659668,DRL,Co-HeT,sample1280,,29,1,"[{""candidate_source"":""DRL"",""method"":""Co-HeT"",""mode"":""sample1280"",""rep"":"""",""objective"":15.715632438659668}]"
3,20,60,N20_K3_M18_I60,13.237959248020138,Gurobi,Gurobi,,,29,1,"[{""candidate_source"":""Gurobi"",""method"":""Gurobi"",""mode"":"""",""rep"":"""",""objective"":13.237959248020138}]"
3,20,61,N20_K3_M18_I61,14.077596303343554,Metaheuristic,IGA,,1,29,1,"[{""candidate_source"":""Metaheuristic"",""method"":""IGA"",""mode"":"""",""rep"":1,""objective"":14.077596303343554}]"
3,20,62,N20_K3_M18_I62,12.514867782592772,DRL,HDRL,sample1280,,29,4,"[{""candidate_source"":""DRL"",""method"":""HDRL"",""mode"":""sample1280"",""rep"":"""",""objective"":12.514867782592772},{""candidate_source"":""Gurobi"",""method"":""Gurobi"",""mode"":"""",""rep"":"""",""objective"":12.514867957714149},{""candidate_source"":""Metaheuristic"",""method"":""IGA"",""mode"":"""",""rep"":3,""objective"":12.514867957714266},{""candidate_source"":""DRL"",""method"":""Co-HeT"",""mode"":""sample1280"",""rep"":"""",""objective"":12.51486873626709}]"
3,20,63,N20_K3_M18_I63,11.961371494453784,Metaheuristic,IGA,,3,29,1,"[{""candidate_source"":""Metaheuristic"",""method"":""IGA"",""mode"":"""",""rep"":3,""objective"":11.961371494453784}]"
3,20,64,N20_K3_M18_I64,13.284506326697532,Gurobi,Gurobi,,,29,1,"[{""candidate_source"":""Gurobi"",""method"":""Gurobi"",""mode"":"""",""rep"":"""",""objective"":13.284506326697532}]"
3,20,65,N20_K3_M18_I65,13.781724468614163,Metaheuristic,IGA,,1,29,2,"[{""candidate_source"":""Metaheuristic"",""method"":""IGA"",""mode"":"""",""rep"":1,""objective"":13.781724468614163},{""candidate_source"":""Metaheuristic"",""method"":""IGA"",""mode"":"""",""rep"":2,""objective"":13.781724468614168}]"
3,20,66,N20_K3_M18_I66,13.69818219733018,Gurobi,Gurobi,,,29,1,"[{""candidate_source"":""Gurobi"",""method"":""Gurobi"",""mode"":"""",""rep"":"""",""objective"":13.69818219733018}]"
3,20,67,N20_K3_M18_I67,14.137683099715389,Metaheuristic,ALNS,,3,29,1,"[{""candidate_source"":""Metaheuristic"",""method"":""ALNS"",""mode"":"""",""rep"":3,""objective"":14.137683099715389}]"
3,20,68,N20_K3_M18_I68,11.809828003237689,Metaheuristic,ALNS,,1,29,1,"[{""candidate_source"":""Metaheuristic"",""method"":""ALNS"",""mode"":"""",""rep"":1,""objective"":11.809828003237689}]"
3,20,69,N20_K3_M18_I69,13.162080995073172,Metaheuristic,IGA,,0,29,1,"[{""candidate_source"":""Metaheuristic"",""method"":""IGA"",""mode"":"""",""rep"":0,""objective"":13.162080995073172}]"
3,20,70,N20_K3_M18_I70,12.808108017677666,Metaheuristic,IGA,,3,29,1,"[{""candidate_source"":""Metaheuristic"",""method"":""IGA"",""mode"":"""",""rep"":3,""objective"":12.808108017677666}]"
3,20,71,N20_K3_M18_I71,13.022243447669648,Metaheuristic,IGA,,0,29,1,"[{""candidate_source"":""Metaheuristic"",""method"":""IGA"",""mode"":"""",""rep"":0,""objective"":13.022243447669648}]"
3,20,72,N20_K3_M18_I72,14.581050642314498,Metaheuristic,IGA,,2,29,1,"[{""candidate_source"":""Metaheuristic"",""method"":""IGA"",""mode"":"""",""rep"":2,""objective"":14.581050642314498}]"
3,20,73,N20_K3_M18_I73,12.50076206917724,Metaheuristic,IGA,,3,29,1,"[{""candidate_source"":""Metaheuristic"",""method"":""IGA"",""mode"":"""",""rep"":3,""objective"":12.50076206917724}]"
3,20,74,N20_K3_M18_I74,15.995151875401744,Metaheuristic,ALNS,,3,29,1,"[{""candidate_source"":""Metaheuristic"",""method"":""ALNS"",""mode"":"""",""rep"":3,""objective"":15.995151875401744}]"
3,20,75,N20_K3_M18_I75,14.723172187805176,DRL,Co-HeT,sample1280,,29,1,"[{""candidate_source"":""DRL"",""method"":""Co-HeT"",""mode"":""sample1280"",""rep"":"""",""objective"":14.723172187805176}]"
3,20,76,N20_K3_M18_I76,16.0405267523904,Metaheuristic,IGA,,1,29,1,"[{""candidate_source"":""Metaheuristic"",""method"":""IGA"",""mode"":"""",""rep"":1,""objective"":16.0405267523904}]"
3,20,77,N20_K3_M18_I77,14.082732778759713,Metaheuristic,IGA,,1,29,1,"[{""candidate_source"":""Metaheuristic"",""method"":""IGA"",""mode"":"""",""rep"":1,""objective"":14.082732778759713}]"
3,20,78,N20_K3_M18_I78,13.475455220466928,Metaheuristic,IGA,,2,29,1,"[{""candidate_source"":""Metaheuristic"",""method"":""IGA"",""mode"":"""",""rep"":2,""objective"":13.475455220466928}]"
3,20,79,N20_K3_M18_I79,15.94548225402832,DRL,Co-HeT,sample1280,,29,1,"[{""candidate_source"":""DRL"",""method"":""Co-HeT"",""mode"":""sample1280"",""rep"":"""",""objective"":15.94548225402832}]"
3,20,80,N20_K3_M18_I80,14.66951274728592,Metaheuristic,IGA,,2,29,1,"[{""candidate_source"":""Metaheuristic"",""method"":""IGA"",""mode"":"""",""rep"":2,""objective"":14.66951274728592}]"
3,20,81,N20_K3_M18_I81,14.859563827514648,DRL,TDRL,sample1280,,29,2,"[{""candidate_source"":""DRL"",""method"":""TDRL"",""mode"":""sample1280"",""rep"":"""",""objective"":14.859563827514648},{""candidate_source"":""Metaheuristic"",""method"":""IGA"",""mode"":"""",""rep"":1,""objective"":14.859564141776712}]"
3,20,82,N20_K3_M18_I82,12.600077174725971,Metaheuristic,IGA,,2,29,1,"[{""candidate_source"":""Metaheuristic"",""method"":""IGA"",""mode"":"""",""rep"":2,""objective"":12.600077174725971}]"
3,20,83,N20_K3_M18_I83,14.950899124145508,DRL,Co-HeT,sample1280,,29,1,"[{""candidate_source"":""DRL"",""method"":""Co-HeT"",""mode"":""sample1280"",""rep"":"""",""objective"":14.950899124145508}]"
3,20,84,N20_K3_M18_I84,14.09557641495887,Metaheuristic,ALNS,,1,29,1,"[{""candidate_source"":""Metaheuristic"",""method"":""ALNS"",""mode"":"""",""rep"":1,""objective"":14.09557641495887}]"
3,20,85,N20_K3_M18_I85,14.91852009522698,Gurobi,Gurobi,,,29,1,"[{""candidate_source"":""Gurobi"",""method"":""Gurobi"",""mode"":"""",""rep"":"""",""objective"":14.91852009522698}]"
3,20,86,N20_K3_M18_I86,11.447639951705492,Gurobi,Gurobi,,,29,1,"[{""candidate_source"":""Gurobi"",""method"":""Gurobi"",""mode"":"""",""rep"":"""",""objective"":11.447639951705492}]"
3,20,87,N20_K3_M18_I87,14.37246288695392,Metaheuristic,IGA,,2,29,1,"[{""candidate_source"":""Metaheuristic"",""method"":""IGA"",""mode"":"""",""rep"":2,""objective"":14.37246288695392}]"
3,20,88,N20_K3_M18_I88,13.662670751885743,Gurobi,Gurobi,,,29,2,"[{""candidate_source"":""Gurobi"",""method"":""Gurobi"",""mode"":"""",""rep"":"""",""objective"":13.662670751885743},{""candidate_source"":""Metaheuristic"",""method"":""ALNS"",""mode"":"""",""rep"":2,""objective"":13.662670847944137}]"
3,20,89,N20_K3_M18_I89,15.58107089996338,DRL,HDRL,sample1280,,29,1,"[{""candidate_source"":""DRL"",""method"":""HDRL"",""mode"":""sample1280"",""rep"":"""",""objective"":15.58107089996338}]"
3,20,90,N20_K3_M18_I90,14.06346035003662,DRL,Co-HeT,sample1280,,29,1,"[{""candidate_source"":""DRL"",""method"":""Co-HeT"",""mode"":""sample1280"",""rep"":"""",""objective"":14.06346035003662}]"
3,20,91,N20_K3_M18_I91,14.93231078962492,Metaheuristic,ALNS,,1,29,1,"[{""candidate_source"":""Metaheuristic"",""method"":""ALNS"",""mode"":"""",""rep"":1,""objective"":14.93231078962492}]"
3,20,92,N20_K3_M18_I92,14.786601258152468,Gurobi,Gurobi,,,29,1,"[{""candidate_source"":""Gurobi"",""method"":""Gurobi"",""mode"":"""",""rep"":"""",""objective"":14.786601258152468}]"
3,20,93,N20_K3_M18_I93,13.130123695172893,Metaheuristic,ALNS,,0,29,1,"[{""candidate_source"":""Metaheuristic"",""method"":""ALNS"",""mode"":"""",""rep"":0,""objective"":13.130123695172893}]"
3,20,94,N20_K3_M18_I94,13.061426162719728,DRL,HDRL,sample1280,,29,1,"[{""candidate_source"":""DRL"",""method"":""HDRL"",""mode"":""sample1280"",""rep"":"""",""objective"":13.061426162719728}]"
3,20,95,N20_K3_M18_I95,12.269907948625312,Metaheuristic,IGA,,1,29,1,"[{""candidate_source"":""Metaheuristic"",""method"":""IGA"",""mode"":"""",""rep"":1,""objective"":12.269907948625312}]"
3,20,96,N20_K3_M18_I96,14.814765960536768,Gurobi,Gurobi,,,29,1,"[{""candidate_source"":""Gurobi"",""method"":""Gurobi"",""mode"":"""",""rep"":"""",""objective"":14.814765960536768}]"
3,20,97,N20_K3_M18_I97,14.17624855041504,DRL,Co-HeT,sample1280,,29,1,"[{""candidate_source"":""DRL"",""method"":""Co-HeT"",""mode"":""sample1280"",""rep"":"""",""objective"":14.17624855041504}]"
3,20,98,N20_K3_M18_I98,15.65720243048906,Metaheuristic,ALNS,,2,29,1,"[{""candidate_source"":""Metaheuristic"",""method"":""ALNS"",""mode"":"""",""rep"":2,""objective"":15.65720243048906}]"
3,20,99,N20_K3_M18_I99,14.41727570768825,Metaheuristic,ALNS,,1,29,1,"[{""candidate_source"":""Metaheuristic"",""method"":""ALNS"",""mode"":"""",""rep"":1,""objective"":14.41727570768825}]"
3,20,100,N20_K3_M18_I100,14.962589018679822,Metaheuristic,IGA,,2,29,1,"[{""candidate_source"":""Metaheuristic"",""method"":""IGA"",""mode"":"""",""rep"":2,""objective"":14.962589018679822}]"
3,50,1,N50_K3_M18_I1,22.79682159423828,DRL,Co-HeT,sample1280,,29,1,"[{""candidate_source"":""DRL"",""method"":""Co-HeT"",""mode"":""sample1280"",""rep"":"""",""objective"":22.79682159423828}]"
3,50,2,N50_K3_M18_I2,19.416072845458984,DRL,Co-HeT,sample1280,,29,1,"[{""candidate_source"":""DRL"",""method"":""Co-HeT"",""mode"":""sample1280"",""rep"":"""",""objective"":19.416072845458984}]"
3,50,3,N50_K3_M18_I3,19.75380516052246,DRL,Co-HeT,sample1280,,29,1,"[{""candidate_source"":""DRL"",""method"":""Co-HeT"",""mode"":""sample1280"",""rep"":"""",""objective"":19.75380516052246}]"
3,50,4,N50_K3_M18_I4,21.55377197265625,DRL,Co-HeT,sample1280,,29,1,"[{""candidate_source"":""DRL"",""method"":""Co-HeT"",""mode"":""sample1280"",""rep"":"""",""objective"":21.55377197265625}]"
3,50,5,N50_K3_M18_I5,20.516849517822266,DRL,Co-HeT,sample1280,,29,1,"[{""candidate_source"":""DRL"",""method"":""Co-HeT"",""mode"":""sample1280"",""rep"":"""",""objective"":20.516849517822266}]"
3,50,6,N50_K3_M18_I6,22.034555435180664,DRL,Co-HeT,sample1280,,29,1,"[{""candidate_source"":""DRL"",""method"":""Co-HeT"",""mode"":""sample1280"",""rep"":"""",""objective"":22.034555435180664}]"
3,50,7,N50_K3_M18_I7,22.60546493530273,DRL,Co-HeT,sample1280,,29,1,"[{""candidate_source"":""DRL"",""method"":""Co-HeT"",""mode"":""sample1280"",""rep"":"""",""objective"":22.60546493530273}]"
3,50,8,N50_K3_M18_I8,21.62258720397949,DRL,Co-HeT,sample1280,,29,1,"[{""candidate_source"":""DRL"",""method"":""Co-HeT"",""mode"":""sample1280"",""rep"":"""",""objective"":21.62258720397949}]"
3,50,9,N50_K3_M18_I9,22.714859008789062,DRL,Co-HeT,sample1280,,29,1,"[{""candidate_source"":""DRL"",""method"":""Co-HeT"",""mode"":""sample1280"",""rep"":"""",""objective"":22.714859008789062}]"
3,50,10,N50_K3_M18_I10,20.48374366760254,DRL,Co-HeT,sample1280,,28,1,"[{""candidate_source"":""DRL"",""method"":""Co-HeT"",""mode"":""sample1280"",""rep"":"""",""objective"":20.48374366760254}]"
3,50,11,N50_K3_M18_I11,23.6142692565918,DRL,Co-HeT,sample1280,,29,1,"[{""candidate_source"":""DRL"",""method"":""Co-HeT"",""mode"":""sample1280"",""rep"":"""",""objective"":23.6142692565918}]"
3,50,12,N50_K3_M18_I12,22.561176300048828,DRL,Co-HeT,sample1280,,29,1,"[{""candidate_source"":""DRL"",""method"":""Co-HeT"",""mode"":""sample1280"",""rep"":"""",""objective"":22.561176300048828}]"
3,50,13,N50_K3_M18_I13,23.37575340270996,DRL,Co-HeT,sample1280,,29,1,"[{""candidate_source"":""DRL"",""method"":""Co-HeT"",""mode"":""sample1280"",""rep"":"""",""objective"":23.37575340270996}]"
3,50,14,N50_K3_M18_I14,21.2414779663086,DRL,Co-HeT,sample1280,,29,1,"[{""candidate_source"":""DRL"",""method"":""Co-HeT"",""mode"":""sample1280"",""rep"":"""",""objective"":21.2414779663086}]"
3,50,15,N50_K3_M18_I15,20.01984596252441,DRL,Co-HeT,sample1280,,29,1,"[{""candidate_source"":""DRL"",""method"":""Co-HeT"",""mode"":""sample1280"",""rep"":"""",""objective"":20.01984596252441}]"
3,50,16,N50_K3_M18_I16,23.656702041625977,DRL,Co-HeT,sample1280,,29,1,"[{""candidate_source"":""DRL"",""method"":""Co-HeT"",""mode"":""sample1280"",""rep"":"""",""objective"":23.656702041625977}]"
3,50,17,N50_K3_M18_I17,20.26059913635254,DRL,Co-HeT,sample1280,,29,1,"[{""candidate_source"":""DRL"",""method"":""Co-HeT"",""mode"":""sample1280"",""rep"":"""",""objective"":20.26059913635254}]"
3,50,18,N50_K3_M18_I18,23.154705047607425,DRL,Co-HeT,sample1280,,29,1,"[{""candidate_source"":""DRL"",""method"":""Co-HeT"",""mode"":""sample1280"",""rep"":"""",""objective"":23.154705047607425}]"
3,50,19,N50_K3_M18_I19,22.91585731506348,DRL,Co-HeT,sample1280,,29,1,"[{""candidate_source"":""DRL"",""method"":""Co-HeT"",""mode"":""sample1280"",""rep"":"""",""objective"":22.91585731506348}]"
3,50,20,N50_K3_M18_I20,21.78089904785156,DRL,Co-HeT,sample1280,,29,1,"[{""candidate_source"":""DRL"",""method"":""Co-HeT"",""mode"":""sample1280"",""rep"":"""",""objective"":21.78089904785156}]"
3,50,21,N50_K3_M18_I21,24.631649017333984,DRL,Co-HeT,sample1280,,28,1,"[{""candidate_source"":""DRL"",""method"":""Co-HeT"",""mode"":""sample1280"",""rep"":"""",""objective"":24.631649017333984}]"
3,50,22,N50_K3_M18_I22,18.208539962768555,DRL,Co-HeT,sample1280,,29,1,"[{""candidate_source"":""DRL"",""method"":""Co-HeT"",""mode"":""sample1280"",""rep"":"""",""objective"":18.208539962768555}]"
3,50,23,N50_K3_M18_I23,22.058984756469727,DRL,Co-HeT,sample1280,,29,1,"[{""candidate_source"":""DRL"",""method"":""Co-HeT"",""mode"":""sample1280"",""rep"":"""",""objective"":22.058984756469727}]"
3,50,24,N50_K3_M18_I24,19.18861389160156,DRL,Co-HeT,sample1280,,29,1,"[{""candidate_source"":""DRL"",""method"":""Co-HeT"",""mode"":""sample1280"",""rep"":"""",""objective"":19.18861389160156}]"
3,50,25,N50_K3_M18_I25,20.468738555908203,DRL,Co-HeT,sample1280,,29,1,"[{""candidate_source"":""DRL"",""method"":""Co-HeT"",""mode"":""sample1280"",""rep"":"""",""objective"":20.468738555908203}]"
3,50,26,N50_K3_M18_I26,23.12482261657715,DRL,Co-HeT,sample1280,,29,1,"[{""candidate_source"":""DRL"",""method"":""Co-HeT"",""mode"":""sample1280"",""rep"":"""",""objective"":23.12482261657715}]"
3,50,27,N50_K3_M18_I27,23.609189987182617,DRL,Co-HeT,sample1280,,29,1,"[{""candidate_source"":""DRL"",""method"":""Co-HeT"",""mode"":""sample1280"",""rep"":"""",""objective"":23.609189987182617}]"
3,50,28,N50_K3_M18_I28,21.47892951965332,DRL,Co-HeT,sample1280,,29,1,"[{""candidate_source"":""DRL"",""method"":""Co-HeT"",""mode"":""sample1280"",""rep"":"""",""objective"":21.47892951965332}]"
3,50,29,N50_K3_M18_I29,18.74595069885254,DRL,Co-HeT,sample1280,,29,1,"[{""candidate_source"":""DRL"",""method"":""Co-HeT"",""mode"":""sample1280"",""rep"":"""",""objective"":18.74595069885254}]"
3,50,30,N50_K3_M18_I30,25.2257080078125,DRL,Co-HeT,sample1280,,28,1,"[{""candidate_source"":""DRL"",""method"":""Co-HeT"",""mode"":""sample1280"",""rep"":"""",""objective"":25.2257080078125}]"
3,50,31,N50_K3_M18_I31,21.66836166381836,DRL,Co-HeT,sample1280,,29,1,"[{""candidate_source"":""DRL"",""method"":""Co-HeT"",""mode"":""sample1280"",""rep"":"""",""objective"":21.66836166381836}]"
3,50,32,N50_K3_M18_I32,23.41657066345215,DRL,Co-HeT,sample1280,,29,1,"[{""candidate_source"":""DRL"",""method"":""Co-HeT"",""mode"":""sample1280"",""rep"":"""",""objective"":23.41657066345215}]"
3,50,33,N50_K3_M18_I33,21.634689331054688,DRL,Co-HeT,sample1280,,29,1,"[{""candidate_source"":""DRL"",""method"":""Co-HeT"",""mode"":""sample1280"",""rep"":"""",""objective"":21.634689331054688}]"
3,50,34,N50_K3_M18_I34,21.741418838500977,DRL,Co-HeT,sample1280,,29,1,"[{""candidate_source"":""DRL"",""method"":""Co-HeT"",""mode"":""sample1280"",""rep"":"""",""objective"":21.741418838500977}]"
3,50,35,N50_K3_M18_I35,22.250486373901367,DRL,Co-HeT,sample1280,,29,1,"[{""candidate_source"":""DRL"",""method"":""Co-HeT"",""mode"":""sample1280"",""rep"":"""",""objective"":22.250486373901367}]"
3,50,36,N50_K3_M18_I36,20.300376892089844,DRL,Co-HeT,sample1280,,29,1,"[{""candidate_source"":""DRL"",""method"":""Co-HeT"",""mode"":""sample1280"",""rep"":"""",""objective"":20.300376892089844}]"
3,50,37,N50_K3_M18_I37,20.056814193725582,DRL,Co-HeT,sample1280,,29,1,"[{""candidate_source"":""DRL"",""method"":""Co-HeT"",""mode"":""sample1280"",""rep"":"""",""objective"":20.056814193725582}]"
3,50,38,N50_K3_M18_I38,20.85113525390625,DRL,Co-HeT,sample1280,,29,1,"[{""candidate_source"":""DRL"",""method"":""Co-HeT"",""mode"":""sample1280"",""rep"":"""",""objective"":20.85113525390625}]"
3,50,39,N50_K3_M18_I39,21.242345809936523,DRL,Co-HeT,sample1280,,28,1,"[{""candidate_source"":""DRL"",""method"":""Co-HeT"",""mode"":""sample1280"",""rep"":"""",""objective"":21.242345809936523}]"
3,50,40,N50_K3_M18_I40,25.54572868347168,DRL,Co-HeT,sample1280,,29,1,"[{""candidate_source"":""DRL"",""method"":""Co-HeT"",""mode"":""sample1280"",""rep"":"""",""objective"":25.54572868347168}]"
3,50,41,N50_K3_M18_I41,21.542394638061523,DRL,Co-HeT,sample1280,,29,1,"[{""candidate_source"":""DRL"",""method"":""Co-HeT"",""mode"":""sample1280"",""rep"":"""",""objective"":21.542394638061523}]"
3,50,42,N50_K3_M18_I42,19.8078670501709,DRL,Co-HeT,sample1280,,29,1,"[{""candidate_source"":""DRL"",""method"":""Co-HeT"",""mode"":""sample1280"",""rep"":"""",""objective"":19.8078670501709}]"
3,50,43,N50_K3_M18_I43,21.347341537475582,DRL,Co-HeT,sample1280,,29,1,"[{""candidate_source"":""DRL"",""method"":""Co-HeT"",""mode"":""sample1280"",""rep"":"""",""objective"":21.347341537475582}]"
3,50,44,N50_K3_M18_I44,22.25680351257324,DRL,MVMoE,sample1280,,29,1,"[{""candidate_source"":""DRL"",""method"":""MVMoE"",""mode"":""sample1280"",""rep"":"""",""objective"":22.25680351257324}]"
3,50,45,N50_K3_M18_I45,20.932537078857425,DRL,Co-HeT,sample1280,,29,1,"[{""candidate_source"":""DRL"",""method"":""Co-HeT"",""mode"":""sample1280"",""rep"":"""",""objective"":20.932537078857425}]"
3,50,46,N50_K3_M18_I46,21.53159523010254,DRL,Co-HeT,sample1280,,29,1,"[{""candidate_source"":""DRL"",""method"":""Co-HeT"",""mode"":""sample1280"",""rep"":"""",""objective"":21.53159523010254}]"
3,50,47,N50_K3_M18_I47,22.475156784057617,DRL,Co-HeT,sample1280,,29,1,"[{""candidate_source"":""DRL"",""method"":""Co-HeT"",""mode"":""sample1280"",""rep"":"""",""objective"":22.475156784057617}]"
3,50,48,N50_K3_M18_I48,21.855194091796875,DRL,Co-HeT,sample1280,,29,1,"[{""candidate_source"":""DRL"",""method"":""Co-HeT"",""mode"":""sample1280"",""rep"":"""",""objective"":21.855194091796875}]"
3,50,49,N50_K3_M18_I49,23.156360626220703,DRL,Co-HeT,sample1280,,29,1,"[{""candidate_source"":""DRL"",""method"":""Co-HeT"",""mode"":""sample1280"",""rep"":"""",""objective"":23.156360626220703}]"
3,50,50,N50_K3_M18_I50,20.717527389526367,DRL,Co-HeT,sample1280,,29,1,"[{""candidate_source"":""DRL"",""method"":""Co-HeT"",""mode"":""sample1280"",""rep"":"""",""objective"":20.717527389526367}]"
3,50,51,N50_K3_M18_I51,20.492042541503903,DRL,Co-HeT,sample1280,,29,1,"[{""candidate_source"":""DRL"",""method"":""Co-HeT"",""mode"":""sample1280"",""rep"":"""",""objective"":20.492042541503903}]"
3,50,52,N50_K3_M18_I52,22.80759048461914,DRL,Co-HeT,sample1280,,29,1,"[{""candidate_source"":""DRL"",""method"":""Co-HeT"",""mode"":""sample1280"",""rep"":"""",""objective"":22.80759048461914}]"
3,50,53,N50_K3_M18_I53,24.531539916992188,DRL,Co-HeT,sample1280,,29,1,"[{""candidate_source"":""DRL"",""method"":""Co-HeT"",""mode"":""sample1280"",""rep"":"""",""objective"":24.531539916992188}]"
3,50,54,N50_K3_M18_I54,22.74888229370117,DRL,Co-HeT,sample1280,,29,1,"[{""candidate_source"":""DRL"",""method"":""Co-HeT"",""mode"":""sample1280"",""rep"":"""",""objective"":22.74888229370117}]"
3,50,55,N50_K3_M18_I55,22.9027042388916,DRL,Co-HeT,sample1280,,28,1,"[{""candidate_source"":""DRL"",""method"":""Co-HeT"",""mode"":""sample1280"",""rep"":"""",""objective"":22.9027042388916}]"
3,50,56,N50_K3_M18_I56,23.53882026672364,DRL,Co-HeT,sample1280,,29,1,"[{""candidate_source"":""DRL"",""method"":""Co-HeT"",""mode"":""sample1280"",""rep"":"""",""objective"":23.53882026672364}]"
3,50,57,N50_K3_M18_I57,21.274253845214844,DRL,Co-HeT,sample1280,,29,1,"[{""candidate_source"":""DRL"",""method"":""Co-HeT"",""mode"":""sample1280"",""rep"":"""",""objective"":21.274253845214844}]"
3,50,58,N50_K3_M18_I58,21.73820877075196,DRL,Co-HeT,sample1280,,29,1,"[{""candidate_source"":""DRL"",""method"":""Co-HeT"",""mode"":""sample1280"",""rep"":"""",""objective"":21.73820877075196}]"
3,50,59,N50_K3_M18_I59,23.754199981689453,DRL,Co-HeT,sample1280,,29,1,"[{""candidate_source"":""DRL"",""method"":""Co-HeT"",""mode"":""sample1280"",""rep"":"""",""objective"":23.754199981689453}]"
3,50,60,N50_K3_M18_I60,22.797855377197266,DRL,Co-HeT,sample1280,,28,1,"[{""candidate_source"":""DRL"",""method"":""Co-HeT"",""mode"":""sample1280"",""rep"":"""",""objective"":22.797855377197266}]"
3,50,61,N50_K3_M18_I61,22.889238357543945,DRL,Co-HeT,sample1280,,29,1,"[{""candidate_source"":""DRL"",""method"":""Co-HeT"",""mode"":""sample1280"",""rep"":"""",""objective"":22.889238357543945}]"
3,50,62,N50_K3_M18_I62,21.310413360595703,DRL,Co-HeT,sample1280,,29,1,"[{""candidate_source"":""DRL"",""method"":""Co-HeT"",""mode"":""sample1280"",""rep"":"""",""objective"":21.310413360595703}]"
3,50,63,N50_K3_M18_I63,22.625534057617188,DRL,Co-HeT,sample1280,,29,1,"[{""candidate_source"":""DRL"",""method"":""Co-HeT"",""mode"":""sample1280"",""rep"":"""",""objective"":22.625534057617188}]"
3,50,64,N50_K3_M18_I64,22.46063041687012,DRL,Co-HeT,sample1280,,29,1,"[{""candidate_source"":""DRL"",""method"":""Co-HeT"",""mode"":""sample1280"",""rep"":"""",""objective"":22.46063041687012}]"
3,50,65,N50_K3_M18_I65,22.762222290039062,DRL,Co-HeT,sample1280,,29,1,"[{""candidate_source"":""DRL"",""method"":""Co-HeT"",""mode"":""sample1280"",""rep"":"""",""objective"":22.762222290039062}]"
3,50,66,N50_K3_M18_I66,20.34262084960937,DRL,Co-HeT,sample1280,,29,1,"[{""candidate_source"":""DRL"",""method"":""Co-HeT"",""mode"":""sample1280"",""rep"":"""",""objective"":20.34262084960937}]"
3,50,67,N50_K3_M18_I67,20.534225463867188,DRL,Co-HeT,sample1280,,29,1,"[{""candidate_source"":""DRL"",""method"":""Co-HeT"",""mode"":""sample1280"",""rep"":"""",""objective"":20.534225463867188}]"
3,50,68,N50_K3_M18_I68,23.106508255004883,DRL,Co-HeT,sample1280,,29,1,"[{""candidate_source"":""DRL"",""method"":""Co-HeT"",""mode"":""sample1280"",""rep"":"""",""objective"":23.106508255004883}]"
3,50,69,N50_K3_M18_I69,19.61285400390625,DRL,Co-HeT,sample1280,,29,1,"[{""candidate_source"":""DRL"",""method"":""Co-HeT"",""mode"":""sample1280"",""rep"":"""",""objective"":19.61285400390625}]"
3,50,70,N50_K3_M18_I70,21.35835647583008,DRL,Co-HeT,sample1280,,29,1,"[{""candidate_source"":""DRL"",""method"":""Co-HeT"",""mode"":""sample1280"",""rep"":"""",""objective"":21.35835647583008}]"
3,50,71,N50_K3_M18_I71,21.981494903564453,DRL,Co-HeT,sample1280,,29,1,"[{""candidate_source"":""DRL"",""method"":""Co-HeT"",""mode"":""sample1280"",""rep"":"""",""objective"":21.981494903564453}]"
3,50,72,N50_K3_M18_I72,24.268829345703125,DRL,Co-HeT,sample1280,,29,1,"[{""candidate_source"":""DRL"",""method"":""Co-HeT"",""mode"":""sample1280"",""rep"":"""",""objective"":24.268829345703125}]"
3,50,73,N50_K3_M18_I73,23.49332046508789,DRL,Co-HeT,sample1280,,29,1,"[{""candidate_source"":""DRL"",""method"":""Co-HeT"",""mode"":""sample1280"",""rep"":"""",""objective"":23.49332046508789}]"
3,50,74,N50_K3_M18_I74,23.10448455810547,DRL,Co-HeT,sample1280,,29,1,"[{""candidate_source"":""DRL"",""method"":""Co-HeT"",""mode"":""sample1280"",""rep"":"""",""objective"":23.10448455810547}]"
3,50,75,N50_K3_M18_I75,22.879789352416992,DRL,Co-HeT,sample1280,,28,1,"[{""candidate_source"":""DRL"",""method"":""Co-HeT"",""mode"":""sample1280"",""rep"":"""",""objective"":22.879789352416992}]"
3,50,76,N50_K3_M18_I76,20.99984359741211,DRL,Co-HeT,sample1280,,29,1,"[{""candidate_source"":""DRL"",""method"":""Co-HeT"",""mode"":""sample1280"",""rep"":"""",""objective"":20.99984359741211}]"
3,50,77,N50_K3_M18_I77,25.33427619934082,DRL,Co-HeT,sample1280,,29,1,"[{""candidate_source"":""DRL"",""method"":""Co-HeT"",""mode"":""sample1280"",""rep"":"""",""objective"":25.33427619934082}]"
3,50,78,N50_K3_M18_I78,22.364334106445312,DRL,Co-HeT,sample1280,,29,1,"[{""candidate_source"":""DRL"",""method"":""Co-HeT"",""mode"":""sample1280"",""rep"":"""",""objective"":22.364334106445312}]"
3,50,79,N50_K3_M18_I79,21.31191635131836,DRL,Co-HeT,sample1280,,29,1,"[{""candidate_source"":""DRL"",""method"":""Co-HeT"",""mode"":""sample1280"",""rep"":"""",""objective"":21.31191635131836}]"
3,50,80,N50_K3_M18_I80,25.326950073242188,DRL,Co-HeT,sample1280,,29,1,"[{""candidate_source"":""DRL"",""method"":""Co-HeT"",""mode"":""sample1280"",""rep"":"""",""objective"":25.326950073242188}]"
3,50,81,N50_K3_M18_I81,21.00661277770996,DRL,Co-HeT,sample1280,,29,1,"[{""candidate_source"":""DRL"",""method"":""Co-HeT"",""mode"":""sample1280"",""rep"":"""",""objective"":21.00661277770996}]"
3,50,82,N50_K3_M18_I82,24.547740936279297,DRL,Co-HeT,sample1280,,29,1,"[{""candidate_source"":""DRL"",""method"":""Co-HeT"",""mode"":""sample1280"",""rep"":"""",""objective"":24.547740936279297}]"
3,50,83,N50_K3_M18_I83,23.163646697998047,DRL,Co-HeT,sample1280,,29,1,"[{""candidate_source"":""DRL"",""method"":""Co-HeT"",""mode"":""sample1280"",""rep"":"""",""objective"":23.163646697998047}]"
3,50,84,N50_K3_M18_I84,24.709835052490234,DRL,Co-HeT,sample1280,,29,1,"[{""candidate_source"":""DRL"",""method"":""Co-HeT"",""mode"":""sample1280"",""rep"":"""",""objective"":24.709835052490234}]"
3,50,85,N50_K3_M18_I85,19.862472534179688,DRL,Co-HeT,sample1280,,29,1,"[{""candidate_source"":""DRL"",""method"":""Co-HeT"",""mode"":""sample1280"",""rep"":"""",""objective"":19.862472534179688}]"
3,50,86,N50_K3_M18_I86,20.71855735778809,DRL,Co-HeT,sample1280,,29,1,"[{""candidate_source"":""DRL"",""method"":""Co-HeT"",""mode"":""sample1280"",""rep"":"""",""objective"":20.71855735778809}]"
3,50,87,N50_K3_M18_I87,22.303550720214844,DRL,Co-HeT,sample1280,,29,1,"[{""candidate_source"":""DRL"",""method"":""Co-HeT"",""mode"":""sample1280"",""rep"":"""",""objective"":22.303550720214844}]"
3,50,88,N50_K3_M18_I88,24.323156356811523,DRL,Co-HeT,sample1280,,29,1,"[{""candidate_source"":""DRL"",""method"":""Co-HeT"",""mode"":""sample1280"",""rep"":"""",""objective"":24.323156356811523}]"
3,50,89,N50_K3_M18_I89,25.101770401000977,DRL,Co-HeT,sample1280,,29,1,"[{""candidate_source"":""DRL"",""method"":""Co-HeT"",""mode"":""sample1280"",""rep"":"""",""objective"":25.101770401000977}]"
3,50,90,N50_K3_M18_I90,23.22413444519043,DRL,Co-HeT,sample1280,,29,1,"[{""candidate_source"":""DRL"",""method"":""Co-HeT"",""mode"":""sample1280"",""rep"":"""",""objective"":23.22413444519043}]"
3,50,91,N50_K3_M18_I91,20.93052101135254,DRL,Co-HeT,sample1280,,29,1,"[{""candidate_source"":""DRL"",""method"":""Co-HeT"",""mode"":""sample1280"",""rep"":"""",""objective"":20.93052101135254}]"
3,50,92,N50_K3_M18_I92,25.999977111816406,DRL,Co-HeT,sample1280,,29,1,"[{""candidate_source"":""DRL"",""method"":""Co-HeT"",""mode"":""sample1280"",""rep"":"""",""objective"":25.999977111816406}]"
3,50,93,N50_K3_M18_I93,21.157848358154297,DRL,Co-HeT,sample1280,,29,1,"[{""candidate_source"":""DRL"",""method"":""Co-HeT"",""mode"":""sample1280"",""rep"":"""",""objective"":21.157848358154297}]"
3,50,94,N50_K3_M18_I94,22.10888290405273,DRL,Co-HeT,sample1280,,29,1,"[{""candidate_source"":""DRL"",""method"":""Co-HeT"",""mode"":""sample1280"",""rep"":"""",""objective"":22.10888290405273}]"
3,50,95,N50_K3_M18_I95,23.285181045532227,DRL,Co-HeT,sample1280,,29,1,"[{""candidate_source"":""DRL"",""method"":""Co-HeT"",""mode"":""sample1280"",""rep"":"""",""objective"":23.285181045532227}]"
3,50,96,N50_K3_M18_I96,20.92604637145996,DRL,Co-HeT,sample1280,,29,1,"[{""candidate_source"":""DRL"",""method"":""Co-HeT"",""mode"":""sample1280"",""rep"":"""",""objective"":20.92604637145996}]"
3,50,97,N50_K3_M18_I97,23.95552635192871,DRL,Co-HeT,sample1280,,29,1,"[{""candidate_source"":""DRL"",""method"":""Co-HeT"",""mode"":""sample1280"",""rep"":"""",""objective"":23.95552635192871}]"
3,50,98,N50_K3_M18_I98,18.87573432922364,DRL,Co-HeT,sample1280,,29,1,"[{""candidate_source"":""DRL"",""method"":""Co-HeT"",""mode"":""sample1280"",""rep"":"""",""objective"":18.87573432922364}]"
3,50,99,N50_K3_M18_I99,23.56898307800293,DRL,ECHO,sample1280,,29,1,"[{""candidate_source"":""DRL"",""method"":""ECHO"",""mode"":""sample1280"",""rep"":"""",""objective"":23.56898307800293}]"
3,50,100,N50_K3_M18_I100,20.67493057250977,DRL,Co-HeT,sample1280,,29,1,"[{""candidate_source"":""DRL"",""method"":""Co-HeT"",""mode"":""sample1280"",""rep"":"""",""objective"":20.67493057250977}]"
3,100,1,N100_K3_M18_I1,28.66322135925293,DRL,Co-HeT,sample1280,,28,1,"[{""candidate_source"":""DRL"",""method"":""Co-HeT"",""mode"":""sample1280"",""rep"":"""",""objective"":28.66322135925293}]"
3,100,2,N100_K3_M18_I2,28.98120307922364,DRL,Co-HeT,sample1280,,28,1,"[{""candidate_source"":""DRL"",""method"":""Co-HeT"",""mode"":""sample1280"",""rep"":"""",""objective"":28.98120307922364}]"
3,100,3,N100_K3_M18_I3,31.95647430419922,DRL,Co-HeT,sample1280,,28,1,"[{""candidate_source"":""DRL"",""method"":""Co-HeT"",""mode"":""sample1280"",""rep"":"""",""objective"":31.95647430419922}]"
3,100,4,N100_K3_M18_I4,32.52645492553711,DRL,Co-HeT,sample1280,,25,1,"[{""candidate_source"":""DRL"",""method"":""Co-HeT"",""mode"":""sample1280"",""rep"":"""",""objective"":32.52645492553711}]"
3,100,5,N100_K3_M18_I5,31.2281436920166,DRL,Co-HeT,sample1280,,26,1,"[{""candidate_source"":""DRL"",""method"":""Co-HeT"",""mode"":""sample1280"",""rep"":"""",""objective"":31.2281436920166}]"
3,100,6,N100_K3_M18_I6,34.24408721923828,DRL,Co-HeT,sample1280,,27,1,"[{""candidate_source"":""DRL"",""method"":""Co-HeT"",""mode"":""sample1280"",""rep"":"""",""objective"":34.24408721923828}]"
3,100,7,N100_K3_M18_I7,32.26060485839844,DRL,Co-HeT,sample1280,,26,1,"[{""candidate_source"":""DRL"",""method"":""Co-HeT"",""mode"":""sample1280"",""rep"":"""",""objective"":32.26060485839844}]"
3,100,8,N100_K3_M18_I8,29.772476196289062,DRL,Co-HeT,sample1280,,28,1,"[{""candidate_source"":""DRL"",""method"":""Co-HeT"",""mode"":""sample1280"",""rep"":"""",""objective"":29.772476196289062}]"
3,100,9,N100_K3_M18_I9,31.58047866821289,DRL,Co-HeT,sample1280,,27,1,"[{""candidate_source"":""DRL"",""method"":""Co-HeT"",""mode"":""sample1280"",""rep"":"""",""objective"":31.58047866821289}]"
3,100,10,N100_K3_M18_I10,31.94751167297364,DRL,Co-HeT,sample1280,,24,1,"[{""candidate_source"":""DRL"",""method"":""Co-HeT"",""mode"":""sample1280"",""rep"":"""",""objective"":31.94751167297364}]"
3,100,11,N100_K3_M18_I11,30.789915084838867,DRL,Co-HeT,sample1280,,28,1,"[{""candidate_source"":""DRL"",""method"":""Co-HeT"",""mode"":""sample1280"",""rep"":"""",""objective"":30.789915084838867}]"
3,100,12,N100_K3_M18_I12,34.30827331542969,DRL,Co-HeT,sample1280,,28,1,"[{""candidate_source"":""DRL"",""method"":""Co-HeT"",""mode"":""sample1280"",""rep"":"""",""objective"":34.30827331542969}]"
3,100,13,N100_K3_M18_I13,30.16886711120605,DRL,Co-HeT,sample1280,,24,1,"[{""candidate_source"":""DRL"",""method"":""Co-HeT"",""mode"":""sample1280"",""rep"":"""",""objective"":30.16886711120605}]"
3,100,14,N100_K3_M18_I14,31.8516845703125,DRL,Co-HeT,sample1280,,28,1,"[{""candidate_source"":""DRL"",""method"":""Co-HeT"",""mode"":""sample1280"",""rep"":"""",""objective"":31.8516845703125}]"
3,100,15,N100_K3_M18_I15,28.890350341796875,DRL,Co-HeT,sample1280,,28,1,"[{""candidate_source"":""DRL"",""method"":""Co-HeT"",""mode"":""sample1280"",""rep"":"""",""objective"":28.890350341796875}]"
3,100,16,N100_K3_M18_I16,29.4970703125,DRL,Co-HeT,sample1280,,28,1,"[{""candidate_source"":""DRL"",""method"":""Co-HeT"",""mode"":""sample1280"",""rep"":"""",""objective"":29.4970703125}]"
3,100,17,N100_K3_M18_I17,30.456377029418945,DRL,Co-HeT,sample1280,,28,1,"[{""candidate_source"":""DRL"",""method"":""Co-HeT"",""mode"":""sample1280"",""rep"":"""",""objective"":30.456377029418945}]"
3,100,18,N100_K3_M18_I18,32.599796295166016,DRL,Co-HeT,sample1280,,28,1,"[{""candidate_source"":""DRL"",""method"":""Co-HeT"",""mode"":""sample1280"",""rep"":"""",""objective"":32.599796295166016}]"
3,100,19,N100_K3_M18_I19,28.94429588317871,DRL,Co-HeT,sample1280,,28,1,"[{""candidate_source"":""DRL"",""method"":""Co-HeT"",""mode"":""sample1280"",""rep"":"""",""objective"":28.94429588317871}]"
3,100,20,N100_K3_M18_I20,29.23158264160156,DRL,Co-HeT,sample1280,,27,1,"[{""candidate_source"":""DRL"",""method"":""Co-HeT"",""mode"":""sample1280"",""rep"":"""",""objective"":29.23158264160156}]"
3,100,21,N100_K3_M18_I21,29.420991897583008,DRL,Co-HeT,sample1280,,28,1,"[{""candidate_source"":""DRL"",""method"":""Co-HeT"",""mode"":""sample1280"",""rep"":"""",""objective"":29.420991897583008}]"
3,100,22,N100_K3_M18_I22,28.992128372192383,DRL,Co-HeT,sample1280,,28,1,"[{""candidate_source"":""DRL"",""method"":""Co-HeT"",""mode"":""sample1280"",""rep"":"""",""objective"":28.992128372192383}]"
3,100,23,N100_K3_M18_I23,32.92002487182617,DRL,Co-HeT,sample1280,,28,1,"[{""candidate_source"":""DRL"",""method"":""Co-HeT"",""mode"":""sample1280"",""rep"":"""",""objective"":32.92002487182617}]"
3,100,24,N100_K3_M18_I24,31.606277465820312,DRL,Co-HeT,sample1280,,28,1,"[{""candidate_source"":""DRL"",""method"":""Co-HeT"",""mode"":""sample1280"",""rep"":"""",""objective"":31.606277465820312}]"
3,100,25,N100_K3_M18_I25,32.80804443359375,DRL,Co-HeT,sample1280,,28,1,"[{""candidate_source"":""DRL"",""method"":""Co-HeT"",""mode"":""sample1280"",""rep"":"""",""objective"":32.80804443359375}]"
3,100,26,N100_K3_M18_I26,29.920875549316406,DRL,Co-HeT,sample1280,,28,1,"[{""candidate_source"":""DRL"",""method"":""Co-HeT"",""mode"":""sample1280"",""rep"":"""",""objective"":29.920875549316406}]"
3,100,27,N100_K3_M18_I27,34.31910705566406,DRL,Co-HeT,sample1280,,28,1,"[{""candidate_source"":""DRL"",""method"":""Co-HeT"",""mode"":""sample1280"",""rep"":"""",""objective"":34.31910705566406}]"
3,100,28,N100_K3_M18_I28,33.90546798706055,DRL,Co-HeT,sample1280,,28,1,"[{""candidate_source"":""DRL"",""method"":""Co-HeT"",""mode"":""sample1280"",""rep"":"""",""objective"":33.90546798706055}]"
3,100,29,N100_K3_M18_I29,33.38165283203125,DRL,Co-HeT,sample1280,,28,1,"[{""candidate_source"":""DRL"",""method"":""Co-HeT"",""mode"":""sample1280"",""rep"":"""",""objective"":33.38165283203125}]"
3,100,30,N100_K3_M18_I30,29.685535430908203,DRL,Co-HeT,sample1280,,27,1,"[{""candidate_source"":""DRL"",""method"":""Co-HeT"",""mode"":""sample1280"",""rep"":"""",""objective"":29.685535430908203}]"
3,100,31,N100_K3_M18_I31,30.17992210388184,DRL,Co-HeT,sample1280,,28,1,"[{""candidate_source"":""DRL"",""method"":""Co-HeT"",""mode"":""sample1280"",""rep"":"""",""objective"":30.17992210388184}]"
3,100,32,N100_K3_M18_I32,31.68902969360352,DRL,Co-HeT,sample1280,,28,1,"[{""candidate_source"":""DRL"",""method"":""Co-HeT"",""mode"":""sample1280"",""rep"":"""",""objective"":31.68902969360352}]"
3,100,33,N100_K3_M18_I33,32.95949935913086,DRL,Co-HeT,sample1280,,26,1,"[{""candidate_source"":""DRL"",""method"":""Co-HeT"",""mode"":""sample1280"",""rep"":"""",""objective"":32.95949935913086}]"
3,100,34,N100_K3_M18_I34,28.25616455078125,DRL,Co-HeT,sample1280,,28,1,"[{""candidate_source"":""DRL"",""method"":""Co-HeT"",""mode"":""sample1280"",""rep"":"""",""objective"":28.25616455078125}]"
3,100,35,N100_K3_M18_I35,31.272327423095703,DRL,Co-HeT,sample1280,,27,1,"[{""candidate_source"":""DRL"",""method"":""Co-HeT"",""mode"":""sample1280"",""rep"":"""",""objective"":31.272327423095703}]"
3,100,36,N100_K3_M18_I36,30.389272689819336,DRL,Co-HeT,sample1280,,28,1,"[{""candidate_source"":""DRL"",""method"":""Co-HeT"",""mode"":""sample1280"",""rep"":"""",""objective"":30.389272689819336}]"
3,100,37,N100_K3_M18_I37,29.84798812866211,DRL,Co-HeT,sample1280,,28,1,"[{""candidate_source"":""DRL"",""method"":""Co-HeT"",""mode"":""sample1280"",""rep"":"""",""objective"":29.84798812866211}]"
3,100,38,N100_K3_M18_I38,32.07036209106445,DRL,Co-HeT,sample1280,,26,1,"[{""candidate_source"":""DRL"",""method"":""Co-HeT"",""mode"":""sample1280"",""rep"":"""",""objective"":32.07036209106445}]"
3,100,39,N100_K3_M18_I39,29.60956382751465,DRL,Co-HeT,sample1280,,27,1,"[{""candidate_source"":""DRL"",""method"":""Co-HeT"",""mode"":""sample1280"",""rep"":"""",""objective"":29.60956382751465}]"
3,100,40,N100_K3_M18_I40,28.6066951751709,DRL,Co-HeT,sample1280,,24,1,"[{""candidate_source"":""DRL"",""method"":""Co-HeT"",""mode"":""sample1280"",""rep"":"""",""objective"":28.6066951751709}]"
3,100,41,N100_K3_M18_I41,29.860301971435547,DRL,Co-HeT,sample1280,,21,1,"[{""candidate_source"":""DRL"",""method"":""Co-HeT"",""mode"":""sample1280"",""rep"":"""",""objective"":29.860301971435547}]"
3,100,42,N100_K3_M18_I42,29.44881057739257,DRL,Co-HeT,sample1280,,28,1,"[{""candidate_source"":""DRL"",""method"":""Co-HeT"",""mode"":""sample1280"",""rep"":"""",""objective"":29.44881057739257}]"
3,100,43,N100_K3_M18_I43,29.56842803955078,DRL,Co-HeT,sample1280,,28,1,"[{""candidate_source"":""DRL"",""method"":""Co-HeT"",""mode"":""sample1280"",""rep"":"""",""objective"":29.56842803955078}]"
3,100,44,N100_K3_M18_I44,31.307695388793945,DRL,Co-HeT,sample1280,,28,1,"[{""candidate_source"":""DRL"",""method"":""Co-HeT"",""mode"":""sample1280"",""rep"":"""",""objective"":31.307695388793945}]"
3,100,45,N100_K3_M18_I45,29.920942306518555,DRL,Co-HeT,sample1280,,28,1,"[{""candidate_source"":""DRL"",""method"":""Co-HeT"",""mode"":""sample1280"",""rep"":"""",""objective"":29.920942306518555}]"
3,100,46,N100_K3_M18_I46,32.42744445800781,DRL,Co-HeT,sample1280,,27,1,"[{""candidate_source"":""DRL"",""method"":""Co-HeT"",""mode"":""sample1280"",""rep"":"""",""objective"":32.42744445800781}]"
3,100,47,N100_K3_M18_I47,31.667987823486328,DRL,Co-HeT,sample1280,,28,1,"[{""candidate_source"":""DRL"",""method"":""Co-HeT"",""mode"":""sample1280"",""rep"":"""",""objective"":31.667987823486328}]"
3,100,48,N100_K3_M18_I48,30.18817710876465,DRL,Co-HeT,sample1280,,28,1,"[{""candidate_source"":""DRL"",""method"":""Co-HeT"",""mode"":""sample1280"",""rep"":"""",""objective"":30.18817710876465}]"
3,100,49,N100_K3_M18_I49,28.973407745361328,DRL,Co-HeT,sample1280,,27,1,"[{""candidate_source"":""DRL"",""method"":""Co-HeT"",""mode"":""sample1280"",""rep"":"""",""objective"":28.973407745361328}]"
3,100,50,N100_K3_M18_I50,26.59082221984864,DRL,Co-HeT,sample1280,,28,1,"[{""candidate_source"":""DRL"",""method"":""Co-HeT"",""mode"":""sample1280"",""rep"":"""",""objective"":26.59082221984864}]"
3,100,51,N100_K3_M18_I51,32.707847595214844,DRL,Co-HeT,sample1280,,28,1,"[{""candidate_source"":""DRL"",""method"":""Co-HeT"",""mode"":""sample1280"",""rep"":"""",""objective"":32.707847595214844}]"
3,100,52,N100_K3_M18_I52,36.00070571899414,DRL,Co-HeT,sample1280,,28,1,"[{""candidate_source"":""DRL"",""method"":""Co-HeT"",""mode"":""sample1280"",""rep"":"""",""objective"":36.00070571899414}]"
3,100,53,N100_K3_M18_I53,32.22340393066406,DRL,Co-HeT,sample1280,,25,1,"[{""candidate_source"":""DRL"",""method"":""Co-HeT"",""mode"":""sample1280"",""rep"":"""",""objective"":32.22340393066406}]"
3,100,54,N100_K3_M18_I54,28.91689109802246,DRL,Co-HeT,sample1280,,28,1,"[{""candidate_source"":""DRL"",""method"":""Co-HeT"",""mode"":""sample1280"",""rep"":"""",""objective"":28.91689109802246}]"
3,100,55,N100_K3_M18_I55,31.304832458496094,DRL,Co-HeT,sample1280,,28,1,"[{""candidate_source"":""DRL"",""method"":""Co-HeT"",""mode"":""sample1280"",""rep"":"""",""objective"":31.304832458496094}]"
3,100,56,N100_K3_M18_I56,32.268821716308594,DRL,Co-HeT,sample1280,,27,1,"[{""candidate_source"":""DRL"",""method"":""Co-HeT"",""mode"":""sample1280"",""rep"":"""",""objective"":32.268821716308594}]"
3,100,57,N100_K3_M18_I57,29.46551513671875,DRL,Co-HeT,sample1280,,28,1,"[{""candidate_source"":""DRL"",""method"":""Co-HeT"",""mode"":""sample1280"",""rep"":"""",""objective"":29.46551513671875}]"
3,100,58,N100_K3_M18_I58,32.26358795166016,DRL,Co-HeT,sample1280,,27,1,"[{""candidate_source"":""DRL"",""method"":""Co-HeT"",""mode"":""sample1280"",""rep"":"""",""objective"":32.26358795166016}]"
3,100,59,N100_K3_M18_I59,28.228870391845703,DRL,Co-HeT,sample1280,,28,1,"[{""candidate_source"":""DRL"",""method"":""Co-HeT"",""mode"":""sample1280"",""rep"":"""",""objective"":28.228870391845703}]"
3,100,60,N100_K3_M18_I60,33.10757064819336,DRL,Co-HeT,sample1280,,25,1,"[{""candidate_source"":""DRL"",""method"":""Co-HeT"",""mode"":""sample1280"",""rep"":"""",""objective"":33.10757064819336}]"
3,100,61,N100_K3_M18_I61,28.3669490814209,DRL,MVMoE,sample1280,,28,1,"[{""candidate_source"":""DRL"",""method"":""MVMoE"",""mode"":""sample1280"",""rep"":"""",""objective"":28.3669490814209}]"
3,100,62,N100_K3_M18_I62,32.94807434082031,DRL,Co-HeT,sample1280,,27,1,"[{""candidate_source"":""DRL"",""method"":""Co-HeT"",""mode"":""sample1280"",""rep"":"""",""objective"":32.94807434082031}]"
3,100,63,N100_K3_M18_I63,31.687538146972656,DRL,Co-HeT,sample1280,,26,1,"[{""candidate_source"":""DRL"",""method"":""Co-HeT"",""mode"":""sample1280"",""rep"":"""",""objective"":31.687538146972656}]"
3,100,64,N100_K3_M18_I64,30.67501640319824,DRL,Co-HeT,sample1280,,27,1,"[{""candidate_source"":""DRL"",""method"":""Co-HeT"",""mode"":""sample1280"",""rep"":"""",""objective"":30.67501640319824}]"
3,100,65,N100_K3_M18_I65,31.935544967651367,DRL,Co-HeT,sample1280,,28,1,"[{""candidate_source"":""DRL"",""method"":""Co-HeT"",""mode"":""sample1280"",""rep"":"""",""objective"":31.935544967651367}]"
3,100,66,N100_K3_M18_I66,29.76375389099121,DRL,Co-HeT,sample1280,,28,1,"[{""candidate_source"":""DRL"",""method"":""Co-HeT"",""mode"":""sample1280"",""rep"":"""",""objective"":29.76375389099121}]"
3,100,67,N100_K3_M18_I67,30.65669822692871,DRL,Co-HeT,sample1280,,27,1,"[{""candidate_source"":""DRL"",""method"":""Co-HeT"",""mode"":""sample1280"",""rep"":"""",""objective"":30.65669822692871}]"
3,100,68,N100_K3_M18_I68,28.92881965637207,DRL,Co-HeT,sample1280,,27,1,"[{""candidate_source"":""DRL"",""method"":""Co-HeT"",""mode"":""sample1280"",""rep"":"""",""objective"":28.92881965637207}]"
3,100,69,N100_K3_M18_I69,30.9298152923584,DRL,Co-HeT,sample1280,,27,1,"[{""candidate_source"":""DRL"",""method"":""Co-HeT"",""mode"":""sample1280"",""rep"":"""",""objective"":30.9298152923584}]"
3,100,70,N100_K3_M18_I70,29.638202667236328,DRL,Co-HeT,sample1280,,28,1,"[{""candidate_source"":""DRL"",""method"":""Co-HeT"",""mode"":""sample1280"",""rep"":"""",""objective"":29.638202667236328}]"
3,100,71,N100_K3_M18_I71,30.24989128112793,DRL,Co-HeT,sample1280,,28,1,"[{""candidate_source"":""DRL"",""method"":""Co-HeT"",""mode"":""sample1280"",""rep"":"""",""objective"":30.24989128112793}]"
3,100,72,N100_K3_M18_I72,29.951818466186523,DRL,Co-HeT,sample1280,,25,1,"[{""candidate_source"":""DRL"",""method"":""Co-HeT"",""mode"":""sample1280"",""rep"":"""",""objective"":29.951818466186523}]"
3,100,73,N100_K3_M18_I73,32.6434211730957,DRL,Co-HeT,sample1280,,28,1,"[{""candidate_source"":""DRL"",""method"":""Co-HeT"",""mode"":""sample1280"",""rep"":"""",""objective"":32.6434211730957}]"
3,100,74,N100_K3_M18_I74,31.94203186035156,DRL,Co-HeT,sample1280,,28,1,"[{""candidate_source"":""DRL"",""method"":""Co-HeT"",""mode"":""sample1280"",""rep"":"""",""objective"":31.94203186035156}]"
3,100,75,N100_K3_M18_I75,32.22865295410156,DRL,Co-HeT,sample1280,,25,1,"[{""candidate_source"":""DRL"",""method"":""Co-HeT"",""mode"":""sample1280"",""rep"":"""",""objective"":32.22865295410156}]"
3,100,76,N100_K3_M18_I76,28.47347640991211,DRL,Co-HeT,sample1280,,28,1,"[{""candidate_source"":""DRL"",""method"":""Co-HeT"",""mode"":""sample1280"",""rep"":"""",""objective"":28.47347640991211}]"
3,100,77,N100_K3_M18_I77,28.85549545288086,DRL,Co-HeT,sample1280,,28,1,"[{""candidate_source"":""DRL"",""method"":""Co-HeT"",""mode"":""sample1280"",""rep"":"""",""objective"":28.85549545288086}]"
3,100,78,N100_K3_M18_I78,32.343536376953125,DRL,Co-HeT,sample1280,,27,1,"[{""candidate_source"":""DRL"",""method"":""Co-HeT"",""mode"":""sample1280"",""rep"":"""",""objective"":32.343536376953125}]"
3,100,79,N100_K3_M18_I79,32.02467346191406,DRL,Co-HeT,sample1280,,28,1,"[{""candidate_source"":""DRL"",""method"":""Co-HeT"",""mode"":""sample1280"",""rep"":"""",""objective"":32.02467346191406}]"
3,100,80,N100_K3_M18_I80,31.04625129699707,DRL,Co-HeT,sample1280,,27,1,"[{""candidate_source"":""DRL"",""method"":""Co-HeT"",""mode"":""sample1280"",""rep"":"""",""objective"":31.04625129699707}]"
3,100,81,N100_K3_M18_I81,30.25265884399414,DRL,Co-HeT,sample1280,,28,1,"[{""candidate_source"":""DRL"",""method"":""Co-HeT"",""mode"":""sample1280"",""rep"":"""",""objective"":30.25265884399414}]"
3,100,82,N100_K3_M18_I82,35.582740783691406,DRL,Co-HeT,sample1280,,28,1,"[{""candidate_source"":""DRL"",""method"":""Co-HeT"",""mode"":""sample1280"",""rep"":"""",""objective"":35.582740783691406}]"
3,100,83,N100_K3_M18_I83,31.038206100463867,DRL,Co-HeT,sample1280,,28,1,"[{""candidate_source"":""DRL"",""method"":""Co-HeT"",""mode"":""sample1280"",""rep"":"""",""objective"":31.038206100463867}]"
3,100,84,N100_K3_M18_I84,29.95581817626953,DRL,Co-HeT,sample1280,,28,1,"[{""candidate_source"":""DRL"",""method"":""Co-HeT"",""mode"":""sample1280"",""rep"":"""",""objective"":29.95581817626953}]"
3,100,85,N100_K3_M18_I85,29.18563842773437,DRL,Co-HeT,sample1280,,28,1,"[{""candidate_source"":""DRL"",""method"":""Co-HeT"",""mode"":""sample1280"",""rep"":"""",""objective"":29.18563842773437}]"
3,100,86,N100_K3_M18_I86,29.56097412109375,DRL,Co-HeT,sample1280,,27,1,"[{""candidate_source"":""DRL"",""method"":""Co-HeT"",""mode"":""sample1280"",""rep"":"""",""objective"":29.56097412109375}]"
3,100,87,N100_K3_M18_I87,34.8790168762207,DRL,Co-HeT,sample1280,,28,1,"[{""candidate_source"":""DRL"",""method"":""Co-HeT"",""mode"":""sample1280"",""rep"":"""",""objective"":34.8790168762207}]"
3,100,88,N100_K3_M18_I88,30.08211326599121,DRL,Co-HeT,sample1280,,27,1,"[{""candidate_source"":""DRL"",""method"":""Co-HeT"",""mode"":""sample1280"",""rep"":"""",""objective"":30.08211326599121}]"
3,100,89,N100_K3_M18_I89,32.15553283691406,DRL,Co-HeT,sample1280,,26,1,"[{""candidate_source"":""DRL"",""method"":""Co-HeT"",""mode"":""sample1280"",""rep"":"""",""objective"":32.15553283691406}]"
3,100,90,N100_K3_M18_I90,32.04756164550781,DRL,Co-HeT,sample1280,,28,1,"[{""candidate_source"":""DRL"",""method"":""Co-HeT"",""mode"":""sample1280"",""rep"":"""",""objective"":32.04756164550781}]"
3,100,91,N100_K3_M18_I91,30.013830184936523,DRL,Co-HeT,sample1280,,23,1,"[{""candidate_source"":""DRL"",""method"":""Co-HeT"",""mode"":""sample1280"",""rep"":"""",""objective"":30.013830184936523}]"
3,100,92,N100_K3_M18_I92,29.53303909301757,DRL,Co-HeT,sample1280,,28,1,"[{""candidate_source"":""DRL"",""method"":""Co-HeT"",""mode"":""sample1280"",""rep"":"""",""objective"":29.53303909301757}]"
3,100,93,N100_K3_M18_I93,35.96862030029297,DRL,Co-HeT,sample1280,,28,1,"[{""candidate_source"":""DRL"",""method"":""Co-HeT"",""mode"":""sample1280"",""rep"":"""",""objective"":35.96862030029297}]"
3,100,94,N100_K3_M18_I94,30.470623016357425,DRL,Co-HeT,sample1280,,27,1,"[{""candidate_source"":""DRL"",""method"":""Co-HeT"",""mode"":""sample1280"",""rep"":"""",""objective"":30.470623016357425}]"
3,100,95,N100_K3_M18_I95,33.04924011230469,DRL,Co-HeT,sample1280,,28,1,"[{""candidate_source"":""DRL"",""method"":""Co-HeT"",""mode"":""sample1280"",""rep"":"""",""objective"":33.04924011230469}]"
3,100,96,N100_K3_M18_I96,33.4198112487793,DRL,Co-HeT,sample1280,,27,1,"[{""candidate_source"":""DRL"",""method"":""Co-HeT"",""mode"":""sample1280"",""rep"":"""",""objective"":33.4198112487793}]"
3,100,97,N100_K3_M18_I97,29.06289863586425,DRL,Co-HeT,sample1280,,28,1,"[{""candidate_source"":""DRL"",""method"":""Co-HeT"",""mode"":""sample1280"",""rep"":"""",""objective"":29.06289863586425}]"
3,100,98,N100_K3_M18_I98,34.632076263427734,DRL,Co-HeT,sample1280,,28,1,"[{""candidate_source"":""DRL"",""method"":""Co-HeT"",""mode"":""sample1280"",""rep"":"""",""objective"":34.632076263427734}]"
3,100,99,N100_K3_M18_I99,30.64200592041016,DRL,Co-HeT,sample1280,,28,1,"[{""candidate_source"":""DRL"",""method"":""Co-HeT"",""mode"":""sample1280"",""rep"":"""",""objective"":30.64200592041016}]"
3,100,100,N100_K3_M18_I100,33.64390563964844,DRL,Co-HeT,sample1280,,28,1,"[{""candidate_source"":""DRL"",""method"":""Co-HeT"",""mode"":""sample1280"",""rep"":"""",""objective"":33.64390563964844}]"
